card_id,state_id,user_id,fold,legal_actions,chosen_action,pm_response_preference,pm_misuse,pm_omission,pm_strategy_risk,pm_input_tokens,pm_source_invocations,shuffle_expectation_response_preference,shuffle_expectation_misuse,shuffle_expectation_omission,shuffle_expectation_strategy_risk,shuffle_expectation_input_tokens,shuffle_expectation_source_invocations,context_only_response_preference,context_only_misuse,context_only_omission,context_only_strategy_risk,context_only_input_tokens,context_only_source_invocations,me_r0_response_preference,me_r0_misuse,me_r0_omission,me_r0_strategy_risk,me_r0_input_tokens,me_r0_source_invocations,full_structured_response_preference,full_structured_misuse,full_structured_omission,full_structured_strategy_risk,full_structured_input_tokens,full_structured_source_invocations
card_00a60d49422603d8eaa6,state_bd91983afa739d0c0737,sgv31_u06,0,M0+R0|M0+RS|MP+R0|MP+RS|MPMS+R0|MPMS+RS|MS+R0|MS+RS,MPMS+RS,0.5629879073490375,0.0,0.0,0.0,771.0,3.0,0.5455976739691349,0.07291666666666667,0.25,0.25,619.1041666666666,2.041666666666667,0.30890514809741515,0.0,0.5,1.0,209.0,0.0,0.30890514809741515,0.0,0.5,1.0,209.0,0.0,0.5629879073490375,0.0,0.0,0.0,771.0,3.0
card_015ca8b8f9360b2b2697,state_017f27bddc5532d591d2,sgv31_u16,0,M0+R0|M0+RS|ME+R0|ME+RS,ME+RS,0.6477291697335709,0.0,0.0,0.0,683.0,2.0,0.5738645848667855,0.0,0.08854166666666666,0.25,565.3958333333334,1.5729166666666667,0.3522708302664292,0.0,0.5,1.0,205.0,0.0,0.3522708302664292,0.0,0.0,1.0,231.0,1.0,0.6477291697335709,0.0,0.0,0.0,683.0,2.0
card_016b5ceb8d0311b76651,state_d6f3cab4f6d3122e390b,sgv31_u01,0,M0+R0|M0+RS|MS+R0|MS+RS,MS+RS,0.45937805816938654,0.0,0.0,0.0,694.0,2.0,0.5098741237533869,0.0,0.27083333333333337,0.25,570.375,1.4791666666666665,0.3126818317579353,0.0,1.0,1.0,204.0,0.0,0.3126818317579353,0.0,1.0,1.0,204.0,0.0,0.45937805816938654,0.0,0.0,0.0,694.0,2.0
card_0180c095ebd1e0c813de,state_b913cbfb26d86593a1d4,sgv31_u11,0,M0+R0|M0+RS|MP+R0|MP+RS|MPMS+R0|MPMS+RS|MS+R0|MS+RS,MPMS+RS,0.7062208237505765,0.5,0.0,0.0,756.0,3.0,0.5769328663364031,0.25,0.28125,0.25,605.8125,2.041666666666667,0.4186262186022597,0.0,1.0,1.0,200.0,0.0,0.4186262186022597,0.0,1.0,1.0,200.0,0.0,0.7062208237505765,0.5,0.0,0.0,756.0,3.0
card_022c35dc4797295069c4,state_5a42e018e45c17646d2d,sgv31_u01,0,M0+R0|M0+RS|ME+R0|ME+RS|MP+R0|MP+RS|MPE+R0|MPE+RS|MPMS+R0|MPMS+RS|MPMSME+R0|MPMSME+RS|MS+R0|MS+RS|MSE+R0|MSE+RS,MPE+RS,0.5279021557397781,0.0,0.0,0.0,677.0,3.0,0.5419323270695162,0.08333333333333333,0.19791666666666663,0.25,564.6041666666667,2.375,0.414184703089874,0.0,0.5,1.0,202.0,0.0,0.6409412759202859,0.0,0.5,1.0,228.0,1.0,0.5945370585587451,0.5,0.0,0.0,722.0,4.0
card_02e0626048c268a9bc66,state_dc3917fff5be2cef316f,sgv31_u06,0,M0+R0|M0+RS|MP+R0|MP+RS,M0+RS,0.6781852670149338,0.0,0.5,0.0,591.0,1.0,0.5470662741715405,0.0,0.13541666666666669,0.25,546.25,1.4791666666666665,0.4619048963173243,0.0,0.5,1.0,202.0,0.0,0.4619048963173243,0.0,0.5,1.0,202.0,0.0,0.6089661924189973,0.0,0.0,0.0,663.0,2.0
card_04c1c4790d4235968f84,state_1ea43a58308f71e7b5ad,sgv31_u11,0,M0+R0|M0+RS|MP+R0|MP+RS,MP+R0,0.6873181682420647,0.0,0.0,1.0,265.0,1.0,0.5098741237533869,0.0,0.27083333333333337,0.25,573.0416666666666,1.4791666666666665,0.3126818317579353,0.0,1.0,1.0,195.0,0.0,0.3126818317579353,0.0,1.0,1.0,195.0,0.0,0.45937805816938654,0.0,0.0,0.0,701.0,2.0
card_0571f8a2b1bfd9e9e49e,state_cb9f7661a5f418ec49c0,sgv31_u01,0,M0+R0|M0+RS|ME+R0|ME+RS|MS+R0|MS+RS|MSE+R0|MSE+RS,ME+R0,0.5526099954010326,0.0,0.0,1.0,244.0,1.0,0.43028122717370626,0.0,0.23958333333333331,0.25,557.5,2.208333333333333,0.5509997283501236,0.0,0.5,1.0,199.0,0.0,0.5526099954010326,0.0,0.0,1.0,244.0,1.0,0.37961605570825613,0.0,0.0,0.0,678.0,3.0
card_06dff2f8599b7341faa4,state_3aa33ab57f5ed20bb869,sgv31_u16,0,M0+R0|M0+RS|ME+R0|ME+RS|MS+R0|MS+RS|MSE+R0|MSE+RS,ME+R0,0.596788307143772,0.0,0.5,0.5,225.0,1.0,0.48308526734979745,0.0,0.2708333333333333,0.125,545.7916666666667,2.208333333333333,0.6079418952619244,0.0,0.5,1.0,199.0,0.0,0.596788307143772,0.0,0.5,0.5,225.0,1.0,0.5234345668943279,0.0,0.0,0.0,664.0,3.0
card_0744ed8c7f7e4408e32a,state_d6f3cab4f6d3122e390b,sgv31_u01,0,M0+R0|M0+RS|ME+R0|ME+RS|MP+R0|MP+RS|MPE+R0|MPE+RS,MP+RS,0.6816942999862329,0.0,0.0,0.0,709.0,2.0,0.5201988052988398,0.09375,0.041666666666666664,0.25,596.875,1.9791666666666667,0.5200917906896302,0.0,1.0,1.0,204.0,0.0,0.5445203817873873,0.0,0.0,1.0,249.0,1.0,0.3489183974621882,0.5,0.0,0.0,745.0,3.0
card_08cad30bc8461bd1923a,state_017f27bddc5532d591d2,sgv31_u16,0,M0+R0|M0+RS|ME+R0|ME+RS|MP+R0|MP+RS|MPE+R0|MPE+RS,ME+RS,0.4210494858264506,0.0,0.5,0.0,682.0,2.0,0.5197599717632415,0.2708333333333333,0.38541666666666663,0.25,598.2916666666666,1.9791666666666667,0.3529280681872598,0.0,0.5,1.0,205.0,0.0,0.5145975597562875,0.0,0.5,1.0,230.0,1.0,0.6474163992184723,0.5,0.0,0.0,746.0,3.0
card_0924a661d51ceab7a4b0,state_56323a2dbe7496613c69,sgv31_u01,0,M0+R0|M0+RS|ME+R0|ME+RS,M0+RS,0.6167168348814488,0.0,1.0,0.0,597.0,1.0,0.526377682979722,0.0,0.17708333333333331,0.25,535.28125,1.5729166666666667,0.38328316511855115,0.0,1.0,1.0,202.0,0.0,0.4620049730225572,0.0,0.0,1.0,247.0,1.0,0.5379950269774428,0.0,0.0,0.0,642.0,2.0
card_0a2e38b4c824142e16d5,state_2e45d710018ff5bfa3db,sgv31_u16,0,M0+R0|M0+RS|ME+R0|ME+RS,ME+RS,0.3491758480239551,0.0,0.0,0.0,660.0,2.0,0.45286745250748595,0.0,0.17708333333333331,0.25,546.5729166666667,1.5729166666666667,0.3491758480239551,0.0,1.0,1.0,199.0,0.0,0.6508241519760448,0.0,0.0,1.0,224.0,1.0,0.3491758480239551,0.0,0.0,0.0,660.0,2.0
card_0a36f2864331b320abb8,state_c421d3a2c60deb3db059,sgv31_u01,0,M0+R0|M0+RS|MP+R0|MP+RS,M0+RS,0.42439180136663107,0.0,0.5,0.0,607.0,1.0,0.5864465548649865,0.0,0.13541666666666669,0.25,556.3125,1.4791666666666665,0.42807112701660105,0.0,0.5,1.0,203.0,0.0,0.42807112701660105,0.0,0.5,1.0,203.0,0.0,0.723145270250137,0.0,0.0,0.0,676.0,2.0
card_0a7664f44cd9ddc76fb2,state_bba634c26f74ef9851f7,sgv31_u11,0,M0+R0|M0+RS|ME+R0|ME+RS|MP+R0|MP+RS|MPE+R0|MPE+RS|MPMS+R0|MPMS+RS|MPMSME+R0|MPMSME+RS|MS+R0|MS+RS|MSE+R0|MSE+RS,ME+R0,0.5919176245852192,0.0,0.5,1.0,231.0,1.0,0.47525810896989096,0.28125000000000006,0.48958333333333337,0.23958333333333334,570.5833333333334,2.375,0.6050469088753753,0.0,0.5,1.0,205.0,0.0,0.5919176245852192,0.0,0.5,1.0,231.0,1.0,0.465859637077809,0.5,0.0,0.0,731.0,4.0
card_0acd5079e3da7b64e834,state_e2626b6abc52788b72a6,sgv31_u06,0,M0+R0|M0+RS|MP+R0|MP+RS,MP+RS,0.38328316511855115,0.5,0.0,0.0,708.0,2.0,0.4531218462119431,0.3645833333333333,0.27083333333333337,0.25,580.5,1.4791666666666665,0.5379950269774428,0.0,1.0,1.0,204.0,0.0,0.5379950269774428,0.0,1.0,1.0,204.0,0.0,0.38328316511855115,0.5,0.0,0.0,708.0,2.0
card_0af33bf3d6db313b2ae8,state_9d9a435ab7e0fe25c389,sgv31_u16,0,M0+R0|M0+RS|MS+R0|MS+RS,MS+RS,0.6477291697335709,0.0,0.0,0.0,673.0,2.0,0.5738645848667854,0.0,0.23958333333333334,0.21875,551.2708333333333,1.4791666666666665,0.3522708302664292,0.0,0.5,0.5,191.0,0.0,0.3522708302664292,0.0,0.5,0.5,191.0,0.0,0.6477291697335709,0.0,0.0,0.0,673.0,2.0
card_0b8e6e89f25610719b0e,state_079d06cb710a5ff5d2f5,sgv31_u16,0,M0+R0|M0+RS|MP+R0|MP+RS|MPMS+R0|MPMS+RS|MS+R0|MS+RS,MPMS+R0,0.47781012637421677,0.0,0.0,1.0,317.0,2.0,0.49558058258816257,0.0,0.20833333333333334,0.22916666666666669,539.5,2.041666666666667,0.579192320171952,0.0,1.0,1.0,194.0,0.0,0.579192320171952,0.0,1.0,1.0,194.0,0.0,0.4891157590755086,0.0,0.0,0.0,670.0,3.0
card_0c832b6194915bc05a82,state_a5c0950eade6eebba49e,sgv31_u01,0,M0+R0|M0+RS|ME+R0|ME+RS|MP+R0|MP+RS|MPE+R0|MPE+RS|MPMS+R0|MPMS+RS|MPMSME+R0|MPMSME+RS|MS+R0|MS+RS|MSE+R0|MSE+RS,MSE+RS,0.5596437430083394,0.0,0.5,0.0,662.0,3.0,0.5053847063071923,0.19791666666666666,0.4479166666666667,0.2291666666666667,564.6041666666667,2.375,0.3184242879946674,0.0,1.0,1.0,202.0,0.0,0.5710652322396884,0.0,0.5,1.0,228.0,1.0,0.515176573292572,0.5,0.0,0.0,722.0,4.0
card_0d3bf602b5036a3292a9,state_e2626b6abc52788b72a6,sgv31_u06,0,M0+R0|M0+RS|MP+R0|MP+RS|MPMS+R0|MPMS+RS|MS+R0|MS+RS,MP+RS,0.41918388406555984,0.5,0.0,0.0,708.0,2.0,0.5151136906122424,0.07291666666666667,0.19791666666666669,0.22916666666666669,602.2916666666667,2.041666666666667,0.3767838580613178,0.0,0.5,1.0,204.0,0.0,0.3767838580613178,0.0,0.5,1.0,204.0,0.0,0.5564312016477567,0.0,0.0,0.0,749.0,3.0
card_0da2ea8a1785cbaec4c0,state_b7d59dcef186d683dbef,sgv31_u16,0,M0+R0|M0+RS,M0+RS,0.7215937546003562,0.0,1.0,0.0,656.0,1.0,0.6107968773001781,0.0,1.0,0.25,543.0,0.75,0.27840624539964376,0.0,1.0,1.0,204.0,0.0,0.27840624539964376,0.0,1.0,1.0,204.0,0.0,0.7215937546003562,0.0,1.0,0.0,656.0,1.0
card_0dcb86dd5ab5fe168993,state_d6fc7098e529947669eb,sgv31_u11,0,M0+R0|M0+RS|ME+R0|ME+RS,ME+RS,0.723145270250137,0.0,0.0,0.0,628.0,2.0,0.6081540093533678,0.0,0.15625,0.25,524.1458333333334,1.5729166666666667,0.42807112701660105,0.0,0.5,1.0,205.0,0.0,0.42439180136663107,0.0,0.0,1.0,231.0,1.0,0.723145270250137,0.0,0.0,0.0,628.0,2.0
card_0e0f1298e4c1157fc625,state_a5c0950eade6eebba49e,sgv31_u01,0,M0+R0|M0+RS|ME+R0|ME+RS|MS+R0|MS+RS|MSE+R0|MSE+RS,MSE+RS,0.5863868465618328,0.0,0.0,0.5,659.0,3.0,0.5383373294331102,0.0,0.22916666666666666,0.45833333333333337,543.0833333333334,2.208333333333333,0.28627429835910917,0.0,0.5,1.0,202.0,0.0,0.5114177510876189,0.0,0.5,1.0,225.0,1.0,0.5863868465618328,0.0,0.0,0.5,659.0,3.0
card_0e3a9954d4f85b92715a,state_6b29985f90c8856420d3,sgv31_u11,0,M0+R0|M0+RS|MS+R0|MS+RS,M0+RS,0.6477291697335709,0.0,0.5,0.0,587.0,1.0,0.5738645848667854,0.0,0.13541666666666669,0.25,532.7708333333333,1.4791666666666665,0.3522708302664292,0.0,0.5,1.0,198.0,0.0,0.3522708302664292,0.0,0.5,1.0,198.0,0.0,0.6477291697335709,0.0,0.0,0.0,646.0,2.0
card_0e3c289ca230f0e333f2,state_4853397884f523af29af,sgv31_u06,0,M0+R0|M0+RS|ME+R0|ME+RS,ME+RS,0.5720345860688135,0.0,0.0,0.0,637.0,2.0,0.5495661244291814,0.0,0.08854166666666666,0.25,531.0416666666667,1.5729166666666667,0.28344454572025707,0.0,0.5,1.0,205.0,0.0,0.4279654139311864,0.0,0.0,1.0,233.0,1.0,0.5720345860688135,0.0,0.0,0.0,637.0,2.0
card_0e403ebeb4a897cb21e7,state_27ac82cb8118ff171f0d,sgv31_u16,0,M0+R0|M0+RS|ME+R0|ME+RS,ME+RS,0.45937805816938654,0.0,0.0,0.0,665.0,2.0,0.5117550142465085,0.0,0.17708333333333331,0.25,551.5729166666667,1.5729166666666667,0.3126818317579353,0.0,1.0,1.0,204.0,0.0,0.6873181682420647,0.0,0.0,1.0,229.0,1.0,0.45937805816938654,0.0,0.0,0.0,665.0,2.0
card_0e989b722fb1daaca09c,state_864430d6fa091ba3b1f5,sgv31_u01,0,M0+R0|M0+RS|ME+R0|ME+RS|MP+R0|MP+RS|MPE+R0|MPE+RS,MPE+RS,0.6516263207633587,0.0,0.0,0.0,721.0,3.0,0.4816038280858692,0.17708333333333331,0.38541666666666663,0.25,578.8125,1.9791666666666667,0.4793762660335876,0.0,0.5,1.0,199.0,0.0,0.490932742796534,0.0,0.5,1.0,225.0,1.0,0.6516263207633587,0.0,0.0,0.0,721.0,3.0
card_0f245a350803c1392590,state_cb9f7661a5f418ec49c0,sgv31_u01,0,M0+R0|M0+RS,M0+R0,0.5,0.0,1.0,1.0,199.0,0.0,0.5,0.0,1.0,0.25,490.75,0.75,0.5,0.0,1.0,1.0,199.0,0.0,0.5,0.0,1.0,1.0,199.0,0.0,0.5,0.0,1.0,0.0,588.0,1.0
card_1012b5ccdbdfbe29ac2d,state_bba634c26f74ef9851f7,sgv31_u11,0,M0+R0|M0+RS|ME+R0|ME+RS|MS+R0|MS+RS|MSE+R0|MSE+RS,ME+R0,0.6353222763782879,0.0,0.0,1.0,228.0,1.0,0.5114675181117281,0.0,0.13541666666666666,0.25,549.4166666666667,2.208333333333333,0.4542264203140977,0.0,0.5,0.5,205.0,0.0,0.6353222763782879,0.0,0.0,1.0,228.0,1.0,0.5456405462206761,0.0,0.0,0.0,667.0,3.0
card_1022e850f6878f7040a3,state_b913cbfb26d86593a1d4,sgv31_u11,0,M0+R0|M0+RS|ME+R0|ME+RS|MS+R0|MS+RS|MSE+R0|MSE+RS,MSE+RS,0.756450616897679,0.0,0.0,0.0,709.0,3.0,0.5935882876486598,0.0625,0.08333333333333333,0.1875,579.6666666666667,2.208333333333333,0.24371290683954114,0.0,1.0,1.0,200.0,0.0,0.5351311428636153,0.0,0.0,1.0,223.0,1.0,0.756450616897679,0.0,0.0,0.0,709.0,3.0
card_1253f87a962b0bcc030f,state_8d7774345b1e93200c84,sgv31_u11,0,M0+R0|M0+RS|MP+R0|MP+RS,MP+RS,0.6167168348814488,0.0,0.0,0.0,713.0,2.0,0.5468781537880568,0.0,0.16666666666666669,0.25,585.0416666666666,1.4791666666666665,0.4620049730225572,0.0,1.0,1.0,207.0,0.0,0.4620049730225572,0.0,1.0,1.0,207.0,0.0,0.6167168348814488,0.0,0.0,0.0,713.0,2.0
card_1361e12253cc6edc44a2,state_6b29985f90c8856420d3,sgv31_u11,0,M0+R0|M0+RS|ME+R0|ME+RS,M0+RS,0.6873181682420647,0.0,1.0,0.5,587.0,1.0,0.41701370135577964,0.0,0.17708333333333331,0.31770833333333337,508.67708333333337,1.5729166666666667,0.45937805816938654,0.0,1.0,1.0,198.0,0.0,0.5406219418306134,0.0,0.0,1.0,221.0,1.0,0.31268183175793535,0.0,0.0,0.0,610.0,2.0
card_14957091d6640bff38fe,state_8d7774345b1e93200c84,sgv31_u11,0,M0+R0|M0+RS|ME+R0|ME+RS|MS+R0|MS+RS|MSE+R0|MSE+RS,MSE+RS,0.5995961948889968,0.0,0.0,0.0,716.0,3.0,0.5087284469164122,0.0,0.22916666666666666,0.25,586.6666666666667,2.208333333333333,0.4652277700074371,0.0,0.5,1.0,207.0,0.0,0.48991127416199254,0.0,0.5,1.0,230.0,1.0,0.5995961948889968,0.0,0.0,0.0,716.0,3.0
card_150164760842a6cb868b,state_201d6dfa8f16acc4e686,sgv31_u06,0,M0+R0|M0+RS|ME+R0|ME+RS|MP+R0|MP+RS|MPE+R0|MPE+RS,ME+RS,0.5455894130339082,0.0,0.0,0.0,640.0,2.0,0.5140023910466818,0.0,0.17708333333333331,0.21875,563.6875,1.9791666666666667,0.43202674688573156,0.0,1.0,1.0,201.0,0.0,0.4537206907241562,0.0,0.0,0.5,251.0,1.0,0.5673043788992487,0.0,0.0,0.0,703.0,3.0
card_1612658af83c53ff3ce6,state_d6f3cab4f6d3122e390b,sgv31_u01,0,M0+R0|M0+RS|MP+R0|MP+RS,MP+RS,0.5797261210288974,0.5,0.0,0.0,709.0,2.0,0.516609608547687,0.2708333333333333,0.27083333333333337,0.25,581.3125,1.4791666666666665,0.5797261210288974,0.0,1.0,1.0,204.0,0.0,0.5797261210288974,0.0,1.0,1.0,204.0,0.0,0.5797261210288974,0.5,0.0,0.0,709.0,2.0
card_1627e44ece9767c8b70e,state_56323a2dbe7496613c69,sgv31_u01,0,M0+R0|M0+RS|ME+R0|ME+RS,ME+RS,0.5380951036826757,0.0,0.0,0.0,620.0,2.0,0.5154768086673909,0.0,0.15625,0.25,517.1770833333334,1.5729166666666667,0.3910338075810027,0.0,0.5,1.0,202.0,0.0,0.3218147329850663,0.0,0.0,1.0,225.0,1.0,0.5380951036826757,0.0,0.0,0.0,620.0,2.0
card_1780d6ebb208cb2320bc,state_c421d3a2c60deb3db059,sgv31_u01,0,M0+R0|M0+RS|MS+R0|MS+RS,M0+RS,0.6477291697335709,0.0,0.5,0.0,607.0,1.0,0.5738645848667854,0.0,0.13541666666666669,0.25,545.375,1.4791666666666665,0.3522708302664292,0.0,0.5,1.0,203.0,0.0,0.3522708302664292,0.0,0.5,1.0,203.0,0.0,0.6477291697335709,0.0,0.0,0.0,661.0,2.0
card_1833d5ceddcc20b496a4,state_69ef0d09ffcb2d1b5d7b,sgv31_u01,0,M0+R0|M0+RS|ME+R0|ME+RS|MP+R0|MP+RS|MPE+R0|MPE+RS,MP+R0,0.40929688276122117,0.0,0.0,1.0,212.0,1.0,0.4982214385655594,0.0,0.041666666666666664,0.25,556.9583333333334,1.9791666666666667,0.5426564620899453,0.0,1.0,1.0,189.0,0.0,0.6581480167671392,0.0,0.0,1.0,234.0,1.0,0.3291128375184885,0.0,0.0,0.0,684.0,3.0
card_183d9dac93ab8d571d98,state_3c54a859a49689671a41,sgv31_u16,0,M0+R0|M0+RS|MP+R0|MP+RS,M0+RS,0.6508241519760448,0.0,1.0,0.0,591.0,1.0,0.4685783016716573,0.0,0.27083333333333337,0.25,546.9791666666666,1.4791666666666665,0.3491758480239551,0.0,1.0,1.0,202.0,0.0,0.3491758480239551,0.0,1.0,1.0,202.0,0.0,0.3491758480239551,0.0,0.0,0.0,664.0,2.0
card_189b82ad6197bb7962ad,state_1d2e66d5430e39adb40b,sgv31_u16,0,M0+R0|M0+RS|ME+R0|ME+RS,ME+RS,0.7490563557512552,0.0,0.0,0.0,639.0,2.0,0.6280989210495745,0.0,0.17708333333333331,0.25,533.25,1.5729166666666667,0.32181473298506635,0.0,1.0,1.0,202.0,0.0,0.3910338075810027,0.0,0.0,1.0,250.0,1.0,0.7490563557512552,0.0,0.0,0.0,639.0,2.0
card_18dd7139e9e973113b69,state_d6fc7098e529947669eb,sgv31_u11,0,M0+R0|M0+RS|MS+R0|MS+RS,M0+RS,0.42439180136663107,0.0,1.0,0.0,602.0,1.0,0.5864465548649865,0.0,0.27083333333333337,0.25,545.7708333333333,1.4791666666666665,0.42807112701660105,0.0,1.0,1.0,205.0,0.0,0.42807112701660105,0.0,1.0,1.0,205.0,0.0,0.723145270250137,0.0,0.0,0.0,661.0,2.0
card_198f30f4e4b422a12d00,state_27ac82cb8118ff171f0d,sgv31_u16,0,M0+R0|M0+RS|ME+R0|ME+RS|MS+R0|MS+RS|MSE+R0|MSE+RS,MSE+RS,0.37678236198551635,0.0,0.0,0.0,716.0,3.0,0.4804854987619793,0.0,0.13541666666666666,0.25,586.0416666666667,2.208333333333333,0.42120193773644854,0.0,0.5,1.0,204.0,0.0,0.44378208637450817,0.0,0.0,1.0,230.0,1.0,0.37678236198551635,0.0,0.0,0.0,716.0,3.0
card_1a310ba524acf906a480,state_4e38f93b7b143c891640,sgv31_u06,0,M0+R0|M0+RS|MP+R0|MP+RS|MPMS+R0|MPMS+RS|MS+R0|MS+RS,M0+RS,0.5888081572225483,0.0,1.0,0.0,587.0,1.0,0.5232433801847306,0.0,0.32291666666666663,0.25,569.8541666666666,2.041666666666667,0.4763106425991984,0.0,0.5,1.0,198.0,0.0,0.4763106425991984,0.0,0.5,1.0,198.0,0.0,0.6529395205919631,0.0,0.0,0.0,709.0,3.0
card_1cefa94d5386f0783cac,state_9d9a435ab7e0fe25c389,sgv31_u16,0,M0+R0|M0+RS|ME+R0|ME+RS,M0+RS,0.6873181682420647,0.0,1.0,0.0,614.0,1.0,0.5010584144040069,0.0,0.17708333333333331,0.25,529.6458333333334,1.5729166666666667,0.3126818317579353,0.0,1.0,1.0,191.0,0.0,0.5406219418306134,0.0,0.0,1.0,217.0,1.0,0.45937805816938654,0.0,0.0,0.0,640.0,2.0
card_1dac22595d8c7be5b15d,state_f311acbf6079588aafaf,sgv31_u16,0,M0+R0|M0+RS|MS+R0|MS+RS,M0+RS,0.575608198633369,0.0,1.0,0.5,607.0,1.0,0.4135534451350135,0.0,0.27083333333333337,0.3541666666666667,549.0208333333334,1.4791666666666665,0.571928872983399,0.0,1.0,1.0,203.0,0.0,0.571928872983399,0.0,1.0,1.0,203.0,0.0,0.27685472974986314,0.0,0.0,0.0,666.0,2.0
card_1e1db42cb811d3dd2a83,state_c421d3a2c60deb3db059,sgv31_u01,0,M0+R0|M0+RS|ME+R0|ME+RS,ME+RS,0.6477291697335709,0.0,0.0,0.0,633.0,2.0,0.5738645848667855,0.0,0.17708333333333331,0.25,527.3958333333333,1.5729166666666667,0.3522708302664292,0.0,1.0,1.0,203.0,0.0,0.3522708302664292,0.0,0.0,1.0,229.0,1.0,0.6477291697335709,0.0,0.0,0.0,633.0,2.0
card_1e9a4502be593b2a3215,state_dc3917fff5be2cef316f,sgv31_u06,0,M0+R0|M0+RS|ME+R0|ME+RS|MP+R0|MP+RS|MPE+R0|MPE+RS|MPMS+R0|MPMS+RS|MPMSME+R0|MPMSME+RS|MS+R0|MS+RS|MSE+R0|MSE+RS,ME+RS,0.7040470256257894,0.0,0.5,0.0,616.0,2.0,0.5658801790819981,0.0,0.48958333333333337,0.25,567.8958333333334,2.375,0.44721998618833136,0.0,1.0,1.0,202.0,0.0,0.4858878507162945,0.0,0.5,1.0,227.0,1.0,0.32824629273225775,0.0,0.0,0.0,729.0,4.0
card_1f12d7989cf8e5fc8e5b,state_27ac82cb8118ff171f0d,sgv31_u16,0,M0+R0|M0+RS|MP+R0|MP+RS,MP+RS,0.3910338075810027,0.0,0.0,0.0,713.0,2.0,0.4529337258284595,0.0,0.27083333333333337,0.25,584.2291666666666,1.4791666666666665,0.5380951036826757,0.0,1.0,1.0,204.0,0.0,0.5380951036826757,0.0,1.0,1.0,204.0,0.0,0.3910338075810027,0.0,0.0,0.0,713.0,2.0
card_20b524f92d70a76dd716,state_143d4e5fd318b92e87b5,sgv31_u06,0,M0+R0|M0+RS|ME+R0|ME+RS,ME+R0,0.571928872983399,0.0,0.0,1.0,223.0,1.0,0.5343854735449838,0.0,0.17708333333333331,0.22916666666666669,548.0416666666666,1.5729166666666667,0.5756081986333689,0.0,1.0,0.5,195.0,0.0,0.571928872983399,0.0,0.0,1.0,223.0,1.0,0.5756081986333689,0.0,0.0,0.0,663.0,2.0
card_22d541de3a8260a08030,state_b913cbfb26d86593a1d4,sgv31_u11,0,M0+R0|M0+RS|MP+R0|MP+RS,MP+RS,0.771205679933669,0.0,0.0,0.0,706.0,2.0,0.629952721634883,0.0,0.27083333333333337,0.25,578.0416666666666,1.4791666666666665,0.22879432006633116,0.0,1.0,1.0,200.0,0.0,0.22879432006633116,0.0,1.0,1.0,200.0,0.0,0.771205679933669,0.0,0.0,0.0,706.0,2.0
card_235efc30aac5441d8a2f,state_201d6dfa8f16acc4e686,sgv31_u06,0,M0+R0|M0+RS|MP+R0|MP+RS|MPMS+R0|MPMS+RS|MS+R0|MS+RS,MS+RS,0.48953940709861116,0.0,0.5,0.0,649.0,2.0,0.46110558968890236,0.0,0.28125000000000006,0.22916666666666669,572.8541666666666,2.041666666666667,0.6159302144204125,0.0,1.0,1.0,201.0,0.0,0.6159302144204125,0.0,1.0,1.0,201.0,0.0,0.44506377959035204,0.0,0.0,0.0,712.0,3.0
card_2375a3ad5e5dace6d3b5,state_5a42e018e45c17646d2d,sgv31_u01,0,M0+R0|M0+RS|MP+R0|MP+RS,MP+RS,0.5,0.0,0.0,0.0,660.0,2.0,0.5,0.0,0.16666666666666669,0.25,544.0625,1.4791666666666665,0.5,0.0,1.0,1.0,202.0,0.0,0.5,0.0,1.0,1.0,202.0,0.0,0.5,0.0,0.0,0.0,660.0,2.0
card_240cbf1b09c54fe1b71c,state_6760ceec29bdf8813ecc,sgv31_u06,0,M0+R0|M0+RS|MP+R0|MP+RS,MP+RS,0.6477291697335709,0.5,0.0,0.0,705.0,2.0,0.5738645848667854,0.2708333333333333,0.27083333333333337,0.25,576.5,1.4791666666666665,0.3522708302664292,0.0,1.0,1.0,197.0,0.0,0.3522708302664292,0.0,1.0,1.0,197.0,0.0,0.6477291697335709,0.5,0.0,0.0,705.0,2.0
card_241c14118d58ba4d0222,state_d6f3cab4f6d3122e390b,sgv31_u01,0,M0+R0|M0+RS|ME+R0|ME+RS|MP+R0|MP+RS|MPE+R0|MPE+RS|MPMS+R0|MPMS+RS|MPMSME+R0|MPMSME+RS|MS+R0|MS+RS|MSE+R0|MSE+RS,MPMS+RS,0.41320841983186085,0.5,0.0,0.0,754.0,3.0,0.5155496856311136,0.20833333333333331,0.10416666666666666,0.25,614.125,2.375,0.5169849501133268,0.0,1.0,1.0,204.0,0.0,0.5088744446834148,0.0,0.0,1.0,249.0,1.0,0.6377034207601244,0.5,0.0,0.0,790.0,4.0
card_241eec16f7a6d3a83c10,state_bba634c26f74ef9851f7,sgv31_u11,0,M0+R0|M0+RS|ME+R0|ME+RS|MP+R0|MP+RS|MPE+R0|MPE+RS,ME+R0,0.6193743404359084,0.0,0.0,1.0,231.0,1.0,0.485037917489086,0.17708333333333331,0.21875,0.25,550.1041666666667,1.9791666666666667,0.6183656757440242,0.0,0.5,1.0,205.0,0.0,0.6193743404359084,0.0,0.0,1.0,231.0,1.0,0.31815197858418437,0.5,0.0,0.0,681.0,3.0
card_24bc9da7de4b24858422,state_bd91983afa739d0c0737,sgv31_u06,0,M0+R0|M0+RS,M0+RS,0.7215937546003562,0.0,1.0,0.0,649.0,1.0,0.6107968773001781,0.0,1.0,0.25,539.0,0.75,0.27840624539964376,0.0,1.0,1.0,209.0,0.0,0.27840624539964376,0.0,1.0,1.0,209.0,0.0,0.7215937546003562,0.0,1.0,0.0,649.0,1.0
card_251275facfb53b41231e,state_d6f3cab4f6d3122e390b,sgv31_u01,0,M0+R0|M0+RS|MP+R0|MP+RS|MPMS+R0|MPMS+RS|MS+R0|MS+RS,MPMS+RS,0.529094483087863,0.5,0.0,0.0,754.0,3.0,0.5333201656724921,0.25,0.20833333333333334,0.17708333333333334,605.9375,2.041666666666667,0.4048288389400292,0.0,1.0,1.0,204.0,0.0,0.4048288389400292,0.0,1.0,1.0,204.0,0.0,0.529094483087863,0.5,0.0,0.0,754.0,3.0
card_254d8ad39c81a64f6bf2,state_1ea43a58308f71e7b5ad,sgv31_u11,0,M0+R0|M0+RS|ME+R0|ME+RS,ME+R0,0.7490563557512552,0.0,0.0,1.0,221.0,1.0,0.5466298436607588,0.0,0.17708333333333331,0.25,543.3958333333333,1.5729166666666667,0.3910338075810027,0.0,1.0,1.0,195.0,0.0,0.7490563557512552,0.0,0.0,1.0,221.0,1.0,0.5380951036826757,0.0,0.0,0.0,657.0,2.0
card_25c1a92ec854bf67cbae,state_143d4e5fd318b92e87b5,sgv31_u06,0,M0+R0|M0+RS|ME+R0|ME+RS|MP+R0|MP+RS|MPE+R0|MPE+RS,MPE+R0,0.5615981851772267,0.0,0.0,0.5,308.0,2.0,0.5113565996586111,0.09375,0.05208333333333333,0.125,595.9375,1.9791666666666667,0.5647507250107034,0.0,1.0,1.0,195.0,0.0,0.5626321782385723,0.0,0.5,0.5,245.0,1.0,0.5647507250107034,0.5,0.0,0.0,748.0,3.0
card_260853cce7ed47a029f7,state_d711bb59278dd0fecdeb,sgv31_u01,0,M0+R0|M0+RS|ME+R0|ME+RS,ME+RS,0.6508241519760448,0.0,0.0,0.0,682.0,2.0,0.5471325474925139,0.0,0.17708333333333331,0.25,564.3958333333334,1.5729166666666667,0.6508241519760448,0.0,1.0,1.0,204.0,0.0,0.3491758480239551,0.0,0.0,1.0,230.0,1.0,0.6508241519760448,0.0,0.0,0.0,682.0,2.0
card_26cf838511f68de0ecfb,state_a5c0950eade6eebba49e,sgv31_u01,0,M0+R0|M0+RS,M0+RS,0.7215937546003562,0.0,1.0,0.0,591.0,1.0,0.6107968773001781,0.0,1.0,0.25,493.75,0.75,0.27840624539964376,0.0,1.0,1.0,202.0,0.0,0.27840624539964376,0.0,1.0,1.0,202.0,0.0,0.7215937546003562,0.0,1.0,0.0,591.0,1.0
card_271764ef741bb09dc57f,state_b913cbfb26d86593a1d4,sgv31_u11,0,M0+R0|M0+RS|MS+R0|MS+RS,MS+RS,0.571928872983399,0.0,0.0,0.0,695.0,2.0,0.5549431387677495,0.0,0.16666666666666669,0.25,570.0208333333333,1.4791666666666665,0.27685472974986314,0.0,1.0,1.0,200.0,0.0,0.27685472974986314,0.0,1.0,1.0,200.0,0.0,0.571928872983399,0.0,0.0,0.0,695.0,2.0
card_275edcac81e311a933c5,state_f89892f95e76911fe8a3,sgv31_u01,0,M0+R0|M0+RS|ME+R0|ME+RS|MP+R0|MP+RS|MPE+R0|MPE+RS|MPMS+R0|MPMS+RS|MPMSME+R0|MPMSME+RS|MS+R0|MS+RS|MSE+R0|MSE+RS,MPMS+R0,0.6273083624202143,0.0,0.0,1.0,308.0,2.0,0.44188135789322036,0.11458333333333334,0.16666666666666666,0.25,541.875,2.375,0.5113732801787483,0.0,1.0,1.0,194.0,0.0,0.6484030092914161,0.0,0.5,1.0,239.0,1.0,0.3764013280637159,0.5,0.0,0.0,697.0,4.0
card_27639de05503c90c9757,state_f311acbf6079588aafaf,sgv31_u16,0,M0+R0|M0+RS|ME+R0|ME+RS|MP+R0|MP+RS|MPE+R0|MPE+RS,ME+RS,0.5437836099475054,0.0,0.5,0.0,635.0,2.0,0.5234954564389253,0.0,0.28125,0.3020833333333333,562.3541666666666,1.9791666666666667,0.4214418986064024,0.0,1.0,1.0,203.0,0.0,0.45634611789237606,0.0,0.0,0.5,231.0,1.0,0.5107487254104768,0.0,0.0,0.0,699.0,3.0
card_28ee1f3a1e1faa0860cf,state_864430d6fa091ba3b1f5,sgv31_u01,0,M0+R0|M0+RS|ME+R0|ME+RS,ME+RS,0.31268183175793535,0.0,0.0,0.0,661.0,2.0,0.41701370135577964,0.0,0.08854166666666666,0.25,547.3958333333334,1.5729166666666667,0.45937805816938654,0.0,0.5,1.0,199.0,0.0,0.5406219418306134,0.0,0.0,1.0,225.0,1.0,0.31268183175793535,0.0,0.0,0.0,661.0,2.0
card_293f81418e78120ec08d,state_c421d3a2c60deb3db059,sgv31_u01,0,M0+R0|M0+RS|ME+R0|ME+RS|MP+R0|MP+RS|MPE+R0|MPE+RS|MPMS+R0|MPMS+RS|MPMSME+R0|MPMSME+RS|MS+R0|MS+RS|MSE+R0|MSE+RS,ME+RS,0.4991583761428087,0.0,0.5,0.0,633.0,2.0,0.47878487015524573,0.14583333333333334,0.5,0.18750000000000003,576.8541666666665,2.375,0.4904662372686993,0.0,1.0,0.5,203.0,0.0,0.5547503500583822,0.0,0.5,0.5,229.0,1.0,0.39038034700688945,0.5,0.0,0.5,738.0,4.0
card_29bff2831e8cad73eb48,state_1d2e66d5430e39adb40b,sgv31_u16,0,M0+R0|M0+RS,M0+RS,0.7215937546003562,0.0,1.0,0.0,591.0,1.0,0.6107968773001781,0.0,1.0,0.25,493.75,0.75,0.27840624539964376,0.0,1.0,1.0,202.0,0.0,0.27840624539964376,0.0,1.0,1.0,202.0,0.0,0.7215937546003562,0.0,1.0,0.0,591.0,1.0
card_2aa984a165be7108ed30,state_1ea43a58308f71e7b5ad,sgv31_u11,0,M0+R0|M0+RS|MP+R0|MP+RS|MPMS+R0|MPMS+RS|MS+R0|MS+RS,MPMS+R0,0.6245524641486069,0.5,0.0,1.0,315.0,2.0,0.5079767669730127,0.3229166666666667,0.32291666666666663,0.22916666666666669,600.8125000000001,2.041666666666667,0.2573743619159458,0.0,0.5,1.0,195.0,0.0,0.2573743619159458,0.0,0.5,1.0,195.0,0.0,0.49598371107169126,0.5,0.0,0.0,751.0,3.0
card_2b698451f3b97432c427,state_83c91372ab0f2a755221,sgv31_u16,0,M0+R0|M0+RS|ME+R0|ME+RS|MP+R0|MP+RS|MPE+R0|MPE+RS|MPMS+R0|MPMS+RS|MPMSME+R0|MPMSME+RS|MS+R0|MS+RS|MSE+R0|MSE+RS,MP+RS,0.598785108969477,0.0,0.5,0.0,670.0,2.0,0.5557929425424247,0.0,0.48958333333333337,0.2291666666666667,587.7291666666667,2.375,0.44960596174498535,0.0,1.0,1.0,202.0,0.0,0.41689257024427134,0.0,0.5,1.0,250.0,1.0,0.46555252159649935,0.0,0.0,0.0,759.0,4.0
card_2be7864fc703184d9323,state_c4974243ec9aa174046f,sgv31_u06,0,M0+R0|M0+RS|ME+R0|ME+RS,ME+RS,0.5379950269774428,0.0,0.0,0.0,640.0,2.0,0.526377682979722,0.0,0.15625,0.25,533.8958333333334,1.5729166666666667,0.38328316511855115,0.0,0.5,1.0,201.0,0.0,0.4620049730225572,0.0,0.0,1.0,251.0,1.0,0.5379950269774428,0.0,0.0,0.0,640.0,2.0
card_2c29a00a4a26a56589fa,state_2e45d710018ff5bfa3db,sgv31_u16,0,M0+R0|M0+RS|ME+R0|ME+RS|MP+R0|MP+RS|MPE+R0|MPE+RS,MPE+RS,0.6107606778394327,0.5,0.0,0.0,724.0,3.0,0.45492374832200844,0.09375,0.3333333333333333,0.25,580.2916666666666,1.9791666666666667,0.5214092234028219,0.0,0.5,1.0,199.0,0.0,0.6429242122015503,0.0,0.0,1.0,224.0,1.0,0.6107606778394327,0.5,0.0,0.0,724.0,3.0
card_2d58346709250f55fff0,state_6760ceec29bdf8813ecc,sgv31_u06,0,M0+R0|M0+RS|MP+R0|MP+RS|MPMS+R0|MPMS+RS|MS+R0|MS+RS,MS+RS,0.5192525321724847,0.0,0.5,0.0,658.0,2.0,0.5906944607710335,0.25,0.28125,0.25,582.1458333333334,2.041666666666667,0.5567980042864972,0.0,1.0,1.0,197.0,0.0,0.5567980042864972,0.0,1.0,1.0,197.0,0.0,0.7504513831456435,0.5,0.0,0.0,721.0,3.0
card_2ec5347d39864e385226,state_d6fc7098e529947669eb,sgv31_u11,0,M0+R0|M0+RS|MP+R0|MP+RS|MPMS+R0|MPMS+RS|MS+R0|MS+RS,M0+RS,0.3565078864175016,0.0,1.0,0.0,602.0,1.0,0.530839173485442,0.17708333333333334,0.35416666666666663,0.21875,581.5625,2.041666666666667,0.4461096303052172,0.0,1.0,0.5,205.0,0.0,0.4461096303052172,0.0,1.0,0.5,205.0,0.0,0.6204702660077382,0.5,0.0,0.0,722.0,3.0
card_2f1adca9c33fdb62b33c,state_0283b9cf5346eea0b52e,sgv31_u06,0,M0+R0|M0+RS|ME+R0|ME+RS,ME+RS,0.6477291697335709,0.5,0.0,0.0,689.0,2.0,0.5738645848667855,0.41145833333333337,0.109375,0.25,571.1458333333334,1.5729166666666667,0.3522708302664292,0.0,1.0,1.0,203.0,0.0,0.3522708302664292,0.5,0.0,1.0,253.0,1.0,0.6477291697335709,0.5,0.0,0.0,689.0,2.0
card_30176830fc4ccda629df,state_83c91372ab0f2a755221,sgv31_u16,0,M0+R0|M0+RS,M0+RS,0.7215937546003562,0.0,1.0,0.0,597.0,1.0,0.6107968773001781,0.0,1.0,0.25,498.25,0.75,0.27840624539964376,0.0,1.0,1.0,202.0,0.0,0.27840624539964376,0.0,1.0,1.0,202.0,0.0,0.7215937546003562,0.0,1.0,0.0,597.0,1.0
card_302f6ef4f4310b230997,state_c36ea875d22144f4d753,sgv31_u16,0,M0+R0|M0+RS|ME+R0|ME+RS|MP+R0|MP+RS|MPE+R0|MPE+RS|MPMS+R0|MPMS+RS|MPMSME+R0|MPMSME+RS|MS+R0|MS+RS|MSE+R0|MSE+RS,MS+R0,0.5949874509450022,0.0,0.5,1.0,239.0,1.0,0.4848446642220313,0.11458333333333334,0.14583333333333331,0.23958333333333334,577.9791666666667,2.375,0.6042867000104548,0.0,1.0,1.0,189.0,0.0,0.5773456851780465,0.0,0.0,1.0,237.0,1.0,0.3428011726199319,0.5,0.0,0.0,730.0,4.0
card_313439270643e0f0da98,state_6760ceec29bdf8813ecc,sgv31_u06,0,M0+R0|M0+RS|ME+R0|ME+RS|MS+R0|MS+RS|MSE+R0|MSE+RS,MS+RS,0.5437837242466225,0.0,0.0,0.0,658.0,2.0,0.5290036850110773,0.0,0.11458333333333333,0.25,557.9583333333334,2.208333333333333,0.39986219129770245,0.0,1.0,1.0,197.0,0.0,0.41079308183166413,0.0,0.5,1.0,225.0,1.0,0.532598866908036,0.0,0.0,0.0,677.0,3.0
card_314c62ab64bd51705d50,state_c421d3a2c60deb3db059,sgv31_u01,0,M0+R0|M0+RS|ME+R0|ME+RS|MP+R0|MP+RS|MPE+R0|MPE+RS,ME+RS,0.5890030957880147,0.0,0.5,0.0,633.0,2.0,0.5388020880369513,0.0,0.22916666666666669,0.25,558.8125,1.9791666666666667,0.4109969042119852,0.0,0.5,1.0,203.0,0.0,0.4109969042119852,0.0,0.5,1.0,229.0,1.0,0.5890030957880148,0.0,0.0,0.0,693.0,3.0
card_317fe22ebb79e7eb5417,state_6b29985f90c8856420d3,sgv31_u11,0,M0+R0|M0+RS|ME+R0|ME+RS,M0+RS,0.6477291697335709,0.0,1.0,0.0,587.0,1.0,0.5738645848667855,0.0,0.17708333333333331,0.25,511.14583333333337,1.5729166666666667,0.3522708302664292,0.0,1.0,1.0,198.0,0.0,0.3522708302664292,0.0,0.0,1.0,224.0,1.0,0.6477291697335709,0.0,0.0,0.0,613.0,2.0
card_31a4bf3acd2289db1bdd,state_be4e3d43355ad0f929c9,sgv31_u06,0,M0+R0|M0+RS|ME+R0|ME+RS|MP+R0|MP+RS|MPE+R0|MPE+RS,MPE+RS,0.6174049319079042,0.5,0.0,0.0,743.0,3.0,0.4933770581335003,0.14583333333333334,0.25,0.25,595.75,1.9791666666666667,0.5782333592086817,0.0,1.0,1.0,203.0,0.0,0.3298315500185308,0.0,0.5,1.0,228.0,1.0,0.6174049319079042,0.5,0.0,0.0,743.0,3.0
card_3334c86373fb9d08c5db,state_c36ea875d22144f4d753,sgv31_u16,0,M0+R0|M0+RS|ME+R0|ME+RS,M0+R0,0.7165554542797429,0.0,1.0,1.0,189.0,0.0,0.45043387557081854,0.0,0.17708333333333331,0.25,555.5,1.5729166666666667,0.7165554542797429,0.0,1.0,1.0,189.0,0.0,0.5720345860688135,0.0,0.0,1.0,237.0,1.0,0.4279654139311864,0.0,0.0,0.0,673.0,2.0
card_3377f11f7189b284a63e,state_f89892f95e76911fe8a3,sgv31_u01,0,M0+R0|M0+RS|ME+R0|ME+RS|MS+R0|MS+RS|MSE+R0|MSE+RS,MSE+R0,0.5994451228491993,0.0,0.0,1.0,265.0,2.0,0.4697283036865727,0.20833333333333334,0.16666666666666666,0.25,510.4583333333333,2.208333333333333,0.5321393005143583,0.0,0.5,1.0,194.0,0.0,0.5543927326212238,0.0,0.5,1.0,220.0,1.0,0.3999753655493197,0.5,0.0,0.0,618.0,3.0
card_33bbba2eea83f3426235,state_a2cb8f1a1e8111f99733,sgv31_u01,0,M0+R0|M0+RS|ME+R0|ME+RS,M0+RS,0.6873181682420647,0.0,0.5,0.0,614.0,1.0,0.41701370135577964,0.0,0.08854166666666666,0.14583333333333334,545.28125,1.5729166666666667,0.45937805816938654,0.0,0.5,1.0,191.0,0.0,0.5406219418306134,0.0,0.0,0.5,236.0,1.0,0.31268183175793535,0.0,0.0,0.0,659.0,2.0
card_3420e3c2455110940f7d,state_9a3a18ff6ddbc3809d2e,sgv31_u11,0,M0+R0|M0+RS|ME+R0|ME+RS,M0+R0,0.6873181682420647,0.0,1.0,1.0,195.0,0.0,0.4989415855959931,0.0,0.17708333333333331,0.14583333333333334,533.6458333333334,1.5729166666666667,0.6873181682420647,0.0,1.0,1.0,195.0,0.0,0.45937805816938654,0.0,0.0,0.5,221.0,1.0,0.5406219418306134,0.0,0.0,0.0,644.0,2.0
card_3423e3fba770fc71ceb4,state_c36ea875d22144f4d753,sgv31_u16,0,M0+R0|M0+RS|ME+R0|ME+RS|MS+R0|MS+RS|MSE+R0|MSE+RS,MS+R0,0.44464904757088625,0.0,0.0,1.0,239.0,1.0,0.5450952016011571,0.0,0.08333333333333333,0.25,566.625,2.208333333333333,0.5683703292583617,0.0,1.0,1.0,189.0,0.0,0.5905831185685282,0.0,0.0,1.0,217.0,1.0,0.6943261654741831,0.0,0.0,0.0,694.0,3.0
card_343ee24b7c7ecd492936,state_3c54a859a49689671a41,sgv31_u16,0,M0+R0|M0+RS|ME+R0|ME+RS,ME+RS,0.45937805816938654,0.0,0.0,0.0,617.0,2.0,0.5117550142465085,0.0,0.17708333333333331,0.25,515.1458333333334,1.5729166666666667,0.3126818317579353,0.0,1.0,1.0,202.0,0.0,0.6873181682420647,0.0,0.0,1.0,228.0,1.0,0.45937805816938654,0.0,0.0,0.0,617.0,2.0
card_34426f56e1748f992a8c,state_9e107b0242671c765ccd,sgv31_u06,0,M0+R0|M0+RS|MP+R0|MP+RS|MPMS+R0|MPMS+RS|MS+R0|MS+RS,MPMS+R0,0.5395044600753806,0.0,0.0,1.0,238.0,2.0,0.5158943527224914,0.0,0.20833333333333334,0.25,542.3958333333334,2.041666666666667,0.5112172019060586,0.0,1.0,1.0,198.0,0.0,0.5112172019060586,0.0,1.0,1.0,198.0,0.0,0.6808723043730849,0.0,0.0,0.0,661.0,3.0
card_34b16512f957f9a6c65c,state_c4974243ec9aa174046f,sgv31_u06,0,M0+R0|M0+RS,M0+RS,0.27840624539964376,0.0,1.0,0.0,590.0,1.0,0.3892031226998219,0.0,1.0,0.25,492.75,0.75,0.7215937546003562,0.0,1.0,1.0,201.0,0.0,0.7215937546003562,0.0,1.0,1.0,201.0,0.0,0.27840624539964376,0.0,1.0,0.0,590.0,1.0
card_357ce6a578358c87b815,state_9d9a435ab7e0fe25c389,sgv31_u16,0,M0+R0|M0+RS|ME+R0|ME+RS|MP+R0|MP+RS|MPE+R0|MPE+RS|MPMS+R0|MPMS+RS|MPMSME+R0|MPMSME+RS|MS+R0|MS+RS|MSE+R0|MSE+RS,MPMS+RS,0.7167184628242739,0.5,0.5,0.0,737.0,3.0,0.47658698026419516,0.10416666666666667,0.3958333333333333,0.25,597.7291666666666,2.375,0.3110064656398716,0.0,0.5,1.0,191.0,0.0,0.5647818627941572,0.0,0.5,1.0,239.0,1.0,0.6603371062940856,0.5,0.0,0.0,776.0,4.0
card_362da368077414a7ab00,state_b7d59dcef186d683dbef,sgv31_u16,0,M0+R0|M0+RS|MP+R0|MP+RS,MP+RS,0.723145270250137,0.0,0.0,0.0,729.0,2.0,0.5864465548649865,0.09375,0.16666666666666669,0.25,596.2291666666667,1.4791666666666665,0.42807112701660105,0.0,1.0,1.0,204.0,0.0,0.42807112701660105,0.0,1.0,1.0,204.0,0.0,0.723145270250137,0.0,0.0,0.0,729.0,2.0
card_371a531ca2f424359857,state_6760ceec29bdf8813ecc,sgv31_u06,0,M0+R0|M0+RS,M0+RS,0.7215937546003562,0.0,1.0,0.0,633.0,1.0,0.6107968773001781,0.0,1.0,0.25,524.0,0.75,0.27840624539964376,0.0,1.0,1.0,197.0,0.0,0.27840624539964376,0.0,1.0,1.0,197.0,0.0,0.7215937546003562,0.0,1.0,0.0,633.0,1.0
card_375d05db457269512237,state_3aa33ab57f5ed20bb869,sgv31_u16,0,M0+R0|M0+RS|ME+R0|ME+RS,ME+R0,0.6089661924189973,0.0,0.0,1.0,224.0,1.0,0.3719010789504254,0.0,0.17708333333333331,0.25,511.32291666666674,1.5729166666666667,0.6781852670149336,0.0,1.0,1.0,199.0,0.0,0.6089661924189973,0.0,0.0,1.0,224.0,1.0,0.25094364424874477,0.0,0.0,0.0,613.0,2.0
card_387aac92d7df4cc48a27,state_dc3917fff5be2cef316f,sgv31_u06,0,M0+R0|M0+RS|MP+R0|MP+RS|MPMS+R0|MPMS+RS|MS+R0|MS+RS,M0+RS,0.5525443209441704,0.0,0.5,0.0,591.0,1.0,0.5673257463333516,0.17708333333333334,0.25,0.25,573.8541666666667,2.041666666666667,0.35424779565014547,0.0,0.5,1.0,202.0,0.0,0.35424779565014547,0.0,0.5,1.0,202.0,0.0,0.6463889397269913,0.5,0.0,0.0,713.0,3.0
card_397b3592203a054b0bd4,state_c421d3a2c60deb3db059,sgv31_u01,0,M0+R0|M0+RS|ME+R0|ME+RS|MS+R0|MS+RS|MSE+R0|MSE+RS,ME+RS,0.38832555579580424,0.0,0.5,0.5,652.0,2.0,0.5316136259154297,0.0,0.2708333333333333,0.34375,572.75,2.208333333333333,0.4458818597574558,0.0,0.5,1.0,203.0,0.0,0.48143617179846043,0.0,0.5,1.0,248.0,1.0,0.6217668480827158,0.0,0.0,0.0,697.0,3.0
card_3a0497f38d1631068ada,state_27ac82cb8118ff171f0d,sgv31_u16,0,M0+R0|M0+RS|ME+R0|ME+RS|MP+R0|MP+RS|MPE+R0|MPE+RS|MPMS+R0|MPMS+RS|MPMSME+R0|MPMSME+RS|MS+R0|MS+RS|MSE+R0|MSE+RS,MPE+RS,0.4565701855170767,0.5,0.0,0.0,729.0,3.0,0.5230239347704153,0.2708333333333333,0.16666666666666666,0.25,605.6249999999999,2.375,0.4536486599418768,0.0,1.0,1.0,204.0,0.0,0.580048790216193,0.0,0.5,1.0,229.0,1.0,0.5954309821023709,0.5,0.0,0.0,779.0,4.0
card_3be4d91912e7465e571b,state_580274998738423267ef,sgv31_u11,0,M0+R0|M0+RS|ME+R0|ME+RS|MP+R0|MP+RS|MPE+R0|MPE+RS,ME+RS,0.5217389568818033,0.0,0.5,0.0,611.0,2.0,0.5202463603930932,0.09375,0.3333333333333333,0.25,541.1041666666667,1.9791666666666667,0.3656274023981837,0.0,0.5,1.0,196.0,0.0,0.477831074686714,0.0,0.5,1.0,222.0,1.0,0.49924802405671365,0.5,0.0,0.0,672.0,3.0
card_3c572be29c18e26f1ba1,state_8d7774345b1e93200c84,sgv31_u11,0,M0+R0|M0+RS|ME+R0|ME+RS|MP+R0|MP+RS|MPE+R0|MPE+RS|MPMS+R0|MPMS+RS|MPMSME+R0|MPMSME+RS|MS+R0|MS+RS|MSE+R0|MSE+RS,MSE+RS,0.58191309096395,0.0,0.5,0.0,719.0,3.0,0.5233813396003326,0.21875,0.5104166666666666,0.25,607.8333333333333,2.375,0.5536363037803866,0.0,0.5,1.0,207.0,0.0,0.5051213008314485,0.0,0.5,1.0,233.0,1.0,0.5536363037803866,0.5,0.0,0.0,780.0,4.0
card_3d5d5ec7cb42a8a0a253,state_1d2e66d5430e39adb40b,sgv31_u16,0,M0+R0|M0+RS|MS+R0|MS+RS,MS+RS,0.6477291697335709,0.0,0.0,0.0,650.0,2.0,0.5738645848667854,0.0,0.23958333333333334,0.25,536.7708333333333,1.4791666666666665,0.3522708302664292,0.0,0.5,1.0,202.0,0.0,0.3522708302664292,0.0,0.5,1.0,202.0,0.0,0.6477291697335709,0.0,0.0,0.0,650.0,2.0
card_3e18ce4cdf0c4daf3ceb,state_0283b9cf5346eea0b52e,sgv31_u06,0,M0+R0|M0+RS|MS+R0|MS+RS,MS+RS,0.6873181682420647,0.0,0.0,0.0,664.0,2.0,0.5573616466851948,0.0,0.13541666666666669,0.25,548.2291666666666,1.4791666666666665,0.5406219418306134,0.0,0.5,1.0,203.0,0.0,0.5406219418306134,0.0,0.5,1.0,203.0,0.0,0.6873181682420647,0.0,0.0,0.0,664.0,2.0
card_3e652170789586b3347e,state_0412987e6eaf55b6450e,sgv31_u11,0,M0+R0|M0+RS|ME+R0|ME+RS|MP+R0|MP+RS|MPE+R0|MPE+RS|MPMS+R0|MPMS+RS|MPMSME+R0|MPMSME+RS|MS+R0|MS+RS|MSE+R0|MSE+RS,MSE+R0,0.46298739260265087,0.0,0.0,1.0,293.0,2.0,0.46831220324628187,0.20833333333333331,0.46875,0.25,614.5416666666667,2.375,0.5337025159069237,0.0,1.0,1.0,195.0,0.0,0.7356922748838967,0.0,0.0,1.0,243.0,1.0,0.3792746371314075,0.5,0.0,0.0,796.0,4.0
card_3e9811e0bb75f1231b25,state_f89892f95e76911fe8a3,sgv31_u01,0,M0+R0|M0+RS,M0+R0,0.7215937546003562,0.0,1.0,1.0,194.0,0.0,0.3892031226998219,0.0,1.0,0.25,458.75,0.75,0.7215937546003562,0.0,1.0,1.0,194.0,0.0,0.7215937546003562,0.0,1.0,1.0,194.0,0.0,0.27840624539964376,0.0,1.0,0.0,547.0,1.0
card_3f147b962d8c14ac4190,state_3c54a859a49689671a41,sgv31_u16,0,M0+R0|M0+RS,M0+RS,0.5,0.0,1.0,0.0,591.0,1.0,0.5,0.0,1.0,0.25,493.75,0.75,0.5,0.0,1.0,1.0,202.0,0.0,0.5,0.0,1.0,1.0,202.0,0.0,0.5,0.0,1.0,0.0,591.0,1.0
card_4023b9c3fccda6b53345,state_a2cb8f1a1e8111f99733,sgv31_u01,0,M0+R0|M0+RS|ME+R0|ME+RS|MP+R0|MP+RS|MPE+R0|MPE+RS,MP+RS,0.36848984725679024,0.0,0.5,0.0,683.0,2.0,0.4892267683968745,0.0,0.3645833333333333,0.15625,574.125,1.9791666666666667,0.42413880510513036,0.0,0.5,1.0,191.0,0.0,0.3279984150390606,0.0,0.5,1.0,236.0,1.0,0.6394459481277828,0.0,0.0,0.0,719.0,3.0
card_40986a76e54e38769d04,state_d6f3cab4f6d3122e390b,sgv31_u01,0,M0+R0|M0+RS|ME+R0|ME+RS,ME+RS,0.5379950269774428,0.0,0.0,0.0,663.0,2.0,0.526377682979722,0.0,0.17708333333333331,0.25,549.9270833333333,1.5729166666666667,0.38328316511855115,0.0,1.0,1.0,204.0,0.0,0.4620049730225572,0.0,0.0,1.0,227.0,1.0,0.5379950269774428,0.0,0.0,0.0,663.0,2.0
card_413e050e06fbe53ca332,state_580274998738423267ef,sgv31_u11,0,M0+R0|M0+RS|MP+R0|MP+RS|MPMS+R0|MPMS+RS|MS+R0|MS+RS,MP+RS,0.6086752075158474,0.0,0.5,0.0,655.0,2.0,0.5519512672174397,0.0,0.25,0.25,566.5625,2.041666666666667,0.4465092772921482,0.0,0.5,1.0,196.0,0.0,0.4465092772921482,0.0,0.5,1.0,196.0,0.0,0.6192945860447223,0.0,0.0,0.0,705.0,3.0
card_41d720c37763b52b0ecc,state_0412987e6eaf55b6450e,sgv31_u11,0,M0+R0|M0+RS|MS+R0|MS+RS,MS+R0,0.7490563557512552,0.0,0.0,1.0,254.0,1.0,0.4529337258284595,0.0,0.27083333333333337,0.25,569.5208333333334,1.4791666666666665,0.5380951036826757,0.0,1.0,1.0,195.0,0.0,0.5380951036826757,0.0,1.0,1.0,195.0,0.0,0.3910338075810027,0.0,0.0,0.0,696.0,2.0
card_422ad74ece352f15f890,state_1d2e66d5430e39adb40b,sgv31_u16,0,M0+R0|M0+RS|ME+R0|ME+RS|MP+R0|MP+RS|MPE+R0|MPE+RS|MPMS+R0|MPMS+RS|MPMSME+R0|MPMSME+RS|MS+R0|MS+RS|MSE+R0|MSE+RS,MPE+RS,0.5461165327749525,0.0,0.5,0.0,683.0,3.0,0.5320476552367533,0.041666666666666664,0.43750000000000006,0.25,570.3125,2.375,0.4525163192395194,0.0,1.0,1.0,202.0,0.0,0.4754067838049893,0.0,0.5,1.0,230.0,1.0,0.5110569640219036,0.0,0.0,0.0,733.0,4.0
card_425a399ffa9299d92508,state_f311acbf6079588aafaf,sgv31_u16,0,M0+R0|M0+RS|MP+R0|MP+RS,M0+RS,0.6873181682420647,0.0,0.5,0.0,607.0,1.0,0.44263835331480517,0.0,0.16666666666666669,0.5208333333333333,559.2291666666666,1.4791666666666665,0.45937805816938654,0.0,1.0,1.0,203.0,0.0,0.45937805816938654,0.0,1.0,1.0,203.0,0.0,0.31268183175793535,0.0,0.0,0.5,680.0,2.0
card_4298e00fb1626c6947f6,state_079d06cb710a5ff5d2f5,sgv31_u16,0,M0+R0|M0+RS|ME+R0|ME+RS|MP+R0|MP+RS|MPE+R0|MPE+RS|MPMS+R0|MPMS+RS|MPMSME+R0|MPMSME+RS|MS+R0|MS+RS|MSE+R0|MSE+RS,MPMS+R0,0.3426070499723404,0.5,0.5,1.0,317.0,2.0,0.4753399118624285,0.19791666666666666,0.2604166666666667,0.25,548.2291666666667,2.375,0.5647805645657902,0.0,1.0,1.0,194.0,0.0,0.5906502173180355,0.0,0.5,1.0,242.0,1.0,0.5050994210407588,0.5,0.0,0.0,709.0,4.0
card_43236fc171a6fa174465,state_2e45d710018ff5bfa3db,sgv31_u16,0,M0+R0|M0+RS|ME+R0|ME+RS,ME+RS,0.6781852670149338,0.5,0.0,0.0,683.0,2.0,0.6059517058194742,0.41145833333333337,0.08854166666666666,0.25,565.5,1.5729166666666667,0.2509436442487448,0.0,0.5,1.0,199.0,0.0,0.46190489631732423,0.5,0.0,1.0,247.0,1.0,0.6781852670149338,0.5,0.0,0.0,683.0,2.0
card_44339eebedf92f6b4eb4,state_9d9a435ab7e0fe25c389,sgv31_u16,0,M0+R0|M0+RS|ME+R0|ME+RS,M0+RS,0.723145270250137,0.0,0.5,0.0,614.0,1.0,0.4656145264550163,0.0,0.08854166666666666,0.22916666666666669,547.75,1.5729166666666667,0.42439180136663107,0.0,0.5,0.5,191.0,0.0,0.42807112701660105,0.0,0.0,1.0,239.0,1.0,0.42439180136663107,0.0,0.0,0.0,662.0,2.0
card_445fb2720bbd166c17f4,state_864430d6fa091ba3b1f5,sgv31_u01,0,M0+R0|M0+RS|MP+R0|MP+RS,MP+RS,0.5756081986333689,0.5,0.0,0.0,704.0,2.0,0.5126780190566025,0.3645833333333333,0.16666666666666669,0.25,576.3125,1.4791666666666665,0.5756081986333689,0.0,1.0,1.0,199.0,0.0,0.5756081986333689,0.0,1.0,1.0,199.0,0.0,0.5756081986333689,0.5,0.0,0.0,704.0,2.0
card_457f1339cf0254cc8a7d,state_5552a78ec5d29ae7a768,sgv31_u11,0,M0+R0|M0+RS,M0+RS,0.7215937546003562,0.0,1.0,0.0,640.0,1.0,0.6107968773001781,0.0,1.0,0.25,531.0,0.75,0.27840624539964376,0.0,1.0,1.0,204.0,0.0,0.27840624539964376,0.0,1.0,1.0,204.0,0.0,0.7215937546003562,0.0,1.0,0.0,640.0,1.0
card_45997fe07aaf30b8e340,state_4d8a1f21dad18f1bf92b,sgv31_u01,0,M0+R0|M0+RS|MP+R0|MP+RS,MP+RS,0.771205679933669,0.5,0.0,0.0,726.0,2.0,0.629952721634883,0.3645833333333333,0.13541666666666669,0.25,594.3125,1.4791666666666665,0.22879432006633116,0.0,0.5,1.0,205.0,0.0,0.22879432006633116,0.0,0.5,1.0,205.0,0.0,0.771205679933669,0.5,0.0,0.0,726.0,2.0
card_4742e5c6bab85409e330,state_b913cbfb26d86593a1d4,sgv31_u11,0,M0+R0|M0+RS|ME+R0|ME+RS,ME+RS,0.5380951036826757,0.0,0.0,0.0,662.0,2.0,0.5154768086673909,0.0,0.15625,0.25,548.3958333333334,1.5729166666666667,0.3910338075810027,0.0,0.5,1.0,200.0,0.0,0.3218147329850663,0.0,0.0,1.0,226.0,1.0,0.5380951036826757,0.0,0.0,0.0,662.0,2.0
card_4785e49bf69c5cbc95b3,state_f89892f95e76911fe8a3,sgv31_u01,0,M0+R0|M0+RS|ME+R0|ME+RS,ME+R0,0.5,0.0,0.0,1.0,239.0,1.0,0.4130523387215348,0.0,0.17708333333333331,0.25,495.78125,1.5729166666666667,0.6517631905951392,0.0,1.0,1.0,194.0,0.0,0.5,0.0,0.0,1.0,239.0,1.0,0.34823680940486074,0.0,0.0,0.0,592.0,2.0
card_47e44164fe0068f2bd0f,state_0412987e6eaf55b6450e,sgv31_u11,0,M0+R0|M0+RS|ME+R0|ME+RS|MP+R0|MP+RS|MPE+R0|MPE+RS,MPE+R0,0.41187881650731756,0.5,0.0,1.0,304.0,2.0,0.4686199078673461,0.041666666666666664,0.21875,0.21875,594.9791666666667,1.9791666666666667,0.5103356990635529,0.0,1.0,1.0,195.0,0.0,0.7415243018868899,0.0,0.0,0.5,243.0,1.0,0.4269139374037706,0.0,0.0,0.0,746.0,3.0
card_4873a6f05b4d053f236a,state_143d4e5fd318b92e87b5,sgv31_u06,0,M0+R0|M0+RS,M0+R0,0.5,0.0,1.0,0.5,195.0,0.0,0.5,0.0,1.0,0.125,525.0,0.75,0.5,0.0,1.0,0.5,195.0,0.0,0.5,0.0,1.0,0.5,195.0,0.0,0.5,0.0,1.0,0.0,635.0,1.0
card_4922a7627343608917c4,state_580274998738423267ef,sgv31_u11,0,M0+R0|M0+RS|ME+R0|ME+RS,ME+RS,0.6477291697335709,0.0,0.0,0.0,611.0,2.0,0.5738645848667855,0.0,0.08854166666666666,0.25,509.14583333333337,1.5729166666666667,0.3522708302664292,0.0,0.5,1.0,196.0,0.0,0.3522708302664292,0.0,0.0,1.0,222.0,1.0,0.6477291697335709,0.0,0.0,0.0,611.0,2.0
card_49af93864e9a6820834a,state_d711bb59278dd0fecdeb,sgv31_u01,0,M0+R0|M0+RS|MP+R0|MP+RS|MPMS+R0|MPMS+RS|MS+R0|MS+RS,MPMS+RS,0.63472977737379,0.5,0.0,0.0,770.0,3.0,0.5365119130626,0.3229166666666667,0.20833333333333337,0.25,617.9375000000001,2.041666666666667,0.304479968646261,0.0,1.0,1.0,204.0,0.0,0.304479968646261,0.0,1.0,1.0,204.0,0.0,0.63472977737379,0.5,0.0,0.0,770.0,3.0
card_49c5c97761c9fab86bcd,state_4d8a1f21dad18f1bf92b,sgv31_u01,0,M0+R0|M0+RS|ME+R0|ME+RS|MP+R0|MP+RS|MPE+R0|MPE+RS|MPMS+R0|MPMS+RS|MPMSME+R0|MPMSME+RS|MS+R0|MS+RS|MSE+R0|MSE+RS,MPE+RS,0.6185901476129383,0.5,0.5,0.0,743.0,3.0,0.5273795332565179,0.23958333333333334,0.48958333333333337,0.25,614.8541666666667,2.375,0.307961435932527,0.0,0.5,1.0,205.0,0.0,0.3547452617403994,0.0,0.5,1.0,231.0,1.0,0.7601368591853832,0.5,0.0,0.0,788.0,4.0
card_4ac7e55e450d0bc81244,state_864430d6fa091ba3b1f5,sgv31_u01,0,M0+R0|M0+RS,M0+RS,0.7215937546003562,0.0,1.0,0.0,635.0,1.0,0.6107968773001781,0.0,1.0,0.25,526.0,0.75,0.27840624539964376,0.0,1.0,1.0,199.0,0.0,0.27840624539964376,0.0,1.0,1.0,199.0,0.0,0.7215937546003562,0.0,1.0,0.0,635.0,1.0
card_4c0bd7d9c831fe79894d,state_69ef0d09ffcb2d1b5d7b,sgv31_u01,0,M0+R0|M0+RS,M0+R0,0.7215937546003562,0.0,1.0,1.0,189.0,0.0,0.3892031226998219,0.0,1.0,0.25,516.0,0.75,0.7215937546003562,0.0,1.0,1.0,189.0,0.0,0.7215937546003562,0.0,1.0,1.0,189.0,0.0,0.27840624539964376,0.0,1.0,0.0,625.0,1.0
card_4c1ff2530acf74cf7b71,state_b913cbfb26d86593a1d4,sgv31_u11,0,M0+R0|M0+RS|ME+R0|ME+RS|MP+R0|MP+RS|MPE+R0|MPE+RS|MPMS+R0|MPMS+RS|MPMSME+R0|MPMSME+RS|MS+R0|MS+RS|MSE+R0|MSE+RS,MPE+RS,0.7223086110139625,0.5,0.5,0.0,723.0,3.0,0.56996370684017,0.23958333333333334,0.375,0.25,600.8333333333334,2.375,0.19961947087618448,0.0,0.5,1.0,200.0,0.0,0.46571188272046615,0.0,0.5,1.0,226.0,1.0,0.4944843132549686,0.5,0.0,0.0,773.0,4.0
card_4c54817551424e3ae9db,state_3c54a859a49689671a41,sgv31_u16,0,M0+R0|M0+RS|MP+R0|MP+RS|MPMS+R0|MPMS+RS|MS+R0|MS+RS,MS+RS,0.6622919025109938,0.0,0.5,0.0,650.0,2.0,0.5001535070021479,0.0,0.28125000000000006,0.25,574.5,2.041666666666667,0.3679414796408084,0.0,1.0,1.0,202.0,0.0,0.3679414796408084,0.0,1.0,1.0,202.0,0.0,0.49928737574687915,0.0,0.0,0.0,714.0,3.0
card_4cae24f933ee4464c813,state_b7d59dcef186d683dbef,sgv31_u16,0,M0+R0|M0+RS|MP+R0|MP+RS|MPMS+R0|MPMS+RS|MS+R0|MS+RS,MPMS+RS,0.5636879084117978,0.0,0.0,0.0,770.0,3.0,0.504877777761916,0.0,0.25,0.25,617.9375,2.041666666666667,0.3088623470939541,0.0,0.5,1.0,204.0,0.0,0.3088623470939541,0.0,0.5,1.0,204.0,0.0,0.5636879084117978,0.0,0.0,0.0,770.0,3.0
card_4e2d1fd67387ec81a230,state_56323a2dbe7496613c69,sgv31_u01,0,M0+R0|M0+RS|ME+R0|ME+RS|MS+R0|MS+RS|MSE+R0|MSE+RS,ME+RS,0.4870888462649806,0.0,0.5,0.0,620.0,2.0,0.5026222114950197,0.0,0.22916666666666666,0.45833333333333337,547.5833333333334,2.208333333333333,0.42216765685676944,0.0,0.5,1.0,202.0,0.0,0.44583327530327166,0.0,0.5,1.0,225.0,1.0,0.5110549993456186,0.0,0.0,0.5,665.0,3.0
card_4e92de657b67784241b5,state_8d7774345b1e93200c84,sgv31_u11,0,M0+R0|M0+RS,M0+RS,0.7215937546003562,0.0,1.0,0.0,643.0,1.0,0.6107968773001781,0.0,1.0,0.25,534.0,0.75,0.27840624539964376,0.0,1.0,1.0,207.0,0.0,0.27840624539964376,0.0,1.0,1.0,207.0,0.0,0.7215937546003562,0.0,1.0,0.0,643.0,1.0
card_4ea66d2b74263aecd0c9,state_3c54a859a49689671a41,sgv31_u16,0,M0+R0|M0+RS|ME+R0|ME+RS|MS+R0|MS+RS|MSE+R0|MSE+RS,MSE+RS,0.4524164130011296,0.0,0.0,0.0,667.0,3.0,0.49797054908381155,0.0,0.22916666666666666,0.25,548.7916666666667,2.208333333333333,0.28598411978787336,0.0,0.5,1.0,202.0,0.0,0.5441718982399516,0.0,0.5,1.0,228.0,1.0,0.4524164130011296,0.0,0.0,0.0,667.0,3.0
card_4fcffb281aa707b03f6e,state_4853397884f523af29af,sgv31_u06,0,M0+R0|M0+RS|ME+R0|ME+RS|MP+R0|MP+RS|MPE+R0|MPE+RS,MPE+RS,0.5946711565241347,0.0,0.0,0.0,697.0,3.0,0.5582168730207495,0.041666666666666664,0.22916666666666669,0.25,561.75,1.9791666666666667,0.34259659407541015,0.0,1.0,1.0,205.0,0.0,0.4813894737847174,0.0,0.5,1.0,230.0,1.0,0.5946711565241347,0.0,0.0,0.0,697.0,3.0
card_50599694ad42ee21ae93,state_9e107b0242671c765ccd,sgv31_u06,0,M0+R0|M0+RS|ME+R0|ME+RS,ME+R0,0.5379950269774428,0.0,0.0,1.0,223.0,1.0,0.473622317020278,0.0,0.17708333333333331,0.25,535.8229166666667,1.5729166666666667,0.6167168348814488,0.0,1.0,1.0,198.0,0.0,0.5379950269774428,0.0,0.0,1.0,223.0,1.0,0.4620049730225572,0.0,0.0,0.0,646.0,2.0
card_50a1a79066fb4fec9919,state_5a42e018e45c17646d2d,sgv31_u01,0,M0+R0|M0+RS|ME+R0|ME+RS,ME+RS,0.571928872983399,0.5,0.0,0.0,636.0,2.0,0.5608988852075122,0.3072916666666667,0.17708333333333331,0.25,530.78125,1.5729166666666667,0.27685472974986314,0.0,1.0,1.0,202.0,0.0,0.5756081986333689,0.0,0.0,1.0,247.0,1.0,0.571928872983399,0.5,0.0,0.0,636.0,2.0
card_525425256e3c027edfcf,state_a2cb8f1a1e8111f99733,sgv31_u01,0,M0+R0|M0+RS|MP+R0|MP+RS,MP+RS,0.31268183175793535,0.0,0.0,0.0,683.0,2.0,0.44263835331480517,0.0,0.13541666666666669,0.25,558.5625,1.4791666666666665,0.45937805816938654,0.0,0.5,1.0,191.0,0.0,0.45937805816938654,0.0,0.5,1.0,191.0,0.0,0.31268183175793535,0.0,0.0,0.0,683.0,2.0
card_52602380b134a2e113f6,state_a2cb8f1a1e8111f99733,sgv31_u01,0,M0+R0|M0+RS|MP+R0|MP+RS|MPMS+R0|MPMS+RS|MS+R0|MS+RS,MPMS+RS,0.6585857530230432,0.5,0.0,0.0,728.0,3.0,0.5366777107487878,0.25,0.25,0.25,583.1875000000001,2.041666666666667,0.2818431079377572,0.0,0.5,1.0,191.0,0.0,0.2818431079377572,0.0,0.5,1.0,191.0,0.0,0.6585857530230432,0.5,0.0,0.0,728.0,3.0
card_5279aa7b3efa929c869c,state_f3f53e5d539285c59b9a,sgv31_u11,0,M0+R0|M0+RS|MS+R0|MS+RS,M0+RS,0.42027387897110263,0.0,0.5,0.0,592.0,1.0,0.516609608547687,0.0,0.13541666666666669,0.25,537.7708333333334,1.4791666666666665,0.5797261210288974,0.0,0.5,1.0,203.0,0.0,0.5797261210288974,0.0,0.5,1.0,203.0,0.0,0.5797261210288974,0.0,0.0,0.0,651.0,2.0
card_52db14c0de2d9dce188b,state_9e107b0242671c765ccd,sgv31_u06,0,M0+R0|M0+RS|MS+R0|MS+RS,MS+R0,0.7165554542797429,0.0,0.0,1.0,223.0,1.0,0.4127982328075558,0.0,0.27083333333333337,0.25,533.4791666666666,1.4791666666666665,0.5720345860688135,0.0,1.0,1.0,198.0,0.0,0.5720345860688135,0.0,1.0,1.0,198.0,0.0,0.2834445457202571,0.0,0.0,0.0,646.0,2.0
card_566f5e90f04ec0434f95,state_d711bb59278dd0fecdeb,sgv31_u01,0,M0+R0|M0+RS|MP+R0|MP+RS,MP+RS,0.771205679933669,0.5,0.0,0.0,725.0,2.0,0.629952721634883,0.3645833333333333,0.13541666666666669,0.25,593.3125,1.4791666666666665,0.22879432006633116,0.0,0.5,1.0,204.0,0.0,0.22879432006633116,0.0,0.5,1.0,204.0,0.0,0.771205679933669,0.5,0.0,0.0,725.0,2.0
card_5a8f0c40ae7af5001229,state_dc3917fff5be2cef316f,sgv31_u06,0,M0+R0|M0+RS|ME+R0|ME+RS,ME+RS,0.6477291697335709,0.0,0.0,0.0,616.0,2.0,0.5738645848667855,0.0,0.08854166666666666,0.25,514.3229166666667,1.5729166666666667,0.3522708302664292,0.0,0.5,1.0,202.0,0.0,0.3522708302664292,0.0,0.0,1.0,227.0,1.0,0.6477291697335709,0.0,0.0,0.0,616.0,2.0
card_5bddfc7db4a0e9e7be70,state_b913cbfb26d86593a1d4,sgv31_u11,0,M0+R0|M0+RS,M0+RS,0.7215937546003562,0.0,1.0,0.0,636.0,1.0,0.6107968773001781,0.0,1.0,0.25,527.0,0.75,0.27840624539964376,0.0,1.0,1.0,200.0,0.0,0.27840624539964376,0.0,1.0,1.0,200.0,0.0,0.7215937546003562,0.0,1.0,0.0,636.0,1.0
card_5be148dafa7494c8a0c1,state_6b29985f90c8856420d3,sgv31_u11,0,M0+R0|M0+RS|ME+R0|ME+RS|MP+R0|MP+RS|MPE+R0|MPE+RS|MPMS+R0|MPMS+RS|MPMSME+R0|MPMSME+RS|MS+R0|MS+RS|MSE+R0|MSE+RS,M0+RS,0.6782574346607299,0.0,0.5,0.0,587.0,1.0,0.5045152162752478,0.010416666666666666,0.48958333333333337,0.23958333333333334,563.5833333333333,2.375,0.4410133630515208,0.0,0.5,1.0,198.0,0.0,0.4678348800417851,0.0,0.5,1.0,224.0,1.0,0.583659531918538,0.5,0.0,0.0,724.0,4.0
card_5c343d9a8abff1a2564c,state_0283b9cf5346eea0b52e,sgv31_u06,0,M0+R0|M0+RS,M0+RS,0.7215937546003562,0.0,1.0,0.0,639.0,1.0,0.6107968773001781,0.0,1.0,0.25,530.0,0.75,0.27840624539964376,0.0,1.0,1.0,203.0,0.0,0.27840624539964376,0.0,1.0,1.0,203.0,0.0,0.7215937546003562,0.0,1.0,0.0,639.0,1.0
card_5dceb7d1feaa3da89238,state_9a3a18ff6ddbc3809d2e,sgv31_u11,0,M0+R0|M0+RS|ME+R0|ME+RS|MP+R0|MP+RS|MPE+R0|MPE+RS|MPMS+R0|MPMS+RS|MPMSME+R0|MPMSME+RS|MS+R0|MS+RS|MSE+R0|MSE+RS,MPMS+R0,0.43090125824166475,0.0,0.0,0.5,268.0,2.0,0.48102754326100106,0.0,0.041666666666666664,0.19791666666666669,577.7708333333334,2.375,0.36955940055221226,0.0,1.0,1.0,195.0,0.0,0.5689494819834605,0.0,0.0,1.0,243.0,1.0,0.7055487546335331,0.0,0.0,0.0,730.0,4.0
card_5e5f8b132b10b445a1d4,state_9a3a18ff6ddbc3809d2e,sgv31_u11,0,M0+R0|M0+RS|ME+R0|ME+RS|MP+R0|MP+RS|MPE+R0|MPE+RS,MP+R0,0.40158202700487905,0.0,0.0,0.5,218.0,1.0,0.5336445320460745,0.0,0.041666666666666664,0.15625,555.2708333333333,1.9791666666666667,0.6531381530547122,0.0,1.0,1.0,195.0,0.0,0.3909850470956497,0.0,0.0,1.0,243.0,1.0,0.47776806188517934,0.0,0.0,0.0,680.0,3.0
card_5f641e28da5c55872b98,state_4d8a1f21dad18f1bf92b,sgv31_u01,0,M0+R0|M0+RS|ME+R0|ME+RS|MS+R0|MS+RS|MSE+R0|MSE+RS,MSE+RS,0.7199812722171534,0.0,0.0,0.0,747.0,3.0,0.5897324545417035,0.0625,0.22916666666666666,0.25,610.75,2.208333333333333,0.28145446932533774,0.0,0.5,1.0,205.0,0.0,0.3576613793608364,0.0,0.5,1.0,250.0,1.0,0.7199812722171534,0.0,0.0,0.0,747.0,3.0
card_5feb41ae9e27b8b4b3a5,state_4e38f93b7b143c891640,sgv31_u06,0,M0+R0|M0+RS|ME+R0|ME+RS,M0+RS,0.6167168348814488,0.0,0.5,0.0,587.0,1.0,0.526377682979722,0.0,0.08854166666666666,0.25,510.32291666666663,1.5729166666666667,0.38328316511855115,0.0,0.5,1.0,198.0,0.0,0.4620049730225572,0.0,0.0,1.0,223.0,1.0,0.5379950269774428,0.0,0.0,0.0,612.0,2.0
card_61f1374190ef9579c9d9,state_9d9a435ab7e0fe25c389,sgv31_u16,0,M0+R0|M0+RS|MP+R0|MP+RS|MPMS+R0|MPMS+RS|MS+R0|MS+RS,MPMS+RS,0.6961496009652182,0.0,0.0,0.0,737.0,3.0,0.5681011986678467,0.0,0.15625,0.25,589.0,2.041666666666667,0.3644078669434087,0.0,0.5,1.0,191.0,0.0,0.3644078669434087,0.0,0.5,1.0,191.0,0.0,0.6961496009652182,0.0,0.0,0.0,737.0,3.0
card_62a245a7c26f394fc771,state_c36ea875d22144f4d753,sgv31_u16,0,M0+R0|M0+RS|ME+R0|ME+RS|MP+R0|MP+RS|MPE+R0|MPE+RS,MP+R0,0.4431797805000925,0.0,0.0,0.5,214.0,1.0,0.4764140014747531,0.0,0.041666666666666664,0.375,560.1041666666667,1.9791666666666667,0.667281173047126,0.0,1.0,1.0,189.0,0.0,0.687239055716681,0.0,0.0,1.0,237.0,1.0,0.3331635824380326,0.0,0.0,0.0,689.0,3.0
card_644516e24adb9d727631,state_6b29985f90c8856420d3,sgv31_u11,0,M0+R0|M0+RS|MP+R0|MP+RS|MPMS+R0|MPMS+RS|MS+R0|MS+RS,M0+RS,0.6634407909006489,0.0,0.5,0.0,587.0,1.0,0.5593262216116528,0.17708333333333334,0.25,0.25,568.5625,2.041666666666667,0.5222819777960788,0.0,0.5,1.0,198.0,0.0,0.5222819777960788,0.0,0.5,1.0,198.0,0.0,0.6045641818757517,0.5,0.0,0.0,707.0,3.0
card_6533d31e6543459a6b38,state_201d6dfa8f16acc4e686,sgv31_u06,0,M0+R0|M0+RS,M0+RS,0.7215937546003562,0.0,1.0,0.0,590.0,1.0,0.6107968773001781,0.0,1.0,0.25,492.75,0.75,0.27840624539964376,0.0,1.0,1.0,201.0,0.0,0.27840624539964376,0.0,1.0,1.0,201.0,0.0,0.7215937546003562,0.0,1.0,0.0,590.0,1.0
card_65925a5f2c60ef884f0a,state_a5c0950eade6eebba49e,sgv31_u01,0,M0+R0|M0+RS|MS+R0|MS+RS,MS+RS,0.771205679933669,0.0,0.0,0.0,645.0,2.0,0.629952721634883,0.0,0.13541666666666669,0.25,533.125,1.4791666666666665,0.22879432006633116,0.0,0.5,1.0,202.0,0.0,0.22879432006633116,0.0,0.5,1.0,202.0,0.0,0.771205679933669,0.0,0.0,0.0,645.0,2.0
card_663d4f73298244000aa2,state_dc3917fff5be2cef316f,sgv31_u06,0,M0+R0|M0+RS,M0+RS,0.5,0.0,1.0,0.0,591.0,1.0,0.5,0.0,1.0,0.25,493.75,0.75,0.5,0.0,1.0,1.0,202.0,0.0,0.5,0.0,1.0,1.0,202.0,0.0,0.5,0.0,1.0,0.0,591.0,1.0
card_670e7376d15db685d221,state_c439d603b34677870882,sgv31_u11,0,M0+R0|M0+RS|ME+R0|ME+RS|MP+R0|MP+RS|MPE+R0|MPE+RS|MPMS+R0|MPMS+RS|MPMSME+R0|MPMSME+RS|MS+R0|MS+RS|MSE+R0|MSE+RS,MPE+RS,0.5391706665200299,0.5,0.0,0.0,728.0,3.0,0.5380379985404038,0.3125,0.3854166666666667,0.25,605.8333333333334,2.375,0.4715009199223728,0.0,0.5,1.0,205.0,0.0,0.3979262808746516,0.0,0.5,1.0,231.0,1.0,0.48968015589201264,0.5,0.0,0.0,778.0,4.0
card_6791844ac248f458ce01,state_4d8a1f21dad18f1bf92b,sgv31_u01,0,M0+R0|M0+RS|MP+R0|MP+RS|MPMS+R0|MPMS+RS|MS+R0|MS+RS,MPMS+RS,0.6432210868482684,0.5,0.0,0.0,771.0,3.0,0.5644248839690195,0.3229166666666667,0.25,0.25,618.9374999999999,2.041666666666667,0.24040446114740127,0.0,0.5,1.0,205.0,0.0,0.24040446114740127,0.0,0.5,1.0,205.0,0.0,0.6432210868482684,0.5,0.0,0.0,771.0,3.0
card_67c0e12f8c52289e3f22,state_2e45d710018ff5bfa3db,sgv31_u16,0,M0+R0|M0+RS,M0+RS,0.27840624539964376,0.0,1.0,0.0,635.0,1.0,0.3892031226998219,0.0,1.0,0.25,526.0,0.75,0.7215937546003562,0.0,1.0,1.0,199.0,0.0,0.7215937546003562,0.0,1.0,1.0,199.0,0.0,0.27840624539964376,0.0,1.0,0.0,635.0,1.0
card_6913875d74c213826e38,state_1d2e66d5430e39adb40b,sgv31_u16,0,M0+R0|M0+RS|MP+R0|MP+RS,MP+RS,0.6477291697335709,0.0,0.0,0.0,664.0,2.0,0.5738645848667854,0.0,0.27083333333333337,0.25,546.9791666666666,1.4791666666666665,0.3522708302664292,0.0,1.0,1.0,202.0,0.0,0.3522708302664292,0.0,1.0,1.0,202.0,0.0,0.6477291697335709,0.0,0.0,0.0,664.0,2.0
card_69411f42f31002c6d36d,state_580274998738423267ef,sgv31_u11,0,M0+R0|M0+RS,M0+RS,0.27840624539964376,0.0,1.0,0.0,585.0,1.0,0.3892031226998219,0.0,1.0,0.25,487.75,0.75,0.7215937546003562,0.0,1.0,1.0,196.0,0.0,0.7215937546003562,0.0,1.0,1.0,196.0,0.0,0.27840624539964376,0.0,1.0,0.0,585.0,1.0
card_6941837ec91507d95021,state_4853397884f523af29af,sgv31_u06,0,M0+R0|M0+RS|MP+R0|MP+RS,MP+RS,0.5379950269774428,0.0,0.0,0.0,681.0,2.0,0.530477777141389,0.0,0.16666666666666669,0.25,560.5,1.4791666666666665,0.38328316511855115,0.0,1.0,1.0,205.0,0.0,0.38328316511855115,0.0,1.0,1.0,205.0,0.0,0.5379950269774428,0.0,0.0,0.0,681.0,2.0
card_699a493ff053e0600b2b,state_9e107b0242671c765ccd,sgv31_u06,0,M0+R0|M0+RS,M0+R0,0.7215937546003562,0.0,1.0,1.0,198.0,0.0,0.3892031226998219,0.0,1.0,0.25,515.25,0.75,0.7215937546003562,0.0,1.0,1.0,198.0,0.0,0.7215937546003562,0.0,1.0,1.0,198.0,0.0,0.27840624539964376,0.0,1.0,0.0,621.0,1.0
card_69c0af2743c6263e735e,state_2e45d710018ff5bfa3db,sgv31_u16,0,M0+R0|M0+RS|MP+R0|MP+RS|MPMS+R0|MPMS+RS|MS+R0|MS+RS,MPMS+RS,0.7013193358611887,0.0,0.0,0.0,749.0,3.0,0.5572686735886135,0.0,0.28125000000000006,0.25,600.9375,2.041666666666667,0.36073777012758235,0.0,1.0,1.0,199.0,0.0,0.36073777012758235,0.0,1.0,1.0,199.0,0.0,0.7013193358611887,0.0,0.0,0.0,749.0,3.0
card_6c796cfc67c14b79bf41,state_580274998738423267ef,sgv31_u11,0,M0+R0|M0+RS|ME+R0|ME+RS|MS+R0|MS+RS|MSE+R0|MSE+RS,ME+RS,0.5221645570595671,0.0,0.5,0.0,608.0,2.0,0.5268841922157339,0.20833333333333334,0.16666666666666666,0.25,540.4166666666667,2.208333333333333,0.4891839092104277,0.0,0.5,1.0,196.0,0.0,0.47783544294043295,0.0,0.5,1.0,219.0,1.0,0.5795849657742524,0.5,0.0,0.0,658.0,3.0
card_6d9a805832f7c1e631e4,state_dc3917fff5be2cef316f,sgv31_u06,0,M0+R0|M0+RS|MS+R0|MS+RS,M0+RS,0.571928872983399,0.0,0.5,0.0,591.0,1.0,0.5188253970406345,0.0,0.13541666666666669,0.25,536.7708333333333,1.4791666666666665,0.5756081986333689,0.0,0.5,1.0,202.0,0.0,0.5756081986333689,0.0,0.5,1.0,202.0,0.0,0.5756081986333689,0.0,0.0,0.0,650.0,2.0
card_6ee9d431ee5305952fd9,state_bd91983afa739d0c0737,sgv31_u06,0,M0+R0|M0+RS|ME+R0|ME+RS|MS+R0|MS+RS|MSE+R0|MSE+RS,MSE+RS,0.6272928139429103,0.0,0.0,0.0,727.0,3.0,0.5637858334558626,0.0,0.22916666666666666,0.25,595.625,2.208333333333333,0.3708136677839101,0.0,0.5,1.0,209.0,0.0,0.2887295350996387,0.0,0.5,1.0,237.0,1.0,0.6272928139429103,0.0,0.0,0.0,727.0,3.0
card_6f70f7b3c42a340be063,state_cb9f7661a5f418ec49c0,sgv31_u01,0,M0+R0|M0+RS|MP+R0|MP+RS|MPMS+R0|MPMS+RS|MS+R0|MS+RS,M0+R0,0.37962745857622676,0.0,0.5,1.0,199.0,0.0,0.48017746400026895,0.0,0.25,0.25,565.6875,2.041666666666667,0.37962745857622676,0.0,0.5,1.0,199.0,0.0,0.37962745857622676,0.0,0.5,1.0,199.0,0.0,0.42331787348798816,0.0,0.0,0.0,702.0,3.0
card_6fa19def0d344ccb06e5,state_83c91372ab0f2a755221,sgv31_u16,0,M0+R0|M0+RS|MS+R0|MS+RS,M0+RS,0.6477291697335709,0.0,0.5,0.0,597.0,1.0,0.5738645848667854,0.0,0.16666666666666669,0.25,541.2708333333333,1.4791666666666665,0.3522708302664292,0.0,1.0,1.0,202.0,0.0,0.3522708302664292,0.0,1.0,1.0,202.0,0.0,0.6477291697335709,0.0,0.0,0.0,656.0,2.0
card_6fc0d100bd6f15c60a76,state_4e38f93b7b143c891640,sgv31_u06,0,M0+R0|M0+RS|ME+R0|ME+RS|MP+R0|MP+RS|MPE+R0|MPE+RS,M0+RS,0.6746824224012448,0.0,0.5,0.0,587.0,1.0,0.4570105008130917,0.13541666666666666,0.19791666666666669,0.25,543.5,1.9791666666666667,0.42095242018166784,0.0,0.5,1.0,198.0,0.0,0.6341572397653229,0.0,0.0,1.0,223.0,1.0,0.5133661209802547,0.5,0.0,0.0,675.0,3.0
card_6ff47bbacfb6108e7759,state_dc3917fff5be2cef316f,sgv31_u06,0,M0+R0|M0+RS|ME+R0|ME+RS|MS+R0|MS+RS|MSE+R0|MSE+RS,M0+RS,0.6965874208649424,0.0,0.5,0.0,591.0,1.0,0.5557434349331968,0.20833333333333334,0.22916666666666666,0.25,567.7916666666667,2.208333333333333,0.39441710193102064,0.0,0.5,1.0,202.0,0.0,0.3741922205322717,0.0,0.5,1.0,252.0,1.0,0.6064356815436999,0.5,0.0,0.0,691.0,3.0
card_71c8fa3ccaeefa89d010,state_5a42e018e45c17646d2d,sgv31_u01,0,M0+R0|M0+RS|MP+R0|MP+RS|MPMS+R0|MPMS+RS|MS+R0|MS+RS,MP+RS,0.5095756963756007,0.0,0.5,0.0,660.0,2.0,0.5629184876581921,0.25,0.2604166666666667,0.25,568.6875,2.041666666666667,0.5453118259503859,0.0,1.0,1.0,202.0,0.0,0.5453118259503859,0.0,1.0,1.0,202.0,0.0,0.7099499605700339,0.5,0.0,0.0,705.0,3.0
card_7238420dd382a3d7f69c,state_be4e3d43355ad0f929c9,sgv31_u06,0,M0+R0|M0+RS|ME+R0|ME+RS|MS+R0|MS+RS|MSE+R0|MSE+RS,MSE+RS,0.5870119170045542,0.0,0.0,0.0,724.0,3.0,0.5200106427428096,0.0,0.22916666666666666,0.25,592.625,2.208333333333333,0.5442051248980148,0.0,0.5,1.0,203.0,0.0,0.5761173066047341,0.0,0.5,1.0,231.0,1.0,0.5870119170045542,0.0,0.0,0.0,724.0,3.0
card_729da563a54c861b761a,state_6760ceec29bdf8813ecc,sgv31_u06,0,M0+R0|M0+RS|ME+R0|ME+RS|MP+R0|MP+RS|MPE+R0|MPE+RS,MP+RS,0.5318924794540514,0.5,0.0,0.0,705.0,2.0,0.5080709281542577,0.08333333333333333,0.041666666666666664,0.25,594.9375,1.9791666666666667,0.48009534799376713,0.0,1.0,1.0,197.0,0.0,0.3844443424332077,0.0,0.0,1.0,247.0,1.0,0.5221660941491376,0.0,0.0,0.0,746.0,3.0
card_72ba5cde190f148c87b0,state_0283b9cf5346eea0b52e,sgv31_u06,0,M0+R0|M0+RS|ME+R0|ME+RS,ME+RS,0.6781852670149338,1.0,0.0,0.0,664.0,2.0,0.6166749253268878,0.6145833333333334,0.109375,0.25,550.5729166666667,1.5729166666666667,0.2509436442487448,0.0,1.0,1.0,203.0,0.0,0.6089661924189973,0.0,0.0,1.0,228.0,1.0,0.6781852670149338,1.0,0.0,0.0,664.0,2.0
card_7483817fdf15a5ae1ac2,state_4853397884f523af29af,sgv31_u06,0,M0+R0|M0+RS|MP+R0|MP+RS|MPMS+R0|MPMS+RS|MS+R0|MS+RS,MPMS+RS,0.5728963313801483,0.0,0.0,0.0,731.0,3.0,0.5325217181814044,0.0,0.17708333333333334,0.25,588.1041666666667,2.041666666666667,0.36384121646502715,0.0,0.5,1.0,205.0,0.0,0.36384121646502715,0.0,0.5,1.0,205.0,0.0,0.5728963313801483,0.0,0.0,0.0,731.0,3.0
card_751affb41c2867f0fe65,state_f89892f95e76911fe8a3,sgv31_u01,0,M0+R0|M0+RS|MS+R0|MS+RS,MS+R0,0.42439180136663107,0.0,0.0,1.0,248.0,1.0,0.4450568612322506,0.0,0.13541666666666669,0.25,498.125,1.4791666666666665,0.723145270250137,0.0,0.5,1.0,194.0,0.0,0.723145270250137,0.0,0.5,1.0,194.0,0.0,0.42807112701660105,0.0,0.0,0.0,601.0,2.0
card_7531a718fb106ee6d64d,state_0412987e6eaf55b6450e,sgv31_u11,0,M0+R0|M0+RS|ME+R0|ME+RS,ME+R0,0.7490563557512552,0.0,0.0,1.0,243.0,1.0,0.4623759761025086,0.0,0.17708333333333331,0.25,566.0,1.5729166666666667,0.5380951036826757,0.0,1.0,1.0,195.0,0.0,0.7490563557512552,0.0,0.0,1.0,243.0,1.0,0.3910338075810027,0.0,0.0,0.0,685.0,2.0
card_7576954ec81cf7d42782,state_d6fc7098e529947669eb,sgv31_u11,0,M0+R0|M0+RS|MP+R0|MP+RS,M0+RS,0.6873181682420647,0.0,1.0,0.0,602.0,1.0,0.44263835331480517,0.2708333333333333,0.27083333333333337,0.5208333333333333,553.7916666666667,1.4791666666666665,0.45937805816938654,0.0,1.0,1.0,205.0,0.0,0.45937805816938654,0.0,1.0,1.0,205.0,0.0,0.31268183175793535,0.5,0.0,0.5,672.0,2.0
card_75acda72533c565b9bcc,state_0283b9cf5346eea0b52e,sgv31_u06,0,M0+R0|M0+RS|ME+R0|ME+RS|MS+R0|MS+RS|MSE+R0|MSE+RS,MSE+RS,0.6229257528754959,0.0,0.0,0.0,705.0,3.0,0.5752149070619677,0.0,0.19791666666666666,0.25,581.375,2.208333333333333,0.2594002662470219,0.0,1.0,1.0,203.0,0.0,0.3244648460511042,0.0,0.0,1.0,253.0,1.0,0.6229257528754959,0.0,0.0,0.0,705.0,3.0
card_75eab615069a49200e5f,state_c4974243ec9aa174046f,sgv31_u06,0,M0+R0|M0+RS|ME+R0|ME+RS|MP+R0|MP+RS|MPE+R0|MPE+RS|MPMS+R0|MPMS+RS|MPMSME+R0|MPMSME+RS|MS+R0|MS+RS|MSE+R0|MSE+RS,MSE+RS,0.5164806282156683,0.5,0.5,0.0,690.0,3.0,0.5252100902728045,0.10416666666666667,0.48958333333333337,0.25,583.0416666666665,2.375,0.400040904864886,0.0,0.5,1.0,201.0,0.0,0.45376949169918657,0.0,0.5,1.0,251.0,1.0,0.6238745680678279,0.5,0.0,0.0,753.0,4.0
card_789f5f2ca79624a3c32a,state_0412987e6eaf55b6450e,sgv31_u11,0,M0+R0|M0+RS|ME+R0|ME+RS|MS+R0|MS+RS|MSE+R0|MSE+RS,MSE+R0,0.6871368437089057,0.0,0.0,1.0,271.0,2.0,0.47953329272152345,0.0,0.20833333333333331,0.25,581.5416666666667,2.208333333333333,0.4458936470830198,0.0,1.0,1.0,195.0,0.0,0.6515620066230348,0.0,0.5,1.0,221.0,1.0,0.4883082163725539,0.0,0.0,0.0,713.0,3.0
card_799d2dfd50ef9fc911a8,state_017f27bddc5532d591d2,sgv31_u16,0,M0+R0|M0+RS|MP+R0|MP+RS|MPMS+R0|MPMS+RS|MS+R0|MS+RS,MPMS+RS,0.6426377593521705,0.5,0.0,0.0,771.0,3.0,0.5579594956169223,0.25,0.32291666666666663,0.25,618.9375000000001,2.041666666666667,0.35537417449950104,0.0,0.5,1.0,205.0,0.0,0.35537417449950104,0.0,0.5,1.0,205.0,0.0,0.6426377593521705,0.5,0.0,0.0,771.0,3.0
card_79d86322e74583a383df,state_b7d59dcef186d683dbef,sgv31_u16,0,M0+R0|M0+RS|ME+R0|ME+RS|MP+R0|MP+RS|MPE+R0|MPE+RS,ME+RS,0.46299433017465363,0.0,0.5,0.0,681.0,2.0,0.5217384171534162,0.13541666666666666,0.28125,0.25,597.2916666666667,1.9791666666666667,0.3088518233265267,0.0,0.5,1.0,204.0,0.0,0.5997951194572135,0.0,0.5,1.0,229.0,1.0,0.5636552907368798,0.5,0.0,0.0,745.0,3.0
card_7a56a1be95b01c5652f3,state_83c91372ab0f2a755221,sgv31_u16,0,M0+R0|M0+RS|ME+R0|ME+RS|MP+R0|MP+RS|MPE+R0|MPE+RS,MP+RS,0.28956688748076703,0.0,0.5,0.0,670.0,2.0,0.43641792118572365,0.0,0.3645833333333333,0.25,568.3541666666667,1.9791666666666667,0.5519783051625932,0.0,0.5,1.0,202.0,0.0,0.5954737307833932,0.0,0.5,1.0,250.0,1.0,0.5116771253284409,0.0,0.0,0.0,709.0,3.0
card_7ac26a8869baf5866172,state_c36ea875d22144f4d753,sgv31_u16,0,M0+R0|M0+RS,M0+R0,0.7215937546003562,0.0,1.0,1.0,189.0,0.0,0.3892031226998219,0.0,1.0,0.25,516.0,0.75,0.7215937546003562,0.0,1.0,1.0,189.0,0.0,0.7215937546003562,0.0,1.0,1.0,189.0,0.0,0.27840624539964376,0.0,1.0,0.0,625.0,1.0
card_7b196f4f276d4ebb2751,state_6b29985f90c8856420d3,sgv31_u11,0,M0+R0|M0+RS|ME+R0|ME+RS|MP+R0|MP+RS|MPE+R0|MPE+RS,M0+RS,0.6317047334338736,0.0,0.5,0.0,587.0,1.0,0.465659779605246,0.09375,0.3645833333333333,0.25,543.1041666666667,1.9791666666666667,0.43299648690902864,0.0,0.5,1.0,198.0,0.0,0.49018030047605604,0.0,0.5,1.0,224.0,1.0,0.566253259935886,0.5,0.0,0.0,674.0,3.0
card_7b70851625a8f0da4862,state_864430d6fa091ba3b1f5,sgv31_u01,0,M0+R0|M0+RS|MS+R0|MS+RS,MS+RS,0.6167168348814488,0.0,0.0,0.0,689.0,2.0,0.5468781537880568,0.0,0.27083333333333337,0.25,565.375,1.4791666666666665,0.4620049730225572,0.0,1.0,1.0,199.0,0.0,0.4620049730225572,0.0,1.0,1.0,199.0,0.0,0.6167168348814488,0.0,0.0,0.0,689.0,2.0
card_7c4b520b31e50c87df41,state_079d06cb710a5ff5d2f5,sgv31_u16,0,M0+R0|M0+RS|ME+R0|ME+RS,ME+R0,0.6167168348814488,0.0,0.0,1.0,219.0,1.0,0.44902175205027617,0.0,0.17708333333333331,0.25,479.3229166666667,1.5729166666666667,0.5379950269774428,0.0,1.0,1.0,194.0,0.0,0.6167168348814488,0.0,0.0,1.0,219.0,1.0,0.38328316511855115,0.0,0.0,0.0,572.0,2.0
card_7c866d02fd67736793a0,state_cb9f7661a5f418ec49c0,sgv31_u01,0,M0+R0|M0+RS|ME+R0|ME+RS|MP+R0|MP+RS|MPE+R0|MPE+RS|MPMS+R0|MPMS+RS|MPMSME+R0|MPMSME+RS|MS+R0|MS+RS|MSE+R0|MSE+RS,ME+R0,0.5004280428677281,0.0,0.5,1.0,225.0,1.0,0.45616249195667313,0.020833333333333332,0.42708333333333337,0.19791666666666669,561.6041666666667,2.375,0.3863105965813972,0.0,0.5,1.0,199.0,0.0,0.5004280428677281,0.0,0.5,1.0,225.0,1.0,0.40563256841136874,0.5,0.0,0.0,719.0,4.0
card_7cf1c7a9a9944ed13ad9,state_b7d59dcef186d683dbef,sgv31_u16,0,M0+R0|M0+RS|MS+R0|MS+RS,MS+RS,0.6508241519760448,0.0,0.0,0.0,706.0,2.0,0.5314216983283426,0.0,0.13541666666666669,0.25,579.4583333333333,1.4791666666666665,0.6508241519760448,0.0,0.5,1.0,204.0,0.0,0.6508241519760448,0.0,0.5,1.0,204.0,0.0,0.6508241519760448,0.0,0.0,0.0,706.0,2.0
card_7d7d70ae489d42705dc1,state_f3f53e5d539285c59b9a,sgv31_u11,0,M0+R0|M0+RS,M0+RS,0.5,0.0,1.0,0.0,592.0,1.0,0.5,0.0,1.0,0.125,494.75,0.75,0.5,0.0,1.0,0.5,203.0,0.0,0.5,0.0,1.0,0.5,203.0,0.0,0.5,0.0,1.0,0.0,592.0,1.0
card_7dc4c4a199fe85ffa743,state_4d8a1f21dad18f1bf92b,sgv31_u01,0,M0+R0|M0+RS|ME+R0|ME+RS,ME+RS,0.45937805816938654,0.0,0.0,0.0,702.0,2.0,0.5010584144040069,0.10416666666666667,0.08854166666666666,0.25,581.03125,1.5729166666666667,0.3126818317579353,0.0,0.5,1.0,205.0,0.0,0.5406219418306134,0.5,0.0,1.0,250.0,1.0,0.45937805816938654,0.0,0.0,0.0,702.0,2.0
card_7dc8feb0d79296b0233a,state_4853397884f523af29af,sgv31_u06,0,M0+R0|M0+RS|ME+R0|ME+RS|MP+R0|MP+RS|MPE+R0|MPE+RS|MPMS+R0|MPMS+RS|MPMSME+R0|MPMSME+RS|MS+R0|MS+RS|MSE+R0|MSE+RS,MSE+RS,0.6077268136127099,0.5,0.5,0.0,684.0,3.0,0.5700320625510682,0.2708333333333333,0.39583333333333337,0.25,582.1458333333334,2.375,0.3003101555012014,0.0,0.5,1.0,205.0,0.0,0.35525486442952103,0.0,0.5,1.0,230.0,1.0,0.6448558249121917,0.5,0.0,0.0,747.0,4.0
card_7dff2178d296e9c48aa7,state_5552a78ec5d29ae7a768,sgv31_u11,0,M0+R0|M0+RS|MP+R0|MP+RS|MPMS+R0|MPMS+RS|MS+R0|MS+RS,MPMS+RS,0.6012448876577221,0.5,0.0,0.0,760.0,3.0,0.557525841770878,0.3229166666666667,0.20833333333333334,0.25,609.8125000000001,2.041666666666667,0.5218964612282962,0.0,1.0,1.0,204.0,0.0,0.5218964612282962,0.0,1.0,1.0,204.0,0.0,0.6012448876577221,0.5,0.0,0.0,760.0,3.0
card_7e05184fc552a148b01b,state_6b29985f90c8856420d3,sgv31_u11,0,M0+R0|M0+RS,M0+RS,0.7215937546003562,0.0,1.0,0.0,587.0,1.0,0.6107968773001781,0.0,1.0,0.25,489.75,0.75,0.27840624539964376,0.0,1.0,1.0,198.0,0.0,0.27840624539964376,0.0,1.0,1.0,198.0,0.0,0.7215937546003562,0.0,1.0,0.0,587.0,1.0
card_7e6c8e5553301f04de3d,state_83c91372ab0f2a755221,sgv31_u16,0,M0+R0|M0+RS|ME+R0|ME+RS,M0+RS,0.6477291697335709,0.0,0.5,0.0,597.0,1.0,0.5738645848667855,0.0,0.08854166666666666,0.25,519.6458333333334,1.5729166666666667,0.3522708302664292,0.0,0.5,1.0,202.0,0.0,0.3522708302664292,0.0,0.0,1.0,228.0,1.0,0.6477291697335709,0.0,0.0,0.0,623.0,2.0
card_7edb8e796899653d63ed,state_580274998738423267ef,sgv31_u11,0,M0+R0|M0+RS|MS+R0|MS+RS,MS+RS,0.6477291697335709,0.0,0.0,0.0,644.0,2.0,0.5738645848667854,0.0,0.13541666666666669,0.25,530.7708333333333,1.4791666666666665,0.3522708302664292,0.0,0.5,1.0,196.0,0.0,0.3522708302664292,0.0,0.5,1.0,196.0,0.0,0.6477291697335709,0.0,0.0,0.0,644.0,2.0
card_7efaaa68e3d8c6993393,state_9e107b0242671c765ccd,sgv31_u06,0,M0+R0|M0+RS|ME+R0|ME+RS,ME+R0,0.6167168348814488,0.0,0.0,1.0,226.0,1.0,0.44902175205027617,0.0,0.17708333333333331,0.25,538.2916666666667,1.5729166666666667,0.5379950269774428,0.0,1.0,1.0,198.0,0.0,0.6167168348814488,0.0,0.0,1.0,226.0,1.0,0.38328316511855115,0.0,0.0,0.0,649.0,2.0
card_7fbb71bd0adb6e9f8c4a,state_3aa33ab57f5ed20bb869,sgv31_u16,0,M0+R0|M0+RS|MP+R0|MP+RS|MPMS+R0|MPMS+RS|MS+R0|MS+RS,M0+R0,0.5110937175106165,0.0,0.5,1.0,199.0,0.0,0.5013834107443786,0.07291666666666667,0.25,0.25,571.5,2.041666666666667,0.5110937175106165,0.0,0.5,1.0,199.0,0.0,0.5110937175106165,0.0,0.5,1.0,199.0,0.0,0.5572561063604663,0.0,0.0,0.0,711.0,3.0
card_810f77fcc938c4b4e362,state_4e38f93b7b143c891640,sgv31_u06,0,M0+R0|M0+RS|ME+R0|ME+RS,M0+RS,0.42439180136663107,0.0,0.5,0.0,587.0,1.0,0.6081540093533678,0.0,0.08854166666666666,0.25,530.8958333333334,1.5729166666666667,0.42807112701660105,0.0,0.5,1.0,198.0,0.0,0.42439180136663107,0.0,0.0,1.0,248.0,1.0,0.723145270250137,0.0,0.0,0.0,637.0,2.0
card_81661cbe68a3305ad097,state_c439d603b34677870882,sgv31_u11,0,M0+R0|M0+RS|ME+R0|ME+RS,ME+RS,0.5,0.0,0.0,0.0,667.0,2.0,0.5,0.0,0.08854166666666666,0.25,553.3958333333334,1.5729166666666667,0.5,0.0,0.5,1.0,205.0,0.0,0.5,0.0,0.0,1.0,231.0,1.0,0.5,0.0,0.0,0.0,667.0,2.0
card_819e97417d1218504fe3,state_a5c0950eade6eebba49e,sgv31_u01,0,M0+R0|M0+RS|MP+R0|MP+RS,M0+RS,0.7490563557512552,0.0,0.5,0.0,591.0,1.0,0.53230146401814,0.0,0.16666666666666669,0.25,544.0625,1.4791666666666665,0.3910338075810027,0.0,1.0,1.0,202.0,0.0,0.3910338075810027,0.0,1.0,1.0,202.0,0.0,0.5380951036826757,0.0,0.0,0.0,660.0,2.0
card_81bb615f5a12f972efa4,state_b913cbfb26d86593a1d4,sgv31_u11,0,M0+R0|M0+RS|ME+R0|ME+RS|MP+R0|MP+RS|MPE+R0|MPE+RS,MPE+RS,0.5706690846101299,0.5,0.0,0.0,723.0,3.0,0.5830400387763334,0.1875,0.3333333333333333,0.25,580.3541666666667,1.9791666666666667,0.24980187535871315,0.0,1.0,1.0,200.0,0.0,0.555723282870853,0.0,0.0,1.0,226.0,1.0,0.5706690846101299,0.5,0.0,0.0,723.0,3.0
card_81bc589c16b457733137,state_83c91372ab0f2a755221,sgv31_u16,0,M0+R0|M0+RS|ME+R0|ME+RS|MS+R0|MS+RS|MSE+R0|MSE+RS,M0+RS,0.5751132489471917,0.0,0.5,0.0,597.0,1.0,0.4778226208533348,0.0,0.22916666666666666,0.25,553.2916666666667,2.208333333333333,0.39217818843388125,0.0,0.5,1.0,202.0,0.0,0.43542414852698463,0.0,0.5,1.0,228.0,1.0,0.34757471317051075,0.0,0.0,0.0,673.0,3.0
card_823445418e1f4adce917,state_bd91983afa739d0c0737,sgv31_u06,0,M0+R0|M0+RS|ME+R0|ME+RS,ME+RS,0.6477291697335709,0.0,0.0,0.0,674.0,2.0,0.5738645848667855,0.0,0.08854166666666666,0.25,559.5729166666667,1.5729166666666667,0.3522708302664292,0.0,0.5,1.0,209.0,0.0,0.3522708302664292,0.0,0.0,1.0,234.0,1.0,0.6477291697335709,0.0,0.0,0.0,674.0,2.0
card_8265e2b25a53d3210719,state_5552a78ec5d29ae7a768,sgv31_u11,0,M0+R0|M0+RS|MP+R0|MP+RS,MP+RS,0.771205679933669,0.0,0.0,0.0,710.0,2.0,0.629952721634883,0.0,0.27083333333333337,0.25,582.0416666666666,1.4791666666666665,0.22879432006633116,0.0,1.0,1.0,204.0,0.0,0.22879432006633116,0.0,1.0,1.0,204.0,0.0,0.771205679933669,0.0,0.0,0.0,710.0,2.0
card_82bb2d00d28f9f640333,state_be4e3d43355ad0f929c9,sgv31_u06,0,M0+R0|M0+RS,M0+RS,0.5,0.0,1.0,0.0,655.0,1.0,0.5,0.0,1.0,0.25,542.0,0.75,0.5,0.0,1.0,1.0,203.0,0.0,0.5,0.0,1.0,1.0,203.0,0.0,0.5,0.0,1.0,0.0,655.0,1.0
card_82ddfb3a1a95216d8493,state_4853397884f523af29af,sgv31_u06,0,M0+R0|M0+RS|ME+R0|ME+RS|MS+R0|MS+RS|MSE+R0|MSE+RS,MSE+RS,0.6172022214542059,0.0,0.0,0.0,687.0,3.0,0.55194769310228,0.0,0.20833333333333331,0.25,564.625,2.208333333333333,0.3256533468648061,0.0,0.5,1.0,205.0,0.0,0.44770795714743944,0.0,0.5,1.0,233.0,1.0,0.6172022214542059,0.0,0.0,0.0,687.0,3.0
card_837cc2de4f14d75441a9,state_8d7774345b1e93200c84,sgv31_u11,0,M0+R0|M0+RS|MP+R0|MP+RS|MPMS+R0|MPMS+RS|MS+R0|MS+RS,MPMS+RS,0.49882722695626613,0.5,0.0,0.0,763.0,3.0,0.49265146986460623,0.3229166666666667,0.25,0.25,612.8125000000001,2.041666666666667,0.3699114051214237,0.0,0.5,1.0,207.0,0.0,0.3699114051214237,0.0,0.5,1.0,207.0,0.0,0.49882722695626613,0.5,0.0,0.0,763.0,3.0
card_849cad77ef5a77d1d953,state_9a3a18ff6ddbc3809d2e,sgv31_u11,0,M0+R0|M0+RS|MP+R0|MP+RS|MPMS+R0|MPMS+RS|MS+R0|MS+RS,MPMS+R0,0.4794144482351125,0.0,0.0,1.0,268.0,2.0,0.5154975224197378,0.0,0.20833333333333334,0.25,560.7083333333334,2.041666666666667,0.4446010156963895,0.0,1.0,1.0,195.0,0.0,0.4446010156963895,0.0,1.0,1.0,195.0,0.0,0.4893087428404326,0.0,0.0,0.0,691.0,3.0
card_84f1f26600ac848c104e,state_5a42e018e45c17646d2d,sgv31_u01,0,M0+R0|M0+RS,M0+RS,0.7215937546003562,0.0,1.0,0.0,591.0,1.0,0.6107968773001781,0.0,1.0,0.25,493.75,0.75,0.27840624539964376,0.0,1.0,1.0,202.0,0.0,0.27840624539964376,0.0,1.0,1.0,202.0,0.0,0.7215937546003562,0.0,1.0,0.0,591.0,1.0
card_8555f6fc1674ea3ae088,state_d711bb59278dd0fecdeb,sgv31_u01,0,M0+R0|M0+RS|ME+R0|ME+RS|MS+R0|MS+RS|MSE+R0|MSE+RS,MSE+RS,0.654163805969756,0.0,0.0,0.0,746.0,3.0,0.5303485932883452,0.0,0.19791666666666666,0.25,609.75,2.208333333333333,0.609229748728284,0.0,0.5,1.0,204.0,0.0,0.5447882169854871,0.0,0.5,1.0,249.0,1.0,0.654163805969756,0.0,0.0,0.0,746.0,3.0
card_877f6064f4f35633409b,state_017f27bddc5532d591d2,sgv31_u16,0,M0+R0|M0+RS|ME+R0|ME+RS,ME+RS,0.45937805816938654,0.0,0.0,0.0,682.0,2.0,0.5117550142465085,0.0,0.08854166666666666,0.25,564.5729166666667,1.5729166666666667,0.3126818317579353,0.0,0.5,1.0,205.0,0.0,0.6873181682420647,0.0,0.0,1.0,230.0,1.0,0.45937805816938654,0.0,0.0,0.0,682.0,2.0
card_87b835b1977948aed807,state_d6fc7098e529947669eb,sgv31_u11,0,M0+R0|M0+RS|ME+R0|ME+RS|MS+R0|MS+RS|MSE+R0|MSE+RS,ME+RS,0.3431851703793969,0.0,0.5,0.0,625.0,2.0,0.5031811907477157,0.0,0.19791666666666666,0.1875,555.4166666666666,2.208333333333333,0.4537196480474938,0.0,0.5,1.0,205.0,0.0,0.5232388018509869,0.0,0.5,1.0,228.0,1.0,0.5456237857328979,0.0,0.0,0.0,675.0,3.0
card_892b9579edea15199992,state_4853397884f523af29af,sgv31_u06,0,M0+R0|M0+RS,M0+RS,0.5,0.0,1.0,0.0,609.0,1.0,0.5,0.0,1.0,0.25,508.0,0.75,0.5,0.0,1.0,1.0,205.0,0.0,0.5,0.0,1.0,1.0,205.0,0.0,0.5,0.0,1.0,0.0,609.0,1.0
card_89612a847d44c6274d4a,state_5a42e018e45c17646d2d,sgv31_u01,0,M0+R0|M0+RS|MS+R0|MS+RS,MS+RS,0.6477291697335709,0.0,0.0,0.0,645.0,2.0,0.5738645848667854,0.0,0.13541666666666669,0.25,533.125,1.4791666666666665,0.3522708302664292,0.0,0.5,1.0,202.0,0.0,0.3522708302664292,0.0,0.5,1.0,202.0,0.0,0.6477291697335709,0.0,0.0,0.0,645.0,2.0
card_8a11ce3b7e71838a9f53,state_2e45d710018ff5bfa3db,sgv31_u16,0,M0+R0|M0+RS|ME+R0|ME+RS|MS+R0|MS+RS|MSE+R0|MSE+RS,MSE+RS,0.45756718797988655,0.0,0.0,0.0,724.0,3.0,0.4816052982034973,0.0,0.22916666666666666,0.25,592.4583333333333,2.208333333333333,0.543493343990731,0.0,1.0,1.0,199.0,0.0,0.3465271371489826,0.0,0.5,1.0,247.0,1.0,0.45756718797988655,0.0,0.0,0.0,724.0,3.0
card_8a20ecfb1195db616a51,state_c439d603b34677870882,sgv31_u11,0,M0+R0|M0+RS,M0+RS,0.5,0.0,0.5,0.0,641.0,1.0,0.5,0.0,0.625,0.25,532.0,0.75,0.5,0.0,1.0,1.0,205.0,0.0,0.5,0.0,1.0,1.0,205.0,0.0,0.5,0.0,0.5,0.0,641.0,1.0
card_8a498c25d14c58366876,state_0412987e6eaf55b6450e,sgv31_u11,0,M0+R0|M0+RS|MP+R0|MP+RS,MP+R0,0.6477291697335709,0.0,0.0,1.0,265.0,1.0,0.4261354151332146,0.0,0.27083333333333337,0.25,577.5416666666666,1.4791666666666665,0.6477291697335709,0.0,1.0,1.0,195.0,0.0,0.6477291697335709,0.0,1.0,1.0,195.0,0.0,0.3522708302664292,0.0,0.0,0.0,707.0,2.0
card_8b48d79aebb2c2731671,state_4e38f93b7b143c891640,sgv31_u06,0,M0+R0|M0+RS|ME+R0|ME+RS|MS+R0|MS+RS|MSE+R0|MSE+RS,M0+RS,0.47943546073136234,0.0,0.5,0.0,587.0,1.0,0.5868796136069198,0.20833333333333334,0.22916666666666666,0.25,563.7916666666666,2.208333333333333,0.3931465492244518,0.0,0.5,1.0,198.0,0.0,0.4584403867873905,0.0,0.5,1.0,248.0,1.0,0.7313438473111314,0.5,0.0,0.0,687.0,3.0
card_8c4ea18e0901e36ef70f,state_580274998738423267ef,sgv31_u11,0,M0+R0|M0+RS|ME+R0|ME+RS,ME+RS,0.5,0.0,0.0,0.0,608.0,2.0,0.5,0.0,0.17708333333333331,0.25,506.67708333333337,1.5729166666666667,0.5,0.0,1.0,1.0,196.0,0.0,0.5,0.0,0.0,1.0,219.0,1.0,0.5,0.0,0.0,0.0,608.0,2.0
card_8cac09e99c3f5b990854,state_c439d603b34677870882,sgv31_u11,0,M0+R0|M0+RS|ME+R0|ME+RS,ME+RS,0.25094364424874477,0.0,0.0,0.0,664.0,2.0,0.36117785944301173,0.0,0.109375,0.25,550.9270833333334,1.5729166666666667,0.6781852670149336,0.0,1.0,1.0,205.0,0.0,0.46190489631732423,0.0,0.0,1.0,228.0,1.0,0.25094364424874477,0.0,0.0,0.0,664.0,2.0
card_8d10b9f21b3dee0dcf44,state_201d6dfa8f16acc4e686,sgv31_u06,0,M0+R0|M0+RS|MP+R0|MP+RS,MP+RS,0.5756081986333689,0.0,0.0,0.0,662.0,2.0,0.5126780190566025,0.0,0.27083333333333337,0.25,545.25,1.4791666666666665,0.5756081986333689,0.0,1.0,1.0,201.0,0.0,0.5756081986333689,0.0,1.0,1.0,201.0,0.0,0.5756081986333689,0.0,0.0,0.0,662.0,2.0
card_8d4fe20ca55c9f164c2c,state_56323a2dbe7496613c69,sgv31_u01,0,M0+R0|M0+RS,M0+RS,0.7215937546003562,0.0,1.0,0.0,597.0,1.0,0.6107968773001781,0.0,1.0,0.25,498.25,0.75,0.27840624539964376,0.0,1.0,1.0,202.0,0.0,0.27840624539964376,0.0,1.0,1.0,202.0,0.0,0.7215937546003562,0.0,1.0,0.0,597.0,1.0
card_8d6c6ded95b1c6a30702,state_a2cb8f1a1e8111f99733,sgv31_u01,0,M0+R0|M0+RS|MS+R0|MS+RS,MS+RS,0.45937805816938654,0.0,0.0,0.0,668.0,2.0,0.5098741237533869,0.0,0.13541666666666669,0.25,547.625,1.4791666666666665,0.3126818317579353,0.0,0.5,1.0,191.0,0.0,0.3126818317579353,0.0,0.5,1.0,191.0,0.0,0.45937805816938654,0.0,0.0,0.0,668.0,2.0
card_8dcfc674a8beebda5b0b,state_4d8a1f21dad18f1bf92b,sgv31_u01,0,M0+R0|M0+RS|ME+R0|ME+RS,ME+RS,0.5720345860688135,0.0,0.0,0.0,683.0,2.0,0.5495661244291814,0.0,0.109375,0.25,565.3958333333334,1.5729166666666667,0.28344454572025707,0.0,1.0,1.0,205.0,0.0,0.4279654139311864,0.0,0.0,1.0,231.0,1.0,0.5720345860688135,0.0,0.0,0.0,683.0,2.0
card_8dd9b25f80ee62de79be,state_bba634c26f74ef9851f7,sgv31_u11,0,M0+R0|M0+RS|MP+R0|MP+RS,M0+R0,0.5380951036826757,0.0,1.0,1.0,205.0,0.0,0.4529337258284595,0.0,0.16666666666666669,0.25,547.7916666666666,1.4791666666666665,0.5380951036826757,0.0,1.0,1.0,205.0,0.0,0.5380951036826757,0.0,1.0,1.0,205.0,0.0,0.3910338075810027,0.0,0.0,0.0,664.0,2.0
card_8e0234d1ab29901bf69d,state_e2626b6abc52788b72a6,sgv31_u06,0,M0+R0|M0+RS|ME+R0|ME+RS,ME+RS,0.6517631905951392,0.0,0.0,0.0,661.0,2.0,0.5869476612784652,0.0,0.109375,0.25,548.5729166666667,1.5729166666666667,0.34823680940486074,0.0,1.0,1.0,204.0,0.0,0.5,0.0,0.0,1.0,229.0,1.0,0.6517631905951392,0.0,0.0,0.0,661.0,2.0
card_8e04aa62174f731ece35,state_c421d3a2c60deb3db059,sgv31_u01,0,M0+R0|M0+RS|MP+R0|MP+RS|MPMS+R0|MPMS+RS|MS+R0|MS+RS,M0+RS,0.7102190179539724,0.0,0.5,0.0,607.0,1.0,0.539209994348056,0.0,0.2604166666666667,0.3229166666666667,580.9375,2.041666666666667,0.4460176647021084,0.0,1.0,1.0,203.0,0.0,0.4460176647021084,0.0,1.0,1.0,203.0,0.0,0.6205061720831038,0.0,0.0,0.0,721.0,3.0
card_8e1cc6d2eea75346ce7f,state_6760ceec29bdf8813ecc,sgv31_u06,0,M0+R0|M0+RS|MS+R0|MS+RS,MS+RS,0.6477291697335709,0.0,0.0,0.0,658.0,2.0,0.5738645848667854,0.0,0.27083333333333337,0.25,542.2291666666666,1.4791666666666665,0.3522708302664292,0.0,1.0,1.0,197.0,0.0,0.3522708302664292,0.0,1.0,1.0,197.0,0.0,0.6477291697335709,0.0,0.0,0.0,658.0,2.0
card_8e63312c45b5c812b98e,state_4e38f93b7b143c891640,sgv31_u06,0,M0+R0|M0+RS|MS+R0|MS+RS,M0+RS,0.5797261210288974,0.0,0.5,0.0,587.0,1.0,0.483390391452313,0.0,0.13541666666666669,0.25,532.7708333333333,1.4791666666666665,0.42027387897110263,0.0,0.5,1.0,198.0,0.0,0.42027387897110263,0.0,0.5,1.0,198.0,0.0,0.42027387897110263,0.0,0.0,0.0,646.0,2.0
card_8e9e7b661fc500764c7f,state_201d6dfa8f16acc4e686,sgv31_u06,0,M0+R0|M0+RS|ME+R0|ME+RS,ME+RS,0.34823680940486074,0.0,0.0,0.0,640.0,2.0,0.4130523387215348,0.0,0.17708333333333331,0.25,533.8958333333334,1.5729166666666667,0.6517631905951392,0.0,1.0,1.0,201.0,0.0,0.5,0.0,0.0,1.0,251.0,1.0,0.34823680940486074,0.0,0.0,0.0,640.0,2.0
card_8fb5f446d1666aff1f70,state_0283b9cf5346eea0b52e,sgv31_u06,0,M0+R0|M0+RS|MP+R0|MP+RS|MPMS+R0|MPMS+RS|MS+R0|MS+RS,MP+RS,0.6228980386110738,0.0,0.0,0.0,711.0,2.0,0.554087348048977,0.17708333333333334,0.17708333333333334,0.25,588.1458333333334,2.041666666666667,0.2586550559683036,0.0,0.5,1.0,203.0,0.0,0.2586550559683036,0.0,0.5,1.0,203.0,0.0,0.6224120440157765,0.5,0.0,0.0,727.0,3.0
card_903f9f03a5d3df9677f8,state_9a3a18ff6ddbc3809d2e,sgv31_u11,0,M0+R0|M0+RS,M0+R0,0.7215937546003562,0.0,1.0,1.0,195.0,0.0,0.3892031226998219,0.0,1.0,0.25,512.25,0.75,0.7215937546003562,0.0,1.0,1.0,195.0,0.0,0.7215937546003562,0.0,1.0,1.0,195.0,0.0,0.27840624539964376,0.0,1.0,0.0,618.0,1.0
card_90982a519f3fd0836bd3,state_f3f53e5d539285c59b9a,sgv31_u11,0,M0+R0|M0+RS|MP+R0|MP+RS|MPMS+R0|MPMS+RS|MS+R0|MS+RS,M0+RS,0.6301609985145019,0.0,0.5,0.0,592.0,1.0,0.5838651240121392,0.25,0.25,0.25,573.5625,2.041666666666667,0.46953056267994775,0.0,0.5,1.0,203.0,0.0,0.46953056267994775,0.0,0.5,1.0,203.0,0.0,0.7187838359045067,0.5,0.0,0.0,712.0,3.0
card_9122ce474f7f9a95a9a3,state_e2626b6abc52788b72a6,sgv31_u06,0,M0+R0|M0+RS,M0+RS,0.7215937546003562,0.0,1.0,0.0,636.0,1.0,0.6107968773001781,0.0,1.0,0.25,528.0,0.75,0.27840624539964376,0.0,1.0,1.0,204.0,0.0,0.27840624539964376,0.0,1.0,1.0,204.0,0.0,0.7215937546003562,0.0,1.0,0.0,636.0,1.0
card_92698509d31332d15671,state_1ea43a58308f71e7b5ad,sgv31_u11,0,M0+R0|M0+RS|ME+R0|ME+RS,ME+R0,0.5406219418306134,0.0,0.0,1.0,243.0,1.0,0.41701370135577964,0.0,0.17708333333333331,0.25,561.5,1.5729166666666667,0.45937805816938654,0.0,1.0,1.0,195.0,0.0,0.5406219418306134,0.0,0.0,1.0,243.0,1.0,0.31268183175793535,0.0,0.0,0.0,679.0,2.0
card_939e719a5c6cb47c0ec7,state_201d6dfa8f16acc4e686,sgv31_u06,0,M0+R0|M0+RS|ME+R0|ME+RS,ME+RS,0.5797261210288974,0.0,0.0,0.0,618.0,2.0,0.5249144128215305,0.0,0.08854166666666666,0.25,515.7916666666666,1.5729166666666667,0.5797261210288974,0.0,0.5,1.0,201.0,0.0,0.42027387897110263,0.0,0.0,1.0,229.0,1.0,0.5797261210288974,0.0,0.0,0.0,618.0,2.0
card_93c95d886155aeecdd60,state_3aa33ab57f5ed20bb869,sgv31_u16,0,M0+R0|M0+RS,M0+R0,0.7215937546003562,0.0,1.0,1.0,199.0,0.0,0.3892031226998219,0.0,1.0,0.25,490.75,0.75,0.7215937546003562,0.0,1.0,1.0,199.0,0.0,0.7215937546003562,0.0,1.0,1.0,199.0,0.0,0.27840624539964376,0.0,1.0,0.0,588.0,1.0
card_945bccced5d363acd78a,state_69ef0d09ffcb2d1b5d7b,sgv31_u01,0,M0+R0|M0+RS|ME+R0|ME+RS,ME+R0,0.571928872983399,0.0,0.0,1.0,212.0,1.0,0.5343854735449838,0.0,0.17708333333333331,0.25,534.9270833333333,1.5729166666666667,0.5756081986333689,0.0,1.0,1.0,189.0,0.0,0.571928872983399,0.0,0.0,1.0,212.0,1.0,0.5756081986333689,0.0,0.0,0.0,648.0,2.0
card_94c2cf7dfb9a86c83997,state_1d2e66d5430e39adb40b,sgv31_u16,0,M0+R0|M0+RS|MP+R0|MP+RS|MPMS+R0|MPMS+RS|MS+R0|MS+RS,MP+RS,0.6361519151002629,0.0,0.5,0.0,664.0,2.0,0.558259286896387,0.0,0.2604166666666667,0.25,574.5,2.041666666666667,0.3944413942256794,0.0,1.0,1.0,202.0,0.0,0.3944413942256794,0.0,1.0,1.0,202.0,0.0,0.6058212614352018,0.0,0.0,0.0,714.0,3.0
card_94e9453cbab0f0e22690,state_69ef0d09ffcb2d1b5d7b,sgv31_u01,0,M0+R0|M0+RS|MS+R0|MS+RS,MS+R0,0.42439180136663107,0.0,0.0,1.0,243.0,1.0,0.4450568612322506,0.0,0.27083333333333337,0.25,555.375,1.4791666666666665,0.723145270250137,0.0,1.0,1.0,189.0,0.0,0.723145270250137,0.0,1.0,1.0,189.0,0.0,0.42807112701660105,0.0,0.0,0.0,679.0,2.0
card_95226037991631a9d44a,state_d711bb59278dd0fecdeb,sgv31_u01,0,M0+R0|M0+RS|ME+R0|ME+RS,ME+RS,0.6781852670149338,0.0,0.0,0.0,701.0,2.0,0.6166749253268878,0.0,0.08854166666666666,0.25,580.03125,1.5729166666666667,0.2509436442487448,0.0,0.5,1.0,204.0,0.0,0.6089661924189973,0.0,0.0,1.0,249.0,1.0,0.6781852670149338,0.0,0.0,0.0,701.0,2.0
card_959d2f56348fa1b70c92,state_bba634c26f74ef9851f7,sgv31_u11,0,M0+R0|M0+RS|MS+R0|MS+RS,M0+R0,0.38328316511855115,0.0,1.0,1.0,205.0,0.0,0.530477777141389,0.0,0.27083333333333337,0.25,539.7708333333333,1.4791666666666665,0.38328316511855115,0.0,1.0,1.0,205.0,0.0,0.38328316511855115,0.0,1.0,1.0,205.0,0.0,0.5379950269774428,0.0,0.0,0.0,653.0,2.0
card_964e858d3c182b2908d5,state_143d4e5fd318b92e87b5,sgv31_u06,0,M0+R0|M0+RS|MS+R0|MS+RS,MS+R0,0.571928872983399,0.0,0.0,1.0,220.0,1.0,0.5126780190566025,0.0,0.27083333333333337,0.25,543.2291666666667,1.4791666666666665,0.5756081986333689,0.0,1.0,1.0,195.0,0.0,0.5756081986333689,0.0,1.0,1.0,195.0,0.0,0.5756081986333689,0.0,0.0,0.0,660.0,2.0
card_968f70311ee272ef19aa,state_69ef0d09ffcb2d1b5d7b,sgv31_u01,0,M0+R0|M0+RS|MP+R0|MP+RS|MPMS+R0|MPMS+RS|MS+R0|MS+RS,MS+R0,0.35541296642790293,0.0,0.0,1.0,243.0,1.0,0.4954690365073666,0.0,0.20833333333333334,0.25,561.2291666666666,2.041666666666667,0.6004773341455321,0.0,1.0,1.0,189.0,0.0,0.6004773341455321,0.0,1.0,1.0,189.0,0.0,0.4655750739815193,0.0,0.0,0.0,693.0,3.0
card_96b98a3db7e322596603,state_e2626b6abc52788b72a6,sgv31_u06,0,M0+R0|M0+RS|ME+R0|ME+RS|MP+R0|MP+RS|MPE+R0|MPE+RS|MPMS+R0|MPMS+RS|MPMSME+R0|MPMSME+RS|MS+R0|MS+RS|MSE+R0|MSE+RS,MP+RS,0.35802551400152527,0.5,0.5,0.0,708.0,2.0,0.47580038084541393,0.3541666666666667,0.2604166666666667,0.3229166666666667,597.6458333333334,2.375,0.5288830027311172,0.0,0.5,1.0,204.0,0.0,0.495986184210982,0.0,0.5,0.5,229.0,1.0,0.4080965667061135,0.5,0.0,0.5,765.0,4.0
card_97b47af5a3c713c82ee8,state_83c91372ab0f2a755221,sgv31_u16,0,M0+R0|M0+RS|ME+R0|ME+RS,M0+RS,0.6477291697335709,0.0,0.5,0.0,597.0,1.0,0.5738645848667855,0.0,0.08854166666666666,0.25,537.75,1.5729166666666667,0.3522708302664292,0.0,0.5,1.0,202.0,0.0,0.3522708302664292,0.0,0.0,1.0,250.0,1.0,0.6477291697335709,0.0,0.0,0.0,645.0,2.0
card_97db569c570f9d13c427,state_9d9a435ab7e0fe25c389,sgv31_u16,0,M0+R0|M0+RS|ME+R0|ME+RS|MS+R0|MS+RS|MSE+R0|MSE+RS,MS+RS,0.6405193556002834,0.0,0.5,0.0,673.0,2.0,0.4967378882653034,0.0,0.22916666666666666,0.21875,563.2916666666666,2.208333333333333,0.45696009288736844,0.0,0.5,1.0,191.0,0.0,0.4709724822884285,0.0,0.5,1.0,217.0,1.0,0.545754754742599,0.0,0.0,0.0,690.0,3.0
card_98563b1524a6136916fe,state_f3f53e5d539285c59b9a,sgv31_u11,0,M0+R0|M0+RS|ME+R0|ME+RS|MP+R0|MP+RS|MPE+R0|MPE+RS,ME+RS,0.3663469917387741,0.0,0.5,0.0,618.0,2.0,0.4632809315038782,0.13541666666666666,0.3645833333333333,0.19791666666666669,548.1041666666667,1.9791666666666667,0.600283688892307,0.0,0.5,1.0,203.0,0.0,0.4994101471387438,0.0,0.5,1.0,229.0,1.0,0.6024026278563568,0.5,0.0,0.0,679.0,3.0
card_9861e7075fdcf7ed2ba4,state_bd91983afa739d0c0737,sgv31_u06,0,M0+R0|M0+RS|ME+R0|ME+RS|MP+R0|MP+RS|MPE+R0|MPE+RS|MPMS+R0|MPMS+RS|MPMSME+R0|MPMSME+RS|MS+R0|MS+RS|MSE+R0|MSE+RS,MPE+RS,0.5483272978405943,0.5,0.5,0.0,737.0,3.0,0.5433862169918175,0.25,0.5104166666666666,0.25,613.1458333333335,2.375,0.3473960079973427,0.0,0.5,1.0,209.0,0.0,0.42087911215516144,0.0,0.5,1.0,234.0,1.0,0.5471797317360938,0.5,0.0,0.0,787.0,4.0
card_9a74173f934ab9765fa6,state_d6fc7098e529947669eb,sgv31_u11,0,M0+R0|M0+RS,M0+RS,0.27840624539964376,0.0,1.0,0.0,602.0,1.0,0.3892031226998219,0.0,1.0,0.25,502.75,0.75,0.7215937546003562,0.0,1.0,1.0,205.0,0.0,0.7215937546003562,0.0,1.0,1.0,205.0,0.0,0.27840624539964376,0.0,1.0,0.0,602.0,1.0
card_9ab35f0db2a59a29c586,state_1d2e66d5430e39adb40b,sgv31_u16,0,M0+R0|M0+RS|ME+R0|ME+RS|MP+R0|MP+RS|MPE+R0|MPE+RS,ME+RS,0.6690085398172949,0.0,0.5,0.0,619.0,2.0,0.5633852554786205,0.17708333333333331,0.22916666666666669,0.25,550.1041666666666,1.9791666666666667,0.4258544815603022,0.0,1.0,1.0,202.0,0.0,0.5887024814194283,0.0,0.5,1.0,230.0,1.0,0.5078126954094413,0.0,0.0,0.0,683.0,3.0
card_9af2aa8457c271945216,state_f3f53e5d539285c59b9a,sgv31_u11,0,M0+R0|M0+RS|ME+R0|ME+RS|MP+R0|MP+RS|MPE+R0|MPE+RS|MPMS+R0|MPMS+RS|MPMSME+R0|MPMSME+RS|MS+R0|MS+RS|MSE+R0|MSE+RS,ME+RS,0.33130296388758435,0.0,0.5,0.0,618.0,2.0,0.5146489331411606,0.20833333333333331,0.4791666666666667,0.23958333333333334,568.5833333333333,2.375,0.4242169382465755,0.0,0.5,1.0,203.0,0.0,0.4880784652069786,0.0,0.5,1.0,229.0,1.0,0.5456105725422913,0.5,0.0,0.0,729.0,4.0
card_9b7f448660136b751283,state_1ea43a58308f71e7b5ad,sgv31_u11,0,M0+R0|M0+RS|ME+R0|ME+RS|MS+R0|MS+RS|MSE+R0|MSE+RS,MSE+R0,0.4946786650274631,0.0,0.0,1.0,271.0,2.0,0.5255828900310882,0.0,0.10416666666666666,0.21875,577.0416666666667,2.208333333333333,0.46721694436784256,0.0,1.0,1.0,195.0,0.0,0.664333411564712,0.0,0.5,0.5,221.0,1.0,0.5957304526923909,0.0,0.0,0.0,707.0,3.0
card_9bc5c0c9996eca9eab6e,state_017f27bddc5532d591d2,sgv31_u16,0,M0+R0|M0+RS|MS+R0|MS+RS,MS+RS,0.771205679933669,0.0,0.0,0.0,707.0,2.0,0.629952721634883,0.0,0.13541666666666669,0.25,580.4583333333333,1.4791666666666665,0.22879432006633116,0.0,0.5,1.0,205.0,0.0,0.22879432006633116,0.0,0.5,1.0,205.0,0.0,0.771205679933669,0.0,0.0,0.0,707.0,2.0
card_9e7a4bb89e15215b7584,state_143d4e5fd318b92e87b5,sgv31_u06,0,M0+R0|M0+RS|MP+R0|MP+RS,MP+R0,0.6477291697335709,0.5,0.0,1.0,267.0,1.0,0.4261354151332146,0.09375,0.27083333333333337,0.21875,577.5,1.4791666666666665,0.6477291697335709,0.0,1.0,0.5,195.0,0.0,0.6477291697335709,0.0,1.0,0.5,195.0,0.0,0.3522708302664292,0.0,0.0,0.0,707.0,2.0
card_9ebf2fceb89d2649f56b,state_be4e3d43355ad0f929c9,sgv31_u06,0,M0+R0|M0+RS|MP+R0|MP+RS,MP+RS,0.6873181682420647,0.5,0.0,0.0,727.0,2.0,0.5573616466851948,0.2708333333333333,0.16666666666666669,0.25,594.5,1.4791666666666665,0.5406219418306134,0.0,1.0,1.0,203.0,0.0,0.5406219418306134,0.0,1.0,1.0,203.0,0.0,0.6873181682420647,0.5,0.0,0.0,727.0,2.0
card_9f37ed3d052e970b8bd9,state_6b29985f90c8856420d3,sgv31_u11,0,M0+R0|M0+RS|ME+R0|ME+RS|MS+R0|MS+RS|MSE+R0|MSE+RS,M0+RS,0.5323108028281104,0.0,0.5,0.0,587.0,1.0,0.5685939353660692,0.0,0.16666666666666666,0.25,542.4166666666666,2.208333333333333,0.371310399925944,0.0,0.5,0.5,198.0,0.0,0.4026111051057451,0.0,0.0,1.0,221.0,1.0,0.6292653498739244,0.0,0.0,0.0,660.0,3.0
card_9f9009b2bb9e25b26e24,state_c4974243ec9aa174046f,sgv31_u06,0,M0+R0|M0+RS|ME+R0|ME+RS|MS+R0|MS+RS|MSE+R0|MSE+RS,MSE+RS,0.6451453014099654,0.5,0.0,0.0,668.0,3.0,0.5822127804520081,0.27083333333333337,0.19791666666666666,0.25,549.375,2.208333333333333,0.35386244690459606,0.0,0.5,1.0,201.0,0.0,0.34191416040094025,0.0,0.5,1.0,229.0,1.0,0.6451453014099654,0.5,0.0,0.0,668.0,3.0
card_9fb28abbd358b26fda27,state_cb9f7661a5f418ec49c0,sgv31_u01,0,M0+R0|M0+RS|ME+R0|ME+RS,ME+R0,0.575608198633369,0.0,0.0,0.5,225.0,1.0,0.3918459906466323,0.0,0.109375,0.14583333333333334,512.1458333333334,1.5729166666666667,0.571928872983399,0.0,1.0,1.0,199.0,0.0,0.575608198633369,0.0,0.0,0.5,225.0,1.0,0.27685472974986314,0.0,0.0,0.0,614.0,2.0
card_a0b186b23af247c1b5af,state_b7d59dcef186d683dbef,sgv31_u16,0,M0+R0|M0+RS|ME+R0|ME+RS|MS+R0|MS+RS|MSE+R0|MSE+RS,MSE+RS,0.6503237500709605,0.5,0.0,0.0,745.0,3.0,0.5469230750741592,0.30208333333333337,0.22916666666666666,0.25,609.4583333333333,2.208333333333333,0.6098824950737021,0.0,0.5,1.0,204.0,0.0,0.337936458545368,0.5,0.5,1.0,252.0,1.0,0.6503237500709605,0.5,0.0,0.0,745.0,3.0
card_a0d969ad5ca4cb98f13d,state_b913cbfb26d86593a1d4,sgv31_u11,0,M0+R0|M0+RS|ME+R0|ME+RS,ME+RS,0.31268183175793535,0.0,0.0,0.0,659.0,2.0,0.41701370135577964,0.0,0.17708333333333331,0.25,545.9270833333334,1.5729166666666667,0.45937805816938654,0.0,1.0,1.0,200.0,0.0,0.5406219418306134,0.0,0.0,1.0,223.0,1.0,0.31268183175793535,0.0,0.0,0.0,659.0,2.0
card_a163d24d25c52868f52b,state_27ac82cb8118ff171f0d,sgv31_u16,0,M0+R0|M0+RS|MS+R0|MS+RS,MS+RS,0.6477291697335709,0.0,0.0,0.0,699.0,2.0,0.5738645848667854,0.0,0.27083333333333337,0.25,574.0208333333334,1.4791666666666665,0.3522708302664292,0.0,1.0,1.0,204.0,0.0,0.3522708302664292,0.0,1.0,1.0,204.0,0.0,0.6477291697335709,0.0,0.0,0.0,699.0,2.0
card_a17aa7ea84098cddd278,state_1ea43a58308f71e7b5ad,sgv31_u11,0,M0+R0|M0+RS,M0+R0,0.5,0.0,1.0,1.0,195.0,0.0,0.5,0.0,1.0,0.25,522.0,0.75,0.5,0.0,1.0,1.0,195.0,0.0,0.5,0.0,1.0,1.0,195.0,0.0,0.5,0.0,1.0,0.0,631.0,1.0
card_a1c6a1b5520e8a6a23bf,state_27ac82cb8118ff171f0d,sgv31_u16,0,M0+R0|M0+RS|ME+R0|ME+RS|MP+R0|MP+RS|MPE+R0|MPE+RS,MPE+RS,0.5228772372211253,0.5,0.0,0.0,729.0,3.0,0.5277338198967858,0.13541666666666666,0.041666666666666664,0.25,585.2916666666667,1.9791666666666667,0.6065555284149241,0.0,1.0,1.0,204.0,0.0,0.5864098046317855,0.0,0.0,1.0,229.0,1.0,0.5228772372211253,0.5,0.0,0.0,729.0,3.0
card_a1cd093313309a98ed6a,state_bd91983afa739d0c0737,sgv31_u06,0,M0+R0|M0+RS|MS+R0|MS+RS,MS+RS,0.6477291697335709,0.0,0.0,0.0,708.0,2.0,0.5738645848667854,0.0,0.13541666666666669,0.25,582.0208333333334,1.4791666666666665,0.3522708302664292,0.0,0.5,1.0,209.0,0.0,0.3522708302664292,0.0,0.5,1.0,209.0,0.0,0.6477291697335709,0.0,0.0,0.0,708.0,2.0
card_a20f6a6151da170a22ed,state_dc3917fff5be2cef316f,sgv31_u06,0,M0+R0|M0+RS|ME+R0|ME+RS,M0+RS,0.6477291697335709,0.0,1.0,0.0,591.0,1.0,0.5738645848667855,0.3072916666666667,0.17708333333333331,0.25,534.8958333333334,1.5729166666666667,0.3522708302664292,0.0,1.0,1.0,202.0,0.0,0.3522708302664292,0.0,0.0,1.0,252.0,1.0,0.6477291697335709,0.5,0.0,0.0,641.0,2.0
card_a30b4d74e291d7ad24d0,state_d711bb59278dd0fecdeb,sgv31_u01,0,M0+R0|M0+RS|ME+R0|ME+RS|MP+R0|MP+RS|MPE+R0|MPE+RS,ME+RS,0.5096656239290152,0.0,0.5,0.0,682.0,2.0,0.5175152783679676,0.2708333333333333,0.38541666666666663,0.25,595.8125,1.9791666666666667,0.5571033667443456,0.0,1.0,1.0,204.0,0.0,0.300066372574177,0.0,0.5,1.0,230.0,1.0,0.5085813790037782,0.5,0.0,0.0,742.0,3.0
card_a32859fdbccbff8945e7,state_27ac82cb8118ff171f0d,sgv31_u16,0,M0+R0|M0+RS,M0+RS,0.5,0.0,1.0,0.0,640.0,1.0,0.5,0.0,1.0,0.25,531.0,0.75,0.5,0.0,1.0,1.0,204.0,0.0,0.5,0.0,1.0,1.0,204.0,0.0,0.5,0.0,1.0,0.0,640.0,1.0
card_a3789f7ba50338735897,state_864430d6fa091ba3b1f5,sgv31_u01,0,M0+R0|M0+RS|ME+R0|ME+RS|MS+R0|MS+RS|MSE+R0|MSE+RS,MSE+RS,0.35601201341941063,0.0,0.0,0.0,725.0,3.0,0.4615001739421083,0.0,0.2708333333333333,0.25,592.75,2.208333333333333,0.44256292566750843,0.0,0.5,1.0,199.0,0.0,0.4892646847920764,0.0,0.5,1.0,244.0,1.0,0.35601201341941063,0.0,0.0,0.0,725.0,3.0
card_a397d932ec293615eff2,state_8d7774345b1e93200c84,sgv31_u11,0,M0+R0|M0+RS|MS+R0|MS+RS,MS+RS,0.5,0.0,0.0,0.0,702.0,2.0,0.5,0.0,0.13541666666666669,0.25,577.0208333333334,1.4791666666666665,0.5,0.0,0.5,1.0,207.0,0.0,0.5,0.0,0.5,1.0,207.0,0.0,0.5,0.0,0.0,0.0,702.0,2.0
card_a3bea164691f98a1cf57,state_be4e3d43355ad0f929c9,sgv31_u06,0,M0+R0|M0+RS|ME+R0|ME+RS|MP+R0|MP+RS|MPE+R0|MPE+RS|MPMS+R0|MPMS+RS|MPMSME+R0|MPMSME+RS|MS+R0|MS+RS|MSE+R0|MSE+RS,MSE+RS,0.46694918941830904,0.5,0.5,0.0,721.0,3.0,0.5085099066940351,0.22916666666666669,0.48958333333333337,0.25,611.6458333333335,2.375,0.44747372677651637,0.0,0.5,1.0,203.0,0.0,0.4857042321717782,0.0,0.5,1.0,228.0,1.0,0.5682395934533729,0.5,0.0,0.0,784.0,4.0
card_a4401648adda27241654,state_a5c0950eade6eebba49e,sgv31_u01,0,M0+R0|M0+RS|ME+R0|ME+RS|MP+R0|MP+RS|MPE+R0|MPE+RS,ME+RS,0.422018187047584,0.0,0.5,0.0,617.0,2.0,0.4759482686417903,0.09375,0.25,0.25,546.5625,1.9791666666666667,0.3594042864704348,0.0,0.5,1.0,202.0,0.0,0.6422695174160246,0.0,0.0,1.0,228.0,1.0,0.44411577677573133,0.0,0.0,0.0,677.0,3.0
card_a468251a958e78af9e0c,state_be4e3d43355ad0f929c9,sgv31_u06,0,M0+R0|M0+RS|MS+R0|MS+RS,MS+RS,0.6167168348814488,0.0,0.0,0.0,705.0,2.0,0.5436549899993299,0.0,0.16666666666666669,0.25,578.4583333333334,1.4791666666666665,0.4620049730225572,0.0,1.0,1.0,203.0,0.0,0.4620049730225572,0.0,1.0,1.0,203.0,0.0,0.6167168348814488,0.0,0.0,0.0,705.0,2.0
card_a5b4e4747aef11d8b016,state_69ef0d09ffcb2d1b5d7b,sgv31_u01,0,M0+R0|M0+RS|ME+R0|ME+RS,M0+R0,0.6477291697335709,0.0,1.0,1.0,189.0,0.0,0.4261354151332146,0.0,0.17708333333333331,0.25,553.03125,1.5729166666666667,0.6477291697335709,0.0,1.0,1.0,189.0,0.0,0.6477291697335709,0.0,0.0,1.0,234.0,1.0,0.3522708302664292,0.0,0.0,0.0,670.0,2.0
card_a5f05b65f0e6641f7571,state_6760ceec29bdf8813ecc,sgv31_u06,0,M0+R0|M0+RS|ME+R0|ME+RS,M0+RS,0.5,0.0,1.0,0.0,633.0,1.0,0.5,0.0,0.17708333333333331,0.25,565.1458333333334,1.5729166666666667,0.5,0.0,1.0,1.0,197.0,0.0,0.5,0.0,0.0,1.0,247.0,1.0,0.5,0.0,0.0,0.0,683.0,2.0
card_a6ba7bcc713045aad747,state_69ef0d09ffcb2d1b5d7b,sgv31_u01,0,M0+R0|M0+RS|ME+R0|ME+RS|MS+R0|MS+RS|MSE+R0|MSE+RS,MS+R0,0.509819699523944,0.0,0.0,0.5,243.0,1.0,0.4544500688915926,0.0,0.08333333333333333,0.21875,565.3333333333333,2.208333333333333,0.5670035130909714,0.0,1.0,1.0,189.0,0.0,0.55607548184296,0.0,0.0,1.0,212.0,1.0,0.4337467400641138,0.0,0.0,0.0,693.0,3.0
card_a7cf2c1f71dfd74e5c63,state_079d06cb710a5ff5d2f5,sgv31_u16,0,M0+R0|M0+RS|ME+R0|ME+RS|MP+R0|MP+RS|MPE+R0|MPE+RS,MP+R0,0.7251267133522299,0.5,0.5,1.0,267.0,1.0,0.45612776737557065,0.2708333333333333,0.09375,0.25,528.8541666666667,1.9791666666666667,0.6261714313425701,0.0,1.0,1.0,194.0,0.0,0.5837278779897365,0.0,0.0,1.0,242.0,1.0,0.37497861304928204,0.5,0.0,0.0,659.0,3.0
card_a816cd3b241e04f7f0a1,state_3c54a859a49689671a41,sgv31_u16,0,M0+R0|M0+RS|MS+R0|MS+RS,MS+RS,0.6477291697335709,0.0,0.0,0.0,650.0,2.0,0.5738645848667854,0.0,0.13541666666666669,0.25,536.7708333333333,1.4791666666666665,0.3522708302664292,0.0,0.5,1.0,202.0,0.0,0.3522708302664292,0.0,0.5,1.0,202.0,0.0,0.6477291697335709,0.0,0.0,0.0,650.0,2.0
card_a81cb3316f6681714491,state_079d06cb710a5ff5d2f5,sgv31_u16,0,M0+R0|M0+RS|MP+R0|MP+RS,MP+R0,0.6517631905951392,0.5,0.0,1.0,267.0,1.0,0.49683826686260124,0.09375,0.27083333333333337,0.25,511.97916666666663,1.4791666666666665,0.5,0.0,1.0,1.0,194.0,0.0,0.5,0.0,1.0,1.0,194.0,0.0,0.5,0.0,0.0,0.0,620.0,2.0
card_a8329d5db5f35bf7682a,state_f3f53e5d539285c59b9a,sgv31_u11,0,M0+R0|M0+RS|ME+R0|ME+RS,ME+RS,0.6477291697335709,0.0,0.0,0.0,618.0,2.0,0.5738645848667855,0.0,0.08854166666666666,0.25,516.1458333333333,1.5729166666666667,0.3522708302664292,0.0,0.5,1.0,203.0,0.0,0.3522708302664292,0.0,0.0,1.0,229.0,1.0,0.6477291697335709,0.0,0.0,0.0,618.0,2.0
card_a90fe5a15962e9fecb75,state_4d8a1f21dad18f1bf92b,sgv31_u01,0,M0+R0|M0+RS|ME+R0|ME+RS|MP+R0|MP+RS|MPE+R0|MPE+RS,MPE+RS,0.7204424340674004,0.5,0.0,0.0,743.0,3.0,0.5682875834750958,0.2708333333333333,0.38541666666666663,0.25,596.8125,1.9791666666666667,0.27901682509794495,0.0,0.5,1.0,205.0,0.0,0.31499450132276957,0.0,0.5,1.0,231.0,1.0,0.7204424340674004,0.5,0.0,0.0,743.0,3.0
card_a9707d6838d454685519,state_56323a2dbe7496613c69,sgv31_u01,0,M0+R0|M0+RS|MP+R0|MP+RS|MPMS+R0|MPMS+RS|MS+R0|MS+RS,MP+RS,0.6914579331536332,0.0,0.5,0.0,666.0,2.0,0.5385266743167464,0.0,0.25,0.3020833333333333,573.1875,2.041666666666667,0.4351840774678286,0.0,0.5,1.0,202.0,0.0,0.4351840774678286,0.0,0.5,1.0,202.0,0.0,0.5664340555017404,0.0,0.0,0.0,711.0,3.0
card_a99f8b8fc218d4c03ba1,state_8d7774345b1e93200c84,sgv31_u11,0,M0+R0|M0+RS|ME+R0|ME+RS,ME+RS,0.42439180136663107,0.0,0.0,0.0,666.0,2.0,0.4656145264550163,0.0,0.08854166666666666,0.25,552.9270833333333,1.5729166666666667,0.42439180136663107,0.0,0.5,1.0,207.0,0.0,0.42807112701660105,0.0,0.0,1.0,230.0,1.0,0.42439180136663107,0.0,0.0,0.0,666.0,2.0
card_a9a27d443ea8be07b2f7,state_8d7774345b1e93200c84,sgv31_u11,0,M0+R0|M0+RS|ME+R0|ME+RS,ME+RS,0.6167168348814488,0.0,0.0,0.0,669.0,2.0,0.5509782479497238,0.0,0.08854166666666666,0.25,555.3958333333333,1.5729166666666667,0.4620049730225572,0.0,0.5,1.0,207.0,0.0,0.38328316511855115,0.0,0.0,1.0,233.0,1.0,0.6167168348814488,0.0,0.0,0.0,669.0,2.0
card_a9bcd31932d1a73a0c07,state_3c54a859a49689671a41,sgv31_u16,0,M0+R0|M0+RS|ME+R0|ME+RS|MP+R0|MP+RS|MPE+R0|MPE+RS,ME+RS,0.4567155845665663,0.0,0.0,0.0,616.0,2.0,0.4785765007415865,0.09375,0.041666666666666664,0.25,548.0416666666666,1.9791666666666667,0.3780863763706756,0.0,1.0,1.0,202.0,0.0,0.6729480202626501,0.0,0.0,1.0,227.0,1.0,0.4258323639685862,0.5,0.0,0.0,680.0,3.0
card_a9e3abb70cd2fb3a2389,state_864430d6fa091ba3b1f5,sgv31_u01,0,M0+R0|M0+RS|ME+R0|ME+RS,ME+RS,0.5379950269774428,0.0,0.0,0.0,680.0,2.0,0.526377682979722,0.0,0.109375,0.25,563.03125,1.5729166666666667,0.38328316511855115,0.0,1.0,1.0,199.0,0.0,0.4620049730225572,0.0,0.0,1.0,244.0,1.0,0.5379950269774428,0.0,0.0,0.0,680.0,2.0
card_aa15f1e3e3655b803f5c,state_c421d3a2c60deb3db059,sgv31_u01,0,M0+R0|M0+RS|ME+R0|ME+RS,ME+RS,0.6477291697335709,0.0,0.0,0.0,652.0,2.0,0.5738645848667855,0.0,0.08854166666666666,0.25,543.03125,1.5729166666666667,0.3522708302664292,0.0,0.5,1.0,203.0,0.0,0.3522708302664292,0.0,0.0,1.0,248.0,1.0,0.6477291697335709,0.0,0.0,0.0,652.0,2.0
card_aa3f9b4775db7eea8b9d,state_56323a2dbe7496613c69,sgv31_u01,0,M0+R0|M0+RS|ME+R0|ME+RS|MP+R0|MP+RS|MPE+R0|MPE+RS,MP+RS,0.522230146924988,0.0,0.5,0.0,666.0,2.0,0.49888785478223374,0.0,0.38541666666666663,0.25,564.125,1.9791666666666667,0.42195239097957443,0.0,0.5,1.0,202.0,0.0,0.513187021347089,0.0,0.5,1.0,247.0,1.0,0.6444855544749386,0.0,0.0,0.0,702.0,3.0
card_ac33a93c23893da96219,state_0412987e6eaf55b6450e,sgv31_u11,0,M0+R0|M0+RS,M0+R0,0.7215937546003562,0.0,1.0,1.0,195.0,0.0,0.3892031226998219,0.0,1.0,0.25,526.5,0.75,0.7215937546003562,0.0,1.0,1.0,195.0,0.0,0.7215937546003562,0.0,1.0,1.0,195.0,0.0,0.27840624539964376,0.0,1.0,0.0,637.0,1.0
card_ac4115d311b69195a172,state_f311acbf6079588aafaf,sgv31_u16,0,M0+R0|M0+RS,M0+RS,0.7215937546003562,0.0,1.0,0.0,607.0,1.0,0.6107968773001781,0.0,1.0,0.25,506.0,0.75,0.27840624539964376,0.0,1.0,1.0,203.0,0.0,0.27840624539964376,0.0,1.0,1.0,203.0,0.0,0.7215937546003562,0.0,1.0,0.0,607.0,1.0
card_ad1ba39f4f0b9bbef2c8,state_2e45d710018ff5bfa3db,sgv31_u16,0,M0+R0|M0+RS|ME+R0|ME+RS|MP+R0|MP+RS|MPE+R0|MPE+RS|MPMS+R0|MPMS+RS|MPMSME+R0|MPMSME+RS|MS+R0|MS+RS|MSE+R0|MSE+RS,MPE+RS,0.5368572316741983,0.5,0.5,0.0,724.0,3.0,0.5158385844027699,0.21875,0.48958333333333337,0.25,596.125,2.375,0.3812512425147458,0.0,1.0,1.0,199.0,0.0,0.48265910997910066,0.0,0.5,1.0,224.0,1.0,0.5658843745738763,0.5,0.0,0.0,765.0,4.0
card_ad64df4c37a60aeebf76,state_f89892f95e76911fe8a3,sgv31_u01,0,M0+R0|M0+RS|ME+R0|ME+RS,ME+R0,0.571928872983399,0.0,0.0,1.0,220.0,1.0,0.5343854735449838,0.0,0.17708333333333331,0.25,480.1458333333333,1.5729166666666667,0.5756081986333689,0.0,1.0,1.0,194.0,0.0,0.571928872983399,0.0,0.0,1.0,220.0,1.0,0.5756081986333689,0.0,0.0,0.0,573.0,2.0
card_aea49c22bfb12d121722,state_be4e3d43355ad0f929c9,sgv31_u06,0,M0+R0|M0+RS|ME+R0|ME+RS,ME+RS,0.6167168348814488,0.0,0.0,0.0,680.0,2.0,0.562259321210268,0.0,0.109375,0.25,562.5729166666667,1.5729166666666667,0.4620049730225572,0.0,1.0,1.0,203.0,0.0,0.5379950269774428,0.0,0.0,1.0,228.0,1.0,0.6167168348814488,0.0,0.0,0.0,680.0,2.0
card_aeef580cd339e87d7377,state_0283b9cf5346eea0b52e,sgv31_u06,0,M0+R0|M0+RS|MP+R0|MP+RS,MP+RS,0.6089661924189973,0.0,0.0,0.0,711.0,2.0,0.5470662741715405,0.0,0.16666666666666669,0.25,582.5,1.4791666666666665,0.4619048963173243,0.0,1.0,1.0,203.0,0.0,0.4619048963173243,0.0,1.0,1.0,203.0,0.0,0.6089661924189973,0.0,0.0,0.0,711.0,2.0
card_af4e72364ced26f6b767,state_a2cb8f1a1e8111f99733,sgv31_u01,0,M0+R0|M0+RS|ME+R0|ME+RS|MS+R0|MS+RS|MSE+R0|MSE+RS,MS+RS,0.4768016896033065,0.0,0.5,0.0,668.0,2.0,0.5288437641194879,0.0,0.22916666666666666,0.25,557.5833333333333,2.208333333333333,0.4773209465924725,0.0,0.5,1.0,191.0,0.0,0.4909353548497396,0.0,0.5,1.0,214.0,1.0,0.6527077026425816,0.0,0.0,0.0,682.0,3.0
card_b1085cbe228dd8581938,state_9a3a18ff6ddbc3809d2e,sgv31_u11,0,M0+R0|M0+RS|ME+R0|ME+RS,M0+R0,0.6477291697335709,0.0,1.0,1.0,195.0,0.0,0.4261354151332146,0.0,0.17708333333333331,0.25,551.75,1.5729166666666667,0.6477291697335709,0.0,1.0,1.0,195.0,0.0,0.6477291697335709,0.0,0.0,1.0,243.0,1.0,0.3522708302664292,0.0,0.0,0.0,666.0,2.0
card_b10b082f17a6f861a8f5,state_5552a78ec5d29ae7a768,sgv31_u11,0,M0+R0|M0+RS|ME+R0|ME+RS,ME+RS,0.6873181682420647,0.0,0.0,0.0,666.0,2.0,0.5722896988017188,0.0,0.08854166666666666,0.25,552.3958333333333,1.5729166666666667,0.5406219418306134,0.0,0.5,1.0,204.0,0.0,0.31268183175793535,0.0,0.0,1.0,230.0,1.0,0.6873181682420647,0.0,0.0,0.0,666.0,2.0
card_b20cb11531614195e55c,state_d6fc7098e529947669eb,sgv31_u11,0,M0+R0|M0+RS|ME+R0|ME+RS|MP+R0|MP+RS|MPE+R0|MPE+RS|MPMS+R0|MPMS+RS|MPMSME+R0|MPMSME+RS|MS+R0|MS+RS|MSE+R0|MSE+RS,ME+RS,0.4360337221150517,0.0,0.5,0.0,628.0,2.0,0.5142716607480676,0.20833333333333331,0.48958333333333337,0.21875,576.5833333333334,2.375,0.5180473749972676,0.0,1.0,0.5,205.0,0.0,0.4909656646047503,0.0,0.5,1.0,231.0,1.0,0.5160319873075998,0.5,0.0,0.0,739.0,4.0
card_b23d519afc180d17adb0,state_a2cb8f1a1e8111f99733,sgv31_u01,0,M0+R0|M0+RS|ME+R0|ME+RS|MP+R0|MP+RS|MPE+R0|MPE+RS|MPMS+R0|MPMS+RS|MPMSME+R0|MPMSME+RS|MS+R0|MS+RS|MSE+R0|MSE+RS,MPMS+RS,0.5838487719821577,0.0,0.5,0.0,728.0,3.0,0.4884666093490591,0.10416666666666667,0.3229166666666667,0.25,591.375,2.375,0.47731717504334564,0.0,1.0,1.0,191.0,0.0,0.31688791307132175,0.0,0.5,1.0,236.0,1.0,0.6001489903759946,0.5,0.0,0.0,764.0,4.0
card_b2578de7755821935860,state_d711bb59278dd0fecdeb,sgv31_u01,0,M0+R0|M0+RS,M0+RS,0.27840624539964376,0.0,1.0,0.0,656.0,1.0,0.3892031226998219,0.0,1.0,0.25,543.0,0.75,0.7215937546003562,0.0,1.0,1.0,204.0,0.0,0.7215937546003562,0.0,1.0,1.0,204.0,0.0,0.27840624539964376,0.0,1.0,0.0,656.0,1.0
card_b2b4392f9a8e6a55e45e,state_9d9a435ab7e0fe25c389,sgv31_u16,0,M0+R0|M0+RS,M0+RS,0.7215937546003562,0.0,1.0,0.0,614.0,1.0,0.6107968773001781,0.0,1.0,0.25,508.25,0.75,0.27840624539964376,0.0,1.0,1.0,191.0,0.0,0.27840624539964376,0.0,1.0,1.0,191.0,0.0,0.7215937546003562,0.0,1.0,0.0,614.0,1.0
card_b3107f974746e8e344b3,state_580274998738423267ef,sgv31_u11,0,M0+R0|M0+RS|MP+R0|MP+RS,MP+RS,0.6477291697335709,0.0,0.0,0.0,655.0,2.0,0.5738645848667854,0.0,0.16666666666666669,0.25,538.7916666666666,1.4791666666666665,0.3522708302664292,0.0,1.0,1.0,196.0,0.0,0.3522708302664292,0.0,1.0,1.0,196.0,0.0,0.6477291697335709,0.0,0.0,0.0,655.0,2.0
card_b3533f23ceeb80b08387,state_2e45d710018ff5bfa3db,sgv31_u16,0,M0+R0|M0+RS|MS+R0|MS+RS,MS+RS,0.6477291697335709,0.0,0.0,0.0,685.0,2.0,0.5738645848667854,0.0,0.13541666666666669,0.25,562.4583333333333,1.4791666666666665,0.3522708302664292,0.0,0.5,1.0,199.0,0.0,0.3522708302664292,0.0,0.5,1.0,199.0,0.0,0.6477291697335709,0.0,0.0,0.0,685.0,2.0
card_b3d4c63ddf68caf7d008,state_dc3917fff5be2cef316f,sgv31_u06,0,M0+R0|M0+RS|ME+R0|ME+RS|MP+R0|MP+RS|MPE+R0|MPE+RS,ME+RS,0.465285376751129,0.0,0.0,0.0,616.0,2.0,0.5266321063704671,0.041666666666666664,0.020833333333333332,0.25,547.5,1.9791666666666667,0.3864836820841658,0.0,1.0,1.0,202.0,0.0,0.34595982761638877,0.0,0.0,1.0,227.0,1.0,0.6764345831266617,0.0,0.0,0.0,679.0,3.0
card_b3ec1b4949f6e22542cb,state_6b29985f90c8856420d3,sgv31_u11,0,M0+R0|M0+RS|MP+R0|MP+RS,M0+RS,0.6477291697335709,0.0,0.5,0.0,587.0,1.0,0.5738645848667854,0.0,0.13541666666666669,0.25,540.7916666666667,1.4791666666666665,0.3522708302664292,0.0,0.5,1.0,198.0,0.0,0.3522708302664292,0.0,0.5,1.0,198.0,0.0,0.6477291697335709,0.0,0.0,0.0,657.0,2.0
card_b55ad3fb78d2b69f0bad,state_1d2e66d5430e39adb40b,sgv31_u16,0,M0+R0|M0+RS|ME+R0|ME+RS,ME+RS,0.6089661924189973,0.0,0.0,0.0,619.0,2.0,0.5687770588908594,0.0,0.17708333333333331,0.25,516.7916666666667,1.5729166666666667,0.4619048963173243,0.0,1.0,1.0,202.0,0.0,0.6781852670149338,0.0,0.0,1.0,230.0,1.0,0.6089661924189973,0.0,0.0,0.0,619.0,2.0
card_b596a744b096f13aaf13,state_143d4e5fd318b92e87b5,sgv31_u06,0,M0+R0|M0+RS|ME+R0|ME+RS|MP+R0|MP+RS|MPE+R0|MPE+RS|MPMS+R0|MPMS+RS|MPMSME+R0|MPMSME+RS|MS+R0|MS+RS|MSE+R0|MSE+RS,MPMS+R0,0.6011883510433259,0.5,0.0,1.0,283.0,2.0,0.441351181896774,0.09375,0.125,0.25,598.2916666666667,2.375,0.6027135083157749,0.0,1.0,1.0,195.0,0.0,0.6072772449437733,0.0,0.5,1.0,245.0,1.0,0.6251688133205643,0.0,0.0,0.0,764.0,4.0
card_b596a851000f4ba437d0,state_3aa33ab57f5ed20bb869,sgv31_u16,0,M0+R0|M0+RS|MP+R0|MP+RS,M0+R0,0.38328316511855115,0.0,0.5,1.0,199.0,0.0,0.530477777141389,0.2708333333333333,0.13541666666666669,0.25,543.9791666666666,1.4791666666666665,0.38328316511855115,0.0,0.5,1.0,199.0,0.0,0.38328316511855115,0.0,0.5,1.0,199.0,0.0,0.5379950269774428,0.5,0.0,0.0,661.0,2.0
card_b68ccf832b45dd44d00b,state_be4e3d43355ad0f929c9,sgv31_u06,0,M0+R0|M0+RS|ME+R0|ME+RS,ME+RS,0.42439180136663107,0.0,0.0,0.0,683.0,2.0,0.48713034939912825,0.0,0.17708333333333331,0.25,565.0416666666667,1.5729166666666667,0.42439180136663107,0.0,1.0,1.0,203.0,0.0,0.7231452702501368,0.0,0.0,1.0,231.0,1.0,0.42439180136663107,0.0,0.0,0.0,683.0,2.0
card_b6e8f410ac7068287f2b,state_be4e3d43355ad0f929c9,sgv31_u06,0,M0+R0|M0+RS|MP+R0|MP+RS|MPMS+R0|MPMS+RS|MS+R0|MS+RS,MPMS+RS,0.6639044455749403,0.0,0.0,0.0,768.0,3.0,0.5586233164136176,0.0,0.25,0.25,616.2916666666666,2.041666666666667,0.33457481674722417,0.0,0.5,1.0,203.0,0.0,0.33457481674722417,0.0,0.5,1.0,203.0,0.0,0.6639044455749403,0.0,0.0,0.0,768.0,3.0
card_b7f991c9509949f18150,state_5552a78ec5d29ae7a768,sgv31_u11,0,M0+R0|M0+RS|ME+R0|ME+RS,ME+RS,0.6873181682420647,0.0,0.0,0.0,663.0,2.0,0.5829862986442205,0.0,0.17708333333333331,0.25,549.9270833333333,1.5729166666666667,0.5406219418306134,0.0,1.0,1.0,204.0,0.0,0.45937805816938654,0.0,0.0,1.0,227.0,1.0,0.6873181682420647,0.0,0.0,0.0,663.0,2.0
card_b87b9b591fbabeadc0fb,state_079d06cb710a5ff5d2f5,sgv31_u16,0,M0+R0|M0+RS|ME+R0|ME+RS|MS+R0|MS+RS|MSE+R0|MSE+RS,MSE+R0,0.43498794555471043,0.0,0.0,1.0,269.0,2.0,0.43917400962954145,0.0,0.16666666666666666,0.25,513.0,2.208333333333333,0.6591548582441906,0.0,0.5,1.0,194.0,0.0,0.6825114302155667,0.0,0.5,1.0,219.0,1.0,0.4058662081717047,0.0,0.0,0.0,622.0,3.0
card_b8b786b850f70f2ca3a1,state_079d06cb710a5ff5d2f5,sgv31_u16,0,M0+R0|M0+RS,M0+R0,0.7215937546003562,0.0,1.0,1.0,194.0,0.0,0.3892031226998219,0.0,1.0,0.25,458.75,0.75,0.7215937546003562,0.0,1.0,1.0,194.0,0.0,0.7215937546003562,0.0,1.0,1.0,194.0,0.0,0.27840624539964376,0.0,1.0,0.0,547.0,1.0
card_b9434d2fe427f3090423,state_4e38f93b7b143c891640,sgv31_u06,0,M0+R0|M0+RS,M0+RS,0.5,0.0,1.0,0.0,587.0,1.0,0.5,0.0,1.0,0.25,489.75,0.75,0.5,0.0,1.0,1.0,198.0,0.0,0.5,0.0,1.0,1.0,198.0,0.0,0.5,0.0,1.0,0.0,587.0,1.0
card_ba37d2d688e00491eaaa,state_c421d3a2c60deb3db059,sgv31_u01,0,M0+R0|M0+RS,M0+RS,0.7215937546003562,0.0,1.0,0.0,607.0,1.0,0.6107968773001781,0.0,1.0,0.125,506.0,0.75,0.27840624539964376,0.0,1.0,0.5,203.0,0.0,0.27840624539964376,0.0,1.0,0.5,203.0,0.0,0.7215937546003562,0.0,1.0,0.0,607.0,1.0
card_ba55b3a5e2799f0b7ff4,state_1ea43a58308f71e7b5ad,sgv31_u11,0,M0+R0|M0+RS|ME+R0|ME+RS|MP+R0|MP+RS|MPE+R0|MPE+RS,MPE+R0,0.5172972646366145,0.5,0.0,1.0,304.0,2.0,0.46036929619379474,0.13541666666666666,0.38541666666666663,0.25,590.4791666666667,1.9791666666666667,0.45440065587231654,0.0,1.0,1.0,195.0,0.0,0.6598194386503125,0.0,0.5,1.0,243.0,1.0,0.5431714110274477,0.5,0.0,0.0,740.0,3.0
card_badec23628b857eefd38,state_5552a78ec5d29ae7a768,sgv31_u11,0,M0+R0|M0+RS|ME+R0|ME+RS|MP+R0|MP+RS|MPE+R0|MPE+RS|MPMS+R0|MPMS+RS|MPMSME+R0|MPMSME+RS|MS+R0|MS+RS|MSE+R0|MSE+RS,MPMS+RS,0.737589729387696,0.5,0.5,0.0,760.0,3.0,0.5414904453001231,0.23958333333333334,0.3229166666666667,0.25,604.8333333333333,2.375,0.5444198513946401,0.0,0.5,1.0,204.0,0.0,0.3522871492192425,0.0,0.5,1.0,230.0,1.0,0.6365841220629512,0.5,0.0,0.0,777.0,4.0
card_baf0fc340feb8bf2ac0e,state_c439d603b34677870882,sgv31_u11,0,M0+R0|M0+RS|MP+R0|MP+RS|MPMS+R0|MPMS+RS|MS+R0|MS+RS,MPMS+RS,0.5328412107246232,0.0,0.0,0.0,761.0,3.0,0.5182456475906588,0.07291666666666667,0.25,0.25,610.8125,2.041666666666667,0.39888464010400176,0.0,0.5,1.0,205.0,0.0,0.39888464010400176,0.0,0.5,1.0,205.0,0.0,0.5328412107246232,0.0,0.0,0.0,761.0,3.0
card_bb1fabaac18db1257c91,state_017f27bddc5532d591d2,sgv31_u16,0,M0+R0|M0+RS|MP+R0|MP+RS,MP+RS,0.6089661924189973,0.0,0.0,0.0,730.0,2.0,0.5470662741715405,0.09375,0.27083333333333337,0.25,597.2291666666666,1.4791666666666665,0.4619048963173243,0.0,1.0,1.0,205.0,0.0,0.4619048963173243,0.0,1.0,1.0,205.0,0.0,0.6089661924189973,0.0,0.0,0.0,730.0,2.0
card_bbc7bc531c22d04c3632,state_4853397884f523af29af,sgv31_u06,0,M0+R0|M0+RS|MS+R0|MS+RS,MS+RS,0.6167168348814488,0.0,0.0,0.0,668.0,2.0,0.5468781537880568,0.0,0.13541666666666669,0.25,551.0208333333333,1.4791666666666665,0.4620049730225572,0.0,0.5,1.0,205.0,0.0,0.4620049730225572,0.0,0.5,1.0,205.0,0.0,0.6167168348814488,0.0,0.0,0.0,668.0,2.0
card_bc68df41c3d6ea5dac45,state_d6f3cab4f6d3122e390b,sgv31_u01,0,M0+R0|M0+RS|ME+R0|ME+RS|MS+R0|MS+RS|MSE+R0|MSE+RS,MSE+RS,0.43356594449825964,0.0,0.0,0.0,708.0,3.0,0.49552263675953767,0.0,0.041666666666666664,0.25,580.3333333333333,2.208333333333333,0.5648159225321714,0.0,1.0,1.0,204.0,0.0,0.5296672102780671,0.0,0.0,1.0,227.0,1.0,0.43356594449825964,0.0,0.0,0.0,708.0,3.0
card_bd0d4e1f2a106826ed7c,state_0412987e6eaf55b6450e,sgv31_u11,0,M0+R0|M0+RS|ME+R0|ME+RS,ME+R0,0.7490563557512552,0.0,0.0,1.0,221.0,1.0,0.4623759761025086,0.0,0.17708333333333331,0.25,547.8958333333333,1.5729166666666667,0.5380951036826757,0.0,1.0,1.0,195.0,0.0,0.7490563557512552,0.0,0.0,1.0,221.0,1.0,0.3910338075810027,0.0,0.0,0.0,663.0,2.0
card_bf0672022282fc72910d,state_bba634c26f74ef9851f7,sgv31_u11,0,M0+R0|M0+RS,M0+R0,0.5,0.0,1.0,1.0,205.0,0.0,0.5,0.0,1.0,0.25,496.75,0.75,0.5,0.0,1.0,1.0,205.0,0.0,0.5,0.0,1.0,1.0,205.0,0.0,0.5,0.0,1.0,0.0,594.0,1.0
card_bf5c26ca510f081b2f09,state_69ef0d09ffcb2d1b5d7b,sgv31_u01,0,M0+R0|M0+RS|ME+R0|ME+RS|MP+R0|MP+RS|MPE+R0|MPE+RS|MPMS+R0|MPMS+RS|MPMSME+R0|MPMSME+RS|MS+R0|MS+RS|MSE+R0|MSE+RS,MS+R0,0.45247115726582765,0.0,0.0,1.0,243.0,1.0,0.46747169072269257,0.0,0.05208333333333333,0.3125,577.0833333333333,2.375,0.5205145433558945,0.0,1.0,1.0,189.0,0.0,0.5309355551889593,0.0,0.0,1.0,234.0,1.0,0.5824176488351224,0.0,0.0,0.0,729.0,4.0
card_c07f701923de9b9ab133,state_a5c0950eade6eebba49e,sgv31_u01,0,M0+R0|M0+RS|ME+R0|ME+RS,ME+RS,0.3491758480239551,0.0,0.0,0.0,614.0,2.0,0.45286745250748595,0.0,0.08854166666666666,0.25,512.6770833333334,1.5729166666666667,0.3491758480239551,0.0,0.5,1.0,202.0,0.0,0.6508241519760448,0.0,0.0,1.0,225.0,1.0,0.3491758480239551,0.0,0.0,0.0,614.0,2.0
card_c2403b72b748dc6dae53,state_017f27bddc5532d591d2,sgv31_u16,0,M0+R0|M0+RS,M0+RS,0.7215937546003562,0.0,1.0,0.0,657.0,1.0,0.6107968773001781,0.0,1.0,0.25,544.0,0.75,0.27840624539964376,0.0,1.0,1.0,205.0,0.0,0.27840624539964376,0.0,1.0,1.0,205.0,0.0,0.7215937546003562,0.0,1.0,0.0,657.0,1.0
card_c38b9daaee4ca0f783e0,state_f89892f95e76911fe8a3,sgv31_u01,0,M0+R0|M0+RS|MP+R0|MP+RS|MPMS+R0|MPMS+RS|MS+R0|MS+RS,MPMS+R0,0.6427419511726679,0.5,0.0,1.0,308.0,2.0,0.455839346471898,0.25,0.3333333333333333,0.25,533.6875,2.041666666666667,0.5774887462308845,0.0,1.0,1.0,194.0,0.0,0.5774887462308845,0.0,1.0,1.0,194.0,0.0,0.35741532369828527,0.5,0.0,0.0,661.0,3.0
card_c430b1464eb1056db1c0,state_c439d603b34677870882,sgv31_u11,0,M0+R0|M0+RS|MS+R0|MS+RS,MS+RS,0.5,0.0,0.0,0.0,700.0,2.0,0.5,0.0,0.13541666666666669,0.25,575.0208333333333,1.4791666666666665,0.5,0.0,0.5,1.0,205.0,0.0,0.5,0.0,0.5,1.0,205.0,0.0,0.5,0.0,0.0,0.0,700.0,2.0
card_c4e11332685fd2497ce1,state_69ef0d09ffcb2d1b5d7b,sgv31_u01,0,M0+R0|M0+RS|MP+R0|MP+RS,MP+R0,0.3126818317579353,0.0,0.0,1.0,212.0,1.0,0.49012587624661297,0.0,0.27083333333333337,0.4895833333333333,532.7708333333334,1.4791666666666665,0.6873181682420647,0.0,1.0,0.5,189.0,0.0,0.6873181682420647,0.0,1.0,0.5,189.0,0.0,0.5406219418306134,0.0,0.0,0.5,648.0,2.0
card_c54ae370250d7b1b834f,state_c4974243ec9aa174046f,sgv31_u06,0,M0+R0|M0+RS|ME+R0|ME+RS,ME+RS,0.6477291697335709,0.0,0.0,0.0,618.0,2.0,0.5738645848667855,0.0,0.109375,0.14583333333333334,515.7916666666666,1.5729166666666667,0.3522708302664292,0.0,1.0,1.0,201.0,0.0,0.3522708302664292,0.0,0.0,0.5,229.0,1.0,0.6477291697335709,0.0,0.0,0.0,618.0,2.0
card_c62c79da49d29c275c48,state_9a3a18ff6ddbc3809d2e,sgv31_u11,0,M0+R0|M0+RS|MP+R0|MP+RS,MP+R0,0.5720345860688135,0.0,0.0,1.0,218.0,1.0,0.442906747018166,0.0,0.27083333333333337,0.25,529.0208333333333,1.4791666666666665,0.7165554542797429,0.0,1.0,1.0,195.0,0.0,0.7165554542797429,0.0,1.0,1.0,195.0,0.0,0.4279654139311864,0.0,0.0,0.0,641.0,2.0
card_c65d6f6c6f2b7cfcab4c,state_5a42e018e45c17646d2d,sgv31_u01,0,M0+R0|M0+RS|ME+R0|ME+RS|MS+R0|MS+RS|MSE+R0|MSE+RS,ME+RS,0.6538378918656508,0.0,0.0,0.0,636.0,2.0,0.5879829454830301,0.0,0.07291666666666666,0.25,560.5,2.208333333333333,0.31528260794115076,0.0,0.5,1.0,202.0,0.0,0.5350256540706237,0.0,0.5,1.0,247.0,1.0,0.683662702960098,0.0,0.0,0.0,681.0,3.0
card_c70db415f87ce11f6039,state_c4974243ec9aa174046f,sgv31_u06,0,M0+R0|M0+RS|MP+R0|MP+RS|MPMS+R0|MPMS+RS|MS+R0|MS+RS,MS+RS,0.41955332933040096,0.0,0.5,0.0,649.0,2.0,0.5142433128688404,0.0,0.25,0.25,572.8541666666666,2.041666666666667,0.44333223939718575,0.0,0.5,1.0,201.0,0.0,0.44333223939718575,0.0,0.5,1.0,201.0,0.0,0.48919289544798644,0.0,0.0,0.0,712.0,3.0
card_c91f4ce8867da3d9c913,state_c36ea875d22144f4d753,sgv31_u16,0,M0+R0|M0+RS|MS+R0|MS+RS,MS+R0,0.6477291697335709,0.0,0.0,1.0,239.0,1.0,0.4261354151332146,0.0,0.27083333333333337,0.25,552.4583333333334,1.4791666666666665,0.6477291697335709,0.0,1.0,1.0,189.0,0.0,0.6477291697335709,0.0,1.0,1.0,189.0,0.0,0.3522708302664292,0.0,0.0,0.0,675.0,2.0
card_c9bbc54db313689c0559,state_6760ceec29bdf8813ecc,sgv31_u06,0,M0+R0|M0+RS|ME+R0|ME+RS,ME+RS,0.7490563557512552,0.0,0.0,0.0,661.0,2.0,0.6280989210495745,0.0,0.17708333333333331,0.14583333333333334,547.0416666666667,1.5729166666666667,0.32181473298506635,0.0,1.0,1.0,197.0,0.0,0.3910338075810027,0.0,0.0,0.5,225.0,1.0,0.7490563557512552,0.0,0.0,0.0,661.0,2.0
card_c9f7219f2da395ecbf39,state_3c54a859a49689671a41,sgv31_u16,0,M0+R0|M0+RS|ME+R0|ME+RS|MP+R0|MP+RS|MPE+R0|MPE+RS|MPMS+R0|MPMS+RS|MPMSME+R0|MPMSME+RS|MS+R0|MS+RS|MSE+R0|MSE+RS,MSE+RS,0.5260894745764448,0.5,0.5,0.0,666.0,3.0,0.5052516150096298,0.2604166666666667,0.4583333333333333,0.25,568.375,2.375,0.32321368422626495,0.0,1.0,1.0,202.0,0.0,0.5448117415021839,0.0,0.5,1.0,227.0,1.0,0.6777667836951048,0.5,0.0,0.0,730.0,4.0
card_cacbaca93f9c4af0c819,state_079d06cb710a5ff5d2f5,sgv31_u16,0,M0+R0|M0+RS|MS+R0|MS+RS,MS+R0,0.5,0.0,0.0,1.0,253.0,1.0,0.5,0.0,0.16666666666666669,0.25,501.77083333333337,1.4791666666666665,0.5,0.0,1.0,1.0,194.0,0.0,0.5,0.0,1.0,1.0,194.0,0.0,0.5,0.0,0.0,0.0,606.0,2.0
card_cb217f1f6841a9feb332,state_9e107b0242671c765ccd,sgv31_u06,0,M0+R0|M0+RS|MP+R0|MP+RS,MP+R0,0.6167168348814488,0.0,0.0,1.0,222.0,1.0,0.4531218462119431,0.0,0.16666666666666669,0.25,532.75,1.4791666666666665,0.5379950269774428,0.0,1.0,1.0,198.0,0.0,0.5379950269774428,0.0,1.0,1.0,198.0,0.0,0.38328316511855115,0.0,0.0,0.0,645.0,2.0
card_cbf44c42599190a696e0,state_143d4e5fd318b92e87b5,sgv31_u06,0,M0+R0|M0+RS|ME+R0|ME+RS,ME+R0,0.4620049730225572,0.0,0.0,1.0,245.0,1.0,0.526377682979722,0.0,0.17708333333333331,0.25,566.1458333333334,1.5729166666666667,0.38328316511855115,0.0,1.0,1.0,195.0,0.0,0.4620049730225572,0.0,0.0,1.0,245.0,1.0,0.5379950269774428,0.0,0.0,0.0,685.0,2.0
card_cddcac98ef1df430d873,state_f311acbf6079588aafaf,sgv31_u16,0,M0+R0|M0+RS|ME+R0|ME+RS,ME+RS,0.6477291697335709,0.0,0.0,0.0,655.0,2.0,0.5738645848667855,0.0,0.08854166666666666,0.25,545.5,1.5729166666666667,0.3522708302664292,0.0,0.5,1.0,203.0,0.0,0.3522708302664292,0.0,0.0,1.0,251.0,1.0,0.6477291697335709,0.0,0.0,0.0,655.0,2.0
card_cde2ed9c5eccf6e9584f,state_cb9f7661a5f418ec49c0,sgv31_u01,0,M0+R0|M0+RS|MP+R0|MP+RS,M0+R0,0.6167168348814488,0.0,1.0,1.0,199.0,0.0,0.472745386647338,0.0,0.16666666666666669,0.15625,541.0625,1.4791666666666665,0.6167168348814488,0.0,1.0,1.0,199.0,0.0,0.6167168348814488,0.0,1.0,1.0,199.0,0.0,0.4620049730225572,0.0,0.0,0.0,657.0,2.0
card_ce3036a17db2761d4ee9,state_143d4e5fd318b92e87b5,sgv31_u06,0,M0+R0|M0+RS|ME+R0|ME+RS|MS+R0|MS+RS|MSE+R0|MSE+RS,MSE+R0,0.6042929032715281,0.0,0.0,1.0,239.0,2.0,0.45995426926224137,0.0,0.17708333333333331,0.25,558.9583333333333,2.208333333333333,0.5735595681891217,0.0,1.0,1.0,195.0,0.0,0.593213404909401,0.0,0.0,1.0,223.0,1.0,0.3597903329530284,0.0,0.0,0.0,679.0,3.0
card_d02aeeffb3a9b23c7528,state_e2626b6abc52788b72a6,sgv31_u06,0,M0+R0|M0+RS|MS+R0|MS+RS,M0+RS,0.6873181682420647,0.0,0.5,0.0,636.0,1.0,0.44263835331480517,0.0,0.16666666666666669,0.5208333333333333,564.4583333333333,1.4791666666666665,0.45937805816938654,0.0,1.0,1.0,204.0,0.0,0.45937805816938654,0.0,1.0,1.0,204.0,0.0,0.31268183175793535,0.0,0.0,0.5,686.0,2.0
card_d1e5a4c356579a6e6ab9,state_864430d6fa091ba3b1f5,sgv31_u01,0,M0+R0|M0+RS|ME+R0|ME+RS|MP+R0|MP+RS|MPE+R0|MPE+RS|MPMS+R0|MPMS+RS|MPMSME+R0|MPMSME+RS|MS+R0|MS+RS|MSE+R0|MSE+RS,MPE+RS,0.47157174564912013,0.5,0.5,0.0,721.0,3.0,0.48651030376613186,0.23958333333333334,0.5104166666666666,0.25,596.8541666666667,2.375,0.49777201188320563,0.0,1.0,1.0,199.0,0.0,0.4675186298153456,0.0,0.5,1.0,225.0,1.0,0.5813737969060512,0.5,0.0,0.0,766.0,4.0
card_d1f147aceb9d20978800,state_56323a2dbe7496613c69,sgv31_u01,0,M0+R0|M0+RS|MP+R0|MP+RS,MP+RS,0.6477291697335709,0.0,0.0,0.0,666.0,2.0,0.5738645848667854,0.0,0.16666666666666669,0.25,548.5625,1.4791666666666665,0.3522708302664292,0.0,1.0,1.0,202.0,0.0,0.3522708302664292,0.0,1.0,1.0,202.0,0.0,0.6477291697335709,0.0,0.0,0.0,666.0,2.0
card_d2453153ebd209f64b90,state_b7d59dcef186d683dbef,sgv31_u16,0,M0+R0|M0+RS|ME+R0|ME+RS|MP+R0|MP+RS|MPE+R0|MPE+RS|MPMS+R0|MPMS+RS|MPMSME+R0|MPMSME+RS|MS+R0|MS+RS|MSE+R0|MSE+RS,MSE+RS,0.44088136185479293,0.5,0.5,0.0,722.0,3.0,0.46167854723417595,0.2708333333333333,0.34375,0.25,613.1249999999999,2.375,0.5521947832141538,0.0,1.0,1.0,204.0,0.0,0.40174147145545386,0.0,0.5,1.0,229.0,1.0,0.6533353291387223,0.5,0.0,0.0,786.0,4.0
card_d2a5ce674d04f6d9c3ae,state_d6f3cab4f6d3122e390b,sgv31_u01,0,M0+R0|M0+RS,M0+RS,0.7215937546003562,0.0,1.0,0.0,640.0,1.0,0.6107968773001781,0.0,1.0,0.25,531.0,0.75,0.27840624539964376,0.0,1.0,1.0,204.0,0.0,0.27840624539964376,0.0,1.0,1.0,204.0,0.0,0.7215937546003562,0.0,1.0,0.0,640.0,1.0
card_d2bc5b6ee1d9b7025d71,state_3aa33ab57f5ed20bb869,sgv31_u16,0,M0+R0|M0+RS|ME+R0|ME+RS,ME+R0,0.6477291697335709,0.0,0.0,1.0,225.0,1.0,0.4261354151332146,0.0,0.109375,0.25,512.1458333333334,1.5729166666666667,0.6477291697335709,0.0,1.0,1.0,199.0,0.0,0.6477291697335709,0.0,0.0,1.0,225.0,1.0,0.3522708302664292,0.0,0.0,0.0,614.0,2.0
card_d3ed6b4d8a96dc997baa,state_d711bb59278dd0fecdeb,sgv31_u01,0,M0+R0|M0+RS|MS+R0|MS+RS,MS+RS,0.45937805816938654,0.0,0.0,0.0,710.0,2.0,0.5098741237533869,0.0,0.13541666666666669,0.25,582.375,1.4791666666666665,0.3126818317579353,0.0,0.5,1.0,204.0,0.0,0.3126818317579353,0.0,0.5,1.0,204.0,0.0,0.45937805816938654,0.0,0.0,0.0,710.0,2.0
card_d42a613f27ba147e26ec,state_56323a2dbe7496613c69,sgv31_u01,0,M0+R0|M0+RS|ME+R0|ME+RS|MP+R0|MP+RS|MPE+R0|MPE+RS|MPMS+R0|MPMS+RS|MPMSME+R0|MPMSME+RS|MS+R0|MS+RS|MSE+R0|MSE+RS,MP+RS,0.5903223255399561,0.0,0.5,0.0,666.0,2.0,0.48701497901147217,0.10416666666666667,0.5104166666666666,0.30208333333333337,581.375,2.375,0.44501925898135847,0.0,0.5,1.0,202.0,0.0,0.4630874147467557,0.0,0.5,1.0,247.0,1.0,0.571365229089831,0.5,0.0,0.0,747.0,4.0
card_d4af1a17c07dc5ce4d75,state_3aa33ab57f5ed20bb869,sgv31_u16,0,M0+R0|M0+RS|ME+R0|ME+RS|MP+R0|MP+RS|MPE+R0|MPE+RS,ME+R0,0.7569306670622727,0.0,0.0,1.0,224.0,1.0,0.45572531769188007,0.09375,0.020833333333333332,0.25,545.0416666666666,1.9791666666666667,0.49953179039972273,0.0,0.5,1.0,199.0,0.0,0.7569306670622727,0.0,0.0,1.0,224.0,1.0,0.3736879616017038,0.5,0.0,0.0,677.0,3.0
card_d4f690ba6f460a5d674e,state_c4974243ec9aa174046f,sgv31_u06,0,M0+R0|M0+RS|MS+R0|MS+RS,MS+RS,0.42439180136663107,0.0,0.0,0.0,649.0,2.0,0.4873219809433975,0.0,0.13541666666666669,0.21875,535.7708333333333,1.4791666666666665,0.42439180136663107,0.0,0.5,0.5,201.0,0.0,0.42439180136663107,0.0,0.5,0.5,201.0,0.0,0.42439180136663107,0.0,0.0,0.0,649.0,2.0
card_d566df8444719d3c539b,state_864430d6fa091ba3b1f5,sgv31_u01,0,M0+R0|M0+RS|MP+R0|MP+RS|MPMS+R0|MPMS+RS|MS+R0|MS+RS,MPMS+RS,0.4992806377759624,0.5,0.0,0.0,749.0,3.0,0.5018853421649067,0.3229166666666667,0.25,0.25,600.9375,2.041666666666667,0.365323046682101,0.0,0.5,1.0,199.0,0.0,0.365323046682101,0.0,0.5,1.0,199.0,0.0,0.4992806377759624,0.5,0.0,0.0,749.0,3.0
card_d7172586aba147ee636f,state_9d9a435ab7e0fe25c389,sgv31_u16,0,M0+R0|M0+RS|ME+R0|ME+RS|MP+R0|MP+RS|MPE+R0|MPE+RS,MP+RS,0.47636533602485553,0.5,0.5,0.0,687.0,2.0,0.4844458046942436,0.08333333333333333,0.3645833333333333,0.25,578.3541666666667,1.9791666666666667,0.3174056875780019,0.0,0.5,1.0,191.0,0.0,0.522360302233223,0.0,0.5,1.0,239.0,1.0,0.6194074917600384,0.0,0.0,0.0,726.0,3.0
card_d91788d88deff4893f83,state_a5c0950eade6eebba49e,sgv31_u01,0,M0+R0|M0+RS|MP+R0|MP+RS|MPMS+R0|MPMS+RS|MS+R0|MS+RS,MS+RS,0.6410337967000362,0.0,0.5,0.0,645.0,2.0,0.5022404004326517,0.0,0.28125000000000006,0.25,568.6875,2.041666666666667,0.4012164591829684,0.0,1.0,1.0,202.0,0.0,0.4012164591829684,0.0,1.0,1.0,202.0,0.0,0.39913931147115717,0.0,0.0,0.0,705.0,3.0
card_d938373b886567180d88,state_d6fc7098e529947669eb,sgv31_u11,0,M0+R0|M0+RS|ME+R0|ME+RS|MP+R0|MP+RS|MPE+R0|MPE+RS,ME+RS,0.5113336597221594,0.0,0.5,0.0,628.0,2.0,0.4972487565889826,0.13541666666666666,0.3645833333333333,0.25,556.1041666666666,1.9791666666666667,0.5221583099582737,0.0,0.5,1.0,205.0,0.0,0.5577798446634564,0.0,0.5,1.0,231.0,1.0,0.477760743702833,0.5,0.0,0.0,689.0,3.0
card_d9503d5e3c43049bdc29,state_c439d603b34677870882,sgv31_u11,0,M0+R0|M0+RS|ME+R0|ME+RS|MS+R0|MS+RS|MSE+R0|MSE+RS,MSE+RS,0.6188927451410728,0.0,0.0,0.0,714.0,3.0,0.542802342839682,0.0,0.16666666666666666,0.25,584.6666666666666,2.208333333333333,0.31778307701588215,0.0,0.5,1.0,205.0,0.0,0.5773994090368298,0.0,0.5,1.0,228.0,1.0,0.6188927451410728,0.0,0.0,0.0,714.0,3.0
card_d978452c9f803bb17f75,state_017f27bddc5532d591d2,sgv31_u16,0,M0+R0|M0+RS|ME+R0|ME+RS|MS+R0|MS+RS|MSE+R0|MSE+RS,MSE+RS,0.7595955388525988,0.0,0.0,0.0,724.0,3.0,0.6067628187654713,0.0,0.23958333333333331,0.25,593.0416666666667,2.208333333333333,0.3567789131517317,0.0,0.5,1.0,205.0,0.0,0.3659540052299394,0.0,0.5,1.0,231.0,1.0,0.7595955388525988,0.0,0.0,0.0,724.0,3.0
card_d9abc76cfff2f7a234f3,state_5552a78ec5d29ae7a768,sgv31_u11,0,M0+R0|M0+RS|ME+R0|ME+RS|MS+R0|MS+RS|MSE+R0|MSE+RS,MSE+RS,0.6253601411150415,0.0,0.0,0.0,713.0,3.0,0.560229416876588,0.0,0.08333333333333333,0.25,583.6666666666667,2.208333333333333,0.6293091037818301,0.0,1.0,1.0,204.0,0.0,0.44700949270490425,0.0,0.0,1.0,227.0,1.0,0.6253601411150415,0.0,0.0,0.0,713.0,3.0
card_d9bab8f703d2c06739d0,state_27ac82cb8118ff171f0d,sgv31_u16,0,M0+R0|M0+RS|MP+R0|MP+RS|MPMS+R0|MPMS+RS|MS+R0|MS+RS,MPMS+RS,0.4131185971656078,0.5,0.0,0.0,763.0,3.0,0.48057999309496563,0.25,0.20833333333333334,0.25,611.7500000000001,2.041666666666667,0.4554511276451484,0.0,1.0,1.0,204.0,0.0,0.4554511276451484,0.0,1.0,1.0,204.0,0.0,0.4131185971656078,0.5,0.0,0.0,763.0,3.0
card_da078b82a7f8aadf86d4,state_6760ceec29bdf8813ecc,sgv31_u06,0,M0+R0|M0+RS|ME+R0|ME+RS|MP+R0|MP+RS|MPE+R0|MPE+RS|MPMS+R0|MPMS+RS|MPMSME+R0|MPMSME+RS|MS+R0|MS+RS|MSE+R0|MSE+RS,MS+RS,0.5577604667015011,0.0,0.5,0.0,658.0,2.0,0.5523584321918911,0.010416666666666666,0.16666666666666666,0.25,597.2916666666667,2.375,0.3515697999511671,0.0,1.0,1.0,197.0,0.0,0.4842759718229443,0.0,0.5,1.0,247.0,1.0,0.6098335592610129,0.0,0.0,0.0,762.0,4.0
card_da570a3927709a0fdda4,state_2e45d710018ff5bfa3db,sgv31_u16,0,M0+R0|M0+RS|MP+R0|MP+RS,MP+RS,0.5756081986333689,0.0,0.0,0.0,708.0,2.0,0.5126780190566025,0.09375,0.27083333333333337,0.25,579.2291666666667,1.4791666666666665,0.5756081986333689,0.0,1.0,1.0,199.0,0.0,0.5756081986333689,0.0,1.0,1.0,199.0,0.0,0.5756081986333689,0.0,0.0,0.0,708.0,2.0
card_da574cb4f7a102356358,state_9a3a18ff6ddbc3809d2e,sgv31_u11,0,M0+R0|M0+RS|ME+R0|ME+RS|MS+R0|MS+RS|MSE+R0|MSE+RS,MS+R0,0.43431813291281124,0.0,0.0,1.0,254.0,1.0,0.4914347409069426,0.0,0.08333333333333333,0.21875,567.2916666666667,2.208333333333333,0.46806799872868105,0.0,1.0,0.5,195.0,0.0,0.4015654485856591,0.0,0.0,0.5,221.0,1.0,0.4659007826624819,0.0,0.0,0.0,694.0,3.0
card_da75e8657300fd83c892,state_cb9f7661a5f418ec49c0,sgv31_u01,0,M0+R0|M0+RS|ME+R0|ME+RS,ME+R0,0.6477291697335709,0.5,0.0,0.5,244.0,1.0,0.4261354151332146,0.41145833333333337,0.109375,0.14583333333333334,527.78125,1.5729166666666667,0.6477291697335709,0.0,1.0,1.0,199.0,0.0,0.6477291697335709,0.5,0.0,0.5,244.0,1.0,0.3522708302664292,0.5,0.0,0.0,633.0,2.0
card_da9242c9ecdb5c4eb5dd,state_4d8a1f21dad18f1bf92b,sgv31_u01,0,M0+R0|M0+RS,M0+RS,0.7215937546003562,0.0,1.0,0.0,657.0,1.0,0.6107968773001781,0.0,1.0,0.25,544.0,0.75,0.27840624539964376,0.0,1.0,1.0,205.0,0.0,0.27840624539964376,0.0,1.0,1.0,205.0,0.0,0.7215937546003562,0.0,1.0,0.0,657.0,1.0
card_da9a0536e0852d9c29b9,state_b7d59dcef186d683dbef,sgv31_u16,0,M0+R0|M0+RS|ME+R0|ME+RS,ME+RS,0.7490563557512552,0.5,0.0,0.0,704.0,2.0,0.6280989210495745,0.41145833333333337,0.08854166666666666,0.25,582.5,1.5729166666666667,0.32181473298506635,0.0,0.5,1.0,204.0,0.0,0.3910338075810027,0.5,0.0,1.0,252.0,1.0,0.7490563557512552,0.5,0.0,0.0,704.0,2.0
card_db5a9cc5c8772f8ddda5,state_a2cb8f1a1e8111f99733,sgv31_u01,0,M0+R0|M0+RS,M0+RS,0.7215937546003562,0.0,1.0,0.0,614.0,1.0,0.6107968773001781,0.0,1.0,0.25,508.25,0.75,0.27840624539964376,0.0,1.0,1.0,191.0,0.0,0.27840624539964376,0.0,1.0,1.0,191.0,0.0,0.7215937546003562,0.0,1.0,0.0,614.0,1.0
card_dc4a8ce7b8bea4a72dc1,state_201d6dfa8f16acc4e686,sgv31_u06,0,M0+R0|M0+RS|ME+R0|ME+RS|MP+R0|MP+RS|MPE+R0|MPE+RS|MPMS+R0|MPMS+RS|MPMSME+R0|MPMSME+RS|MS+R0|MS+RS|MSE+R0|MSE+RS,MSE+RS,0.6212360082297856,0.0,0.5,0.0,690.0,3.0,0.5368478763059996,0.0,0.48958333333333337,0.21875000000000003,583.0416666666665,2.375,0.5001051874796796,0.0,0.5,0.5,201.0,0.0,0.36143826939480267,0.0,0.5,0.5,251.0,1.0,0.7557535434780007,0.5,0.0,0.0,753.0,4.0
card_dc9f81d842d976bae930,state_c36ea875d22144f4d753,sgv31_u16,0,M0+R0|M0+RS|ME+R0|ME+RS,ME+R0,0.45937805816938654,0.0,0.0,1.0,217.0,1.0,0.5829862986442205,0.0,0.17708333333333331,0.25,539.0416666666667,1.5729166666666667,0.5406219418306134,0.0,1.0,1.0,189.0,0.0,0.45937805816938654,0.0,0.0,1.0,217.0,1.0,0.6873181682420647,0.0,0.0,0.0,653.0,2.0
card_dcc0d78f1f493964de51,state_e2626b6abc52788b72a6,sgv31_u06,0,M0+R0|M0+RS|ME+R0|ME+RS,ME+RS,0.3522708302664292,0.0,0.0,0.0,664.0,2.0,0.4261354151332146,0.0,0.17708333333333331,0.31770833333333337,551.0416666666667,1.5729166666666667,0.6477291697335709,0.0,1.0,1.0,204.0,0.0,0.6477291697335709,0.0,0.0,1.0,232.0,1.0,0.3522708302664292,0.0,0.0,0.0,664.0,2.0
card_dce27d94bcfab6b2cd88,state_4d8a1f21dad18f1bf92b,sgv31_u01,0,M0+R0|M0+RS|MS+R0|MS+RS,MS+RS,0.771205679933669,0.0,0.0,0.0,711.0,2.0,0.629952721634883,0.0,0.23958333333333334,0.25,583.375,1.4791666666666665,0.22879432006633116,0.0,0.5,1.0,205.0,0.0,0.22879432006633116,0.0,0.5,1.0,205.0,0.0,0.771205679933669,0.0,0.0,0.0,711.0,2.0
card_ddf0140c9c6b0084713b,state_cb9f7661a5f418ec49c0,sgv31_u01,0,M0+R0|M0+RS|ME+R0|ME+RS|MP+R0|MP+RS|MPE+R0|MPE+RS,ME+R0,0.5960014729249098,0.0,0.0,0.5,225.0,1.0,0.43516514932468525,0.13541666666666666,0.19791666666666669,0.21875,543.5625,1.9791666666666667,0.6166584859520035,0.0,0.5,0.5,199.0,0.0,0.5960014729249098,0.0,0.0,0.5,225.0,1.0,0.31960694179004806,0.5,0.0,0.0,674.0,3.0
card_ddf263ec5ba91ca249c8,state_4e38f93b7b143c891640,sgv31_u06,0,M0+R0|M0+RS|ME+R0|ME+RS|MP+R0|MP+RS|MPE+R0|MPE+RS|MPMS+R0|MPMS+RS|MPMSME+R0|MPMSME+RS|MS+R0|MS+RS|MSE+R0|MSE+RS,M0+RS,0.6372362442697551,0.0,0.5,0.0,587.0,1.0,0.461491691739203,0.28125,0.48958333333333337,0.25,563.8958333333333,2.375,0.49377161594244645,0.0,1.0,1.0,198.0,0.0,0.5119385065250187,0.0,0.5,1.0,223.0,1.0,0.43524893167482087,0.5,0.0,0.0,725.0,4.0
card_dfbd2c55dfb5870cea45,state_c4974243ec9aa174046f,sgv31_u06,0,M0+R0|M0+RS|ME+R0|ME+RS|MP+R0|MP+RS|MPE+R0|MPE+RS,ME+RS,0.3993098154269295,0.0,0.5,0.0,640.0,2.0,0.5113884729749274,0.08333333333333333,0.3645833333333333,0.25,563.6875,1.9791666666666667,0.40397004639885825,0.0,1.0,1.0,201.0,0.0,0.5370022086772306,0.0,0.5,1.0,251.0,1.0,0.6610444385412454,0.0,0.0,0.0,703.0,3.0
card_e0193ede056aea89748c,state_5a42e018e45c17646d2d,sgv31_u01,0,M0+R0|M0+RS|ME+R0|ME+RS|MP+R0|MP+RS|MPE+R0|MPE+RS,ME+RS,0.7011221132285027,0.0,0.5,0.0,617.0,2.0,0.59836538497007,0.1875,0.22916666666666669,0.25,546.5625,1.9791666666666667,0.2903071796611341,0.0,1.0,1.0,202.0,0.0,0.5456360399375307,0.0,0.5,1.0,228.0,1.0,0.6514915194330626,0.5,0.0,0.0,677.0,3.0
card_e01e5fae063e05c5b707,state_8d7774345b1e93200c84,sgv31_u11,0,M0+R0|M0+RS|ME+R0|ME+RS|MP+R0|MP+RS|MPE+R0|MPE+RS,ME+RS,0.5312320157343324,0.0,0.5,0.0,669.0,2.0,0.5049126971391739,0.2708333333333333,0.38541666666666663,0.25,587.3541666666667,1.9791666666666667,0.5334053184800683,0.0,0.5,1.0,207.0,0.0,0.5334053184800683,0.0,0.5,1.0,233.0,1.0,0.5312320157343324,0.5,0.0,0.0,730.0,3.0
card_e02d6b9018a1f80c3665,state_5552a78ec5d29ae7a768,sgv31_u11,0,M0+R0|M0+RS|MS+R0|MS+RS,MS+RS,0.46190489631732423,0.0,0.0,0.0,699.0,2.0,0.4765994031228221,0.0,0.13541666666666669,0.25,574.0208333333334,1.4791666666666665,0.6089661924189973,0.0,0.5,1.0,204.0,0.0,0.6089661924189973,0.0,0.5,1.0,204.0,0.0,0.46190489631732423,0.0,0.0,0.0,699.0,2.0
card_e0538d902cb419a1e311,state_bba634c26f74ef9851f7,sgv31_u11,0,M0+R0|M0+RS|ME+R0|ME+RS,ME+R0,0.6508241519760448,0.0,0.0,1.0,228.0,1.0,0.45286745250748595,0.0,0.17708333333333331,0.25,515.6770833333334,1.5729166666666667,0.3491758480239551,0.0,1.0,1.0,205.0,0.0,0.6508241519760448,0.0,0.0,1.0,228.0,1.0,0.3491758480239551,0.0,0.0,0.0,617.0,2.0
card_e07f4f0f4c07183943bc,state_c36ea875d22144f4d753,sgv31_u16,0,M0+R0|M0+RS|MP+R0|MP+RS,MP+R0,0.5379950269774428,0.0,0.0,1.0,214.0,1.0,0.469522222858611,0.0,0.27083333333333337,0.25,534.2291666666666,1.4791666666666665,0.6167168348814488,0.0,1.0,1.0,189.0,0.0,0.6167168348814488,0.0,1.0,1.0,189.0,0.0,0.4620049730225572,0.0,0.0,0.0,650.0,2.0
card_e0c318739e3c98510a18,state_c439d603b34677870882,sgv31_u11,0,M0+R0|M0+RS|ME+R0|ME+RS|MP+R0|MP+RS|MPE+R0|MPE+RS,MPE+RS,0.47619793186936415,0.5,0.0,0.0,728.0,3.0,0.5506184699672424,0.09375,0.3333333333333333,0.25,585.3541666666666,1.9791666666666667,0.3904121391037782,0.0,1.0,1.0,205.0,0.0,0.5123311178478994,0.0,0.5,1.0,231.0,1.0,0.47619793186936415,0.5,0.0,0.0,728.0,3.0
card_e19693e7d7cde7b2670e,state_1ea43a58308f71e7b5ad,sgv31_u11,0,M0+R0|M0+RS|ME+R0|ME+RS|MP+R0|MP+RS|MPE+R0|MPE+RS|MPMS+R0|MPMS+RS|MPMSME+R0|MPMSME+RS|MS+R0|MS+RS|MSE+R0|MSE+RS,MPMS+R0,0.5945945812234305,0.5,0.0,0.5,315.0,2.0,0.48636885186921036,0.23958333333333334,0.17708333333333331,0.19791666666666669,610.0416666666667,2.375,0.41882071281423644,0.0,0.5,1.0,195.0,0.0,0.5307575644390069,0.0,0.5,1.0,243.0,1.0,0.4791992855790149,0.5,0.0,0.0,790.0,4.0
card_e1b6a2471a72c03a0f36,state_e2626b6abc52788b72a6,sgv31_u06,0,M0+R0|M0+RS|ME+R0|ME+RS|MP+R0|MP+RS|MPE+R0|MPE+RS,MP+RS,0.34040685511592106,0.5,0.0,0.0,708.0,2.0,0.49328500585733137,0.125,0.25,0.20833333333333334,581.75,1.9791666666666667,0.4459235731077689,0.0,1.0,1.0,204.0,0.0,0.41351693870654926,0.0,0.5,1.0,229.0,1.0,0.3620954526476384,0.0,0.0,0.0,724.0,3.0
card_e1d76b4b3318a05061f4,state_bba634c26f74ef9851f7,sgv31_u11,0,M0+R0|M0+RS|ME+R0|ME+RS,ME+R0,0.7490563557512552,0.0,0.0,1.0,231.0,1.0,0.4623759761025086,0.0,0.08854166666666666,0.5572916666666667,518.1458333333334,1.5729166666666667,0.5380951036826757,0.0,0.5,1.0,205.0,0.0,0.7490563557512552,0.0,0.0,1.0,231.0,1.0,0.3910338075810027,0.0,0.0,0.5,620.0,2.0
card_e1e08313939b6a2384ae,state_f311acbf6079588aafaf,sgv31_u16,0,M0+R0|M0+RS|ME+R0|ME+RS|MS+R0|MS+RS|MSE+R0|MSE+RS,ME+RS,0.5223803190454589,0.0,0.5,0.0,655.0,2.0,0.48876906824749167,0.0,0.22916666666666666,0.1875,578.4583333333333,2.208333333333333,0.4323345644558757,0.0,0.5,1.0,203.0,0.0,0.4785877891662042,0.0,0.5,1.0,251.0,1.0,0.43233456445587565,0.0,0.0,0.0,705.0,3.0
card_e2690a22d6233e5a91b1,state_f89892f95e76911fe8a3,sgv31_u01,0,M0+R0|M0+RS|ME+R0|ME+RS|MP+R0|MP+RS|MPE+R0|MPE+RS,MP+R0,0.4100670754246238,0.0,0.0,0.5,263.0,1.0,0.43722422625908763,0.09375,0.25,0.16666666666666669,524.625,1.9791666666666667,0.66876784304528,0.0,1.0,0.5,194.0,0.0,0.6592924336435877,0.0,0.5,0.5,239.0,1.0,0.3321795723181308,0.5,0.0,0.0,652.0,3.0
card_e269a7a86decf479a1f4,state_f3f53e5d539285c59b9a,sgv31_u11,0,M0+R0|M0+RS|ME+R0|ME+RS|MS+R0|MS+RS|MSE+R0|MSE+RS,ME+RS,0.6266068970371004,0.0,0.5,0.0,615.0,2.0,0.5895419527293193,0.27083333333333337,0.23958333333333331,0.25,547.4166666666667,2.208333333333333,0.36443359775202044,0.0,0.5,1.0,203.0,0.0,0.3741922205322717,0.0,0.5,1.0,226.0,1.0,0.6965874208649424,0.5,0.0,0.0,665.0,3.0
card_e26d2d91ace47ffe83f8,state_9e107b0242671c765ccd,sgv31_u06,0,M0+R0|M0+RS|ME+R0|ME+RS|MP+R0|MP+RS|MPE+R0|MPE+RS,MPE+R0,0.5883574287395305,0.0,0.0,1.0,238.0,2.0,0.5025592446623237,0.09375,0.041666666666666664,0.21875,543.0,1.9791666666666667,0.45327889443997293,0.0,1.0,1.0,198.0,0.0,0.5432851929497347,0.0,0.0,0.5,223.0,1.0,0.4104593774714547,0.5,0.0,0.0,661.0,3.0
card_e2bcc7b7fb491fb90e37,state_3aa33ab57f5ed20bb869,sgv31_u16,0,M0+R0|M0+RS|ME+R0|ME+RS|MP+R0|MP+RS|MPE+R0|MPE+RS|MPMS+R0|MPMS+RS|MPMSME+R0|MPMSME+RS|MS+R0|MS+RS|MSE+R0|MSE+RS,ME+R0,0.6733937423282925,0.0,0.5,1.0,224.0,1.0,0.4740850755100512,0.13541666666666669,0.48958333333333337,0.1875,565.375,2.375,0.48441259791389224,0.0,0.5,1.0,199.0,0.0,0.6733937423282925,0.0,0.5,1.0,224.0,1.0,0.3826959518986684,0.0,0.0,0.0,727.0,4.0
card_e3f7dda77b28861b3fb6,state_a2cb8f1a1e8111f99733,sgv31_u01,0,M0+R0|M0+RS|ME+R0|ME+RS,M0+RS,0.6089661924189973,0.0,0.5,0.0,614.0,1.0,0.6059517058194742,0.0,0.08854166666666666,0.14583333333333334,527.1770833333334,1.5729166666666667,0.2509436442487448,0.0,0.5,1.0,191.0,0.0,0.46190489631732423,0.0,0.0,0.5,214.0,1.0,0.6781852670149338,0.0,0.0,0.0,637.0,2.0
card_e425653f9cf30c7f7362,state_f311acbf6079588aafaf,sgv31_u16,0,M0+R0|M0+RS|ME+R0|ME+RS,ME+RS,0.5379950269774428,0.0,0.0,0.0,635.0,2.0,0.526377682979722,0.0,0.15625,0.25,529.0416666666667,1.5729166666666667,0.38328316511855115,0.0,0.5,1.0,203.0,0.0,0.4620049730225572,0.0,0.0,1.0,231.0,1.0,0.5379950269774428,0.0,0.0,0.0,635.0,2.0
card_e4dedb18bbd8ea77bbf0,state_cb9f7661a5f418ec49c0,sgv31_u01,0,M0+R0|M0+RS|MS+R0|MS+RS,M0+R0,0.5756081986333689,0.0,0.5,1.0,199.0,0.0,0.5126780190566025,0.0,0.13541666666666669,0.25,530.125,1.4791666666666665,0.5756081986333689,0.0,0.5,1.0,199.0,0.0,0.5756081986333689,0.0,0.5,1.0,199.0,0.0,0.5756081986333689,0.0,0.0,0.0,642.0,2.0
card_e54cd86cadfcb82224d7,state_1ea43a58308f71e7b5ad,sgv31_u11,0,M0+R0|M0+RS|MS+R0|MS+RS,MS+R0,0.6873181682420647,0.0,0.0,1.0,254.0,1.0,0.5098741237533869,0.0,0.27083333333333337,0.25,565.0208333333334,1.4791666666666665,0.3126818317579353,0.0,1.0,1.0,195.0,0.0,0.3126818317579353,0.0,1.0,1.0,195.0,0.0,0.45937805816938654,0.0,0.0,0.0,690.0,2.0
card_e7870e06c0b95803b459,state_0412987e6eaf55b6450e,sgv31_u11,0,M0+R0|M0+RS|MP+R0|MP+RS|MPMS+R0|MPMS+RS|MS+R0|MS+RS,MPMS+R0,0.6087203979632705,0.5,0.0,1.0,315.0,2.0,0.4543721589325662,0.25,0.2604166666666667,0.21875,605.3125000000001,2.041666666666667,0.6087203979632705,0.0,1.0,0.5,195.0,0.0,0.6087203979632705,0.0,1.0,0.5,195.0,0.0,0.3920183946154135,0.5,0.0,0.0,757.0,3.0
card_e8495c5588a6547697f9,state_b7d59dcef186d683dbef,sgv31_u16,0,M0+R0|M0+RS|ME+R0|ME+RS,ME+RS,0.6508241519760448,0.0,0.0,0.0,681.0,2.0,0.5471325474925139,0.0,0.109375,0.25,563.5729166666666,1.5729166666666667,0.6508241519760448,0.0,1.0,1.0,204.0,0.0,0.3491758480239551,0.0,0.0,1.0,229.0,1.0,0.6508241519760448,0.0,0.0,0.0,681.0,2.0
card_e895c7c3ad94a4c74df6,state_56323a2dbe7496613c69,sgv31_u01,0,M0+R0|M0+RS|MS+R0|MS+RS,M0+RS,0.723145270250137,0.0,1.0,0.0,597.0,1.0,0.4873219809433975,0.0,0.23958333333333334,0.25,537.625,1.4791666666666665,0.42439180136663107,0.0,0.5,1.0,202.0,0.0,0.42439180136663107,0.0,0.5,1.0,202.0,0.0,0.42439180136663107,0.0,0.0,0.0,651.0,2.0
card_e926778a41fff22e29a5,state_4e38f93b7b143c891640,sgv31_u06,0,M0+R0|M0+RS|MP+R0|MP+RS,M0+RS,0.4620049730225572,0.0,1.0,0.0,587.0,1.0,0.4531218462119431,0.0,0.27083333333333337,0.21875,542.25,1.4791666666666665,0.5379950269774428,0.0,1.0,0.5,198.0,0.0,0.5379950269774428,0.0,1.0,0.5,198.0,0.0,0.38328316511855115,0.0,0.0,0.0,659.0,2.0
card_e9cdbf5d184016129349,state_201d6dfa8f16acc4e686,sgv31_u06,0,M0+R0|M0+RS|ME+R0|ME+RS|MS+R0|MS+RS|MSE+R0|MSE+RS,MSE+RS,0.31497285864477975,0.0,0.0,0.0,668.0,3.0,0.4622277785260366,0.0,0.22916666666666666,0.25,549.375,2.208333333333333,0.35647593762455415,0.0,0.5,0.5,201.0,0.0,0.5770176430918939,0.0,0.5,1.0,229.0,1.0,0.31497285864477975,0.0,0.0,0.0,668.0,3.0
card_ea6dc8468b3b4572a3d1,state_9d9a435ab7e0fe25c389,sgv31_u16,0,M0+R0|M0+RS|MP+R0|MP+RS,MP+RS,0.3491758480239551,0.0,0.0,0.0,687.0,2.0,0.4685783016716573,0.0,0.16666666666666669,0.25,561.4791666666667,1.4791666666666665,0.3491758480239551,0.0,1.0,1.0,191.0,0.0,0.3491758480239551,0.0,1.0,1.0,191.0,0.0,0.3491758480239551,0.0,0.0,0.0,687.0,2.0
card_ea8782ea0f2bcbf4b901,state_27ac82cb8118ff171f0d,sgv31_u16,0,M0+R0|M0+RS|ME+R0|ME+RS,ME+RS,0.5756081986333689,0.0,0.0,0.0,666.0,2.0,0.5128696506008719,0.0,0.17708333333333331,0.25,552.3958333333333,1.5729166666666667,0.5756081986333689,0.0,1.0,1.0,204.0,0.0,0.2768547297498632,0.0,0.0,1.0,230.0,1.0,0.5756081986333689,0.0,0.0,0.0,666.0,2.0
card_eaa8f14f2735022ab578,state_f3f53e5d539285c59b9a,sgv31_u11,0,M0+R0|M0+RS|ME+R0|ME+RS,ME+RS,0.42439180136663107,0.0,0.0,0.0,615.0,2.0,0.4656145264550163,0.0,0.08854166666666666,0.25,513.6770833333333,1.5729166666666667,0.42439180136663107,0.0,0.5,1.0,203.0,0.0,0.42807112701660105,0.0,0.0,1.0,226.0,1.0,0.42439180136663107,0.0,0.0,0.0,615.0,2.0
card_eb595c7d0d5427a0494e,state_bd91983afa739d0c0737,sgv31_u06,0,M0+R0|M0+RS|ME+R0|ME+RS,ME+RS,0.6781852670149338,0.0,0.0,0.0,677.0,2.0,0.6059517058194742,0.0,0.17708333333333331,0.25,562.0416666666667,1.5729166666666667,0.2509436442487448,0.0,1.0,1.0,209.0,0.0,0.46190489631732423,0.0,0.0,1.0,237.0,1.0,0.6781852670149338,0.0,0.0,0.0,677.0,2.0
card_eb6ab6ec630102374dc8,state_9e107b0242671c765ccd,sgv31_u06,0,M0+R0|M0+RS|ME+R0|ME+RS|MP+R0|MP+RS|MPE+R0|MPE+RS|MPMS+R0|MPMS+RS|MPMSME+R0|MPMSME+RS|MS+R0|MS+RS|MSE+R0|MSE+RS,MPMSME+R0,0.5419505976071626,0.0,0.0,1.0,254.0,3.0,0.5305219744058798,0.0,0.10416666666666666,0.21875000000000003,549.3958333333335,2.375,0.5470700927752218,0.0,1.0,1.0,198.0,0.0,0.5903371992089164,0.0,0.5,0.5,223.0,1.0,0.344238131096404,0.0,0.0,0.0,677.0,4.0
card_ebbfe827a0469e7265e7,state_0283b9cf5346eea0b52e,sgv31_u06,0,M0+R0|M0+RS|ME+R0|ME+RS|MP+R0|MP+RS|MPE+R0|MPE+RS|MPMS+R0|MPMS+RS|MPMSME+R0|MPMSME+RS|MS+R0|MS+RS|MSE+R0|MSE+RS,MSE+RS,0.4756117963200098,0.0,0.5,0.0,680.0,3.0,0.5093970197199192,0.1875,0.26041666666666663,0.25,587.1458333333333,2.375,0.337003170726122,0.0,1.0,1.0,203.0,0.0,0.4133512744426265,0.0,0.5,1.0,228.0,1.0,0.6685796691552699,0.5,0.0,0.0,743.0,4.0
card_ebec52d748766926e060,state_d6f3cab4f6d3122e390b,sgv31_u01,0,M0+R0|M0+RS|ME+R0|ME+RS,ME+RS,0.38328316511855115,0.5,0.0,0.0,685.0,2.0,0.44902175205027617,0.41145833333333337,0.17708333333333331,0.25,568.03125,1.5729166666666667,0.5379950269774428,0.0,1.0,1.0,204.0,0.0,0.6167168348814488,0.5,0.0,1.0,249.0,1.0,0.38328316511855115,0.5,0.0,0.0,685.0,2.0
card_ebfaa29436fedec9a0fa,state_201d6dfa8f16acc4e686,sgv31_u06,0,M0+R0|M0+RS|MS+R0|MS+RS,MS+RS,0.38328316511855115,0.0,0.0,0.0,649.0,2.0,0.4531218462119431,0.0,0.23958333333333334,0.25,535.7708333333333,1.4791666666666665,0.5379950269774428,0.0,0.5,1.0,201.0,0.0,0.5379950269774428,0.0,0.5,1.0,201.0,0.0,0.38328316511855115,0.0,0.0,0.0,649.0,2.0
card_ed84ece780b7cd7d5f39,state_9e107b0242671c765ccd,sgv31_u06,0,M0+R0|M0+RS|ME+R0|ME+RS|MS+R0|MS+RS|MSE+R0|MSE+RS,MSE+R0,0.6065509044175859,0.0,0.0,1.0,242.0,2.0,0.44863729602983754,0.0,0.08333333333333333,0.25,549.2083333333334,2.208333333333333,0.5411567781794854,0.0,1.0,1.0,198.0,0.0,0.6378551720320973,0.0,0.0,1.0,226.0,1.0,0.3295829604533974,0.0,0.0,0.0,665.0,3.0
card_ee437fbd936f01d5eafd,state_c36ea875d22144f4d753,sgv31_u16,0,M0+R0|M0+RS|MP+R0|MP+RS|MPMS+R0|MPMS+RS|MS+R0|MS+RS,MS+R0,0.6092861742748551,0.0,0.0,1.0,239.0,1.0,0.5125596879468964,0.0,0.20833333333333334,0.25,559.9375,2.041666666666667,0.609790028023445,0.0,1.0,1.0,189.0,0.0,0.609790028023445,0.0,1.0,1.0,189.0,0.0,0.5212226164997122,0.0,0.0,0.0,691.0,3.0
card_ee8be9336bc6d158b5fd,state_3aa33ab57f5ed20bb869,sgv31_u16,0,M0+R0|M0+RS|MS+R0|MS+RS,M0+R0,0.6167168348814488,0.0,1.0,1.0,199.0,0.0,0.469522222858611,0.0,0.16666666666666669,0.25,533.7708333333333,1.4791666666666665,0.6167168348814488,0.0,1.0,1.0,199.0,0.0,0.6167168348814488,0.0,1.0,1.0,199.0,0.0,0.4620049730225572,0.0,0.0,0.0,647.0,2.0
card_ef86057be747dec54a98,state_0283b9cf5346eea0b52e,sgv31_u06,0,M0+R0|M0+RS|ME+R0|ME+RS|MP+R0|MP+RS|MPE+R0|MPE+RS,ME+RS,0.5813419840130075,0.0,0.5,0.0,664.0,2.0,0.5708746350922286,0.13541666666666666,0.22916666666666669,0.25,583.75,1.9791666666666667,0.24097796263220103,0.0,1.0,1.0,203.0,0.0,0.4158660111946573,0.0,0.5,1.0,228.0,1.0,0.6431755305166492,0.5,0.0,0.0,727.0,3.0
card_f00c87b3706aa7b4df37,state_3c54a859a49689671a41,sgv31_u16,0,M0+R0|M0+RS|ME+R0|ME+RS,ME+RS,0.6781852670149338,0.0,0.0,0.0,616.0,2.0,0.6059517058194742,0.0,0.08854166666666666,0.25,514.3229166666667,1.5729166666666667,0.2509436442487448,0.0,0.5,1.0,202.0,0.0,0.46190489631732423,0.0,0.0,1.0,227.0,1.0,0.6781852670149338,0.0,0.0,0.0,616.0,2.0
card_f0460beb7bf0d9860628,state_079d06cb710a5ff5d2f5,sgv31_u16,0,M0+R0|M0+RS|ME+R0|ME+RS,ME+R0,0.571928872983399,0.0,0.0,0.5,242.0,1.0,0.5343854735449838,0.0,0.17708333333333331,0.14583333333333334,498.25,1.5729166666666667,0.5756081986333689,0.0,1.0,1.0,194.0,0.0,0.571928872983399,0.0,0.0,0.5,242.0,1.0,0.5756081986333689,0.0,0.0,0.0,595.0,2.0
card_f096658e80f329eb8815,state_d711bb59278dd0fecdeb,sgv31_u01,0,M0+R0|M0+RS|ME+R0|ME+RS|MP+R0|MP+RS|MPE+R0|MPE+RS|MPMS+R0|MPMS+RS|MPMSME+R0|MPMSME+RS|MS+R0|MS+RS|MSE+R0|MSE+RS,MSE+RS,0.6190235769921931,0.0,0.5,0.0,727.0,3.0,0.5545190554226741,0.21874999999999997,0.43750000000000006,0.25,613.8541666666666,2.375,0.5236253008588573,0.0,1.0,1.0,204.0,0.0,0.31149524895627,0.0,0.5,1.0,230.0,1.0,0.59826382438777,0.5,0.0,0.0,787.0,4.0
card_f1127ca3986140d2d8ad,state_c4974243ec9aa174046f,sgv31_u06,0,M0+R0|M0+RS|MP+R0|MP+RS,M0+RS,0.723145270250137,0.0,0.5,0.0,590.0,1.0,0.4873219809433975,0.09375,0.16666666666666669,0.21875,545.25,1.4791666666666665,0.42439180136663107,0.0,1.0,0.5,201.0,0.0,0.42439180136663107,0.0,1.0,0.5,201.0,0.0,0.42439180136663107,0.0,0.0,0.0,662.0,2.0
card_f12850e42139a726f095,state_e2626b6abc52788b72a6,sgv31_u06,0,M0+R0|M0+RS|ME+R0|ME+RS|MS+R0|MS+RS|MSE+R0|MSE+RS,ME+RS,0.4631629612595895,0.0,0.5,0.0,664.0,2.0,0.5249043792835992,0.0,0.16666666666666666,0.25,578.625,2.208333333333333,0.3074194003660173,0.0,0.5,1.0,204.0,0.0,0.6012759081467186,0.0,0.5,1.0,232.0,1.0,0.564827989896642,0.0,0.0,0.0,705.0,3.0
card_f17ac1e3d7b8dcb68d86,state_bd91983afa739d0c0737,sgv31_u06,0,M0+R0|M0+RS|ME+R0|ME+RS|MP+R0|MP+RS|MPE+R0|MPE+RS,MPE+RS,0.5878938033288401,0.5,0.0,0.0,737.0,3.0,0.5397224546818684,0.21875,0.3020833333333333,0.21875,592.75,1.9791666666666667,0.41317982942497805,0.0,0.5,1.0,209.0,0.0,0.39229040744323374,0.0,0.5,0.5,234.0,1.0,0.5878938033288401,0.5,0.0,0.0,737.0,3.0
card_f1fa64abee4c0aa92215,state_4853397884f523af29af,sgv31_u06,0,M0+R0|M0+RS|ME+R0|ME+RS,ME+RS,0.45937805816938654,0.0,0.0,0.0,634.0,2.0,0.5010584144040069,0.0,0.17708333333333331,0.22916666666666669,528.5729166666667,1.5729166666666667,0.3126818317579353,0.0,1.0,0.5,205.0,0.0,0.5406219418306134,0.0,0.0,1.0,230.0,1.0,0.45937805816938654,0.0,0.0,0.0,634.0,2.0
card_f23418d80e5db17692ba,state_f89892f95e76911fe8a3,sgv31_u01,0,M0+R0|M0+RS|MP+R0|MP+RS,MP+R0,0.42027387897110263,0.0,0.0,1.0,263.0,1.0,0.516609608547687,0.0,0.27083333333333337,0.21875,509.0625,1.4791666666666665,0.5797261210288974,0.0,1.0,0.5,194.0,0.0,0.5797261210288974,0.0,1.0,0.5,194.0,0.0,0.5797261210288974,0.0,0.0,0.0,616.0,2.0
card_f264583a4e39d3369bf7,state_5552a78ec5d29ae7a768,sgv31_u11,0,M0+R0|M0+RS|ME+R0|ME+RS|MP+R0|MP+RS|MPE+R0|MPE+RS,MP+RS,0.734602243157548,0.5,0.5,0.0,710.0,2.0,0.6060459041947905,0.2708333333333333,0.1875,0.25,584.3541666666667,1.9791666666666667,0.20782833134266374,0.0,1.0,1.0,204.0,0.0,0.33724330967736155,0.0,0.5,1.0,230.0,1.0,0.6266207371254454,0.5,0.0,0.0,727.0,3.0
card_f46000395a4eb86d52ab,state_017f27bddc5532d591d2,sgv31_u16,0,M0+R0|M0+RS|ME+R0|ME+RS|MP+R0|MP+RS|MPE+R0|MPE+RS|MPMS+R0|MPMS+RS|MPMSME+R0|MPMSME+RS|MS+R0|MS+RS|MSE+R0|MSE+RS,MPE+RS,0.6558640059603141,0.0,0.0,0.0,746.0,3.0,0.5749686356281023,0.010416666666666666,0.3854166666666667,0.25,614.125,2.375,0.48656815217374483,0.0,0.5,1.0,205.0,0.0,0.353540982661371,0.0,0.5,1.0,230.0,1.0,0.6690155658925832,0.5,0.0,0.0,787.0,4.0
card_f6950011e0b9d350f313,state_bd91983afa739d0c0737,sgv31_u06,0,M0+R0|M0+RS|MP+R0|MP+RS,MP+RS,0.6477291697335709,0.0,0.0,0.0,721.0,2.0,0.5738645848667854,0.0,0.16666666666666669,0.25,591.5,1.4791666666666665,0.3522708302664292,0.0,1.0,1.0,209.0,0.0,0.3522708302664292,0.0,1.0,1.0,209.0,0.0,0.6477291697335709,0.0,0.0,0.0,721.0,2.0
card_f6ed4be3585259ad10bc,state_143d4e5fd318b92e87b5,sgv31_u06,0,M0+R0|M0+RS|MP+R0|MP+RS|MPMS+R0|MPMS+RS|MS+R0|MS+RS,MPMS+R0,0.5966034608584411,0.0,0.0,1.0,283.0,2.0,0.45165943345553783,0.0,0.2604166666666667,0.25,583.1458333333334,2.041666666666667,0.6272928139429104,0.0,1.0,1.0,195.0,0.0,0.6272928139429104,0.0,1.0,1.0,195.0,0.0,0.37081366778391006,0.0,0.0,0.0,723.0,3.0
card_f735ed064b9f0151118d,state_f311acbf6079588aafaf,sgv31_u16,0,M0+R0|M0+RS|MP+R0|MP+RS|MPMS+R0|MPMS+RS|MS+R0|MS+RS,M0+RS,0.5115986376575131,0.0,1.0,0.5,607.0,1.0,0.5742109908794214,0.0,0.32291666666666663,0.25000000000000006,586.75,2.041666666666667,0.36306898886120154,0.0,0.5,1.0,203.0,0.0,0.36306898886120154,0.0,0.5,1.0,203.0,0.0,0.6995201260772336,0.0,0.0,0.0,730.0,3.0
card_f7b5e7f98421e34bd9d3,state_9a3a18ff6ddbc3809d2e,sgv31_u11,0,M0+R0|M0+RS|MS+R0|MS+RS,MS+R0,0.6477291697335709,0.0,0.0,0.5,254.0,1.0,0.4261354151332146,0.0,0.27083333333333337,0.15625,555.2708333333333,1.4791666666666665,0.6477291697335709,0.0,1.0,1.0,195.0,0.0,0.6477291697335709,0.0,1.0,1.0,195.0,0.0,0.3522708302664292,0.0,0.0,0.0,677.0,2.0
card_f7fa4bb8a4fea4686fd9,state_bba634c26f74ef9851f7,sgv31_u11,0,M0+R0|M0+RS|MP+R0|MP+RS|MPMS+R0|MPMS+RS|MS+R0|MS+RS,M0+R0,0.6122619268843547,0.0,1.0,0.5,205.0,0.0,0.5223713014287248,0.3229166666666667,0.35416666666666663,0.21875,575.5625,2.041666666666667,0.6122619268843547,0.0,1.0,0.5,205.0,0.0,0.6122619268843547,0.0,1.0,0.5,205.0,0.0,0.5222265866263046,0.5,0.0,0.0,714.0,3.0
card_f80b1ca3ea4ec8bee5f0,state_f311acbf6079588aafaf,sgv31_u16,0,M0+R0|M0+RS|ME+R0|ME+RS|MP+R0|MP+RS|MPE+R0|MPE+RS|MPMS+R0|MPMS+RS|MPMSME+R0|MPMSME+RS|MS+R0|MS+RS|MSE+R0|MSE+RS,ME+RS,0.6217779871906476,0.0,0.5,0.0,635.0,2.0,0.5308710789076878,0.0,0.5104166666666666,0.23958333333333334,582.5625,2.375,0.4134235977177452,0.0,1.0,1.0,203.0,0.0,0.5185822468964545,0.0,0.5,1.0,231.0,1.0,0.43719595447954257,0.0,0.0,0.0,749.0,4.0
card_fa3912a7cb728ab94ef0,state_f3f53e5d539285c59b9a,sgv31_u11,0,M0+R0|M0+RS|MP+R0|MP+RS,M0+RS,0.45937805816938654,0.0,1.0,0.0,592.0,1.0,0.49012587624661297,0.2708333333333333,0.27083333333333337,0.25,545.7916666666666,1.4791666666666665,0.6873181682420647,0.0,1.0,1.0,203.0,0.0,0.6873181682420647,0.0,1.0,1.0,203.0,0.0,0.5406219418306134,0.5,0.0,0.0,662.0,2.0
card_fadfc7549cfb5346e792,state_d6fc7098e529947669eb,sgv31_u11,0,M0+R0|M0+RS|ME+R0|ME+RS,ME+RS,0.6873181682420647,0.0,0.0,0.0,625.0,2.0,0.5829862986442205,0.0,0.17708333333333331,0.25,521.6770833333334,1.5729166666666667,0.5406219418306134,0.0,1.0,1.0,205.0,0.0,0.45937805816938654,0.0,0.0,1.0,228.0,1.0,0.6873181682420647,0.0,0.0,0.0,625.0,2.0
card_fb17c3351357f66a87bd,state_580274998738423267ef,sgv31_u11,0,M0+R0|M0+RS|ME+R0|ME+RS|MP+R0|MP+RS|MPE+R0|MPE+RS|MPMS+R0|MPMS+RS|MPMSME+R0|MPMSME+RS|MS+R0|MS+RS|MSE+R0|MSE+RS,ME+RS,0.6106543009543075,0.0,0.5,0.0,611.0,2.0,0.5564676225950631,0.11458333333333334,0.5104166666666666,0.2291666666666667,561.5833333333334,2.375,0.33206990564398986,0.0,1.0,1.0,196.0,0.0,0.38558998374163067,0.0,0.5,1.0,222.0,1.0,0.6095761851612042,0.0,0.0,0.0,722.0,4.0
card_fbe7b86e1c23a0c0ed2a,state_1d2e66d5430e39adb40b,sgv31_u16,0,M0+R0|M0+RS|ME+R0|ME+RS|MS+R0|MS+RS|MSE+R0|MSE+RS,ME+RS,0.659800609846486,0.0,0.5,0.0,639.0,2.0,0.5371815692203451,0.27083333333333337,0.16666666666666666,0.25,566.2083333333334,2.208333333333333,0.49276494514581376,0.0,1.0,1.0,202.0,0.0,0.4046511266706055,0.0,0.0,1.0,250.0,1.0,0.5748356827122313,0.5,0.0,0.0,689.0,3.0
card_fc706b0c899d96c491e9,state_5a42e018e45c17646d2d,sgv31_u01,0,M0+R0|M0+RS|ME+R0|ME+RS,ME+RS,0.7490563557512552,0.0,0.0,0.0,617.0,2.0,0.6388221405569883,0.0,0.17708333333333331,0.25,515.1458333333334,1.5729166666666667,0.32181473298506635,0.0,1.0,1.0,202.0,0.0,0.5380951036826757,0.0,0.0,1.0,228.0,1.0,0.7490563557512552,0.0,0.0,0.0,617.0,2.0
card_fde3d8f14ec2b4abfbe5,state_83c91372ab0f2a755221,sgv31_u16,0,M0+R0|M0+RS|MP+R0|MP+RS,MP+RS,0.42439180136663107,0.0,0.0,0.0,670.0,2.0,0.4873219809433975,0.0,0.16666666666666669,0.25,551.4791666666666,1.4791666666666665,0.42439180136663107,0.0,1.0,1.0,202.0,0.0,0.42439180136663107,0.0,1.0,1.0,202.0,0.0,0.42439180136663107,0.0,0.0,0.0,670.0,2.0
card_ff3c4367846287886677,state_a5c0950eade6eebba49e,sgv31_u01,0,M0+R0|M0+RS|ME+R0|ME+RS,ME+RS,0.6477291697335709,0.0,0.0,0.0,617.0,2.0,0.5738645848667855,0.0,0.15625,0.25,515.1458333333334,1.5729166666666667,0.3522708302664292,0.0,0.5,1.0,202.0,0.0,0.3522708302664292,0.0,0.0,1.0,228.0,1.0,0.6477291697335709,0.0,0.0,0.0,617.0,2.0
card_ffbca083707b6220e655,state_c439d603b34677870882,sgv31_u11,0,M0+R0|M0+RS|MP+R0|MP+RS,MP+RS,0.771205679933669,0.5,0.0,0.0,711.0,2.0,0.629952721634883,0.2708333333333333,0.13541666666666669,0.25,583.0416666666667,1.4791666666666665,0.22879432006633116,0.0,0.5,1.0,205.0,0.0,0.22879432006633116,0.0,0.5,1.0,205.0,0.0,0.771205679933669,0.5,0.0,0.0,711.0,2.0
card_ffd6709f0ca5c3689a20,state_83c91372ab0f2a755221,sgv31_u16,0,M0+R0|M0+RS|MP+R0|MP+RS|MPMS+R0|MPMS+RS|MS+R0|MS+RS,MP+RS,0.46612547145767075,0.0,0.5,0.0,670.0,2.0,0.5529077695232665,0.0,0.28125000000000006,0.17708333333333334,579.0,2.041666666666667,0.45625611677477423,0.0,1.0,1.0,202.0,0.0,0.45625611677477423,0.0,1.0,1.0,202.0,0.0,0.6730219563143941,0.0,0.0,0.0,720.0,3.0
card_002c5f5f853d8d1af54d,state_448cae978aef8c2f0f12,sgv31_u15,1,M0+R0|M0+RS|MS+R0|MS+RS,MS+R0,0.45937805816938654,0.0,0.0,1.0,254.0,1.0,0.5556690657755861,0.0,0.25,0.2777777777777778,557.0277777777778,1.4722222222222223,0.5406219418306134,0.0,1.0,1.0,195.0,0.0,0.5406219418306134,0.0,1.0,1.0,195.0,0.0,0.6873181682420647,0.0,0.0,0.0,694.0,2.0
card_003145c68a5c46928406,state_33c35f9bf27888221702,sgv31_u05,1,M0+R0|M0+RS|MP+R0|MP+RS,M0+RS,0.31268183175793535,0.0,0.5,0.0,592.0,1.0,0.5244493710685751,0.3333333333333333,0.16666666666666669,0.16666666666666666,531.9444444444445,1.3888888888888888,0.5406219418306134,0.0,0.5,1.0,203.0,0.0,0.5406219418306134,0.0,0.5,1.0,203.0,0.0,0.6873181682420647,0.5,0.0,0.0,664.0,2.0
card_0226a2ce65970b03f43d,state_cef34308284c6c7c7a65,sgv31_u15,1,M0+R0|M0+RS|ME+R0|ME+RS|MS+R0|MS+RS|MSE+R0|MSE+RS,MSE+R0,0.5755805761470362,0.0,0.0,1.0,274.0,2.0,0.45903448197924934,0.0,0.05555555555555555,0.2777777777777778,559.4444444444443,2.1944444444444446,0.5755805761470362,0.0,1.0,1.0,198.0,0.0,0.585203204292372,0.0,0.0,1.0,224.0,1.0,0.3597951239412625,0.0,0.0,0.0,697.0,3.0
card_04e4c81385966f550671,state_4853d3c4eff71659d77d,sgv31_u10,1,M0+R0|M0+RS|ME+R0|ME+RS,M0+RS,0.6477291697335709,0.0,0.5,0.0,597.0,1.0,0.565657408770476,0.0,0.0763888888888889,0.2777777777777778,507.6111111111111,1.5694444444444444,0.3522708302664292,0.0,0.5,1.0,202.0,0.0,0.3522708302664292,0.0,0.0,1.0,226.0,1.0,0.6477291697335709,0.0,0.0,0.0,621.0,2.0
card_0577d0601b643c2ce92a,state_4c145452aa49d03656ae,sgv31_u10,1,M0+R0|M0+RS|ME+R0|ME+RS|MP+R0|MP+RS|MPE+R0|MPE+RS|MPMS+R0|MPMS+RS|MPMSME+R0|MPMSME+RS|MS+R0|MS+RS|MSE+R0|MSE+RS,MPE+R0,0.7698011897514966,0.0,0.5,0.5,284.0,2.0,0.4828728129581193,0.08333333333333333,0.1527777777777778,0.23611111111111108,522.0833333333333,2.388888888888889,0.39384082599945036,0.0,1.0,0.5,194.0,0.0,0.4315142104659821,0.0,0.5,1.0,222.0,1.0,0.5947711647440831,0.0,0.0,0.0,680.0,4.0
card_061b90dc2165279de874,state_e7b84a4bace024bb0104,sgv31_u05,1,M0+R0|M0+RS|MP+R0|MP+RS|MPMS+R0|MPMS+RS|MS+R0|MS+RS,M0+RS,0.7595955388525987,0.0,1.0,0.0,587.0,1.0,0.5402826198818473,0.0,0.33333333333333337,0.2777777777777778,559.9166666666667,2.0277777777777777,0.4167396050572617,0.0,0.5,1.0,198.0,0.0,0.4167396050572617,0.0,0.5,1.0,198.0,0.0,0.5866623664518664,0.0,0.0,0.0,709.0,3.0
card_068d236fa1de10a40baa,state_53dc0d4bb174b42ec50c,sgv31_u05,1,M0+R0|M0+RS|MS+R0|MS+RS,MS+RS,0.5379950269774428,0.0,0.0,0.0,661.0,2.0,0.5278202630877532,0.0,0.125,0.1388888888888889,535.9722222222223,1.4722222222222223,0.38328316511855115,0.0,0.5,0.5,205.0,0.0,0.38328316511855115,0.0,0.5,0.5,205.0,0.0,0.5379950269774428,0.0,0.0,0.0,661.0,2.0
card_076cf981b86c0c65d6bc,state_4853d3c4eff71659d77d,sgv31_u10,1,M0+R0|M0+RS|ME+R0|ME+RS|MS+R0|MS+RS|MSE+R0|MSE+RS,M0+RS,0.6516263207633587,0.0,1.0,0.0,597.0,1.0,0.5249658628070043,0.0,0.2638888888888889,0.2361111111111111,541.6666666666667,2.1944444444444446,0.4444209077108932,0.0,1.0,1.0,202.0,0.0,0.4558504289986151,0.0,0.5,1.0,226.0,1.0,0.4893111064856886,0.0,0.0,0.0,671.0,3.0
card_0a0ae433c5457b41d0b1,state_1c48acc3c2fc7b9e4d1c,sgv31_u15,1,M0+R0|M0+RS|ME+R0|ME+RS|MP+R0|MP+RS|MPE+R0|MPE+RS|MPMS+R0|MPMS+RS|MPMSME+R0|MPMSME+RS|MS+R0|MS+RS|MSE+R0|MSE+RS,MPMS+RS,0.483480796259434,0.5,0.5,0.0,770.0,3.0,0.5268283649191944,0.2361111111111111,0.47222222222222227,0.2777777777777778,616.9444444444445,2.388888888888889,0.3820743908675362,0.0,0.5,1.0,209.0,0.0,0.3079715936248292,0.0,0.5,1.0,257.0,1.0,0.5434424437542087,0.0,0.0,0.0,809.0,4.0
card_0a0c9d74b0d3e0fd36d6,state_f431a5373f9ff5b5bcfb,sgv31_u10,1,M0+R0|M0+RS|ME+R0|ME+RS|MS+R0|MS+RS|MSE+R0|MSE+RS,MSE+RS,0.5564224928644327,0.0,0.0,0.0,702.0,3.0,0.524330495324175,0.0,0.2638888888888889,0.2777777777777778,563.4166666666667,2.1944444444444446,0.5079553309587514,0.0,0.5,1.0,199.0,0.0,0.5332940577158921,0.0,0.5,1.0,223.0,1.0,0.5564224928644327,0.0,0.0,0.0,702.0,3.0
card_0b212f5042d74fb0a572,state_e7b84a4bace024bb0104,sgv31_u05,1,M0+R0|M0+RS,M0+RS,0.7215937546003562,0.0,1.0,0.0,587.0,1.0,0.598486113155714,0.0,1.0,0.2777777777777778,478.94444444444446,0.7222222222222222,0.27840624539964376,0.0,1.0,1.0,198.0,0.0,0.27840624539964376,0.0,1.0,1.0,198.0,0.0,0.7215937546003562,0.0,1.0,0.0,587.0,1.0
card_0b624f6aa5639ab94042,state_90ea63f953f5a2e08ec6,sgv31_u15,1,M0+R0|M0+RS|ME+R0|ME+RS,ME+RS,0.5379950269774428,0.0,0.0,0.0,634.0,2.0,0.543879170490781,0.0,0.1388888888888889,0.2777777777777778,517.9583333333333,1.5694444444444444,0.38328316511855115,0.0,0.5,1.0,205.0,0.0,0.6167168348814488,0.0,0.0,1.0,230.0,1.0,0.5379950269774428,0.0,0.0,0.0,634.0,2.0
card_0d7253996eb05acd95f6,state_a6943cb3962269085c78,sgv31_u10,1,M0+R0|M0+RS|MS+R0|MS+RS,MS+RS,0.5379950269774428,0.0,0.0,0.0,666.0,2.0,0.5321178148060558,0.0,0.2222222222222222,0.16666666666666666,535.5,1.4722222222222223,0.38328316511855115,0.0,0.5,1.0,191.0,0.0,0.38328316511855115,0.0,0.5,1.0,191.0,0.0,0.5379950269774428,0.0,0.0,0.0,666.0,2.0
card_0d8b1269436e39babda1,state_5637a5aaa5bc10defef3,sgv31_u10,1,M0+R0|M0+RS|ME+R0|ME+RS|MP+R0|MP+RS|MPE+R0|MPE+RS|MPMS+R0|MPMS+RS|MPMSME+R0|MPMSME+RS|MS+R0|MS+RS|MSE+R0|MSE+RS,MSE+RS,0.4066589555645349,0.0,0.0,0.0,711.0,3.0,0.4966040893844875,0.08333333333333333,0.1388888888888889,0.2777777777777778,592.0277777777777,2.388888888888889,0.3719813054651559,0.0,0.0,1.0,204.0,0.0,0.37800731336803733,0.0,0.5,1.0,232.0,1.0,0.657058075292744,0.5,0.0,0.0,773.0,4.0
card_0de10d421a814b3da06f,state_5637a5aaa5bc10defef3,sgv31_u10,1,M0+R0|M0+RS,M0+RS,0.5,0.0,1.0,0.0,640.0,1.0,0.5,0.0,1.0,0.2777777777777778,518.8888888888889,0.7222222222222222,0.5,0.0,1.0,1.0,204.0,0.0,0.5,0.0,1.0,1.0,204.0,0.0,0.5,0.0,1.0,0.0,640.0,1.0
card_0de5f5809c51c27c52b1,state_68ef8f7067c62eaad585,sgv31_u15,1,M0+R0|M0+RS|ME+R0|ME+RS,ME+RS,0.7490563557512552,0.0,0.0,0.0,664.0,2.0,0.6213127393455032,0.0,0.0763888888888889,0.2777777777777778,539.0694444444445,1.5694444444444444,0.32181473298506635,0.0,0.5,1.0,203.0,0.0,0.3910338075810027,0.0,0.0,1.0,228.0,1.0,0.7490563557512552,0.0,0.0,0.0,664.0,2.0
card_0e3b344e7644df1846d2,state_75a133f91ef58ffc79c7,sgv31_u05,1,M0+R0|M0+RS|ME+R0|ME+RS|MP+R0|MP+RS|MPE+R0|MPE+RS|MPMS+R0|MPMS+RS|MPMSME+R0|MPMSME+RS|MS+R0|MS+RS|MSE+R0|MSE+RS,MPE+R0,0.4352149273435002,0.5,0.5,0.5,307.0,2.0,0.5256054708621263,0.1388888888888889,0.41666666666666663,0.23611111111111113,601.1944444444443,2.388888888888889,0.4094030344863883,0.0,1.0,1.0,195.0,0.0,0.6870778237073355,0.0,0.5,1.0,244.0,1.0,0.38484988946912796,0.0,0.0,0.0,793.0,4.0
card_0e56f4c00f4304c57a3d,state_a2691f08850957ad116b,sgv31_u15,1,M0+R0|M0+RS|ME+R0|ME+RS|MP+R0|MP+RS|MPE+R0|MPE+RS|MPMS+R0|MPMS+RS|MPMSME+R0|MPMSME+RS|MS+R0|MS+RS|MSE+R0|MSE+RS,MSE+R0,0.46412538440149814,0.0,0.5,1.0,270.0,2.0,0.5738193938571512,0.2361111111111111,0.47222222222222227,0.2777777777777778,600.0555555555555,2.388888888888889,0.505496082748749,0.0,0.5,1.0,203.0,0.0,0.3992949987407072,0.0,0.5,1.0,228.0,1.0,0.39559570913510816,0.5,0.0,0.0,784.0,4.0
card_0f121e77f1f680d1d766,state_4c145452aa49d03656ae,sgv31_u10,1,M0+R0|M0+RS|ME+R0|ME+RS|MS+R0|MS+RS|MSE+R0|MSE+RS,ME+R0,0.5442454233883817,0.0,0.5,1.0,217.0,1.0,0.4638223854704214,0.0,0.1388888888888889,0.2777777777777778,497.69444444444446,2.1944444444444446,0.4764197767864145,0.0,1.0,1.0,194.0,0.0,0.5442454233883817,0.0,0.5,1.0,217.0,1.0,0.3906759765146264,0.0,0.0,0.0,613.0,3.0
card_0f84ca3a4743d7c0f216,state_1f08b5fd1ebb16188227,sgv31_u05,1,M0+R0|M0+RS|MP+R0|MP+RS|MPMS+R0|MPMS+RS|MS+R0|MS+RS,MPMS+RS,0.7754238396723022,0.0,0.0,0.0,751.0,3.0,0.5757826951854175,0.0,0.19444444444444442,0.2777777777777778,591.0,2.0277777777777777,0.33737072799860274,0.0,1.0,1.0,200.0,0.0,0.33737072799860274,0.0,1.0,1.0,200.0,0.0,0.7754238396723022,0.0,0.0,0.0,751.0,3.0
card_14434099fc3d2dd05f05,state_90ea63f953f5a2e08ec6,sgv31_u15,1,M0+R0|M0+RS|MS+R0|MS+RS,MS+RS,0.5380951036826757,0.0,0.0,0.0,668.0,2.0,0.5228829705353378,0.0,0.25,0.16666666666666666,541.0277777777778,1.4722222222222223,0.3910338075810027,0.0,1.0,1.0,205.0,0.0,0.3910338075810027,0.0,1.0,1.0,205.0,0.0,0.5380951036826757,0.0,0.0,0.0,668.0,2.0
card_1454a9cd95bb2bb800a8,state_101b430ad72287be727c,sgv31_u15,1,M0+R0|M0+RS|ME+R0|ME+RS|MS+R0|MS+RS|MSE+R0|MSE+RS,MSE+RS,0.46469923213791314,0.0,0.0,0.0,666.0,3.0,0.5174218215933081,0.0,0.2638888888888889,0.2361111111111111,537.8888888888889,2.1944444444444446,0.33738914587190433,0.0,1.0,1.0,201.0,0.0,0.3992637391132173,0.0,0.5,1.0,227.0,1.0,0.46469923213791314,0.0,0.0,0.0,666.0,3.0
card_1588835854af1e0ab2c6,state_75a133f91ef58ffc79c7,sgv31_u05,1,M0+R0|M0+RS|ME+R0|ME+RS|MP+R0|MP+RS|MPE+R0|MPE+RS,MPE+R0,0.6079318919738494,0.0,0.0,1.0,307.0,2.0,0.445816930790893,0.19444444444444445,0.2222222222222222,0.2777777777777778,581.1666666666666,1.972222222222222,0.6705193876269123,0.0,1.0,1.0,195.0,0.0,0.6503864991354584,0.0,0.5,1.0,244.0,1.0,0.45862238774604075,0.5,0.0,0.0,743.0,3.0
card_1680278bbd36fafb668c,state_1a9eca73f6edf423a6ef,sgv31_u10,1,M0+R0|M0+RS|MP+R0|MP+RS,MP+RS,0.38328316511855115,0.0,0.0,0.0,727.0,2.0,0.4656195862535796,0.0,0.33333333333333337,0.2777777777777778,577.7777777777778,1.3888888888888888,0.5379950269774428,0.0,1.0,1.0,204.0,0.0,0.5379950269774428,0.0,1.0,1.0,204.0,0.0,0.38328316511855115,0.0,0.0,0.0,727.0,2.0
card_17441a62bf10ac677cc6,state_53dc0d4bb174b42ec50c,sgv31_u05,1,M0+R0|M0+RS|MP+R0|MP+RS,M0+RS,0.5379950269774428,0.0,0.5,0.0,602.0,1.0,0.5343804137464203,0.3333333333333333,0.19444444444444445,0.16666666666666666,539.7222222222222,1.3888888888888888,0.4620049730225572,0.0,1.0,1.0,205.0,0.0,0.4620049730225572,0.0,1.0,1.0,205.0,0.0,0.6167168348814488,0.5,0.0,0.0,674.0,2.0
card_18ab00f345dd491c1490,state_1a9eca73f6edf423a6ef,sgv31_u10,1,M0+R0|M0+RS|MS+R0|MS+RS,MS+RS,0.571928872983399,0.0,0.0,0.0,708.0,2.0,0.5570689173801344,0.0,0.25,0.2777777777777778,569.4444444444445,1.4722222222222223,0.27685472974986314,0.0,1.0,1.0,204.0,0.0,0.27685472974986314,0.0,1.0,1.0,204.0,0.0,0.571928872983399,0.0,0.0,0.0,708.0,2.0
card_1ae8e3e583c0b54e9ca4,state_f431a5373f9ff5b5bcfb,sgv31_u10,1,M0+R0|M0+RS|MP+R0|MP+RS|MPMS+R0|MPMS+RS|MS+R0|MS+RS,MPMS+RS,0.6385674505492958,0.5,0.0,0.0,749.0,3.0,0.513490074357341,0.2777777777777778,0.3472222222222222,0.2777777777777778,589.3888888888889,2.0277777777777777,0.29870331205972045,0.0,1.0,1.0,199.0,0.0,0.29870331205972045,0.0,1.0,1.0,199.0,0.0,0.6385674505492958,0.5,0.0,0.0,749.0,3.0
card_1b081880b00f1b924758,state_322d419affa82845ce00,sgv31_u05,1,M0+R0|M0+RS,M0+R0,0.5,0.0,1.0,1.0,205.0,0.0,0.5,0.0,1.0,0.2777777777777778,485.94444444444446,0.7222222222222222,0.5,0.0,1.0,1.0,205.0,0.0,0.5,0.0,1.0,1.0,205.0,0.0,0.5,0.0,1.0,0.0,594.0,1.0
card_1b6dc8556da95919a85e,state_ff0d3bdad6618e112d51,sgv31_u05,1,M0+R0|M0+RS,M0+RS,0.5,0.0,0.5,0.0,640.0,1.0,0.5,0.0,0.6388888888888888,0.2777777777777778,518.8888888888889,0.7222222222222222,0.5,0.0,1.0,1.0,204.0,0.0,0.5,0.0,1.0,1.0,204.0,0.0,0.5,0.0,0.5,0.0,640.0,1.0
card_1d62f3ed366841dd8c7a,state_b6684d9394925a398e4d,sgv31_u05,1,M0+R0|M0+RS|MP+R0|MP+RS|MPMS+R0|MPMS+RS|MS+R0|MS+RS,MPMS+R0,0.5890030957880148,0.0,0.0,0.5,317.0,2.0,0.478174721427279,0.0,0.2638888888888889,0.19444444444444442,595.1944444444443,2.0277777777777777,0.5890030957880148,0.0,1.0,1.0,195.0,0.0,0.5890030957880148,0.0,1.0,1.0,195.0,0.0,0.41099690421198515,0.0,0.0,0.0,759.0,3.0
card_1e3af6ae03967b9a48bd,state_322d419affa82845ce00,sgv31_u05,1,M0+R0|M0+RS|MP+R0|MP+RS|MPMS+R0|MPMS+RS|MS+R0|MS+RS,M0+R0,0.7053930891216355,0.0,0.5,1.0,205.0,0.0,0.48751672668475277,0.3055555555555556,0.25,0.3888888888888889,566.9166666666666,2.0277777777777777,0.7053930891216355,0.0,0.5,1.0,205.0,0.0,0.7053930891216355,0.0,0.5,1.0,205.0,0.0,0.49099585813745517,0.5,0.0,0.0,716.0,3.0
card_1fecc66e67fcb54a16b9,state_b57ef01ffbe9bae5eb68,sgv31_u10,1,M0+R0|M0+RS|ME+R0|ME+RS|MP+R0|MP+RS|MPE+R0|MPE+RS,ME+RS,0.5430395192879887,0.0,0.5,0.0,630.0,2.0,0.5389498024300543,0.0,0.2222222222222222,0.2777777777777778,547.4444444444445,1.972222222222222,0.37913320677313683,0.0,1.0,1.0,203.0,0.0,0.45605447906948,0.0,0.5,1.0,226.0,1.0,0.5535974657906919,0.0,0.0,0.0,692.0,3.0
card_20f9469d5a34a65379e3,state_5ad710e7e9beb5fb0950,sgv31_u05,1,M0+R0|M0+RS|ME+R0|ME+RS,M0+R0,0.723145270250137,0.0,1.0,1.0,195.0,0.0,0.4348878838765716,0.0,0.1527777777777778,0.2777777777777778,519.9861111111111,1.5694444444444444,0.723145270250137,0.0,1.0,1.0,195.0,0.0,0.42439180136663107,0.0,0.0,1.0,218.0,1.0,0.42807112701660105,0.0,0.0,0.0,641.0,2.0
card_22471205ee9eb23ec9e1,state_68ef8f7067c62eaad585,sgv31_u15,1,M0+R0|M0+RS|ME+R0|ME+RS|MS+R0|MS+RS|MSE+R0|MSE+RS,MSE+RS,0.6335693528778303,0.0,0.0,0.0,729.0,3.0,0.5583758053560504,0.0,0.16666666666666666,0.2777777777777778,585.3888888888889,2.1944444444444446,0.42552465131541223,0.0,1.0,1.0,203.0,0.0,0.42552465131541223,0.0,0.0,1.0,251.0,1.0,0.6335693528778303,0.0,0.0,0.0,729.0,3.0
card_224b59219c5225bf29ab,state_af05c2b0f8b3989a9cbf,sgv31_u10,1,M0+R0|M0+RS|MP+R0|MP+RS,MP+R0,0.6477291697335709,0.0,0.0,1.0,213.0,1.0,0.4343425912295241,0.0,0.33333333333333337,0.2777777777777778,519.8888888888889,1.3888888888888888,0.6477291697335709,0.0,1.0,1.0,189.0,0.0,0.6477291697335709,0.0,1.0,1.0,189.0,0.0,0.3522708302664292,0.0,0.0,0.0,649.0,2.0
card_24244847ff5361891d15,state_814f0570b685af99d3d2,sgv31_u15,1,M0+R0|M0+RS|ME+R0|ME+RS,ME+RS,0.3522708302664292,0.0,0.0,0.0,659.0,2.0,0.39741029879613143,0.0,0.1527777777777778,0.2777777777777778,533.9166666666667,1.5694444444444444,0.6477291697335709,0.0,1.0,1.0,197.0,0.0,0.3522708302664292,0.0,0.0,1.0,223.0,1.0,0.3522708302664292,0.0,0.0,0.0,659.0,2.0
card_24cdd11c0ac5b294f579,state_5637a5aaa5bc10defef3,sgv31_u10,1,M0+R0|M0+RS|MP+R0|MP+RS|MPMS+R0|MPMS+RS|MS+R0|MS+RS,MS+RS,0.46509196184923224,0.0,0.0,0.0,692.0,2.0,0.542154923824114,0.2222222222222222,0.1388888888888889,0.2777777777777778,594.3888888888889,2.0277777777777777,0.2933008194650145,0.0,1.0,1.0,204.0,0.0,0.2933008194650145,0.0,1.0,1.0,204.0,0.0,0.582940756924773,0.5,0.0,0.0,754.0,3.0
card_251ed361e16863b7ff57,state_cc80960dc09f2e274c77,sgv31_u05,1,M0+R0|M0+RS,M0+RS,0.7215937546003562,0.0,1.0,0.0,641.0,1.0,0.598486113155714,0.0,1.0,0.2777777777777778,519.8888888888889,0.7222222222222222,0.27840624539964376,0.0,1.0,1.0,205.0,0.0,0.27840624539964376,0.0,1.0,1.0,205.0,0.0,0.7215937546003562,0.0,1.0,0.0,641.0,1.0
card_2591e00dbf684fe4fb0e,state_33c35f9bf27888221702,sgv31_u05,1,M0+R0|M0+RS|ME+R0|ME+RS,ME+RS,0.6167168348814488,0.0,0.0,0.0,618.0,2.0,0.5442206397344211,0.0,0.0763888888888889,0.2777777777777778,505.9722222222222,1.5694444444444444,0.4620049730225572,0.0,0.5,1.0,203.0,0.0,0.38328316511855115,0.0,0.0,1.0,229.0,1.0,0.6167168348814488,0.0,0.0,0.0,618.0,2.0
card_27b98da0ecb6037328ed,state_5637a5aaa5bc10defef3,sgv31_u10,1,M0+R0|M0+RS|ME+R0|ME+RS|MP+R0|MP+RS|MPE+R0|MPE+RS,ME+RS,0.5648748682272285,0.0,0.0,0.0,668.0,2.0,0.5362747531478399,0.08333333333333333,0.08333333333333333,0.2777777777777778,575.0277777777777,1.972222222222222,0.2704803075762809,0.0,1.0,1.0,204.0,0.0,0.5648748682272285,0.0,0.5,1.0,232.0,1.0,0.6057340891410513,0.0,0.0,0.0,730.0,3.0
card_27c4ee622bb1fc2db7f7,state_b57ef01ffbe9bae5eb68,sgv31_u10,1,M0+R0|M0+RS,M0+RS,0.7215937546003562,0.0,1.0,0.0,607.0,1.0,0.598486113155714,0.0,1.0,0.2777777777777778,494.77777777777777,0.7222222222222222,0.27840624539964376,0.0,1.0,1.0,203.0,0.0,0.27840624539964376,0.0,1.0,1.0,203.0,0.0,0.7215937546003562,0.0,1.0,0.0,607.0,1.0
card_27c73cbc186722693356,state_9fce231ab10d6d582559,sgv31_u10,1,M0+R0|M0+RS|ME+R0|ME+RS,ME+RS,0.6477291697335709,0.0,0.0,0.0,615.0,2.0,0.565657408770476,0.0,0.1527777777777778,0.2777777777777778,503.2777777777778,1.5694444444444444,0.3522708302664292,0.0,1.0,1.0,202.0,0.0,0.3522708302664292,0.0,0.0,1.0,226.0,1.0,0.6477291697335709,0.0,0.0,0.0,615.0,2.0
card_291fb05e187ba0993322,state_cef34308284c6c7c7a65,sgv31_u15,1,M0+R0|M0+RS|ME+R0|ME+RS,ME+R0,0.5756081986333689,0.0,0.0,1.0,223.0,1.0,0.5651121161234284,0.0,0.1527777777777778,0.2777777777777778,524.6805555555555,1.5694444444444444,0.27685472974986314,0.0,1.0,1.0,198.0,0.0,0.5756081986333689,0.0,0.0,1.0,223.0,1.0,0.571928872983399,0.0,0.0,0.0,646.0,2.0
card_293c7ac19a9f344284ad,state_5ad710e7e9beb5fb0950,sgv31_u05,1,M0+R0|M0+RS|MS+R0|MS+RS,MS+R0,0.571928872983399,0.0,0.0,0.5,247.0,1.0,0.5166996184282495,0.0,0.25,0.16666666666666666,539.5,1.4722222222222223,0.5756081986333689,0.0,1.0,1.0,195.0,0.0,0.5756081986333689,0.0,1.0,1.0,195.0,0.0,0.5756081986333689,0.0,0.0,0.0,670.0,2.0
card_294dee041a1544b45970,state_d2ae42a7e1ca750d78a3,sgv31_u10,1,M0+R0|M0+RS|MS+R0|MS+RS,MS+RS,0.5720345860688135,0.0,0.0,0.0,709.0,2.0,0.5520877143932128,0.0,0.2222222222222222,0.2777777777777778,570.4444444444445,1.4722222222222223,0.28344454572025707,0.0,0.5,1.0,205.0,0.0,0.28344454572025707,0.0,0.5,1.0,205.0,0.0,0.5720345860688135,0.0,0.0,0.0,709.0,2.0
card_296c67219497ac310848,state_b57ef01ffbe9bae5eb68,sgv31_u10,1,M0+R0|M0+RS|MS+R0|MS+RS,M0+RS,0.6477291697335709,0.0,0.5,0.0,607.0,1.0,0.565657408770476,0.0,0.125,0.2777777777777778,539.0277777777778,1.4722222222222223,0.3522708302664292,0.0,0.5,1.0,203.0,0.0,0.3522708302664292,0.0,0.5,1.0,203.0,0.0,0.6477291697335709,0.0,0.0,0.0,666.0,2.0
card_2be58a53e642f1ca3bda,state_ab40e84a7a10ab8790b6,sgv31_u15,1,M0+R0|M0+RS|ME+R0|ME+RS,ME+RS,0.6781852670149338,0.0,0.0,0.0,661.0,2.0,0.6219776291741321,0.0,0.1527777777777778,0.2777777777777778,537.1805555555555,1.5694444444444444,0.2509436442487448,0.0,1.0,1.0,204.0,0.0,0.6089661924189973,0.0,0.0,1.0,229.0,1.0,0.6781852670149338,0.0,0.0,0.0,661.0,2.0
card_2c69fbf19849bc56d8e9,state_5637a5aaa5bc10defef3,sgv31_u10,1,M0+R0|M0+RS|ME+R0|ME+RS,ME+RS,0.5,0.0,0.0,0.0,668.0,2.0,0.5,0.0,0.1527777777777778,0.2777777777777778,542.6111111111111,1.5694444444444444,0.5,0.0,1.0,1.0,204.0,0.0,0.5,0.0,0.0,1.0,232.0,1.0,0.5,0.0,0.0,0.0,668.0,2.0
card_2c94c3944bf5a3319a9b,state_65c5fe46f76d42a112ca,sgv31_u15,1,M0+R0|M0+RS|ME+R0|ME+RS|MP+R0|MP+RS|MPE+R0|MPE+RS,M0+RS,0.6001378087022975,0.0,1.0,0.0,587.0,1.0,0.5292096828834574,0.1527777777777778,0.08333333333333333,0.25,533.0,1.972222222222222,0.39986219129770245,0.0,1.0,1.0,198.0,0.0,0.45621627575337753,0.0,0.5,0.5,223.0,1.0,0.532598866908036,0.5,0.0,0.0,674.0,3.0
card_2d4b7be3c52dab9f1df0,state_5ad710e7e9beb5fb0950,sgv31_u05,1,M0+R0|M0+RS|MP+R0|MP+RS|MPMS+R0|MPMS+RS|MS+R0|MS+RS,MP+R0,0.33789978466454135,0.0,0.0,0.5,219.0,1.0,0.5240463843597764,0.0,0.1388888888888889,0.25,547.2777777777777,2.0277777777777777,0.632420234320341,0.0,1.0,1.0,195.0,0.0,0.632420234320341,0.0,1.0,1.0,195.0,0.0,0.4983889879332132,0.0,0.0,0.0,685.0,3.0
card_2e40e1bee1b00a573554,state_8233e192489ea306183e,sgv31_u15,1,M0+R0|M0+RS|MP+R0|MP+RS|MPMS+R0|MPMS+RS|MS+R0|MS+RS,MS+RS,0.6225856435480351,0.0,0.5,0.0,649.0,2.0,0.5198872308044542,0.1388888888888889,0.29166666666666663,0.25,562.3055555555555,2.0277777777777777,0.443768620896054,0.0,0.5,0.5,201.0,0.0,0.443768620896054,0.0,0.5,0.5,201.0,0.0,0.4892441826065372,0.5,0.0,0.0,711.0,3.0
card_2f6890ac7fef1787bf66,state_d2ae42a7e1ca750d78a3,sgv31_u10,1,M0+R0|M0+RS|ME+R0|ME+RS,ME+RS,0.45937805816938654,0.0,0.0,0.0,680.0,2.0,0.5041066476656821,0.0,0.1388888888888889,0.2777777777777778,550.9305555555555,1.5694444444444444,0.3126818317579353,0.0,0.5,1.0,205.0,0.0,0.5406219418306134,0.0,0.0,1.0,228.0,1.0,0.45937805816938654,0.0,0.0,0.0,680.0,2.0
card_2fb9f62d64959149cbc1,state_a46753bb1503ba602a58,sgv31_u10,1,M0+R0|M0+RS|MP+R0|MP+RS,MP+RS,0.6477291697335709,0.5,0.0,0.0,662.0,2.0,0.565657408770476,0.3333333333333333,0.19444444444444445,0.2777777777777778,530.2777777777778,1.3888888888888888,0.3522708302664292,0.0,1.0,1.0,202.0,0.0,0.3522708302664292,0.0,1.0,1.0,202.0,0.0,0.6477291697335709,0.5,0.0,0.0,662.0,2.0
card_2ff1a675155987dddfdf,state_a2691f08850957ad116b,sgv31_u15,1,M0+R0|M0+RS|MP+R0|MP+RS|MPMS+R0|MPMS+RS|MS+R0|MS+RS,MPMS+R0,0.5815147772403497,0.0,0.0,1.0,316.0,2.0,0.5307055313042188,0.16666666666666669,0.20833333333333331,0.2777777777777778,604.25,2.0277777777777777,0.302267539820718,0.0,1.0,1.0,203.0,0.0,0.302267539820718,0.0,1.0,1.0,203.0,0.0,0.6348384828462926,0.5,0.0,0.0,768.0,3.0
card_300d6bbd1c3e83fffe69,state_448cae978aef8c2f0f12,sgv31_u15,1,M0+R0|M0+RS|ME+R0|ME+RS|MP+R0|MP+RS|MPE+R0|MPE+RS|MPMS+R0|MPMS+RS|MPMSME+R0|MPMSME+RS|MS+R0|MS+RS|MSE+R0|MSE+RS,MPMSME+R0,0.5670409981147243,0.0,0.0,1.0,355.0,3.0,0.47620385337945487,0.08333333333333334,0.1111111111111111,0.2361111111111111,602.9444444444443,2.388888888888889,0.5239920665976141,0.0,1.0,1.0,195.0,0.0,0.6151990356295579,0.0,0.0,1.0,243.0,1.0,0.32527928160145453,0.5,0.0,0.0,795.0,4.0
card_309780bdae0c46da7ec9,state_68ef8f7067c62eaad585,sgv31_u15,1,M0+R0|M0+RS|MS+R0|MS+RS,MS+RS,0.6781852670149338,0.0,0.0,0.0,690.0,2.0,0.5929280522014668,0.0,0.125,0.16666666666666666,556.1388888888889,1.4722222222222223,0.2509436442487448,0.0,0.5,1.0,203.0,0.0,0.2509436442487448,0.0,0.5,1.0,203.0,0.0,0.6781852670149338,0.0,0.0,0.0,690.0,2.0
card_318f9e20443662d69de8,state_cc80960dc09f2e274c77,sgv31_u05,1,M0+R0|M0+RS|ME+R0|ME+RS|MP+R0|MP+RS|MPE+R0|MPE+RS,MPE+RS,0.537926472687491,0.0,0.0,0.0,731.0,3.0,0.5850002391527716,0.0,0.3472222222222222,0.2777777777777778,575.8888888888889,1.972222222222222,0.22564856967788746,0.0,1.0,1.0,205.0,0.0,0.44815347204309014,0.0,0.5,1.0,232.0,1.0,0.537926472687491,0.0,0.0,0.0,731.0,3.0
card_34517be005b243f11200,state_9fce231ab10d6d582559,sgv31_u10,1,M0+R0|M0+RS|ME+R0|ME+RS|MP+R0|MP+RS|MPE+R0|MPE+RS|MPMS+R0|MPMS+RS|MPMSME+R0|MPMSME+RS|MS+R0|MS+RS|MSE+R0|MSE+RS,MSE+RS,0.5534025692678027,0.5,0.5,0.0,657.0,3.0,0.5187801813185102,0.3055555555555556,0.4305555555555555,0.2361111111111111,552.75,2.388888888888889,0.31145364804875514,0.0,1.0,1.0,202.0,0.0,0.5896728675386022,0.0,0.5,0.5,225.0,1.0,0.4504408907841326,0.5,0.0,0.0,719.0,4.0
card_35175c6cba6ac91152ab,state_448cae978aef8c2f0f12,sgv31_u15,1,M0+R0|M0+RS|ME+R0|ME+RS,ME+R0,0.6477291697335709,0.0,0.0,0.5,243.0,1.0,0.4343425912295241,0.0,0.1527777777777778,0.1527777777777778,553.4444444444445,1.5694444444444444,0.6477291697335709,0.0,1.0,1.0,195.0,0.0,0.6477291697335709,0.0,0.0,0.5,243.0,1.0,0.3522708302664292,0.0,0.0,0.0,683.0,2.0
card_359a2dce836e6fcc1517,state_75a133f91ef58ffc79c7,sgv31_u05,1,M0+R0|M0+RS|MP+R0|MP+RS,MP+R0,0.5406219418306134,0.0,0.0,1.0,267.0,1.0,0.47555062893142486,0.2222222222222222,0.33333333333333337,0.2777777777777778,557.8888888888889,1.3888888888888888,0.45937805816938654,0.0,1.0,1.0,195.0,0.0,0.45937805816938654,0.0,1.0,1.0,195.0,0.0,0.31268183175793535,0.5,0.0,0.0,703.0,2.0
card_37625124f6b8deb971e0,state_e9675a0cf987d5d06534,sgv31_u05,1,M0+R0|M0+RS|ME+R0|ME+RS|MP+R0|MP+RS|MPE+R0|MPE+RS|MPMS+R0|MPMS+RS|MPMSME+R0|MPMSME+RS|MS+R0|MS+RS|MSE+R0|MSE+RS,MSE+RS,0.4376266065454645,0.0,0.5,0.0,713.0,3.0,0.4971535167212102,0.1527777777777778,0.40277777777777773,0.2777777777777778,594.8333333333335,2.388888888888889,0.2922559002820647,0.0,0.5,0.5,207.0,0.0,0.3408601467828018,0.0,0.5,1.0,234.0,1.0,0.6082169037609922,0.5,0.0,0.0,776.0,4.0
card_37659dbdef5470223d4e,state_75a133f91ef58ffc79c7,sgv31_u05,1,M0+R0|M0+RS|ME+R0|ME+RS,ME+R0,0.6873181682420647,0.0,0.0,0.5,218.0,1.0,0.4389083248161483,0.0,0.1527777777777778,0.1527777777777778,529.375,1.5694444444444444,0.45937805816938654,0.0,1.0,1.0,195.0,0.0,0.6873181682420647,0.0,0.0,0.5,218.0,1.0,0.31268183175793535,0.0,0.0,0.0,654.0,2.0
card_37fabc16991d1520043b,state_e9675a0cf987d5d06534,sgv31_u05,1,M0+R0|M0+RS|ME+R0|ME+RS,ME+RS,0.5,0.0,0.0,0.0,670.0,2.0,0.5,0.0,0.1388888888888889,0.2777777777777778,544.7638888888889,1.5694444444444444,0.5,0.0,0.5,1.0,207.0,0.0,0.5,0.0,0.0,1.0,234.0,1.0,0.5,0.0,0.0,0.0,670.0,2.0
card_385559b731c6bfedaaf2,state_75a133f91ef58ffc79c7,sgv31_u05,1,M0+R0|M0+RS|MS+R0|MS+RS,MS+R0,0.6508241519760448,0.0,0.0,1.0,254.0,1.0,0.47486264133732586,0.0,0.25,0.2777777777777778,554.1388888888889,1.4722222222222223,0.3491758480239551,0.0,1.0,1.0,195.0,0.0,0.3491758480239551,0.0,1.0,1.0,195.0,0.0,0.3491758480239551,0.0,0.0,0.0,690.0,2.0
card_398d6daa6d7896ac8807,state_bd3f8b5c723e66020b1e,sgv31_u15,1,M0+R0|M0+RS|ME+R0|ME+RS|MP+R0|MP+RS|MPE+R0|MPE+RS,ME+RS,0.70232391456035,0.0,0.5,0.0,616.0,2.0,0.5556201719026405,0.08333333333333333,0.19444444444444442,0.2777777777777778,537.0,1.972222222222222,0.34891459445702067,0.0,1.0,1.0,202.0,0.0,0.4908487597665839,0.0,0.0,1.0,227.0,1.0,0.38963510333854606,0.0,0.0,0.0,678.0,3.0
card_3a5805580e36ebfd91e0,state_b6684d9394925a398e4d,sgv31_u05,1,M0+R0|M0+RS|MS+R0|MS+RS,MS+R0,0.6477291697335709,0.0,0.0,1.0,254.0,1.0,0.4343425912295241,0.0,0.1527777777777778,0.2777777777777778,558.4722222222222,1.4722222222222223,0.6477291697335709,0.0,1.0,1.0,195.0,0.0,0.6477291697335709,0.0,1.0,1.0,195.0,0.0,0.3522708302664292,0.0,0.0,0.0,696.0,2.0
card_3a961441f2dd53a4cb76,state_5ad710e7e9beb5fb0950,sgv31_u05,1,M0+R0|M0+RS|MP+R0|MP+RS,MP+R0,0.5,0.0,0.0,1.0,219.0,1.0,0.5,0.0,0.33333333333333337,0.2777777777777778,516.5,1.3888888888888888,0.5,0.0,1.0,1.0,195.0,0.0,0.5,0.0,1.0,1.0,195.0,0.0,0.5,0.0,0.0,0.0,642.0,2.0
card_3be3e5aa66781c00e082,state_f92bdc2175a73cce842f,sgv31_u05,1,M0+R0|M0+RS|ME+R0|ME+RS|MP+R0|MP+RS|MPE+R0|MPE+RS|MPMS+R0|MPMS+RS|MPMSME+R0|MPMSME+RS|MS+R0|MS+RS|MSE+R0|MSE+RS,MSE+RS,0.571277409243582,0.0,0.5,0.0,662.0,3.0,0.5371406798746248,0.0,0.4722222222222222,0.2777777777777778,553.5833333333333,2.388888888888889,0.42607584883536803,0.0,0.5,1.0,196.0,0.0,0.4441749617884175,0.0,0.5,1.0,223.0,1.0,0.5667898131363992,0.0,0.0,0.0,725.0,4.0
card_3c3e971bc7083d3144c6,state_2b63e383c989e7dcbd4d,sgv31_u10,1,M0+R0|M0+RS|MP+R0|MP+RS|MPMS+R0|MPMS+RS|MS+R0|MS+RS,MS+R0,0.5765008972024948,0.0,0.5,0.5,258.0,1.0,0.49498565878080547,0.0,0.33333333333333337,0.2638888888888889,560.3055555555555,2.0277777777777777,0.5215943922516209,0.0,0.5,1.0,199.0,0.0,0.5215943922516209,0.0,0.5,1.0,199.0,0.0,0.6109179370996303,0.0,0.0,0.0,709.0,3.0
card_3c669b459080647a6877,state_4853d3c4eff71659d77d,sgv31_u10,1,M0+R0|M0+RS|ME+R0|ME+RS|MP+R0|MP+RS|MPE+R0|MPE+RS,MP+RS,0.4762484415627782,0.0,0.5,0.0,668.0,2.0,0.5164838502663098,0.0,0.375,0.2777777777777778,555.2222222222223,1.972222222222222,0.37689060341758057,0.0,1.0,1.0,202.0,0.0,0.4896032150809838,0.0,0.5,1.0,247.0,1.0,0.4213333738177288,0.0,0.0,0.0,704.0,3.0
card_3dc09feeb1806b1d90aa,state_ff0d3bdad6618e112d51,sgv31_u05,1,M0+R0|M0+RS|MP+R0|MP+RS|MPMS+R0|MPMS+RS|MS+R0|MS+RS,MP+RS,0.6586118680236135,0.0,0.0,0.0,712.0,2.0,0.5881468538597622,0.0,0.06944444444444445,0.2777777777777778,595.0,2.0277777777777777,0.20136408754808546,0.0,0.5,1.0,204.0,0.0,0.20136408754808546,0.0,0.5,1.0,204.0,0.0,0.6932707471877327,0.0,0.0,0.0,755.0,3.0
card_3e939cf0b48c7dabdf82,state_8233e192489ea306183e,sgv31_u15,1,M0+R0|M0+RS|ME+R0|ME+RS|MP+R0|MP+RS|MPE+R0|MPE+RS,ME+RS,0.6316909476051319,0.0,0.0,0.0,615.0,2.0,0.5391432898010121,0.1527777777777778,0.05555555555555555,0.2777777777777778,536.0,1.972222222222222,0.4018954045945278,0.0,1.0,1.0,201.0,0.0,0.36897659747903855,0.0,0.0,1.0,226.0,1.0,0.5324577686746421,0.5,0.0,0.0,677.0,3.0
card_40e92586c6058ef824bb,state_4c145452aa49d03656ae,sgv31_u10,1,M0+R0|M0+RS,M0+R0,0.5,0.0,1.0,1.0,194.0,0.0,0.5,0.0,1.0,0.2777777777777778,448.94444444444446,0.7222222222222222,0.5,0.0,1.0,1.0,194.0,0.0,0.5,0.0,1.0,1.0,194.0,0.0,0.5,0.0,1.0,0.0,547.0,1.0
card_416f723d3bb96eb5aafb,state_bd3f8b5c723e66020b1e,sgv31_u15,1,M0+R0|M0+RS|MS+R0|MS+RS,M0+RS,0.6781852670149338,0.0,0.5,0.0,591.0,1.0,0.4652492066100458,0.0,0.125,0.2777777777777778,527.1944444444445,1.4722222222222223,0.6089661924189973,0.0,0.5,1.0,202.0,0.0,0.6089661924189973,0.0,0.5,1.0,202.0,0.0,0.46190489631732423,0.0,0.0,0.0,650.0,2.0
card_41a9435a807c6ade01b9,state_f92bdc2175a73cce842f,sgv31_u05,1,M0+R0|M0+RS|ME+R0|ME+RS|MP+R0|MP+RS|MPE+R0|MPE+RS,ME+RS,0.5644814258457342,0.0,0.5,0.0,612.0,2.0,0.5360406544439582,0.2777777777777778,0.3194444444444444,0.2777777777777778,532.9444444444445,1.972222222222222,0.3912251164124747,0.0,1.0,1.0,196.0,0.0,0.4355185741542659,0.0,0.5,1.0,223.0,1.0,0.6087748835875254,0.5,0.0,0.0,675.0,3.0
card_430eed29e0d82add9aef,state_90ea63f953f5a2e08ec6,sgv31_u15,1,M0+R0|M0+RS|MP+R0|MP+RS,MP+RS,0.5379950269774428,0.0,0.0,0.0,680.0,2.0,0.5343804137464204,0.1111111111111111,0.33333333333333337,0.2777777777777778,544.1111111111111,1.3888888888888888,0.38328316511855115,0.0,1.0,1.0,205.0,0.0,0.38328316511855115,0.0,1.0,1.0,205.0,0.0,0.5379950269774428,0.0,0.0,0.0,680.0,2.0
card_437376bd17bc5a638d51,state_68ef8f7067c62eaad585,sgv31_u15,1,M0+R0|M0+RS|ME+R0|ME+RS|MP+R0|MP+RS|MPE+R0|MPE+RS|MPMS+R0|MPMS+RS|MPMSME+R0|MPMSME+RS|MS+R0|MS+RS|MSE+R0|MSE+RS,MSE+RS,0.6102126492546004,0.0,0.5,0.0,706.0,3.0,0.5666361943875932,0.2361111111111111,0.3472222222222222,0.2777777777777778,588.5,2.388888888888889,0.3405972408916774,0.0,0.5,1.0,203.0,0.0,0.4474579351071808,0.0,0.5,1.0,228.0,1.0,0.5284019724761453,0.5,0.0,0.0,768.0,4.0
card_44bc7371b5987c7c1249,state_101b430ad72287be727c,sgv31_u15,1,M0+R0|M0+RS|MP+R0|MP+RS,M0+RS,0.5379950269774428,0.0,0.5,0.0,590.0,1.0,0.5343804137464203,0.0,0.19444444444444445,0.2777777777777778,529.2777777777778,1.3888888888888888,0.4620049730225572,0.0,1.0,1.0,201.0,0.0,0.4620049730225572,0.0,1.0,1.0,201.0,0.0,0.6167168348814488,0.0,0.0,0.0,661.0,2.0
card_45e59d8d39bb9c0e4f9b,state_cef34308284c6c7c7a65,sgv31_u15,1,M0+R0|M0+RS|ME+R0|ME+RS|MP+R0|MP+RS|MPE+R0|MPE+RS,MPE+R0,0.6073901322603288,0.0,0.0,1.0,238.0,2.0,0.48276514927895864,0.0,0.05555555555555555,0.2777777777777778,531.4444444444445,1.972222222222222,0.4438430747098134,0.0,1.0,1.0,198.0,0.0,0.5759430666901675,0.0,0.0,1.0,223.0,1.0,0.35910046183989314,0.0,0.0,0.0,661.0,3.0
card_46c4bc40a6aca41dde91,state_65c5fe46f76d42a112ca,sgv31_u15,1,M0+R0|M0+RS|MP+R0|MP+RS,M0+RS,0.5,0.0,1.0,0.0,587.0,1.0,0.5,0.0,0.33333333333333337,0.2777777777777778,526.2777777777777,1.3888888888888888,0.5,0.0,1.0,1.0,198.0,0.0,0.5,0.0,1.0,1.0,198.0,0.0,0.5,0.0,0.0,0.0,658.0,2.0
card_46dd47bd5a47395cda2c,state_1a9eca73f6edf423a6ef,sgv31_u10,1,M0+R0|M0+RS|ME+R0|ME+RS|MP+R0|MP+RS|MPE+R0|MPE+RS,MP+RS,0.4444427785360263,0.0,0.0,0.0,727.0,2.0,0.5411414346904635,0.06944444444444445,0.25,0.2777777777777778,583.1111111111111,1.972222222222222,0.546611863894355,0.0,0.5,1.0,204.0,0.0,0.48883722754883735,0.0,0.5,1.0,227.0,1.0,0.45550370590087175,0.5,0.0,0.0,741.0,3.0
card_473c8c3ad087540bcbc8,state_1f08b5fd1ebb16188227,sgv31_u05,1,M0+R0|M0+RS|MP+R0|MP+RS,MP+RS,0.7490563557512552,0.0,0.0,0.0,708.0,2.0,0.5871597959851387,0.0,0.33333333333333337,0.2777777777777778,562.8888888888889,1.3888888888888888,0.32181473298506635,0.0,1.0,1.0,200.0,0.0,0.32181473298506635,0.0,1.0,1.0,200.0,0.0,0.7490563557512552,0.0,0.0,0.0,708.0,2.0
card_480ff3ed3c15f236767f,state_1f08b5fd1ebb16188227,sgv31_u05,1,M0+R0|M0+RS|ME+R0|ME+RS,ME+RS,0.7165554542797429,0.0,0.0,0.0,663.0,2.0,0.5821962286038231,0.0,0.1527777777777778,0.2777777777777778,537.7638888888889,1.5694444444444444,0.4279654139311864,0.0,1.0,1.0,200.0,0.0,0.2834445457202571,0.0,0.0,1.0,227.0,1.0,0.7165554542797429,0.0,0.0,0.0,663.0,2.0
card_48e8fbd2fe761ddbf6db,state_65c5fe46f76d42a112ca,sgv31_u15,1,M0+R0|M0+RS|ME+R0|ME+RS|MS+R0|MS+RS|MSE+R0|MSE+RS,M0+RS,0.6085223944838095,0.0,0.5,0.0,587.0,1.0,0.4370106829956587,0.06944444444444445,0.16666666666666669,0.25,551.9999999999999,2.1944444444444446,0.4525227597063916,0.0,0.5,1.0,198.0,0.0,0.464583160521344,0.0,0.5,0.5,246.0,1.0,0.2861375736818494,0.0,0.0,0.0,685.0,3.0
card_49b02fe7acfae45367b4,state_814f0570b685af99d3d2,sgv31_u15,1,M0+R0|M0+RS|MP+R0|MP+RS,MP+RS,0.5756081986333689,0.0,0.0,0.0,704.0,2.0,0.5081965039787093,0.0,0.33333333333333337,0.2777777777777778,559.2222222222222,1.3888888888888888,0.5756081986333689,0.0,1.0,1.0,197.0,0.0,0.5756081986333689,0.0,1.0,1.0,197.0,0.0,0.5756081986333689,0.0,0.0,0.0,704.0,2.0
card_4d5b487bc60f9beb8058,state_53dc0d4bb174b42ec50c,sgv31_u05,1,M0+R0|M0+RS|ME+R0|ME+RS|MP+R0|MP+RS|MPE+R0|MPE+RS,ME+RS,0.3455997572319318,0.0,0.5,0.0,629.0,2.0,0.45563122426131736,0.25,0.2222222222222222,0.2777777777777778,547.7222222222223,1.972222222222222,0.4657958317580331,0.0,0.5,1.0,205.0,0.0,0.5232938262439119,0.0,0.5,1.0,232.0,1.0,0.6008442438736706,0.5,0.0,0.0,692.0,3.0
card_4efc53c771d438cc6fed,state_a46753bb1503ba602a58,sgv31_u10,1,M0+R0|M0+RS|ME+R0|ME+RS|MS+R0|MS+RS|MSE+R0|MSE+RS,ME+RS,0.5297813114246605,0.0,0.5,0.0,615.0,2.0,0.49246539400586536,0.0,0.1527777777777778,0.20833333333333334,532.4722222222222,2.1944444444444446,0.4240616338085131,0.0,0.5,1.0,202.0,0.0,0.5361010586524738,0.0,0.5,1.0,226.0,1.0,0.5102712928293631,0.0,0.0,0.0,658.0,3.0
card_4f8140d697e87a100f6d,state_cc80960dc09f2e274c77,sgv31_u05,1,M0+R0|M0+RS|MP+R0|MP+RS|MPMS+R0|MPMS+RS|MS+R0|MS+RS,MPMS+RS,0.5300967122784519,0.0,0.0,0.0,756.0,3.0,0.5239344749626085,0.0,0.2777777777777778,0.2777777777777778,596.0,2.0277777777777777,0.27952724839413495,0.0,0.5,1.0,205.0,0.0,0.27952724839413495,0.0,0.5,1.0,205.0,0.0,0.5300967122784519,0.0,0.0,0.0,756.0,3.0
card_4f8a929c058d9188f57c,state_d2ae42a7e1ca750d78a3,sgv31_u10,1,M0+R0|M0+RS,M0+RS,0.7215937546003562,0.0,0.5,0.0,657.0,1.0,0.598486113155714,0.0,0.6388888888888888,0.2777777777777778,531.4444444444445,0.7222222222222222,0.27840624539964376,0.0,1.0,1.0,205.0,0.0,0.27840624539964376,0.0,1.0,1.0,205.0,0.0,0.7215937546003562,0.0,0.5,0.0,657.0,1.0
card_51edccda79c504d1703b,state_f92bdc2175a73cce842f,sgv31_u05,1,M0+R0|M0+RS|MS+R0|MS+RS,MS+RS,0.6477291697335709,0.0,0.0,0.0,644.0,2.0,0.565657408770476,0.0,0.125,0.2777777777777778,521.1944444444445,1.4722222222222223,0.3522708302664292,0.0,0.5,1.0,196.0,0.0,0.3522708302664292,0.0,0.5,1.0,196.0,0.0,0.6477291697335709,0.0,0.0,0.0,644.0,2.0
card_5204acb7ea530c899149,state_2b63e383c989e7dcbd4d,sgv31_u10,1,M0+R0|M0+RS|MS+R0|MS+RS,MS+R0,0.42439180136663107,0.0,0.0,1.0,258.0,1.0,0.4429310826198656,0.0,0.125,0.2777777777777778,524.1944444444445,1.4722222222222223,0.723145270250137,0.0,0.5,1.0,199.0,0.0,0.723145270250137,0.0,0.5,1.0,199.0,0.0,0.42807112701660105,0.0,0.0,0.0,647.0,2.0
card_530ba812258f56ecac44,state_1a9eca73f6edf423a6ef,sgv31_u10,1,M0+R0|M0+RS,M0+RS,0.27840624539964376,0.0,1.0,0.0,656.0,1.0,0.4015138868442861,0.0,1.0,0.2777777777777778,530.4444444444445,0.7222222222222222,0.7215937546003562,0.0,1.0,1.0,204.0,0.0,0.7215937546003562,0.0,1.0,1.0,204.0,0.0,0.27840624539964376,0.0,1.0,0.0,656.0,1.0
card_53129839bff8d393ba29,state_101b430ad72287be727c,sgv31_u15,1,M0+R0|M0+RS|ME+R0|ME+RS,ME+RS,0.7490563557512552,0.0,0.0,0.0,616.0,2.0,0.6213127393455032,0.0,0.0763888888888889,0.2777777777777778,503.9722222222222,1.5694444444444444,0.32181473298506635,0.0,0.5,1.0,201.0,0.0,0.3910338075810027,0.0,0.0,1.0,227.0,1.0,0.7490563557512552,0.0,0.0,0.0,616.0,2.0
card_5462cdeb3cfb55af1b58,state_1f08b5fd1ebb16188227,sgv31_u05,1,M0+R0|M0+RS|MS+R0|MS+RS,MS+RS,0.5756081986333689,0.0,0.0,0.0,688.0,2.0,0.5085031144495402,0.0,0.125,0.2777777777777778,553.8888888888889,1.4722222222222223,0.5756081986333689,0.0,0.5,1.0,200.0,0.0,0.5756081986333689,0.0,0.5,1.0,200.0,0.0,0.5756081986333689,0.0,0.0,0.0,688.0,2.0
card_5569a1525f8c2f63df78,state_1c48acc3c2fc7b9e4d1c,sgv31_u15,1,M0+R0|M0+RS|ME+R0|ME+RS,ME+RS,0.6477291697335709,0.5,0.0,0.0,697.0,2.0,0.565657408770476,0.4236111111111111,0.0763888888888889,0.2777777777777778,567.4444444444443,1.5694444444444444,0.3522708302664292,0.0,0.5,1.0,209.0,0.0,0.3522708302664292,0.5,0.0,1.0,257.0,1.0,0.6477291697335709,0.5,0.0,0.0,697.0,2.0
card_568ced7061faabae8600,state_1a9eca73f6edf423a6ef,sgv31_u10,1,M0+R0|M0+RS|ME+R0|ME+RS|MS+R0|MS+RS|MSE+R0|MSE+RS,MSE+RS,0.5633787927581052,0.0,0.0,0.0,723.0,3.0,0.5170039594464236,0.0,0.20833333333333334,0.2777777777777778,579.9722222222222,2.1944444444444446,0.5676310420350907,0.0,0.5,1.0,204.0,0.0,0.2763016778668092,0.0,0.5,1.0,228.0,1.0,0.5633787927581052,0.0,0.0,0.0,723.0,3.0
card_57b571b9d62470e11cf9,state_a6943cb3962269085c78,sgv31_u10,1,M0+R0|M0+RS|ME+R0|ME+RS,M0+RS,0.6873181682420647,0.0,1.0,0.0,614.0,1.0,0.4205712965147169,0.0,0.1388888888888889,0.2777777777777778,520.2222222222222,1.5694444444444444,0.45937805816938654,0.0,0.5,1.0,191.0,0.0,0.5406219418306134,0.0,0.0,1.0,219.0,1.0,0.31268183175793535,0.0,0.0,0.0,642.0,2.0
card_57c500e9f9f5108ca596,state_cef34308284c6c7c7a65,sgv31_u15,1,M0+R0|M0+RS|MP+R0|MP+RS|MPMS+R0|MPMS+RS|MS+R0|MS+RS,MPMS+R0,0.5953978306315904,0.0,0.0,1.0,272.0,2.0,0.4336938645073908,0.0,0.1388888888888889,0.2777777777777778,555.1388888888889,2.0277777777777777,0.49535337239722566,0.0,1.0,1.0,198.0,0.0,0.49535337239722566,0.0,1.0,1.0,198.0,0.0,0.2542269256361501,0.0,0.0,0.0,695.0,3.0
card_57da27e76fbd0b583041,state_5637a5aaa5bc10defef3,sgv31_u10,1,M0+R0|M0+RS|MS+R0|MS+RS,MS+RS,0.6477291697335709,0.0,0.0,0.0,692.0,2.0,0.565657408770476,0.0,0.25,0.2777777777777778,557.8888888888889,1.4722222222222223,0.3522708302664292,0.0,1.0,1.0,204.0,0.0,0.3522708302664292,0.0,1.0,1.0,204.0,0.0,0.6477291697335709,0.0,0.0,0.0,692.0,2.0
card_58be91d6895a06d9d720,state_a2691f08850957ad116b,sgv31_u15,1,M0+R0|M0+RS|MP+R0|MP+RS,MP+R0,0.6167168348814488,0.5,0.0,1.0,274.0,1.0,0.4656195862535796,0.3333333333333333,0.33333333333333337,0.2777777777777778,576.7777777777777,1.3888888888888888,0.5379950269774428,0.0,1.0,1.0,203.0,0.0,0.5379950269774428,0.0,1.0,1.0,203.0,0.0,0.38328316511855115,0.5,0.0,0.0,726.0,2.0
card_59809d06de798ed798ad,state_1f08b5fd1ebb16188227,sgv31_u05,1,M0+R0|M0+RS|ME+R0|ME+RS|MS+R0|MS+RS|MSE+R0|MSE+RS,MSE+RS,0.38118485465308527,0.5,0.0,0.0,705.0,3.0,0.4610738349156299,0.2222222222222222,0.16666666666666666,0.2777777777777778,565.9722222222222,2.1944444444444446,0.4242528542150277,0.0,0.5,1.0,200.0,0.0,0.5231525888255169,0.0,0.0,1.0,226.0,1.0,0.38118485465308527,0.5,0.0,0.0,705.0,3.0
card_5a7c8a0419359ceb2123,state_a6943cb3962269085c78,sgv31_u10,1,M0+R0|M0+RS,M0+RS,0.7215937546003562,0.0,1.0,0.0,614.0,1.0,0.598486113155714,0.0,1.0,0.2777777777777778,496.5,0.7222222222222222,0.27840624539964376,0.0,1.0,1.0,191.0,0.0,0.27840624539964376,0.0,1.0,1.0,191.0,0.0,0.7215937546003562,0.0,1.0,0.0,614.0,1.0
card_5cbaa94f470634d00820,state_e9675a0cf987d5d06534,sgv31_u05,1,M0+R0|M0+RS|ME+R0|ME+RS|MP+R0|MP+RS|MPE+R0|MPE+RS,ME+RS,0.5209640051643885,0.0,0.5,0.0,670.0,2.0,0.5237463640513876,0.2777777777777778,0.2222222222222222,0.2777777777777778,577.8888888888889,1.972222222222222,0.5241132788201283,0.0,0.5,1.0,207.0,0.0,0.35045831487706974,0.0,0.5,1.0,234.0,1.0,0.6076658757689613,0.5,0.0,0.0,733.0,3.0
card_5d6fb7f178073933da0a,state_b6684d9394925a398e4d,sgv31_u05,1,M0+R0|M0+RS,M0+R0,0.7215937546003562,0.0,1.0,0.5,195.0,0.0,0.4015138868442861,0.0,1.0,0.1388888888888889,514.2222222222222,0.7222222222222222,0.7215937546003562,0.0,1.0,0.5,195.0,0.0,0.7215937546003562,0.0,1.0,0.5,195.0,0.0,0.27840624539964376,0.0,1.0,0.0,637.0,1.0
card_5decadbce462b5148426,state_75a133f91ef58ffc79c7,sgv31_u05,1,M0+R0|M0+RS,M0+R0,0.5,0.0,1.0,1.0,195.0,0.0,0.5,0.0,1.0,0.2777777777777778,509.8888888888889,0.7222222222222222,0.5,0.0,1.0,1.0,195.0,0.0,0.5,0.0,1.0,1.0,195.0,0.0,0.5,0.0,1.0,0.0,631.0,1.0
card_5ed6eda6639f4b6507a7,state_b6684d9394925a398e4d,sgv31_u05,1,M0+R0|M0+RS|ME+R0|ME+RS|MS+R0|MS+RS|MSE+R0|MSE+RS,MSE+R0,0.562849480619408,0.0,0.0,1.0,268.0,2.0,0.48487849396664695,0.0,0.16666666666666669,0.25,567.8333333333333,2.1944444444444446,0.5001848846938846,0.0,1.0,0.5,195.0,0.0,0.4656207562665318,0.0,0.5,0.5,218.0,1.0,0.5001848846938846,0.0,0.0,0.0,710.0,3.0
card_5f5490c64f130c474328,state_af05c2b0f8b3989a9cbf,sgv31_u10,1,M0+R0|M0+RS|ME+R0|ME+RS|MP+R0|MP+RS|MPE+R0|MPE+RS,MP+R0,0.6047925831688011,0.0,0.0,1.0,213.0,1.0,0.5084423253391602,0.0,0.05555555555555555,0.25,533.9166666666667,1.972222222222222,0.5735595681891217,0.0,1.0,1.0,189.0,0.0,0.593213404909401,0.0,0.0,0.5,217.0,1.0,0.3597903329530284,0.0,0.0,0.0,668.0,3.0
card_5f57e40110226d118257,state_a6943cb3962269085c78,sgv31_u10,1,M0+R0|M0+RS|MP+R0|MP+RS,MP+RS,0.6873181682420647,0.0,0.0,0.0,685.0,2.0,0.5244493710685751,0.0,0.16666666666666669,0.2777777777777778,543.8333333333333,1.3888888888888888,0.5406219418306134,0.0,0.5,1.0,191.0,0.0,0.5406219418306134,0.0,0.5,1.0,191.0,0.0,0.6873181682420647,0.0,0.0,0.0,685.0,2.0
card_5f9e208afb35bfba33a8,state_bd3f8b5c723e66020b1e,sgv31_u15,1,M0+R0|M0+RS|ME+R0|ME+RS,ME+RS,0.5,0.0,0.0,0.0,616.0,2.0,0.4660992900082914,0.0,0.0763888888888889,0.2777777777777778,504.125,1.5694444444444444,0.5,0.0,0.5,1.0,202.0,0.0,0.22879432006633116,0.0,0.0,1.0,227.0,1.0,0.5,0.0,0.0,0.0,616.0,2.0
card_604b27c6eb48d882fe29,state_2b63e383c989e7dcbd4d,sgv31_u10,1,M0+R0|M0+RS|ME+R0|ME+RS|MS+R0|MS+RS|MSE+R0|MSE+RS,MS+R0,0.48622242663488163,0.0,0.0,1.0,258.0,1.0,0.476774317115324,0.0,0.1388888888888889,0.2777777777777778,534.3333333333334,2.1944444444444446,0.5428063879655781,0.0,0.5,1.0,199.0,0.0,0.6211139385149629,0.0,0.0,1.0,223.0,1.0,0.4562105532103748,0.0,0.0,0.0,662.0,3.0
card_605ed86c1381b85155df,state_cef34308284c6c7c7a65,sgv31_u15,1,M0+R0|M0+RS,M0+R0,0.7215937546003562,0.0,1.0,1.0,198.0,0.0,0.4015138868442861,0.0,1.0,0.2777777777777778,503.5,0.7222222222222222,0.7215937546003562,0.0,1.0,1.0,198.0,0.0,0.7215937546003562,0.0,1.0,1.0,198.0,0.0,0.27840624539964376,0.0,1.0,0.0,621.0,1.0
card_60829b8c740d8d13619e,state_4c145452aa49d03656ae,sgv31_u10,1,M0+R0|M0+RS|MP+R0|MP+RS,MP+R0,0.5720345860688135,0.0,0.0,1.0,265.0,1.0,0.435868879922543,0.0,0.33333333333333337,0.2777777777777778,496.2777777777777,1.3888888888888888,0.7165554542797429,0.0,1.0,1.0,194.0,0.0,0.7165554542797429,0.0,1.0,1.0,194.0,0.0,0.4279654139311864,0.0,0.0,0.0,618.0,2.0
card_60e9431888a0d8a90a30,state_e7b84a4bace024bb0104,sgv31_u05,1,M0+R0|M0+RS|ME+R0|ME+RS|MS+R0|MS+RS|MSE+R0|MSE+RS,M0+RS,0.46371653150297476,0.0,0.5,0.0,587.0,1.0,0.49773817185352176,0.0,0.16666666666666669,0.2777777777777778,552.7777777777777,2.1944444444444446,0.6615665532881013,0.0,0.5,1.0,198.0,0.0,0.3817831217322872,0.0,0.5,1.0,247.0,1.0,0.5327887454807232,0.0,0.0,0.0,686.0,3.0
card_6134dbc67c878de5e596,state_101b430ad72287be727c,sgv31_u15,1,M0+R0|M0+RS|ME+R0|ME+RS,ME+RS,0.5379950269774428,0.0,0.0,0.0,615.0,2.0,0.543879170490781,0.0,0.0763888888888889,0.2777777777777778,503.125,1.5694444444444444,0.38328316511855115,0.0,0.5,1.0,201.0,0.0,0.6167168348814488,0.0,0.0,1.0,226.0,1.0,0.5379950269774428,0.0,0.0,0.0,615.0,2.0
card_6159dce1758668016e51,state_2b63e383c989e7dcbd4d,sgv31_u10,1,M0+R0|M0+RS|MP+R0|MP+RS,M0+R0,0.6477291697335709,0.0,1.0,1.0,199.0,0.0,0.4343425912295241,0.0,0.19444444444444445,0.5,527.2777777777777,1.3888888888888888,0.6477291697335709,0.0,1.0,1.0,199.0,0.0,0.6477291697335709,0.0,1.0,1.0,199.0,0.0,0.3522708302664292,0.0,0.0,0.5,659.0,2.0
card_62610b2c910f03ae8504,state_448cae978aef8c2f0f12,sgv31_u15,1,M0+R0|M0+RS|MP+R0|MP+RS|MPMS+R0|MPMS+RS|MS+R0|MS+RS,MPMS+R0,0.6220680114422991,0.0,0.0,1.0,316.0,2.0,0.42970090334570976,0.1388888888888889,0.25,0.2777777777777778,593.1388888888888,2.0277777777777777,0.6220680114422991,0.0,1.0,1.0,195.0,0.0,0.6220680114422991,0.0,1.0,1.0,195.0,0.0,0.3735576988035338,0.5,0.0,0.0,756.0,3.0
card_62fb52f830c9e03ff675,state_af05c2b0f8b3989a9cbf,sgv31_u10,1,M0+R0|M0+RS|MP+R0|MP+RS|MPMS+R0|MPMS+RS|MS+R0|MS+RS,MPMS+R0,0.37017834822822177,0.0,0.0,1.0,256.0,2.0,0.5029619922848184,0.0,0.19444444444444445,0.2777777777777778,550.6666666666666,2.0277777777777777,0.43271955643354587,0.0,1.0,1.0,189.0,0.0,0.43271955643354587,0.0,1.0,1.0,189.0,0.0,0.43271955643354587,0.0,0.0,0.0,692.0,3.0
card_6383645214880894db69,state_d2ae42a7e1ca750d78a3,sgv31_u10,1,M0+R0|M0+RS|MP+R0|MP+RS|MPMS+R0|MPMS+RS|MS+R0|MS+RS,MPMS+RS,0.6929589434795668,0.5,0.0,0.0,771.0,3.0,0.5624131283663165,0.2222222222222222,0.2777777777777778,0.2777777777777778,606.9444444444445,2.0277777777777777,0.2501720631685362,0.0,0.5,1.0,205.0,0.0,0.2501720631685362,0.0,0.5,1.0,205.0,0.0,0.6929589434795668,0.5,0.0,0.0,771.0,3.0
card_666dc6ea6a844ebef7ba,state_a2691f08850957ad116b,sgv31_u15,1,M0+R0|M0+RS|ME+R0|ME+RS,ME+R0,0.6508241519760448,0.0,0.0,1.0,229.0,1.0,0.4622939620059887,0.0,0.09027777777777778,0.2777777777777778,551.4722222222222,1.5694444444444444,0.3491758480239551,0.0,1.0,1.0,203.0,0.0,0.6508241519760448,0.0,0.0,1.0,229.0,1.0,0.3491758480239551,0.0,0.0,0.0,681.0,2.0
card_67d73041a915326186e9,state_53dc0d4bb174b42ec50c,sgv31_u05,1,M0+R0|M0+RS,M0+RS,0.5,0.0,1.0,0.0,602.0,1.0,0.5,0.0,1.0,0.2777777777777778,491.72222222222223,0.7222222222222222,0.5,0.0,1.0,1.0,205.0,0.0,0.5,0.0,1.0,1.0,205.0,0.0,0.5,0.0,1.0,0.0,602.0,1.0
card_680830d929162acdf2af,state_5ad710e7e9beb5fb0950,sgv31_u05,1,M0+R0|M0+RS|ME+R0|ME+RS|MP+R0|MP+RS|MPE+R0|MPE+RS,MP+R0,0.4572725638960816,0.0,0.0,1.0,219.0,1.0,0.49928838127332337,0.0,0.08333333333333333,0.2777777777777778,529.1388888888889,1.972222222222222,0.699246915124722,0.0,1.0,1.0,195.0,0.0,0.42316918291656147,0.0,0.5,1.0,221.0,1.0,0.6196489048707671,0.0,0.0,0.0,659.0,3.0
card_6823dc6677555d967385,state_ab40e84a7a10ab8790b6,sgv31_u15,1,M0+R0|M0+RS|MP+R0|MP+RS|MPMS+R0|MPMS+RS|MS+R0|MS+RS,MP+RS,0.46579823344050447,0.0,0.0,0.0,707.0,2.0,0.5201645385760477,0.2222222222222222,0.19444444444444445,0.2777777777777778,590.8055555555555,2.0277777777777777,0.5688240405475297,0.0,0.5,1.0,204.0,0.0,0.5688240405475297,0.0,0.5,1.0,204.0,0.0,0.6955593483666227,0.5,0.0,0.0,749.0,3.0
card_6873045e99d1e05d45c9,state_af05c2b0f8b3989a9cbf,sgv31_u10,1,M0+R0|M0+RS|ME+R0|ME+RS|MS+R0|MS+RS|MSE+R0|MSE+RS,MS+R0,0.39850209272240666,0.0,0.0,1.0,241.0,1.0,0.4523063078360302,0.0,0.18055555555555555,0.25,553.4166666666667,2.1944444444444446,0.6211097171572902,0.0,1.0,1.0,189.0,0.0,0.5556745119549809,0.0,0.0,0.5,213.0,1.0,0.44487983514682966,0.0,0.0,0.0,692.0,3.0
card_6a383dc26d67ed5dbe94,state_33c35f9bf27888221702,sgv31_u05,1,M0+R0|M0+RS|ME+R0|ME+RS|MS+R0|MS+RS|MSE+R0|MSE+RS,ME+RS,0.5624110973500407,0.0,0.5,0.0,618.0,2.0,0.5207497863722019,0.0,0.20833333333333334,0.2361111111111111,539.8888888888889,2.1944444444444446,0.5432509019079615,0.0,0.5,1.0,203.0,0.0,0.5666537681474901,0.0,0.5,1.0,229.0,1.0,0.585658826123538,0.0,0.0,0.0,668.0,3.0
card_6ab6c5505675041cdaf9,state_5637a5aaa5bc10defef3,sgv31_u10,1,M0+R0|M0+RS|MP+R0|MP+RS,M0+RS,0.46190489631732423,0.0,1.0,0.0,640.0,1.0,0.5789897239794903,0.0,0.33333333333333337,0.2777777777777778,566.2222222222222,1.3888888888888888,0.2509436442487448,0.0,1.0,1.0,204.0,0.0,0.2509436442487448,0.0,1.0,1.0,204.0,0.0,0.6781852670149338,0.0,0.0,0.0,711.0,2.0
card_6bcbbcc2854d04b2556d,state_cef34308284c6c7c7a65,sgv31_u15,1,M0+R0|M0+RS|ME+R0|ME+RS|MP+R0|MP+RS|MPE+R0|MPE+RS|MPMS+R0|MPMS+RS|MPMSME+R0|MPMSME+RS|MS+R0|MS+RS|MSE+R0|MSE+RS,MPMSME+R0,0.3916628628673174,0.0,0.0,1.0,288.0,3.0,0.5187383887401745,0.0,0.05555555555555555,0.2777777777777778,556.1388888888889,2.388888888888889,0.5733245962139775,0.0,1.0,1.0,198.0,0.0,0.6030658212432153,0.0,0.0,1.0,223.0,1.0,0.5539645360970302,0.0,0.0,0.0,711.0,4.0
card_6c154c9a6e1c9c2bb6ff,state_4853d3c4eff71659d77d,sgv31_u10,1,M0+R0|M0+RS|ME+R0|ME+RS|MP+R0|MP+RS|MPE+R0|MPE+RS|MPMS+R0|MPMS+RS|MPMSME+R0|MPMSME+RS|MS+R0|MS+RS|MSE+R0|MSE+RS,MP+RS,0.5924339632173753,0.0,0.5,0.0,668.0,2.0,0.5524885730881572,0.0,0.4722222222222222,0.2638888888888889,575.4444444444443,2.388888888888889,0.3895381675184665,0.0,0.5,1.0,202.0,0.0,0.44505236861659525,0.0,0.5,1.0,247.0,1.0,0.6704007433396276,0.5,0.0,0.0,754.0,4.0
card_6ce2b9d9bccdf3634a04,state_814f0570b685af99d3d2,sgv31_u15,1,M0+R0|M0+RS|ME+R0|ME+RS|MP+R0|MP+RS|MPE+R0|MPE+RS,MPE+RS,0.2556507402469317,0.0,0.0,0.0,743.0,3.0,0.495953634012542,0.125,0.05555555555555555,0.2777777777777778,581.9166666666666,1.972222222222222,0.3674397752122747,0.0,1.0,1.0,197.0,0.0,0.6375257942777355,0.0,0.0,1.0,245.0,1.0,0.2556507402469317,0.0,0.0,0.0,743.0,3.0
card_6ea4b79b5dba1b8e3dc8,state_322d419affa82845ce00,sgv31_u05,1,M0+R0|M0+RS|ME+R0|ME+RS,ME+R0,0.6477291697335709,0.0,0.0,1.0,232.0,1.0,0.4343425912295241,0.0,0.0763888888888889,0.2777777777777778,508.81944444444446,1.5694444444444444,0.6477291697335709,0.0,0.5,1.0,205.0,0.0,0.6477291697335709,0.0,0.0,1.0,232.0,1.0,0.3522708302664292,0.0,0.0,0.0,621.0,2.0
card_7033ccd14544fd39dc70,state_cc80960dc09f2e274c77,sgv31_u05,1,M0+R0|M0+RS|MP+R0|MP+RS,MP+RS,0.7490563557512552,0.0,0.0,0.0,713.0,2.0,0.5789897239794902,0.1111111111111111,0.3055555555555556,0.2777777777777778,567.8888888888889,1.3888888888888888,0.32181473298506635,0.0,0.5,1.0,205.0,0.0,0.32181473298506635,0.0,0.5,1.0,205.0,0.0,0.7490563557512552,0.0,0.0,0.0,713.0,2.0
card_70c97d06f315d3d2d90d,state_ab40e84a7a10ab8790b6,sgv31_u15,1,M0+R0|M0+RS|ME+R0|ME+RS|MP+R0|MP+RS|MPE+R0|MPE+RS,MP+RS,0.49005369503847934,0.0,0.5,0.0,707.0,2.0,0.468394018808721,0.09722222222222222,0.125,0.2777777777777778,570.0555555555555,1.972222222222222,0.4768197208753603,0.0,1.0,1.0,204.0,0.0,0.5354168394786559,0.0,0.0,1.0,229.0,1.0,0.3914776055161906,0.5,0.0,0.0,723.0,3.0
card_717ef0fe10c8302cfa4d,state_e7b84a4bace024bb0104,sgv31_u05,1,M0+R0|M0+RS|MP+R0|MP+RS,M0+RS,0.7490563557512552,0.0,0.5,0.0,587.0,1.0,0.540463074874386,0.3333333333333333,0.16666666666666669,0.2777777777777778,526.9444444444445,1.3888888888888888,0.3910338075810027,0.0,0.5,1.0,198.0,0.0,0.3910338075810027,0.0,0.5,1.0,198.0,0.0,0.5380951036826757,0.5,0.0,0.0,659.0,2.0
card_72ef3ce6d0960f7260be,state_1c48acc3c2fc7b9e4d1c,sgv31_u15,1,M0+R0|M0+RS,M0+RS,0.7215937546003562,0.0,1.0,0.0,649.0,1.0,0.598486113155714,0.0,0.8611111111111112,0.2777777777777778,526.7777777777778,0.7222222222222222,0.27840624539964376,0.0,0.5,1.0,209.0,0.0,0.27840624539964376,0.0,0.5,1.0,209.0,0.0,0.7215937546003562,0.0,1.0,0.0,649.0,1.0
card_7358bc8717132bff1fc7,state_322d419affa82845ce00,sgv31_u05,1,M0+R0|M0+RS|MP+R0|MP+RS,M0+R0,0.5379950269774428,0.0,0.5,1.0,205.0,0.0,0.4656195862535796,0.2222222222222222,0.16666666666666669,0.2777777777777778,533.9444444444445,1.3888888888888888,0.5379950269774428,0.0,0.5,1.0,205.0,0.0,0.5379950269774428,0.0,0.5,1.0,205.0,0.0,0.38328316511855115,0.5,0.0,0.0,666.0,2.0
card_73b51af01f177d356c11,state_ab40e84a7a10ab8790b6,sgv31_u15,1,M0+R0|M0+RS|MS+R0|MS+RS,M0+RS,0.723145270250137,0.0,0.5,0.0,636.0,1.0,0.48330038157175054,0.0,0.125,0.2777777777777778,554.25,1.4722222222222223,0.42439180136663107,0.0,0.5,1.0,204.0,0.0,0.42439180136663107,0.0,0.5,1.0,204.0,0.0,0.42439180136663107,0.0,0.0,0.0,687.0,2.0
card_7466c453a2bd90b81bab,state_90ea63f953f5a2e08ec6,sgv31_u15,1,M0+R0|M0+RS|ME+R0|ME+RS|MP+R0|MP+RS|MPE+R0|MPE+RS,ME+RS,0.5986022524220665,0.0,0.5,0.0,634.0,2.0,0.557046937687872,0.2777777777777778,0.2222222222222222,0.2777777777777778,550.8333333333333,1.972222222222222,0.3067131591225663,0.0,0.5,1.0,205.0,0.0,0.46694561307542815,0.0,0.5,1.0,230.0,1.0,0.5637000689126358,0.5,0.0,0.0,696.0,3.0
card_74a6c60a301cc15bd130,state_5ad710e7e9beb5fb0950,sgv31_u05,1,M0+R0|M0+RS|ME+R0|ME+RS|MS+R0|MS+RS|MSE+R0|MSE+RS,MS+R0,0.4446234612123604,0.0,0.0,1.0,247.0,1.0,0.44763554150499596,0.0,0.1527777777777778,0.2777777777777778,549.25,2.1944444444444446,0.46719510299850736,0.0,1.0,1.0,195.0,0.0,0.4556048404459629,0.0,0.5,1.0,218.0,1.0,0.3356637090755689,0.0,0.0,0.0,684.0,3.0
card_75732ec06d35029553eb,state_33c35f9bf27888221702,sgv31_u05,1,M0+R0|M0+RS|MS+R0|MS+RS,MS+RS,0.5379950269774428,0.0,0.0,0.0,651.0,2.0,0.5278202630877532,0.0,0.125,0.2777777777777778,528.1944444444445,1.4722222222222223,0.38328316511855115,0.0,0.5,1.0,203.0,0.0,0.38328316511855115,0.0,0.5,1.0,203.0,0.0,0.5379950269774428,0.0,0.0,0.0,651.0,2.0
card_75d5f75add1c1f15e809,state_814f0570b685af99d3d2,sgv31_u15,1,M0+R0|M0+RS|ME+R0|ME+RS|MS+R0|MS+RS|MSE+R0|MSE+RS,MSE+RS,0.6414908913243876,0.0,0.0,0.0,709.0,3.0,0.5461935973002494,0.0,0.1111111111111111,0.2777777777777778,567.8333333333333,2.1944444444444446,0.4235501666054472,0.0,1.0,1.0,197.0,0.0,0.5364157143298593,0.0,0.0,1.0,223.0,1.0,0.6414908913243876,0.0,0.0,0.0,709.0,3.0
card_7601bf28f45d62280ebc,state_322d419affa82845ce00,sgv31_u05,1,M0+R0|M0+RS|ME+R0|ME+RS|MS+R0|MS+RS|MSE+R0|MSE+RS,ME+R0,0.5345816661710282,0.0,0.5,1.0,254.0,1.0,0.5210329257392505,0.2222222222222222,0.20833333333333334,0.2777777777777778,559.7777777777778,2.1944444444444446,0.4555135700141641,0.0,0.5,1.0,205.0,0.0,0.5345816661710282,0.0,0.5,1.0,254.0,1.0,0.5430505211610133,0.5,0.0,0.0,693.0,3.0
card_767a28ce59d88efda3e7,state_1f08b5fd1ebb16188227,sgv31_u05,1,M0+R0|M0+RS|ME+R0|ME+RS|MP+R0|MP+RS|MPE+R0|MPE+RS|MPMS+R0|MPMS+RS|MPMSME+R0|MPMSME+RS|MS+R0|MS+RS|MSE+R0|MSE+RS,MPMS+RS,0.7480401562980823,0.0,0.0,0.0,751.0,3.0,0.5381869357044321,0.027777777777777776,0.3194444444444444,0.2777777777777778,587.8333333333333,2.388888888888889,0.36322148838993557,0.0,0.5,1.0,200.0,0.0,0.2158408987137295,0.0,0.5,1.0,227.0,1.0,0.6129396359134778,0.5,0.0,0.0,769.0,4.0
card_76c8a77be7f3cd1506de,state_cef34308284c6c7c7a65,sgv31_u15,1,M0+R0|M0+RS|MS+R0|MS+RS,MS+R0,0.575608198633369,0.0,0.0,1.0,257.0,1.0,0.4177283497420759,0.0,0.25,0.2777777777777778,547.75,1.4722222222222223,0.571928872983399,0.0,1.0,1.0,198.0,0.0,0.571928872983399,0.0,1.0,1.0,198.0,0.0,0.27685472974986314,0.0,0.0,0.0,680.0,2.0
card_7764d65ab2ec30904a65,state_90ea63f953f5a2e08ec6,sgv31_u15,1,M0+R0|M0+RS,M0+RS,0.7215937546003562,0.0,1.0,0.0,609.0,1.0,0.598486113155714,0.0,1.0,0.2777777777777778,496.77777777777777,0.7222222222222222,0.27840624539964376,0.0,1.0,1.0,205.0,0.0,0.27840624539964376,0.0,1.0,1.0,205.0,0.0,0.7215937546003562,0.0,1.0,0.0,609.0,1.0
card_776900b8899c6dcbda28,state_d2ae42a7e1ca750d78a3,sgv31_u10,1,M0+R0|M0+RS|ME+R0|ME+RS,ME+RS,0.5720345860688135,0.0,0.0,0.0,681.0,2.0,0.5460660115510908,0.0,0.1388888888888889,0.2777777777777778,551.7777777777778,1.5694444444444444,0.28344454572025707,0.0,0.5,1.0,205.0,0.0,0.4279654139311864,0.0,0.0,1.0,229.0,1.0,0.5720345860688135,0.0,0.0,0.0,681.0,2.0
card_78bcb50f9ccb51b25698,state_68ef8f7067c62eaad585,sgv31_u15,1,M0+R0|M0+RS|MP+R0|MP+RS,MP+RS,0.5,0.5,0.0,0.0,710.0,2.0,0.5150669822185372,0.3333333333333333,0.3055555555555556,0.2777777777777778,565.2222222222222,1.3888888888888888,0.5,0.0,0.5,1.0,203.0,0.0,0.5,0.0,0.5,1.0,203.0,0.0,0.5,0.5,0.0,0.0,710.0,2.0
card_78fa28e00f3a997fd6a4,state_9fce231ab10d6d582559,sgv31_u10,1,M0+R0|M0+RS|MS+R0|MS+RS,MS+RS,0.571928872983399,0.0,0.0,0.0,643.0,2.0,0.5570689173801344,0.0,0.125,0.2777777777777778,521.9444444444445,1.4722222222222223,0.27685472974986314,0.0,0.5,1.0,202.0,0.0,0.27685472974986314,0.0,0.5,1.0,202.0,0.0,0.571928872983399,0.0,0.0,0.0,643.0,2.0
card_7934df6be5002fcbf245,state_65c5fe46f76d42a112ca,sgv31_u15,1,M0+R0|M0+RS|ME+R0|ME+RS,M0+RS,0.5379950269774428,0.0,0.5,0.0,587.0,1.0,0.5442206397344211,0.125,0.0763888888888889,0.2777777777777778,519.6111111111111,1.5694444444444444,0.4620049730225572,0.0,0.5,1.0,198.0,0.0,0.38328316511855115,0.5,0.0,1.0,246.0,1.0,0.6167168348814488,0.0,0.0,0.0,635.0,2.0
card_793f0464cc1802b0668c,state_90ea63f953f5a2e08ec6,sgv31_u15,1,M0+R0|M0+RS|ME+R0|ME+RS|MS+R0|MS+RS|MSE+R0|MSE+RS,MSE+RS,0.5199768966152497,0.0,0.0,0.0,685.0,3.0,0.5131659147878691,0.0,0.20833333333333334,0.2777777777777778,552.7222222222222,2.1944444444444446,0.34945464453385205,0.0,0.5,1.0,205.0,0.0,0.5572195333489607,0.0,0.5,1.0,231.0,1.0,0.5199768966152497,0.0,0.0,0.0,685.0,3.0
card_79620dad9583aedafcec,state_a46753bb1503ba602a58,sgv31_u10,1,M0+R0|M0+RS|MP+R0|MP+RS|MPMS+R0|MPMS+RS|MS+R0|MS+RS,MP+RS,0.509540707087009,0.5,0.0,0.0,662.0,2.0,0.5601347359555928,0.3055555555555556,0.18055555555555555,0.2777777777777778,558.4444444444445,2.0277777777777777,0.3620885806778142,0.0,0.5,1.0,202.0,0.0,0.3620885806778142,0.0,0.5,1.0,202.0,0.0,0.6984000422884444,0.5,0.0,0.0,705.0,3.0
card_7a0d3f496db0b0568bb8,state_f431a5373f9ff5b5bcfb,sgv31_u10,1,M0+R0|M0+RS|MP+R0|MP+RS,MP+RS,0.5,0.0,0.0,0.0,706.0,2.0,0.5,0.0,0.16666666666666669,0.2777777777777778,561.2222222222222,1.3888888888888888,0.5,0.0,0.5,1.0,199.0,0.0,0.5,0.0,0.5,1.0,199.0,0.0,0.5,0.0,0.0,0.0,706.0,2.0
card_7a9644ce9fe36f03de96,state_1c48acc3c2fc7b9e4d1c,sgv31_u15,1,M0+R0|M0+RS|MP+R0|MP+RS|MPMS+R0|MPMS+RS|MS+R0|MS+RS,MPMS+RS,0.6052965531347088,0.0,0.0,0.0,770.0,3.0,0.5376237667604946,0.0,0.2777777777777778,0.2777777777777778,607.1388888888889,2.0277777777777777,0.2711789625256154,0.0,0.5,1.0,209.0,0.0,0.2711789625256154,0.0,0.5,1.0,209.0,0.0,0.6052965531347088,0.0,0.0,0.0,770.0,3.0
card_7ae750881345d52bd990,state_f92bdc2175a73cce842f,sgv31_u05,1,M0+R0|M0+RS|ME+R0|ME+RS,ME+RS,0.571928872983399,0.0,0.0,0.0,612.0,2.0,0.5651121161234284,0.0,0.0763888888888889,0.2777777777777778,499.81944444444446,1.5694444444444444,0.27685472974986314,0.0,0.5,1.0,196.0,0.0,0.5756081986333689,0.0,0.0,1.0,223.0,1.0,0.571928872983399,0.0,0.0,0.0,612.0,2.0
card_7b21408cd489de89e8e1,state_cef34308284c6c7c7a65,sgv31_u15,1,M0+R0|M0+RS|ME+R0|ME+RS,ME+R0,0.7490563557512552,0.0,0.0,1.0,224.0,1.0,0.47597209630189796,0.0,0.125,0.2777777777777778,525.5277777777778,1.5694444444444444,0.5380951036826757,0.0,0.0,1.0,198.0,0.0,0.7490563557512552,0.0,0.0,1.0,224.0,1.0,0.3910338075810027,0.0,0.0,0.0,647.0,2.0
card_7bfbe468005c3784b662,state_90ea63f953f5a2e08ec6,sgv31_u15,1,M0+R0|M0+RS|MP+R0|MP+RS|MPMS+R0|MPMS+RS|MS+R0|MS+RS,MS+RS,0.5970415330041945,0.0,0.5,0.0,668.0,2.0,0.5618191325571289,0.2222222222222222,0.2777777777777778,0.2638888888888889,577.1388888888888,2.0277777777777777,0.3138220192045453,0.0,0.5,1.0,205.0,0.0,0.3138220192045453,0.0,0.5,1.0,205.0,0.0,0.5619185503835332,0.5,0.0,0.0,730.0,3.0
card_7dc26b99985f8a5713f2,state_f92bdc2175a73cce842f,sgv31_u05,1,M0+R0|M0+RS|ME+R0|ME+RS,ME+RS,0.6477291697335709,0.0,0.0,0.0,634.0,2.0,0.565657408770476,0.0,0.0763888888888889,0.2777777777777778,518.4583333333333,1.5694444444444444,0.3522708302664292,0.0,0.5,1.0,196.0,0.0,0.3522708302664292,0.0,0.0,1.0,245.0,1.0,0.6477291697335709,0.0,0.0,0.0,634.0,2.0
card_7de1f0538c9c664cd03f,state_e9675a0cf987d5d06534,sgv31_u05,1,M0+R0|M0+RS,M0+RS,0.7215937546003562,0.0,1.0,0.0,643.0,1.0,0.598486113155714,0.0,1.0,0.2777777777777778,521.8888888888889,0.7222222222222222,0.27840624539964376,0.0,1.0,1.0,207.0,0.0,0.27840624539964376,0.0,1.0,1.0,207.0,0.0,0.7215937546003562,0.0,1.0,0.0,643.0,1.0
card_7e4a86afeb1ecef3d451,state_9fce231ab10d6d582559,sgv31_u10,1,M0+R0|M0+RS,M0+RS,0.7215937546003562,0.0,1.0,0.0,591.0,1.0,0.598486113155714,0.0,1.0,0.2777777777777778,482.94444444444446,0.7222222222222222,0.27840624539964376,0.0,1.0,1.0,202.0,0.0,0.27840624539964376,0.0,1.0,1.0,202.0,0.0,0.7215937546003562,0.0,1.0,0.0,591.0,1.0
card_7f933ebb46c9c78001e9,state_814f0570b685af99d3d2,sgv31_u15,1,M0+R0|M0+RS,M0+RS,0.5,0.0,1.0,0.0,633.0,1.0,0.5,0.0,1.0,0.2777777777777778,511.8888888888889,0.7222222222222222,0.5,0.0,1.0,1.0,197.0,0.0,0.5,0.0,1.0,1.0,197.0,0.0,0.5,0.0,1.0,0.0,633.0,1.0
card_818bff397350e7bf61ef,state_e9675a0cf987d5d06534,sgv31_u05,1,M0+R0|M0+RS|ME+R0|ME+RS,ME+RS,0.5,0.0,0.0,0.0,669.0,2.0,0.5,0.0,0.0763888888888889,0.2777777777777778,543.9166666666667,1.5694444444444444,0.5,0.0,0.5,1.0,207.0,0.0,0.5,0.0,0.0,1.0,233.0,1.0,0.5,0.0,0.0,0.0,669.0,2.0
card_848ceb993e69c44a8aee,state_322d419affa82845ce00,sgv31_u05,1,M0+R0|M0+RS|ME+R0|ME+RS|MP+R0|MP+RS|MPE+R0|MPE+RS|MPMS+R0|MPMS+RS|MPMSME+R0|MPMSME+RS|MS+R0|MS+RS|MSE+R0|MSE+RS,ME+R0,0.5391816804207283,0.0,0.5,1.0,232.0,1.0,0.4960649510259666,0.18055555555555555,0.4305555555555555,0.48611111111111116,562.5833333333333,2.388888888888889,0.6081591036598761,0.0,0.5,1.0,205.0,0.0,0.5391816804207283,0.0,0.5,1.0,232.0,1.0,0.566271296298414,0.5,0.0,0.0,734.0,4.0
card_8531eac52a0e5284c916,state_4853d3c4eff71659d77d,sgv31_u10,1,M0+R0|M0+RS|MS+R0|MS+RS,M0+RS,0.7490563557512552,0.0,0.5,0.0,597.0,1.0,0.5228829705353378,0.0,0.125,0.2777777777777778,531.5277777777778,1.4722222222222223,0.3910338075810027,0.0,0.5,1.0,202.0,0.0,0.3910338075810027,0.0,0.5,1.0,202.0,0.0,0.5380951036826757,0.0,0.0,0.0,656.0,2.0
card_87078385339d1903850e,state_af05c2b0f8b3989a9cbf,sgv31_u10,1,M0+R0|M0+RS|ME+R0|ME+RS,ME+R0,0.42439180136663107,0.0,0.0,1.0,217.0,1.0,0.6029162154401129,0.0,0.1527777777777778,0.2777777777777778,527.6111111111111,1.5694444444444444,0.42807112701660105,0.0,1.0,1.0,189.0,0.0,0.42439180136663107,0.0,0.0,1.0,217.0,1.0,0.723145270250137,0.0,0.0,0.0,653.0,2.0
card_873a60bb1b8dd1f9a9fb,state_f431a5373f9ff5b5bcfb,sgv31_u10,1,M0+R0|M0+RS|ME+R0|ME+RS,ME+RS,0.42439180136663107,0.0,0.0,0.0,659.0,2.0,0.4626558163895618,0.0,0.0763888888888889,0.2777777777777778,534.2222222222222,1.5694444444444444,0.42439180136663107,0.0,0.5,1.0,199.0,0.0,0.42807112701660105,0.0,0.0,1.0,223.0,1.0,0.42439180136663107,0.0,0.0,0.0,659.0,2.0
card_873c00110accf84e183f,state_9fce231ab10d6d582559,sgv31_u10,1,M0+R0|M0+RS|MP+R0|MP+RS|MPMS+R0|MPMS+RS|MS+R0|MS+RS,MS+RS,0.5315789976892248,0.0,0.0,0.0,643.0,2.0,0.4931275064321512,0.0,0.1111111111111111,0.2777777777777778,558.4444444444445,2.0277777777777777,0.3589611631552602,0.0,0.5,1.0,202.0,0.0,0.3589611631552602,0.0,0.5,1.0,202.0,0.0,0.31787574575522065,0.0,0.0,0.0,705.0,3.0
card_8891eafe696baf36b564,state_9fce231ab10d6d582559,sgv31_u10,1,M0+R0|M0+RS|ME+R0|ME+RS,ME+RS,0.571928872983399,0.0,0.0,0.0,614.0,2.0,0.5651121161234284,0.0,0.0763888888888889,0.1527777777777778,502.43055555555554,1.5694444444444444,0.27685472974986314,0.0,0.5,1.0,202.0,0.0,0.5756081986333689,0.0,0.0,0.5,225.0,1.0,0.571928872983399,0.0,0.0,0.0,614.0,2.0
card_895347eb891d15def0f6,state_f92bdc2175a73cce842f,sgv31_u05,1,M0+R0|M0+RS|MP+R0|MP+RS,MP+RS,0.6781852670149338,0.0,0.0,0.0,657.0,2.0,0.5871597959851388,0.0,0.16666666666666669,0.16666666666666666,524.9444444444445,1.3888888888888888,0.2509436442487448,0.0,0.5,1.0,196.0,0.0,0.2509436442487448,0.0,0.5,1.0,196.0,0.0,0.6781852670149338,0.0,0.0,0.0,657.0,2.0
card_896e9076ef05deadf6c9,state_1a9eca73f6edf423a6ef,sgv31_u10,1,M0+R0|M0+RS|MP+R0|MP+RS|MPMS+R0|MPMS+RS|MS+R0|MS+RS,MPMS+RS,0.7032577043211431,0.5,0.0,0.0,770.0,3.0,0.5808009130943106,0.2222222222222222,0.33333333333333337,0.2777777777777778,605.9444444444443,2.0277777777777777,0.2967422956788569,0.0,0.5,1.0,204.0,0.0,0.2967422956788569,0.0,0.5,1.0,204.0,0.0,0.7032577043211431,0.5,0.0,0.0,770.0,3.0
card_8a25918b7283f23248d2,state_a2691f08850957ad116b,sgv31_u15,1,M0+R0|M0+RS|ME+R0|ME+RS|MS+R0|MS+RS|MSE+R0|MSE+RS,MSE+R0,0.5890159094477283,0.0,0.0,1.0,271.0,2.0,0.5484037643792565,0.0,0.20833333333333334,0.2777777777777778,579.8333333333333,2.1944444444444446,0.4888517323420665,0.0,0.5,1.0,203.0,0.0,0.4537074104447011,0.0,0.5,1.0,229.0,1.0,0.5780438919050523,0.0,0.0,0.0,723.0,3.0
card_8bbe5260e7620ac2dbfd,state_af05c2b0f8b3989a9cbf,sgv31_u10,1,M0+R0|M0+RS,M0+R0,0.5,0.0,1.0,0.5,189.0,0.0,0.5,0.0,1.0,0.1388888888888889,503.88888888888886,0.7222222222222222,0.5,0.0,1.0,0.5,189.0,0.0,0.5,0.0,1.0,0.5,189.0,0.0,0.5,0.0,1.0,0.0,625.0,1.0
card_8c11c710bcef3860d0ca,state_e7b84a4bace024bb0104,sgv31_u05,1,M0+R0|M0+RS|ME+R0|ME+RS,M0+RS,0.7490563557512552,0.0,0.5,0.0,587.0,1.0,0.4225668934561244,0.0,0.0763888888888889,0.2777777777777778,500.97222222222223,1.5694444444444444,0.5380951036826757,0.0,0.5,1.0,198.0,0.0,0.3218147329850663,0.0,0.0,1.0,224.0,1.0,0.3910338075810027,0.0,0.0,0.0,613.0,2.0
card_8c943d428a493f7411b9,state_1c48acc3c2fc7b9e4d1c,sgv31_u15,1,M0+R0|M0+RS|ME+R0|ME+RS|MP+R0|MP+RS|MPE+R0|MPE+RS,MP+RS,0.5637174811859996,0.5,0.5,0.0,720.0,2.0,0.5491980427823465,0.20833333333333331,0.375,0.2777777777777778,596.8055555555555,1.972222222222222,0.30878855186287063,0.0,0.5,1.0,209.0,0.0,0.5668676939250278,0.0,0.5,1.0,257.0,1.0,0.5615981851772267,0.0,0.0,0.0,759.0,3.0
card_8d1e74da7b7f6b095b53,state_ff0d3bdad6618e112d51,sgv31_u05,1,M0+R0|M0+RS|MS+R0|MS+RS,MS+RS,0.771205679933669,0.0,0.0,0.0,692.0,2.0,0.6280693488575659,0.0,0.125,0.2777777777777778,557.8888888888889,1.4722222222222223,0.22879432006633116,0.0,0.5,1.0,204.0,0.0,0.22879432006633116,0.0,0.5,1.0,204.0,0.0,0.771205679933669,0.0,0.0,0.0,692.0,2.0
card_8d56840ceaf4feb344ef,state_bd3f8b5c723e66020b1e,sgv31_u15,1,M0+R0|M0+RS,M0+RS,0.7215937546003562,0.0,1.0,0.0,591.0,1.0,0.598486113155714,0.0,1.0,0.2777777777777778,482.94444444444446,0.7222222222222222,0.27840624539964376,0.0,1.0,1.0,202.0,0.0,0.27840624539964376,0.0,1.0,1.0,202.0,0.0,0.7215937546003562,0.0,1.0,0.0,591.0,1.0
card_8ddce3c456ca239bdc93,state_bd3f8b5c723e66020b1e,sgv31_u15,1,M0+R0|M0+RS|ME+R0|ME+RS,M0+RS,0.6477291697335709,0.0,0.5,0.0,591.0,1.0,0.565657408770476,0.0,0.0763888888888889,0.2777777777777778,523.6111111111111,1.5694444444444444,0.3522708302664292,0.0,0.5,1.0,202.0,0.0,0.3522708302664292,0.0,0.0,1.0,250.0,1.0,0.6477291697335709,0.0,0.0,0.0,639.0,2.0
card_8dfed0534205fef818d2,state_b57ef01ffbe9bae5eb68,sgv31_u10,1,M0+R0|M0+RS|ME+R0|ME+RS,ME+RS,0.6781852670149338,0.0,0.0,0.0,631.0,2.0,0.6035949671614229,0.0,0.0763888888888889,0.2777777777777778,515.1111111111111,1.5694444444444444,0.2509436442487448,0.0,0.5,1.0,203.0,0.0,0.46190489631732423,0.0,0.0,1.0,227.0,1.0,0.6781852670149338,0.0,0.0,0.0,631.0,2.0
card_927d93d218f7873a9c0f,state_bd3f8b5c723e66020b1e,sgv31_u15,1,M0+R0|M0+RS|MP+R0|MP+RS,M0+RS,0.6477291697335709,0.0,1.0,0.0,591.0,1.0,0.565657408770476,0.0,0.33333333333333337,0.2777777777777778,530.2777777777778,1.3888888888888888,0.3522708302664292,0.0,1.0,1.0,202.0,0.0,0.3522708302664292,0.0,1.0,1.0,202.0,0.0,0.6477291697335709,0.0,0.0,0.0,662.0,2.0
card_932e24a9c28e938e4329,state_ff0d3bdad6618e112d51,sgv31_u05,1,M0+R0|M0+RS|ME+R0|ME+RS|MP+R0|MP+RS|MPE+R0|MPE+RS,MP+RS,0.6465506460843385,0.5,0.0,0.0,712.0,2.0,0.5388249874127723,0.19444444444444445,0.08333333333333333,0.2777777777777778,574.8888888888888,1.972222222222222,0.6292317681637295,0.0,0.5,1.0,204.0,0.0,0.27335543480693747,0.0,0.5,1.0,231.0,1.0,0.6252425050693279,0.5,0.0,0.0,730.0,3.0
card_93f43454abbe6430a44d,state_ab40e84a7a10ab8790b6,sgv31_u15,1,M0+R0|M0+RS|ME+R0|ME+RS|MS+R0|MS+RS|MSE+R0|MSE+RS,ME+RS,0.5749528009655656,0.0,0.5,0.0,662.0,2.0,0.5462680361824287,0.0,0.1527777777777778,0.2777777777777778,566.3888888888888,2.1944444444444446,0.33813388001316913,0.0,0.5,1.0,204.0,0.0,0.6229811285214165,0.0,0.5,1.0,230.0,1.0,0.597072416775089,0.0,0.0,0.0,704.0,3.0
card_948dcf17951f7e18b0db,state_101b430ad72287be727c,sgv31_u15,1,M0+R0|M0+RS,M0+RS,0.7215937546003562,0.0,1.0,0.0,590.0,1.0,0.598486113155714,0.0,1.0,0.2777777777777778,481.9444444444444,0.7222222222222222,0.27840624539964376,0.0,1.0,1.0,201.0,0.0,0.27840624539964376,0.0,1.0,1.0,201.0,0.0,0.7215937546003562,0.0,1.0,0.0,590.0,1.0
card_9553050e137b7cfcaa0a,state_af05c2b0f8b3989a9cbf,sgv31_u10,1,M0+R0|M0+RS|ME+R0|ME+RS|MP+R0|MP+RS|MPE+R0|MPE+RS|MPMS+R0|MPMS+RS|MPMSME+R0|MPMSME+RS|MS+R0|MS+RS|MSE+R0|MSE+RS,MPMS+R0,0.3853981589923613,0.0,0.0,1.0,256.0,2.0,0.5082393953941926,0.0,0.1111111111111111,0.4027777777777778,554.8333333333333,2.388888888888889,0.44972897796515443,0.0,1.0,1.0,189.0,0.0,0.43089938313020715,0.0,0.0,1.0,217.0,1.0,0.634522771376235,0.0,0.0,0.0,711.0,4.0
card_95c5ce9a4f6da067aff2,state_4853d3c4eff71659d77d,sgv31_u10,1,M0+R0|M0+RS,M0+RS,0.5,0.0,1.0,0.0,597.0,1.0,0.5,0.0,1.0,0.2777777777777778,487.2777777777778,0.7222222222222222,0.5,0.0,1.0,1.0,202.0,0.0,0.5,0.0,1.0,1.0,202.0,0.0,0.5,0.0,1.0,0.0,597.0,1.0
card_9693f7ff004b11c455ec,state_448cae978aef8c2f0f12,sgv31_u15,1,M0+R0|M0+RS|ME+R0|ME+RS|MS+R0|MS+RS|MSE+R0|MSE+RS,MSE+R0,0.5210058181498384,0.0,0.0,0.5,271.0,2.0,0.4922133343038918,0.0,0.1388888888888889,0.20833333333333334,568.7222222222222,2.1944444444444446,0.5568951395180682,0.0,1.0,1.0,195.0,0.0,0.5215425110064499,0.0,0.0,1.0,221.0,1.0,0.5108032224414828,0.0,0.0,0.0,711.0,3.0
card_96a0afbf009a8dbedc9d,state_a6943cb3962269085c78,sgv31_u10,1,M0+R0|M0+RS|ME+R0|ME+RS|MP+R0|MP+RS|MPE+R0|MPE+RS,MP+RS,0.5944044974198969,0.0,0.5,0.0,685.0,2.0,0.5133454441228429,0.0,0.3194444444444444,0.2777777777777778,552.6388888888889,1.972222222222222,0.4048380837294208,0.0,0.5,1.0,191.0,0.0,0.5993602219065893,0.0,0.0,1.0,219.0,1.0,0.4068413107701753,0.0,0.0,0.0,704.0,3.0
card_96bcfce0919593c6298e,state_ab40e84a7a10ab8790b6,sgv31_u15,1,M0+R0|M0+RS|ME+R0|ME+RS,ME+RS,0.571928872983399,0.0,0.0,0.0,662.0,2.0,0.5651121161234284,0.0,0.0763888888888889,0.2777777777777778,538.0277777777778,1.5694444444444444,0.27685472974986314,0.0,0.5,1.0,204.0,0.0,0.5756081986333689,0.0,0.0,1.0,230.0,1.0,0.571928872983399,0.0,0.0,0.0,662.0,2.0
card_97a7259bf715271d3caf,state_5ad710e7e9beb5fb0950,sgv31_u05,1,M0+R0|M0+RS,M0+R0,0.7215937546003562,0.0,1.0,1.0,195.0,0.0,0.4015138868442861,0.0,1.0,0.2777777777777778,500.5,0.7222222222222222,0.7215937546003562,0.0,1.0,1.0,195.0,0.0,0.7215937546003562,0.0,1.0,1.0,195.0,0.0,0.27840624539964376,0.0,1.0,0.0,618.0,1.0
card_97cf9a3c3f7fe85f6a2d,state_448cae978aef8c2f0f12,sgv31_u15,1,M0+R0|M0+RS|ME+R0|ME+RS,ME+R0,0.6477291697335709,0.0,0.0,1.0,221.0,1.0,0.4343425912295241,0.0,0.1527777777777778,0.2777777777777778,534.8055555555555,1.5694444444444444,0.6477291697335709,0.0,1.0,1.0,195.0,0.0,0.6477291697335709,0.0,0.0,1.0,221.0,1.0,0.3522708302664292,0.0,0.0,0.0,661.0,2.0
card_9829793a3bb93864bf4b,state_33c35f9bf27888221702,sgv31_u05,1,M0+R0|M0+RS|ME+R0|ME+RS|MP+R0|MP+RS|MPE+R0|MPE+RS,ME+RS,0.4654183338289717,0.0,0.5,0.0,619.0,2.0,0.506094952739495,0.25,0.3472222222222222,0.2777777777777778,539.9444444444445,1.972222222222222,0.4895045112985737,0.0,0.5,1.0,203.0,0.0,0.4676045613658237,0.0,0.5,1.0,230.0,1.0,0.44361799306096633,0.5,0.0,0.0,682.0,3.0
card_987ef00a40bb0e93d3ce,state_b57ef01ffbe9bae5eb68,sgv31_u10,1,M0+R0|M0+RS|ME+R0|ME+RS|MP+R0|MP+RS|MPE+R0|MPE+RS|MPMS+R0|MPMS+RS|MPMSME+R0|MPMSME+RS|MS+R0|MS+RS|MSE+R0|MSE+RS,ME+RS,0.550935866468549,0.0,0.5,0.0,630.0,2.0,0.5551541923815059,0.2638888888888889,0.29166666666666663,0.33333333333333326,568.2777777777778,2.388888888888889,0.42558630337454945,0.0,0.5,1.0,203.0,0.0,0.40559564752675636,0.0,0.0,1.0,226.0,1.0,0.4414962767443095,0.5,0.0,0.0,742.0,4.0
card_9a354df2e6896d4999b2,state_ff0d3bdad6618e112d51,sgv31_u05,1,M0+R0|M0+RS|MP+R0|MP+RS,MP+RS,0.771205679933669,0.0,0.0,0.0,712.0,2.0,0.6054688755297601,0.1111111111111111,0.3055555555555556,0.2777777777777778,566.8888888888889,1.3888888888888888,0.22879432006633116,0.0,0.5,1.0,204.0,0.0,0.22879432006633116,0.0,0.5,1.0,204.0,0.0,0.771205679933669,0.0,0.0,0.0,712.0,2.0
card_9bc5d9ad3f87632b7fc8,state_1c48acc3c2fc7b9e4d1c,sgv31_u15,1,M0+R0|M0+RS|ME+R0|ME+RS,ME+RS,0.6477291697335709,0.0,0.0,0.0,675.0,2.0,0.565657408770476,0.0,0.0763888888888889,0.2777777777777778,548.8055555555555,1.5694444444444444,0.3522708302664292,0.0,0.5,1.0,209.0,0.0,0.3522708302664292,0.0,0.0,1.0,235.0,1.0,0.6477291697335709,0.0,0.0,0.0,675.0,2.0
card_9dc4b799bc870e26150f,state_a46753bb1503ba602a58,sgv31_u10,1,M0+R0|M0+RS|MS+R0|MS+RS,M0+RS,0.3491758480239551,0.0,0.5,0.0,591.0,1.0,0.5251373586626742,0.0,0.1527777777777778,0.2777777777777778,521.9444444444445,1.4722222222222223,0.6508241519760448,0.0,1.0,1.0,202.0,0.0,0.6508241519760448,0.0,1.0,1.0,202.0,0.0,0.6508241519760448,0.0,0.0,0.0,643.0,2.0
card_9ebf82b6b2957ba65f93,state_a2691f08850957ad116b,sgv31_u15,1,M0+R0|M0+RS|MS+R0|MS+RS,MS+R0,0.42027387897110263,0.0,0.0,1.0,254.0,1.0,0.5132876868381496,0.0,0.2222222222222222,0.2777777777777778,567.6944444444445,1.4722222222222223,0.5797261210288974,0.0,0.5,1.0,203.0,0.0,0.5797261210288974,0.0,0.5,1.0,203.0,0.0,0.5797261210288974,0.0,0.0,0.0,706.0,2.0
card_9fdeab2a5763220357ad,state_d2ae42a7e1ca750d78a3,sgv31_u10,1,M0+R0|M0+RS|ME+R0|ME+RS|MP+R0|MP+RS|MPE+R0|MPE+RS|MPMS+R0|MPMS+RS|MPMSME+R0|MPMSME+RS|MS+R0|MS+RS|MSE+R0|MSE+RS,MPE+RS,0.6040326099717636,0.5,0.0,0.0,742.0,3.0,0.5828564977458801,0.3333333333333333,0.3611111111111111,0.2777777777777778,601.25,2.388888888888889,0.22506287942237052,0.0,0.5,1.0,205.0,0.0,0.4165555027182768,0.0,0.5,1.0,228.0,1.0,0.44822635338469535,0.5,0.0,0.0,785.0,4.0
card_a2c31238330a776be4fe,state_b57ef01ffbe9bae5eb68,sgv31_u10,1,M0+R0|M0+RS|MP+R0|MP+RS|MPMS+R0|MPMS+RS|MS+R0|MS+RS,M0+RS,0.5764498333945528,0.0,0.5,0.0,607.0,1.0,0.5330864569586928,0.0,0.19444444444444445,0.3888888888888889,575.1388888888889,2.0277777777777777,0.35850910867561236,0.0,0.5,1.0,203.0,0.0,0.35850910867561236,0.0,0.5,1.0,203.0,0.0,0.5764498333945528,0.0,0.0,0.0,728.0,3.0
card_a417b8e1dedfeb29b446,state_f92bdc2175a73cce842f,sgv31_u05,1,M0+R0|M0+RS,M0+RS,0.27840624539964376,0.0,1.0,0.0,585.0,1.0,0.4015138868442861,0.0,1.0,0.2777777777777778,476.94444444444446,0.7222222222222222,0.7215937546003562,0.0,1.0,1.0,196.0,0.0,0.7215937546003562,0.0,1.0,1.0,196.0,0.0,0.27840624539964376,0.0,1.0,0.0,585.0,1.0
card_a785a13261882f5a6bb8,state_a6943cb3962269085c78,sgv31_u10,1,M0+R0|M0+RS|ME+R0|ME+RS,M0+RS,0.7490563557512552,0.0,0.5,0.0,614.0,1.0,0.5063101315140215,0.0,0.0763888888888889,0.2777777777777778,516.8333333333333,1.5694444444444444,0.3910338075810027,0.0,0.5,1.0,191.0,0.0,0.3218147329850663,0.0,0.0,1.0,215.0,1.0,0.5380951036826757,0.0,0.0,0.0,638.0,2.0
card_a8987c7871b9f07a4c3e,state_b6684d9394925a398e4d,sgv31_u05,1,M0+R0|M0+RS|ME+R0|ME+RS,ME+R0,0.6781852670149338,0.0,0.0,1.0,244.0,1.0,0.4936898684859784,0.0,0.1527777777777778,0.2777777777777778,555.7361111111111,1.5694444444444444,0.6089661924189973,0.0,1.0,1.0,195.0,0.0,0.6781852670149338,0.0,0.0,1.0,244.0,1.0,0.4619048963173242,0.0,0.0,0.0,686.0,2.0
card_a8bd438c83304ef91f78,state_bd3f8b5c723e66020b1e,sgv31_u15,1,M0+R0|M0+RS|ME+R0|ME+RS|MP+R0|MP+RS|MPE+R0|MPE+RS|MPMS+R0|MPMS+RS|MPMSME+R0|MPMSME+RS|MS+R0|MS+RS|MSE+R0|MSE+RS,ME+RS,0.6281472950444257,0.0,0.5,0.0,616.0,2.0,0.4820559563021165,0.05555555555555555,0.40277777777777773,0.2777777777777778,557.7777777777777,2.388888888888889,0.5725095152173992,0.0,0.5,1.0,202.0,0.0,0.32385777141652333,0.0,0.5,1.0,227.0,1.0,0.7057901305302017,0.5,0.0,0.0,728.0,4.0
card_a93bf564a41a82e1dd96,state_1c48acc3c2fc7b9e4d1c,sgv31_u15,1,M0+R0|M0+RS|ME+R0|ME+RS|MS+R0|MS+RS|MSE+R0|MSE+RS,MSE+RS,0.6446359006682866,0.5,0.0,0.0,725.0,3.0,0.5692203954553958,0.2222222222222222,0.20833333333333334,0.2777777777777778,582.7222222222222,2.1944444444444446,0.35361783543661357,0.0,0.5,1.0,209.0,0.0,0.274513463379728,0.0,0.5,1.0,235.0,1.0,0.6446359006682866,0.5,0.0,0.0,725.0,3.0
card_a93fe63b4fbb25572553,state_33c35f9bf27888221702,sgv31_u05,1,M0+R0|M0+RS|MP+R0|MP+RS|MPMS+R0|MPMS+RS|MS+R0|MS+RS,MS+RS,0.6266250026287751,0.0,0.5,0.0,651.0,2.0,0.5562777789461223,0.25,0.2777777777777778,0.19444444444444442,564.9166666666666,2.0277777777777777,0.373374997371225,0.0,0.5,1.0,203.0,0.0,0.373374997371225,0.0,0.5,1.0,203.0,0.0,0.6266250026287751,0.5,0.0,0.0,714.0,3.0
card_a9713839685b0bc4236e,state_90ea63f953f5a2e08ec6,sgv31_u15,1,M0+R0|M0+RS|ME+R0|ME+RS|MP+R0|MP+RS|MPE+R0|MPE+RS|MPMS+R0|MPMS+RS|MPMSME+R0|MPMSME+RS|MS+R0|MS+RS|MSE+R0|MSE+RS,MSE+RS,0.30073671198552976,0.0,0.5,0.0,684.0,3.0,0.48633940684749505,0.18055555555555552,0.4722222222222222,0.2777777777777778,571.6111111111111,2.388888888888889,0.33143352062487896,0.0,0.5,1.0,205.0,0.0,0.5864011800618328,0.0,0.5,1.0,230.0,1.0,0.5548065582137734,0.5,0.0,0.0,746.0,4.0
card_ab5b11b0ba12a9701b0f,state_ff0d3bdad6618e112d51,sgv31_u05,1,M0+R0|M0+RS|ME+R0|ME+RS|MS+R0|MS+RS|MSE+R0|MSE+RS,MSE+RS,0.6625143709084774,0.0,0.0,0.0,709.0,3.0,0.588961891194212,0.0,0.1388888888888889,0.2777777777777778,569.9722222222222,2.1944444444444446,0.3374856290915226,0.0,1.0,1.0,204.0,0.0,0.2594509920238144,0.0,0.5,1.0,230.0,1.0,0.6625143709084774,0.0,0.0,0.0,709.0,3.0
card_ab6d8086d1b28f100743,state_b6684d9394925a398e4d,sgv31_u05,1,M0+R0|M0+RS|MP+R0|MP+RS,MP+R0,0.5379950269774428,0.5,0.0,1.0,267.0,1.0,0.46561958625357963,0.1111111111111111,0.33333333333333337,0.2777777777777778,562.2222222222222,1.3888888888888888,0.6167168348814488,0.0,1.0,1.0,195.0,0.0,0.6167168348814488,0.0,1.0,1.0,195.0,0.0,0.4620049730225572,0.0,0.0,0.0,709.0,2.0
card_add07e76f0ef4d368562,state_8233e192489ea306183e,sgv31_u15,1,M0+R0|M0+RS|ME+R0|ME+RS,ME+RS,0.31268183175793535,0.0,0.0,0.0,615.0,2.0,0.4205712965147169,0.0,0.1527777777777778,0.2777777777777778,503.125,1.5694444444444444,0.45937805816938654,0.0,1.0,1.0,201.0,0.0,0.5406219418306134,0.0,0.0,1.0,226.0,1.0,0.31268183175793535,0.0,0.0,0.0,615.0,2.0
card_ade1cb33172f92407cd2,state_65c5fe46f76d42a112ca,sgv31_u15,1,M0+R0|M0+RS,M0+RS,0.27840624539964376,0.0,1.0,0.0,587.0,1.0,0.4015138868442861,0.0,1.0,0.2777777777777778,478.94444444444446,0.7222222222222222,0.7215937546003562,0.0,1.0,1.0,198.0,0.0,0.7215937546003562,0.0,1.0,1.0,198.0,0.0,0.27840624539964376,0.0,1.0,0.0,587.0,1.0
card_adee0f8434f021908f25,state_2b63e383c989e7dcbd4d,sgv31_u10,1,M0+R0|M0+RS|ME+R0|ME+RS,ME+R0,0.6781852670149338,0.0,0.0,1.0,223.0,1.0,0.4936898684859784,0.0,0.0763888888888889,0.2777777777777778,500.27777777777777,1.5694444444444444,0.6089661924189973,0.0,0.5,1.0,199.0,0.0,0.6781852670149338,0.0,0.0,1.0,223.0,1.0,0.4619048963173242,0.0,0.0,0.0,612.0,2.0
card_ae1c1e048bbc684acc3f,state_e7b84a4bace024bb0104,sgv31_u05,1,M0+R0|M0+RS|MS+R0|MS+RS,M0+RS,0.771205679933669,0.0,0.5,0.0,587.0,1.0,0.49246650889073146,0.0,0.125,0.2777777777777778,523.1944444444445,1.4722222222222223,0.5,0.0,0.5,1.0,198.0,0.0,0.5,0.0,0.5,1.0,198.0,0.0,0.5,0.0,0.0,0.0,646.0,2.0
card_af48dca68863e6651796,state_4c145452aa49d03656ae,sgv31_u10,1,M0+R0|M0+RS|ME+R0|ME+RS,ME+R0,0.6167168348814488,0.0,0.0,1.0,217.0,1.0,0.543879170490781,0.0,0.1527777777777778,0.2777777777777778,468.43055555555554,1.5694444444444444,0.38328316511855115,0.0,1.0,1.0,194.0,0.0,0.6167168348814488,0.0,0.0,1.0,217.0,1.0,0.5379950269774428,0.0,0.0,0.0,570.0,2.0
card_af4fbe5f82875339cfe6,state_65c5fe46f76d42a112ca,sgv31_u15,1,M0+R0|M0+RS|MP+R0|MP+RS|MPMS+R0|MPMS+RS|MS+R0|MS+RS,M0+RS,0.4886272230594461,0.0,0.5,0.0,587.0,1.0,0.49642790301393025,0.0,0.2777777777777778,0.2777777777777778,559.3055555555555,2.0277777777777777,0.5113727769405539,0.0,0.5,1.0,198.0,0.0,0.5113727769405539,0.0,0.5,1.0,198.0,0.0,0.5578111946531304,0.0,0.0,0.0,708.0,3.0
card_af76ded2392950f85b9e,state_4c145452aa49d03656ae,sgv31_u10,1,M0+R0|M0+RS|ME+R0|ME+RS|MP+R0|MP+RS|MPE+R0|MPE+RS,MPE+R0,0.5317413638960189,0.0,0.0,1.0,284.0,2.0,0.4269682618893528,0.0,0.25,0.2777777777777778,505.0833333333333,1.972222222222222,0.594404423703018,0.0,1.0,1.0,194.0,0.0,0.596481022879676,0.0,0.5,1.0,222.0,1.0,0.34145529646999534,0.0,0.0,0.0,637.0,3.0
card_af77770449d226fe22ac,state_ab40e84a7a10ab8790b6,sgv31_u15,1,M0+R0|M0+RS|ME+R0|ME+RS|MP+R0|MP+RS|MPE+R0|MPE+RS|MPMS+R0|MPMS+RS|MPMSME+R0|MPMSME+RS|MS+R0|MS+RS|MSE+R0|MSE+RS,MP+RS,0.37940670636520324,0.0,0.5,0.0,707.0,2.0,0.48687521098066777,0.12499999999999999,0.20833333333333331,0.2777777777777778,586.6111111111111,2.388888888888889,0.35812370103950886,0.0,0.5,1.0,204.0,0.0,0.49483661933517187,0.0,0.5,1.0,229.0,1.0,0.619601163055848,0.5,0.0,0.0,765.0,4.0
card_afa43e22dcf329b3d66a,state_bd3f8b5c723e66020b1e,sgv31_u15,1,M0+R0|M0+RS|MP+R0|MP+RS|MPMS+R0|MPMS+RS|MS+R0|MS+RS,M0+RS,0.6463889397269913,0.0,0.5,0.0,591.0,1.0,0.5412898853600637,0.0,0.2777777777777778,0.2777777777777778,563.3055555555555,2.0277777777777777,0.3839912478954838,0.0,0.5,1.0,202.0,0.0,0.3839912478954838,0.0,0.5,1.0,202.0,0.0,0.5525443209441704,0.0,0.0,0.0,712.0,3.0
card_aff213c1f46dd26dda93,state_68ef8f7067c62eaad585,sgv31_u15,1,M0+R0|M0+RS|MP+R0|MP+RS|MPMS+R0|MPMS+RS|MS+R0|MS+RS,MPMS+RS,0.642750422273412,0.5,0.0,0.0,752.0,3.0,0.5668096790846638,0.3055555555555556,0.2777777777777778,0.2777777777777778,592.6944444444443,2.0277777777777777,0.4794211367660208,0.0,0.5,1.0,203.0,0.0,0.4794211367660208,0.0,0.5,1.0,203.0,0.0,0.642750422273412,0.5,0.0,0.0,752.0,3.0
card_aff6ba8a61a4b9ce44f5,state_cc80960dc09f2e274c77,sgv31_u05,1,M0+R0|M0+RS|ME+R0|ME+RS|MP+R0|MP+RS|MPE+R0|MPE+RS|MPMS+R0|MPMS+RS|MPMSME+R0|MPMSME+RS|MS+R0|MS+RS|MSE+R0|MSE+RS,MPE+RS,0.5752995128117665,0.0,0.5,0.0,731.0,3.0,0.5355945601020725,0.0,0.49999999999999994,0.2777777777777778,592.8333333333334,2.388888888888889,0.3196236670249703,0.0,1.0,1.0,205.0,0.0,0.22813067871467396,0.0,0.5,1.0,232.0,1.0,0.590510650492779,0.0,0.0,0.0,774.0,4.0
card_b086538c67e64964833f,state_4c145452aa49d03656ae,sgv31_u10,1,M0+R0|M0+RS|ME+R0|ME+RS,ME+R0,0.42439180136663107,0.0,0.0,1.0,222.0,1.0,0.4348878838765716,0.0,0.1527777777777778,0.2777777777777778,472.66666666666663,1.5694444444444444,0.723145270250137,0.0,1.0,1.0,194.0,0.0,0.42439180136663107,0.0,0.0,1.0,222.0,1.0,0.42807112701660105,0.0,0.0,0.0,575.0,2.0
card_b13ac015a5bb8d424c59,state_101b430ad72287be727c,sgv31_u15,1,M0+R0|M0+RS|MP+R0|MP+RS|MPMS+R0|MPMS+RS|MS+R0|MS+RS,MS+RS,0.555323353343472,0.0,0.5,0.0,649.0,2.0,0.4985353092503298,0.0,0.25,0.2361111111111111,562.3055555555555,2.0277777777777777,0.6299344325422422,0.0,0.5,1.0,201.0,0.0,0.6299344325422422,0.0,0.5,1.0,201.0,0.0,0.49972949205027467,0.0,0.0,0.0,711.0,3.0
card_b46c537569313ece0c04,state_65c5fe46f76d42a112ca,sgv31_u15,1,M0+R0|M0+RS|ME+R0|ME+RS,M0+RS,0.4620049730225572,0.0,0.5,0.0,587.0,1.0,0.45577936026557886,0.0,0.0763888888888889,0.2777777777777778,500.125,1.5694444444444444,0.5379950269774428,0.0,0.5,1.0,198.0,0.0,0.6167168348814488,0.0,0.0,1.0,223.0,1.0,0.38328316511855115,0.0,0.0,0.0,612.0,2.0
card_b4ae025b9d02b4c084d4,state_68ef8f7067c62eaad585,sgv31_u15,1,M0+R0|M0+RS|ME+R0|ME+RS|MP+R0|MP+RS|MPE+R0|MPE+RS,ME+RS,0.5917382114971206,0.0,0.5,0.0,664.0,2.0,0.5526691898737075,0.2777777777777778,0.2222222222222222,0.2777777777777778,571.9444444444445,1.972222222222222,0.4265834221659835,0.0,1.0,1.0,203.0,0.0,0.4698105379260588,0.0,0.5,1.0,228.0,1.0,0.6338813290134863,0.5,0.0,0.0,726.0,3.0
card_b6319b1014070ba4e34f,state_68ef8f7067c62eaad585,sgv31_u15,1,M0+R0|M0+RS,M0+RS,0.7215937546003562,0.0,1.0,0.0,639.0,1.0,0.598486113155714,0.0,1.0,0.2777777777777778,517.8888888888889,0.7222222222222222,0.27840624539964376,0.0,1.0,1.0,203.0,0.0,0.27840624539964376,0.0,1.0,1.0,203.0,0.0,0.7215937546003562,0.0,1.0,0.0,639.0,1.0
card_b75784377e4f8e81e979,state_322d419affa82845ce00,sgv31_u05,1,M0+R0|M0+RS|ME+R0|ME+RS|MP+R0|MP+RS|MPE+R0|MPE+RS,ME+R0,0.5006588199455876,0.0,0.5,1.0,232.0,1.0,0.5353673048574573,0.2777777777777778,0.2222222222222222,0.2777777777777778,541.9444444444445,1.972222222222222,0.4213857033306601,0.0,0.5,1.0,205.0,0.0,0.5006588199455876,0.0,0.5,1.0,232.0,1.0,0.37704226107016126,0.5,0.0,0.0,684.0,3.0
card_b7af8aff0b33919a500e,state_53dc0d4bb174b42ec50c,sgv31_u05,1,M0+R0|M0+RS|ME+R0|ME+RS|MS+R0|MS+RS|MSE+R0|MSE+RS,MSE+RS,0.5223151981859263,0.0,0.0,0.0,678.0,3.0,0.5197420289888028,0.0,0.16666666666666669,0.2777777777777778,547.6666666666666,2.1944444444444446,0.4781291440603093,0.0,0.5,1.0,205.0,0.0,0.44320269787554806,0.0,0.5,1.0,231.0,1.0,0.5223151981859263,0.0,0.0,0.0,678.0,3.0
card_b8b631756e7397dbfcba,state_8233e192489ea306183e,sgv31_u15,1,M0+R0|M0+RS|ME+R0|ME+RS|MP+R0|MP+RS|MPE+R0|MPE+RS|MPMS+R0|MPMS+RS|MPMSME+R0|MPMSME+RS|MS+R0|MS+RS|MSE+R0|MSE+RS,ME+RS,0.35413165688320664,0.0,0.5,0.0,615.0,2.0,0.4687321005098982,0.12499999999999999,0.4583333333333333,0.2777777777777778,556.7777777777778,2.388888888888889,0.4118869579011276,0.0,0.5,0.5,201.0,0.0,0.4870027360900992,0.0,0.5,1.0,226.0,1.0,0.4938646729532741,0.5,0.0,0.0,727.0,4.0
card_b93fa4ecd6a773a48fdc,state_cc80960dc09f2e274c77,sgv31_u05,1,M0+R0|M0+RS|ME+R0|ME+RS,ME+RS,0.6781852670149338,0.0,0.0,0.0,667.0,2.0,0.6035949671614229,0.0,0.0763888888888889,0.2777777777777778,541.9166666666667,1.5694444444444444,0.2509436442487448,0.0,0.5,1.0,205.0,0.0,0.46190489631732423,0.0,0.0,1.0,231.0,1.0,0.6781852670149338,0.0,0.0,0.0,667.0,2.0
card_ba9f48a76a4f1576c824,state_e7b84a4bace024bb0104,sgv31_u05,1,M0+R0|M0+RS|ME+R0|ME+RS|MP+R0|MP+RS|MPE+R0|MPE+RS,M0+RS,0.6965874208649424,0.0,0.5,0.0,587.0,1.0,0.5376398883375387,0.0,0.2222222222222222,0.2777777777777778,534.2499999999999,1.972222222222222,0.39441710193102064,0.0,0.5,1.0,198.0,0.0,0.36394765402006957,0.0,0.5,1.0,224.0,1.0,0.6064356815436999,0.0,0.0,0.0,676.0,3.0
card_bb5ec5f58ecb222919ad,state_f431a5373f9ff5b5bcfb,sgv31_u10,1,M0+R0|M0+RS,M0+RS,0.5,0.0,1.0,0.0,635.0,1.0,0.5,0.0,1.0,0.2777777777777778,513.8888888888889,0.7222222222222222,0.5,0.0,1.0,1.0,199.0,0.0,0.5,0.0,1.0,1.0,199.0,0.0,0.5,0.0,1.0,0.0,635.0,1.0
card_bc1a25f704e4b4b6276f,state_5ad710e7e9beb5fb0950,sgv31_u05,1,M0+R0|M0+RS|ME+R0|ME+RS,M0+R0,0.6873181682420647,0.0,1.0,1.0,195.0,0.0,0.4775563240328864,0.0,0.1527777777777778,0.2777777777777778,522.5277777777778,1.5694444444444444,0.6873181682420647,0.0,1.0,1.0,195.0,0.0,0.3126818317579353,0.0,0.0,1.0,221.0,1.0,0.5406219418306134,0.0,0.0,0.0,644.0,2.0
card_bc59a9bf434675e67b88,state_f92bdc2175a73cce842f,sgv31_u05,1,M0+R0|M0+RS|MP+R0|MP+RS|MPMS+R0|MPMS+RS|MS+R0|MS+RS,MS+RS,0.6266250026287751,0.0,0.5,0.0,644.0,2.0,0.5562777789461223,0.0,0.2777777777777778,0.2777777777777778,557.9166666666666,2.0277777777777777,0.373374997371225,0.0,0.5,1.0,196.0,0.0,0.373374997371225,0.0,0.5,1.0,196.0,0.0,0.6266250026287751,0.0,0.0,0.0,707.0,3.0
card_bc6b36561b9b5f4872fc,state_e9675a0cf987d5d06534,sgv31_u05,1,M0+R0|M0+RS|MS+R0|MS+RS,MS+RS,0.6477291697335709,0.0,0.0,0.0,695.0,2.0,0.565657408770476,0.0,0.2222222222222222,0.2777777777777778,560.8888888888889,1.4722222222222223,0.3522708302664292,0.0,0.5,1.0,207.0,0.0,0.3522708302664292,0.0,0.5,1.0,207.0,0.0,0.6477291697335709,0.0,0.0,0.0,695.0,2.0
card_bc8a89d707cd743e30b4,state_4853d3c4eff71659d77d,sgv31_u10,1,M0+R0|M0+RS|ME+R0|ME+RS,M0+RS,0.6167168348814488,0.0,0.5,0.0,597.0,1.0,0.4364403775332174,0.0,0.0763888888888889,0.2777777777777778,525.4027777777778,1.5694444444444444,0.5379950269774428,0.0,0.5,1.0,202.0,0.0,0.4620049730225572,0.0,0.0,1.0,247.0,1.0,0.38328316511855115,0.0,0.0,0.0,642.0,2.0
card_bc8e6d36111c8752a440,state_75a133f91ef58ffc79c7,sgv31_u05,1,M0+R0|M0+RS|MP+R0|MP+RS|MPMS+R0|MPMS+RS|MS+R0|MS+RS,MPMS+R0,0.4670859309650684,0.0,0.0,1.0,317.0,2.0,0.5455657538657127,0.05555555555555555,0.19444444444444445,0.2777777777777778,590.8611111111111,2.0277777777777777,0.340114352685145,0.0,0.5,1.0,195.0,0.0,0.340114352685145,0.0,0.5,1.0,195.0,0.0,0.7209624341263355,0.0,0.0,0.0,753.0,3.0
card_be855cfe12ca2eb35f20,state_5637a5aaa5bc10defef3,sgv31_u10,1,M0+R0|M0+RS|ME+R0|ME+RS|MS+R0|MS+RS|MSE+R0|MSE+RS,MSE+RS,0.582412017974754,0.5,0.0,0.0,707.0,3.0,0.5408181780867687,0.2222222222222222,0.1111111111111111,0.2777777777777778,568.4166666666667,2.1944444444444446,0.4140107962696319,0.0,1.0,1.0,204.0,0.0,0.24374959497063656,0.0,0.0,1.0,228.0,1.0,0.582412017974754,0.5,0.0,0.0,707.0,3.0
card_bff9f1ef0e20fd89a89c,state_2b63e383c989e7dcbd4d,sgv31_u10,1,M0+R0|M0+RS|ME+R0|ME+RS,ME+R0,0.42027387897110263,0.0,0.0,0.5,222.0,1.0,0.5199315302572244,0.0,0.1527777777777778,0.1527777777777778,499.43055555555554,1.5694444444444444,0.5797261210288974,0.0,1.0,1.0,199.0,0.0,0.42027387897110263,0.0,0.0,0.5,222.0,1.0,0.5797261210288974,0.0,0.0,0.0,611.0,2.0
card_c0352282c0575c5163dd,state_1f08b5fd1ebb16188227,sgv31_u05,1,M0+R0|M0+RS|ME+R0|ME+RS,ME+RS,0.7490563557512552,0.0,0.0,0.0,662.0,2.0,0.6213127393455032,0.0,0.1527777777777778,0.2777777777777778,536.9166666666666,1.5694444444444444,0.32181473298506635,0.0,1.0,1.0,200.0,0.0,0.3910338075810027,0.0,0.0,1.0,226.0,1.0,0.7490563557512552,0.0,0.0,0.0,662.0,2.0
card_c113866099d79c3e2880,state_e7b84a4bace024bb0104,sgv31_u05,1,M0+R0|M0+RS|ME+R0|ME+RS|MP+R0|MP+RS|MPE+R0|MPE+RS|MPMS+R0|MPMS+RS|MPMSME+R0|MPMSME+RS|MS+R0|MS+RS|MSE+R0|MSE+RS,M0+RS,0.5156658283884809,0.0,0.5,0.0,587.0,1.0,0.5486951430868229,0.25,0.4444444444444445,0.2777777777777778,554.9166666666667,2.388888888888889,0.48464344607119497,0.0,0.5,1.0,198.0,0.0,0.41074398521544797,0.0,0.5,1.0,224.0,1.0,0.5625806244766128,0.5,0.0,0.0,726.0,4.0
card_c1f940c2f865c9e71ef7,state_f431a5373f9ff5b5bcfb,sgv31_u10,1,M0+R0|M0+RS|MS+R0|MS+RS,MS+RS,0.6477291697335709,0.0,0.0,0.0,687.0,2.0,0.565657408770476,0.0,0.125,0.2777777777777778,552.8888888888889,1.4722222222222223,0.3522708302664292,0.0,0.5,1.0,199.0,0.0,0.3522708302664292,0.0,0.5,1.0,199.0,0.0,0.6477291697335709,0.0,0.0,0.0,687.0,2.0
card_c2163342830caacb6267,state_cc80960dc09f2e274c77,sgv31_u05,1,M0+R0|M0+RS|MS+R0|MS+RS,MS+RS,0.6873181682420647,0.0,0.0,0.0,693.0,2.0,0.5515941705974902,0.0,0.125,0.2777777777777778,558.8888888888889,1.4722222222222223,0.5406219418306134,0.0,0.5,1.0,205.0,0.0,0.5406219418306134,0.0,0.5,1.0,205.0,0.0,0.6873181682420647,0.0,0.0,0.0,693.0,2.0
card_c2d26f5f3b842f3ee6a4,state_a46753bb1503ba602a58,sgv31_u10,1,M0+R0|M0+RS|ME+R0|ME+RS,ME+RS,0.5,0.0,0.0,0.0,615.0,2.0,0.5189703988243923,0.0,0.0763888888888889,0.2777777777777778,503.2777777777778,1.5694444444444444,0.5,0.0,0.5,1.0,202.0,0.0,0.6517631905951392,0.0,0.0,1.0,226.0,1.0,0.5,0.0,0.0,0.0,615.0,2.0
card_c682e387f5f0ef72c599,state_a6943cb3962269085c78,sgv31_u10,1,M0+R0|M0+RS|MP+R0|MP+RS|MPMS+R0|MPMS+RS|MS+R0|MS+RS,MPMS+RS,0.5429548885435089,0.5,0.0,0.0,728.0,3.0,0.49438494248983245,0.1388888888888889,0.2777777777777778,0.2777777777777778,572.0,2.0277777777777777,0.3264978853378923,0.0,0.5,1.0,191.0,0.0,0.3264978853378923,0.0,0.5,1.0,191.0,0.0,0.5429548885435089,0.5,0.0,0.0,728.0,3.0
card_c7c2345dd69b8b673a72,state_a46753bb1503ba602a58,sgv31_u10,1,M0+R0|M0+RS|ME+R0|ME+RS|MP+R0|MP+RS|MPE+R0|MPE+RS,MPE+RS,0.5834334750878819,0.5,0.0,0.0,676.0,3.0,0.548337652654445,0.2777777777777778,0.25,0.2777777777777778,535.6111111111111,1.972222222222222,0.2913823112103563,0.0,1.0,1.0,202.0,0.0,0.5115638910139674,0.0,0.5,1.0,225.0,1.0,0.5834334750878819,0.5,0.0,0.0,676.0,3.0
card_c8b0d9feb0e79bd67137,state_53dc0d4bb174b42ec50c,sgv31_u05,1,M0+R0|M0+RS|ME+R0|ME+RS,ME+RS,0.6167168348814488,0.0,0.0,0.0,628.0,2.0,0.5442206397344211,0.0,0.09027777777777778,0.2777777777777778,513.75,1.5694444444444444,0.4620049730225572,0.0,1.0,1.0,205.0,0.0,0.38328316511855115,0.0,0.0,1.0,231.0,1.0,0.6167168348814488,0.0,0.0,0.0,628.0,2.0
card_c8c4a5f7d3552d5561e5,state_cc80960dc09f2e274c77,sgv31_u05,1,M0+R0|M0+RS|ME+R0|ME+RS,ME+RS,0.5797261210288974,0.0,0.0,0.0,668.0,2.0,0.5199315302572244,0.0,0.0763888888888889,0.2777777777777778,542.7638888888889,1.5694444444444444,0.5797261210288974,0.0,0.5,1.0,205.0,0.0,0.42027387897110263,0.0,0.0,1.0,232.0,1.0,0.5797261210288974,0.0,0.0,0.0,668.0,2.0
card_c91b9c23fd78e1350b76,state_a2691f08850957ad116b,sgv31_u15,1,M0+R0|M0+RS|ME+R0|ME+RS|MP+R0|MP+RS|MPE+R0|MPE+RS,MPE+R0,0.6641934430970198,0.5,0.0,1.0,290.0,2.0,0.4858195944969916,0.20833333333333331,0.3194444444444444,0.25,583.5,1.972222222222222,0.5003510379060006,0.0,0.5,1.0,203.0,0.0,0.5675743142679007,0.0,0.5,0.5,228.0,1.0,0.5003510379060006,0.0,0.0,0.0,742.0,3.0
card_c9d4219d9d11f8a7bbf3,state_1a9eca73f6edf423a6ef,sgv31_u10,1,M0+R0|M0+RS|ME+R0|ME+RS,ME+RS,0.45937805816938654,0.0,0.0,0.0,680.0,2.0,0.5224436759671136,0.0,0.0763888888888889,0.2777777777777778,550.7777777777778,1.5694444444444444,0.3126818317579353,0.0,0.5,1.0,204.0,0.0,0.6873181682420647,0.0,0.0,1.0,228.0,1.0,0.45937805816938654,0.0,0.0,0.0,680.0,2.0
card_cc0ed3dd224022c34b38,state_e9675a0cf987d5d06534,sgv31_u05,1,M0+R0|M0+RS|MP+R0|MP+RS|MPMS+R0|MPMS+RS|MS+R0|MS+RS,MPMS+RS,0.5874248618150132,0.0,0.0,0.0,758.0,3.0,0.5125379177167426,0.05555555555555555,0.33333333333333337,0.2777777777777778,598.0,2.0277777777777777,0.4115158724482754,0.0,0.5,1.0,207.0,0.0,0.4115158724482754,0.0,0.5,1.0,207.0,0.0,0.5874248618150132,0.0,0.0,0.0,758.0,3.0
card_cc10e4ad6775c02c6d7d,state_d2ae42a7e1ca750d78a3,sgv31_u10,1,M0+R0|M0+RS|MP+R0|MP+RS,MP+RS,0.45937805816938654,0.5,0.0,0.0,728.0,2.0,0.5325991614247669,0.3333333333333333,0.33333333333333337,0.2777777777777778,578.7777777777778,1.3888888888888888,0.3126818317579353,0.0,1.0,1.0,205.0,0.0,0.3126818317579353,0.0,1.0,1.0,205.0,0.0,0.45937805816938654,0.5,0.0,0.0,728.0,2.0
card_cd497c9e2e9b9ddb9f20,state_a46753bb1503ba602a58,sgv31_u10,1,M0+R0|M0+RS,M0+RS,0.5,0.0,1.0,0.0,591.0,1.0,0.5,0.0,1.0,0.2777777777777778,482.94444444444446,0.7222222222222222,0.5,0.0,1.0,1.0,202.0,0.0,0.5,0.0,1.0,1.0,202.0,0.0,0.5,0.0,1.0,0.0,591.0,1.0
card_cdcc7e14b913a4990a06,state_53dc0d4bb174b42ec50c,sgv31_u05,1,M0+R0|M0+RS|ME+R0|ME+RS|MP+R0|MP+RS|MPE+R0|MPE+RS|MPMS+R0|MPMS+RS|MPMSME+R0|MPMSME+RS|MS+R0|MS+RS|MSE+R0|MSE+RS,MSE+RS,0.56551021899416,0.0,0.5,0.0,679.0,3.0,0.5255135736702309,0.2222222222222222,0.4583333333333333,0.25,568.3611111111111,2.388888888888889,0.4136177296171045,0.0,0.5,1.0,205.0,0.0,0.45535300846434595,0.0,0.5,1.0,232.0,1.0,0.6900269465891911,0.5,0.0,0.0,742.0,4.0
card_ce226f2c161596a07801,state_53dc0d4bb174b42ec50c,sgv31_u05,1,M0+R0|M0+RS|ME+R0|ME+RS,ME+RS,0.3491758480239551,0.0,0.0,0.0,629.0,2.0,0.4622939620059887,0.0,0.09027777777777778,0.2777777777777778,514.5972222222222,1.5694444444444444,0.3491758480239551,0.0,1.0,1.0,205.0,0.0,0.6508241519760448,0.0,0.0,1.0,232.0,1.0,0.3491758480239551,0.0,0.0,0.0,629.0,2.0
card_ced10ff58949d5d61a3b,state_101b430ad72287be727c,sgv31_u15,1,M0+R0|M0+RS|ME+R0|ME+RS|MP+R0|MP+RS|MPE+R0|MPE+RS,ME+RS,0.3567192420455461,0.0,0.5,0.0,615.0,2.0,0.5024576005521016,0.08333333333333333,0.19444444444444442,0.2777777777777778,536.0,1.972222222222222,0.3917441032855439,0.0,0.5,1.0,201.0,0.0,0.5786355217119629,0.0,0.0,1.0,226.0,1.0,0.6081682788457178,0.0,0.0,0.0,677.0,3.0
card_ced84e113ea5346c0812,state_e9675a0cf987d5d06534,sgv31_u05,1,M0+R0|M0+RS|ME+R0|ME+RS|MS+R0|MS+RS|MSE+R0|MSE+RS,MSE+RS,0.5099720698124822,0.5,0.0,0.0,712.0,3.0,0.5292736456606619,0.2222222222222222,0.20833333333333334,0.2777777777777778,572.9722222222222,2.1944444444444446,0.2972584107414412,0.0,0.5,1.0,207.0,0.0,0.45703734049363337,0.0,0.5,1.0,233.0,1.0,0.5099720698124822,0.5,0.0,0.0,712.0,3.0
card_d10e921886e7107d213c,state_5637a5aaa5bc10defef3,sgv31_u10,1,M0+R0|M0+RS|ME+R0|ME+RS,ME+RS,0.5756081986333689,0.0,0.0,0.0,664.0,2.0,0.5373441836104382,0.0,0.1527777777777778,0.2777777777777778,539.2222222222222,1.5694444444444444,0.5756081986333689,0.0,1.0,1.0,204.0,0.0,0.571928872983399,0.0,0.0,1.0,228.0,1.0,0.5756081986333689,0.0,0.0,0.0,664.0,2.0
card_d20b8dac3cce31037487,state_ff0d3bdad6618e112d51,sgv31_u05,1,M0+R0|M0+RS|ME+R0|ME+RS,ME+RS,0.6781852670149338,0.0,0.0,0.0,667.0,2.0,0.6035949671614229,0.0,0.1527777777777778,0.2777777777777778,541.7638888888889,1.5694444444444444,0.2509436442487448,0.0,1.0,1.0,204.0,0.0,0.46190489631732423,0.0,0.0,1.0,231.0,1.0,0.6781852670149338,0.0,0.0,0.0,667.0,2.0
card_d24c9c82950c0c62856e,state_1a9eca73f6edf423a6ef,sgv31_u10,1,M0+R0|M0+RS|ME+R0|ME+RS|MP+R0|MP+RS|MPE+R0|MPE+RS|MPMS+R0|MPMS+RS|MPMSME+R0|MPMSME+RS|MS+R0|MS+RS|MSE+R0|MSE+RS,MPMS+RS,0.534571201460195,0.5,0.0,0.0,770.0,3.0,0.541307860570561,0.3333333333333333,0.3194444444444445,0.2777777777777778,600.25,2.388888888888889,0.30030051882822323,0.0,0.5,1.0,204.0,0.0,0.6423134679036292,0.0,0.5,1.0,227.0,1.0,0.6137337324740959,0.5,0.0,0.0,784.0,4.0
card_d25674e31cc58d71e695,state_33c35f9bf27888221702,sgv31_u05,1,M0+R0|M0+RS,M0+RS,0.7215937546003562,0.0,1.0,0.0,592.0,1.0,0.598486113155714,0.0,1.0,0.2777777777777778,483.94444444444446,0.7222222222222222,0.27840624539964376,0.0,1.0,1.0,203.0,0.0,0.27840624539964376,0.0,1.0,1.0,203.0,0.0,0.7215937546003562,0.0,1.0,0.0,592.0,1.0
card_d363cdce6aa5f451152b,state_8233e192489ea306183e,sgv31_u15,1,M0+R0|M0+RS|MP+R0|MP+RS,M0+RS,0.42439180136663107,0.0,1.0,0.0,590.0,1.0,0.4426244721490347,0.0,0.33333333333333337,0.2777777777777778,529.2777777777778,1.3888888888888888,0.723145270250137,0.0,1.0,1.0,201.0,0.0,0.723145270250137,0.0,1.0,1.0,201.0,0.0,0.42807112701660105,0.0,0.0,0.0,661.0,2.0
card_d37c7df933f4e9390f97,state_a46753bb1503ba602a58,sgv31_u10,1,M0+R0|M0+RS|ME+R0|ME+RS|MP+R0|MP+RS|MPE+R0|MPE+RS|MPMS+R0|MPMS+RS|MPMSME+R0|MPMSME+RS|MS+R0|MS+RS|MSE+R0|MSE+RS,MPE+RS,0.6959790590496813,0.5,0.5,0.0,676.0,3.0,0.5369009254336667,0.3888888888888889,0.3194444444444444,0.2777777777777778,552.75,2.388888888888889,0.34802203741546917,0.0,0.5,1.0,202.0,0.0,0.521469335769799,0.0,0.5,1.0,225.0,1.0,0.5447216149390389,0.5,0.0,0.0,719.0,4.0
card_d4c627266361f0868098,state_b6684d9394925a398e4d,sgv31_u05,1,M0+R0|M0+RS|ME+R0|ME+RS,ME+R0,0.7490563557512552,0.0,0.0,1.0,218.0,1.0,0.47597209630189796,0.0,0.1527777777777778,0.2777777777777778,533.7083333333334,1.5694444444444444,0.5380951036826757,0.0,1.0,1.0,195.0,0.0,0.7490563557512552,0.0,0.0,1.0,218.0,1.0,0.3910338075810027,0.0,0.0,0.0,660.0,2.0
card_d5ec4b08bc617ec3f0c7,state_814f0570b685af99d3d2,sgv31_u15,1,M0+R0|M0+RS|MP+R0|MP+RS|MPMS+R0|MPMS+RS|MS+R0|MS+RS,MPMS+RS,0.42067594458759133,0.0,0.0,0.0,754.0,3.0,0.4912239311374197,0.08333333333333333,0.1388888888888889,0.2777777777777778,592.25,2.0277777777777777,0.5107799419781305,0.0,1.0,1.0,197.0,0.0,0.5107799419781305,0.0,1.0,1.0,197.0,0.0,0.42067594458759133,0.0,0.0,0.0,754.0,3.0
card_d68caa54be74495e2dff,state_448cae978aef8c2f0f12,sgv31_u15,1,M0+R0|M0+RS,M0+R0,0.5,0.0,1.0,1.0,195.0,0.0,0.5,0.0,1.0,0.2777777777777778,512.7777777777777,0.7222222222222222,0.5,0.0,1.0,1.0,195.0,0.0,0.5,0.0,1.0,1.0,195.0,0.0,0.5,0.0,1.0,0.0,635.0,1.0
card_d6c566ff6248b314d4dc,state_5ad710e7e9beb5fb0950,sgv31_u05,1,M0+R0|M0+RS|ME+R0|ME+RS|MP+R0|MP+RS|MPE+R0|MPE+RS|MPMS+R0|MPMS+RS|MPMSME+R0|MPMSME+RS|MS+R0|MS+RS|MSE+R0|MSE+RS,MP+R0,0.4495098524986287,0.0,0.0,1.0,219.0,1.0,0.5367422857663185,0.0,0.05555555555555555,0.2777777777777778,550.1111111111111,2.388888888888889,0.4016317808885635,0.0,1.0,1.0,195.0,0.0,0.4013236506458927,0.0,0.0,1.0,221.0,1.0,0.4212250139579636,0.0,0.0,0.0,702.0,4.0
card_d7157f7a426aeae8bbb4,state_ff0d3bdad6618e112d51,sgv31_u05,1,M0+R0|M0+RS|ME+R0|ME+RS,ME+RS,0.7165554542797429,0.0,0.0,0.0,666.0,2.0,0.5821962286038231,0.0,0.1527777777777778,0.2777777777777778,540.9166666666667,1.5694444444444444,0.4279654139311864,0.0,1.0,1.0,204.0,0.0,0.2834445457202571,0.0,0.0,1.0,230.0,1.0,0.7165554542797429,0.0,0.0,0.0,666.0,2.0
card_d8a1b36cd4b2f4054ca0,state_8233e192489ea306183e,sgv31_u15,1,M0+R0|M0+RS|ME+R0|ME+RS,ME+RS,0.5797261210288974,0.0,0.0,0.0,616.0,2.0,0.5199315302572244,0.0,0.09027777777777778,0.2638888888888889,503.9722222222222,1.5694444444444444,0.5797261210288974,0.0,1.0,0.5,201.0,0.0,0.42027387897110263,0.0,0.0,1.0,227.0,1.0,0.5797261210288974,0.0,0.0,0.0,616.0,2.0
card_d8b1df3970fbf1c603fc,state_a6943cb3962269085c78,sgv31_u10,1,M0+R0|M0+RS|ME+R0|ME+RS|MS+R0|MS+RS|MSE+R0|MSE+RS,MS+RS,0.6309623716432637,0.0,0.5,0.0,666.0,2.0,0.501667344424029,0.0,0.20833333333333334,0.25,546.0277777777777,2.1944444444444446,0.33884183531842665,0.0,0.5,1.0,191.0,0.0,0.4018221101904937,0.0,0.5,0.5,215.0,1.0,0.4651104099627141,0.0,0.0,0.0,681.0,3.0
card_d9a40e4ab51158b63c7d,state_b57ef01ffbe9bae5eb68,sgv31_u10,1,M0+R0|M0+RS|MP+R0|MP+RS,M0+RS,0.5756081986333689,0.0,0.5,0.0,607.0,1.0,0.5573755278509653,0.0,0.16666666666666669,0.2777777777777778,542.1111111111111,1.3888888888888888,0.27685472974986314,0.0,0.5,1.0,203.0,0.0,0.27685472974986314,0.0,0.5,1.0,203.0,0.0,0.571928872983399,0.0,0.0,0.0,678.0,2.0
card_da4dd48f9e1b1af25c59,state_a2691f08850957ad116b,sgv31_u15,1,M0+R0|M0+RS,M0+R0,0.27840624539964376,0.0,1.0,1.0,203.0,0.0,0.598486113155714,0.0,1.0,0.2777777777777778,529.4444444444445,0.7222222222222222,0.27840624539964376,0.0,1.0,1.0,203.0,0.0,0.27840624539964376,0.0,1.0,1.0,203.0,0.0,0.7215937546003562,0.0,1.0,0.0,655.0,1.0
card_db2125ef58452c176196,state_448cae978aef8c2f0f12,sgv31_u15,1,M0+R0|M0+RS|MP+R0|MP+RS,MP+R0,0.6477291697335709,0.0,0.0,1.0,266.0,1.0,0.4343425912295241,0.0,0.33333333333333337,0.2777777777777778,560.1111111111111,1.3888888888888888,0.6477291697335709,0.0,1.0,1.0,195.0,0.0,0.6477291697335709,0.0,1.0,1.0,195.0,0.0,0.3522708302664292,0.0,0.0,0.0,706.0,2.0
card_db5b90c3e806445a4359,state_4853d3c4eff71659d77d,sgv31_u10,1,M0+R0|M0+RS|MP+R0|MP+RS,MP+RS,0.6477291697335709,0.0,0.0,0.0,668.0,2.0,0.565657408770476,0.0,0.33333333333333337,0.2777777777777778,534.6111111111111,1.3888888888888888,0.3522708302664292,0.0,1.0,1.0,202.0,0.0,0.3522708302664292,0.0,1.0,1.0,202.0,0.0,0.6477291697335709,0.0,0.0,0.0,668.0,2.0
card_dca6277154f68efd7b2f,state_a6943cb3962269085c78,sgv31_u10,1,M0+R0|M0+RS|ME+R0|ME+RS|MP+R0|MP+RS|MPE+R0|MPE+RS|MPMS+R0|MPMS+RS|MPMSME+R0|MPMSME+RS|MS+R0|MS+RS|MSE+R0|MSE+RS,MPMS+RS,0.542463780487613,0.0,0.0,0.0,728.0,3.0,0.5557853199634704,0.0,0.16666666666666666,0.19444444444444442,569.6388888888888,2.388888888888889,0.2781083376610288,0.0,0.5,1.0,191.0,0.0,0.5541612100329749,0.0,0.5,0.5,219.0,1.0,0.5489564643987536,0.0,0.0,0.0,747.0,4.0
card_dd62ecb9464427854774,state_bd3f8b5c723e66020b1e,sgv31_u15,1,M0+R0|M0+RS|ME+R0|ME+RS|MS+R0|MS+RS|MSE+R0|MSE+RS,M0+RS,0.6495023067279113,0.0,0.5,0.0,591.0,1.0,0.595016107968636,0.2222222222222222,0.20833333333333334,0.2777777777777778,556.0,2.1944444444444446,0.3845850127740699,0.0,0.5,1.0,202.0,0.0,0.352264587397507,0.0,0.5,1.0,250.0,1.0,0.6783222060300805,0.5,0.0,0.0,689.0,3.0
card_dda325f48b85ce67e1f9,state_322d419affa82845ce00,sgv31_u05,1,M0+R0|M0+RS|ME+R0|ME+RS,ME+R0,0.6781852670149338,0.0,0.0,1.0,254.0,1.0,0.4936898684859784,0.0,0.09027777777777778,0.2777777777777778,527.4583333333333,1.5694444444444444,0.6089661924189973,0.0,1.0,1.0,205.0,0.0,0.6781852670149338,0.0,0.0,1.0,254.0,1.0,0.4619048963173242,0.0,0.0,0.0,643.0,2.0
card_ddadb898e64ce0866d4e,state_2b63e383c989e7dcbd4d,sgv31_u10,1,M0+R0|M0+RS|ME+R0|ME+RS|MP+R0|MP+RS|MPE+R0|MPE+RS,ME+R0,0.5296672102780672,0.0,0.0,1.0,222.0,1.0,0.5073651673746964,0.25,0.027777777777777776,0.25,532.6111111111111,1.972222222222222,0.5958814965333794,0.0,1.0,0.5,199.0,0.0,0.5296672102780672,0.0,0.0,1.0,222.0,1.0,0.3396152631667692,0.5,0.0,0.0,673.0,3.0
card_ddf0ecf4b21d965c2ed8,state_f431a5373f9ff5b5bcfb,sgv31_u10,1,M0+R0|M0+RS|ME+R0|ME+RS|MP+R0|MP+RS|MPE+R0|MPE+RS,MPE+RS,0.6652943048394931,0.5,0.0,0.0,720.0,3.0,0.5357558819824741,0.06944444444444445,0.25,0.2777777777777778,566.5555555555555,1.972222222222222,0.45732814613187844,0.0,0.5,1.0,199.0,0.0,0.27547388714181875,0.0,0.5,1.0,222.0,1.0,0.6652943048394931,0.5,0.0,0.0,720.0,3.0
card_de3fd7190eeffb7d9ff2,state_53dc0d4bb174b42ec50c,sgv31_u05,1,M0+R0|M0+RS|MP+R0|MP+RS|MPMS+R0|MPMS+RS|MS+R0|MS+RS,MS+RS,0.6426253711789892,0.0,0.5,0.0,661.0,2.0,0.5103066097497906,0.3055555555555556,0.2777777777777778,0.33333333333333337,572.6944444444443,2.0277777777777777,0.45766226396229115,0.0,0.5,1.0,205.0,0.0,0.45766226396229115,0.0,0.5,1.0,205.0,0.0,0.41082823578572203,0.5,0.0,0.0,724.0,3.0
card_de406580bc6fd49d5cd2,state_f431a5373f9ff5b5bcfb,sgv31_u10,1,M0+R0|M0+RS|ME+R0|ME+RS|MP+R0|MP+RS|MPE+R0|MPE+RS|MPMS+R0|MPMS+RS|MPMSME+R0|MPMSME+RS|MS+R0|MS+RS|MSE+R0|MSE+RS,MPE+RS,0.7072496362715788,0.5,0.5,0.0,720.0,3.0,0.5377476217436163,0.2777777777777778,0.49999999999999994,0.2777777777777778,583.6944444444445,2.388888888888889,0.36730723653889663,0.0,0.5,1.0,199.0,0.0,0.52132293517373,0.0,0.5,1.0,222.0,1.0,0.6048996855685734,0.5,0.0,0.0,763.0,4.0
card_dea8fc539a61edafbc58,state_1c48acc3c2fc7b9e4d1c,sgv31_u15,1,M0+R0|M0+RS|MS+R0|MS+RS,MS+RS,0.6781852670149338,0.0,0.0,0.0,708.0,2.0,0.5929280522014668,0.0,0.2222222222222222,0.2777777777777778,571.0277777777778,1.4722222222222223,0.2509436442487448,0.0,0.5,1.0,209.0,0.0,0.2509436442487448,0.0,0.5,1.0,209.0,0.0,0.6781852670149338,0.0,0.0,0.0,708.0,2.0
card_dee586e1742217a9b04a,state_8233e192489ea306183e,sgv31_u15,1,M0+R0|M0+RS|ME+R0|ME+RS|MS+R0|MS+RS|MSE+R0|MSE+RS,ME+RS,0.5108684427652136,0.0,0.5,0.0,616.0,2.0,0.5682275520999316,0.0,0.20833333333333334,0.2777777777777778,537.8888888888889,2.1944444444444446,0.39182266420623046,0.0,0.5,0.5,201.0,0.0,0.4230493459302337,0.0,0.5,1.0,227.0,1.0,0.6088113157840971,0.0,0.0,0.0,666.0,3.0
card_df413eee65351ea0853f,state_f431a5373f9ff5b5bcfb,sgv31_u10,1,M0+R0|M0+RS|ME+R0|ME+RS,ME+RS,0.571928872983399,0.0,0.0,0.0,658.0,2.0,0.5651121161234284,0.0,0.09027777777777778,0.2777777777777778,533.375,1.5694444444444444,0.27685472974986314,0.0,1.0,1.0,199.0,0.0,0.5756081986333689,0.0,0.0,1.0,222.0,1.0,0.571928872983399,0.0,0.0,0.0,658.0,2.0
card_dfcedc3bf7258ebaca35,state_101b430ad72287be727c,sgv31_u15,1,M0+R0|M0+RS|MS+R0|MS+RS,MS+RS,0.571928872983399,0.0,0.0,0.0,649.0,2.0,0.5570689173801344,0.0,0.25,0.1388888888888889,526.1944444444445,1.4722222222222223,0.27685472974986314,0.0,1.0,0.5,201.0,0.0,0.27685472974986314,0.0,1.0,0.5,201.0,0.0,0.571928872983399,0.0,0.0,0.0,649.0,2.0
card_dfea16a8900b50a08e6e,state_af05c2b0f8b3989a9cbf,sgv31_u10,1,M0+R0|M0+RS|ME+R0|ME+RS,ME+R0,0.6517631905951392,0.0,0.0,1.0,213.0,1.0,0.5189703988243923,0.0,0.1527777777777778,0.2777777777777778,524.2222222222222,1.5694444444444444,0.5,0.0,1.0,1.0,189.0,0.0,0.6517631905951392,0.0,0.0,1.0,213.0,1.0,0.5,0.0,0.0,0.0,649.0,2.0
card_e01e663e46f84d8c2943,state_814f0570b685af99d3d2,sgv31_u15,1,M0+R0|M0+RS|ME+R0|ME+RS|MP+R0|MP+RS|MPE+R0|MPE+RS|MPMS+R0|MPMS+RS|MPMSME+R0|MPMSME+RS|MS+R0|MS+RS|MSE+R0|MSE+RS,MSE+RS,0.6790377812600052,0.0,0.0,0.0,731.0,3.0,0.5268482319841326,0.2222222222222222,0.05555555555555555,0.2777777777777778,602.0555555555554,2.388888888888889,0.30137231462053576,0.0,1.0,1.0,197.0,0.0,0.48638550849975587,0.0,0.0,1.0,245.0,1.0,0.6778098058221751,0.5,0.0,0.0,793.0,4.0
card_e04f4a543d96c7ed5fbf,state_ff0d3bdad6618e112d51,sgv31_u05,1,M0+R0|M0+RS|ME+R0|ME+RS|MP+R0|MP+RS|MPE+R0|MPE+RS|MPMS+R0|MPMS+RS|MPMSME+R0|MPMSME+RS|MS+R0|MS+RS|MSE+R0|MSE+RS,MP+RS,0.6202124851987385,0.0,0.0,0.0,712.0,2.0,0.5597944041018275,0.05555555555555555,0.1111111111111111,0.2777777777777778,591.8333333333333,2.388888888888889,0.24078748972746764,0.0,0.5,1.0,204.0,0.0,0.3075948940257307,0.0,0.5,1.0,231.0,1.0,0.6327161721067844,0.0,0.0,0.0,773.0,4.0
card_e1f6c0638322419190e6,state_4853d3c4eff71659d77d,sgv31_u10,1,M0+R0|M0+RS|MP+R0|MP+RS|MPMS+R0|MPMS+RS|MS+R0|MS+RS,MP+RS,0.5987312396939218,0.0,0.5,0.0,668.0,2.0,0.5138433719986865,0.0,0.2777777777777778,0.2777777777777778,567.6388888888889,2.0277777777777777,0.42315102645192054,0.0,0.5,1.0,202.0,0.0,0.42315102645192054,0.0,0.5,1.0,202.0,0.0,0.6414803383626982,0.0,0.0,0.0,718.0,3.0
card_e22404c44ee4d4e87d37,state_ab40e84a7a10ab8790b6,sgv31_u15,1,M0+R0|M0+RS,M0+RS,0.7215937546003562,0.0,1.0,0.0,636.0,1.0,0.598486113155714,0.0,1.0,0.2777777777777778,516.0,0.7222222222222222,0.27840624539964376,0.0,1.0,1.0,204.0,0.0,0.27840624539964376,0.0,1.0,1.0,204.0,0.0,0.7215937546003562,0.0,1.0,0.0,636.0,1.0
card_e2be6959633dbae5c44c,state_2b63e383c989e7dcbd4d,sgv31_u10,1,M0+R0|M0+RS|ME+R0|ME+RS|MP+R0|MP+RS|MPE+R0|MPE+RS|MPMS+R0|MPMS+RS|MPMSME+R0|MPMSME+RS|MS+R0|MS+RS|MSE+R0|MSE+RS,MS+R0,0.5594764605744978,0.0,0.5,0.5,258.0,1.0,0.504726706869148,0.1111111111111111,0.2777777777777778,0.20833333333333331,553.4444444444445,2.388888888888889,0.3832627442315158,0.0,0.5,1.0,199.0,0.0,0.5259170714742424,1.0,0.5,1.0,222.0,1.0,0.36240925065959445,0.5,0.0,0.0,723.0,4.0
card_e3fe83f154573f1ef418,state_65c5fe46f76d42a112ca,sgv31_u15,1,M0+R0|M0+RS|MS+R0|MS+RS,M0+RS,0.6477291697335709,0.0,1.0,0.0,587.0,1.0,0.565657408770476,0.0,0.2222222222222222,0.2777777777777778,523.1944444444445,1.4722222222222223,0.3522708302664292,0.0,0.5,1.0,198.0,0.0,0.3522708302664292,0.0,0.5,1.0,198.0,0.0,0.6477291697335709,0.0,0.0,0.0,646.0,2.0
card_e40805cc1eced2ca79b2,state_1f08b5fd1ebb16188227,sgv31_u05,1,M0+R0|M0+RS,M0+RS,0.5,0.0,1.0,0.0,636.0,1.0,0.5,0.0,1.0,0.2777777777777778,514.8888888888889,0.7222222222222222,0.5,0.0,1.0,1.0,200.0,0.0,0.5,0.0,1.0,1.0,200.0,0.0,0.5,0.0,1.0,0.0,636.0,1.0
card_e45454ebee7088ba5112,state_90ea63f953f5a2e08ec6,sgv31_u15,1,M0+R0|M0+RS|ME+R0|ME+RS,ME+RS,0.6781852670149338,0.0,0.0,0.0,635.0,2.0,0.6035949671614229,0.0,0.09027777777777778,0.2638888888888889,518.8055555555555,1.5694444444444444,0.2509436442487448,0.0,1.0,0.5,205.0,0.0,0.46190489631732423,0.0,0.0,1.0,231.0,1.0,0.6781852670149338,0.0,0.0,0.0,635.0,2.0
card_e559d4f07c0b0f3f7738,state_33c35f9bf27888221702,sgv31_u05,1,M0+R0|M0+RS|ME+R0|ME+RS|MP+R0|MP+RS|MPE+R0|MPE+RS|MPMS+R0|MPMS+RS|MPMSME+R0|MPMSME+RS|MS+R0|MS+RS|MSE+R0|MSE+RS,ME+RS,0.3994298146526004,0.0,0.5,0.0,619.0,2.0,0.5072650412895157,0.06944444444444445,0.4722222222222222,0.25,560.5833333333333,2.388888888888889,0.40469033728011283,0.0,1.0,1.0,203.0,0.0,0.41235162508919115,0.0,0.5,1.0,230.0,1.0,0.4641604937259023,0.5,0.0,0.0,732.0,4.0
card_e56a2298d8fbc4f6fcf2,state_4c145452aa49d03656ae,sgv31_u10,1,M0+R0|M0+RS|MS+R0|MS+RS,M0+R0,0.6089661924189973,0.0,1.0,1.0,194.0,0.0,0.47711702946466217,0.0,0.25,0.16666666666666666,487.94444444444446,1.4722222222222223,0.6089661924189973,0.0,1.0,1.0,194.0,0.0,0.6089661924189973,0.0,1.0,1.0,194.0,0.0,0.4619048963173242,0.0,0.0,0.0,599.0,2.0
card_e58932133863973a4a65,state_2b63e383c989e7dcbd4d,sgv31_u10,1,M0+R0|M0+RS,M0+R0,0.7215937546003562,0.0,1.0,1.0,199.0,0.0,0.4015138868442861,0.0,0.6388888888888888,0.2777777777777778,479.94444444444446,0.7222222222222222,0.7215937546003562,0.0,1.0,1.0,199.0,0.0,0.7215937546003562,0.0,1.0,1.0,199.0,0.0,0.27840624539964376,0.0,0.5,0.0,588.0,1.0
card_e5d4888f811c9da1fe46,state_b6684d9394925a398e4d,sgv31_u05,1,M0+R0|M0+RS|ME+R0|ME+RS|MP+R0|MP+RS|MPE+R0|MPE+RS,MPE+R0,0.59760396157037,0.5,0.0,0.5,307.0,2.0,0.46564868912103313,0.18055555555555555,0.3194444444444444,0.16666666666666666,585.5,1.972222222222222,0.6611943856664061,0.0,1.0,0.5,195.0,0.0,0.5084786481909175,0.0,0.0,0.5,244.0,1.0,0.402683190664691,0.0,0.0,0.0,749.0,3.0
card_e65f3e4bcc65b58c94d5,state_814f0570b685af99d3d2,sgv31_u15,1,M0+R0|M0+RS|MS+R0|MS+RS,MS+RS,0.4620049730225572,0.0,0.0,0.0,692.0,2.0,0.4721797369122468,0.0,0.25,0.2777777777777778,556.1388888888889,1.4722222222222223,0.6167168348814488,0.0,1.0,1.0,197.0,0.0,0.6167168348814488,0.0,1.0,1.0,197.0,0.0,0.4620049730225572,0.0,0.0,0.0,692.0,2.0
card_e7c6e477952a9452eb34,state_101b430ad72287be727c,sgv31_u15,1,M0+R0|M0+RS|ME+R0|ME+RS|MP+R0|MP+RS|MPE+R0|MPE+RS|MPMS+R0|MPMS+RS|MPMSME+R0|MPMSME+RS|MS+R0|MS+RS|MSE+R0|MSE+RS,MSE+RS,0.516343989639989,0.0,0.5,0.0,665.0,3.0,0.5161587607006983,0.027777777777777776,0.3055555555555555,0.2777777777777778,556.7777777777778,2.388888888888889,0.5375753594156644,0.0,1.0,0.5,201.0,0.0,0.5366028423404313,0.0,0.5,1.0,226.0,1.0,0.6163507711964104,0.0,0.0,0.5,727.0,4.0
card_e893f7da039a7924cc41,state_9fce231ab10d6d582559,sgv31_u10,1,M0+R0|M0+RS|MP+R0|MP+RS,M0+RS,0.7490563557512552,0.0,0.5,0.0,591.0,1.0,0.540463074874386,0.0,0.19444444444444445,0.2777777777777778,530.2777777777778,1.3888888888888888,0.3910338075810027,0.0,1.0,1.0,202.0,0.0,0.3910338075810027,0.0,1.0,1.0,202.0,0.0,0.5380951036826757,0.0,0.0,0.0,662.0,2.0
card_ea155655b1e9d0a1b979,state_ab40e84a7a10ab8790b6,sgv31_u15,1,M0+R0|M0+RS|MP+R0|MP+RS,MP+RS,0.42439180136663107,0.5,0.0,0.0,707.0,2.0,0.5081965039787094,0.3333333333333333,0.3055555555555556,0.2777777777777778,563.3333333333334,1.3888888888888888,0.42439180136663107,0.0,0.5,1.0,204.0,0.0,0.42439180136663107,0.0,0.5,1.0,204.0,0.0,0.42439180136663107,0.5,0.0,0.0,707.0,2.0
card_eb1b9b0b58d000f3e0f2,state_d2ae42a7e1ca750d78a3,sgv31_u10,1,M0+R0|M0+RS|ME+R0|ME+RS|MP+R0|MP+RS|MPE+R0|MPE+RS,MP+RS,0.45491026862452755,0.0,0.5,0.0,728.0,2.0,0.5568012103442807,0.06944444444444445,0.4027777777777778,0.2777777777777778,584.1111111111111,1.972222222222222,0.3091696589780901,0.0,1.0,1.0,205.0,0.0,0.48296134250791994,0.0,0.5,1.0,228.0,1.0,0.7468555998417733,0.5,0.0,0.0,742.0,3.0
card_eb38f8ce462fc36e6e53,state_b57ef01ffbe9bae5eb68,sgv31_u10,1,M0+R0|M0+RS|ME+R0|ME+RS|MS+R0|MS+RS|MSE+R0|MSE+RS,ME+RS,0.6086752075158474,0.0,0.5,0.0,631.0,2.0,0.5454132929122,0.0,0.2638888888888889,0.26388888888888884,549.1666666666666,2.1944444444444446,0.4465092772921482,0.0,1.0,1.0,203.0,0.0,0.3913247924841526,0.0,0.5,1.0,227.0,1.0,0.6192945860447224,0.0,0.0,0.0,681.0,3.0
card_eb6bf5e715a91a88cfa6,state_a46753bb1503ba602a58,sgv31_u10,1,M0+R0|M0+RS|ME+R0|ME+RS,ME+RS,0.571928872983399,0.0,0.0,0.0,614.0,2.0,0.5651121161234284,0.0,0.09027777777777778,0.2777777777777778,502.43055555555554,1.5694444444444444,0.27685472974986314,0.0,1.0,1.0,202.0,0.0,0.5756081986333689,0.0,0.0,1.0,225.0,1.0,0.571928872983399,0.0,0.0,0.0,614.0,2.0
card_eb98c0cd8563ec34d2e8,state_cef34308284c6c7c7a65,sgv31_u15,1,M0+R0|M0+RS|MP+R0|MP+RS,MP+R0,0.45937805816938654,0.0,0.0,1.0,222.0,1.0,0.5244493710685751,0.0,0.33333333333333337,0.25,519.5,1.3888888888888888,0.5406219418306134,0.0,1.0,0.5,198.0,0.0,0.5406219418306134,0.0,1.0,0.5,198.0,0.0,0.6873181682420647,0.0,0.0,0.0,645.0,2.0
card_edce6c07b630a166ead1,state_e7b84a4bace024bb0104,sgv31_u05,1,M0+R0|M0+RS|ME+R0|ME+RS,M0+RS,0.6089661924189973,0.0,1.0,0.0,587.0,1.0,0.6035949671614229,0.0,0.1388888888888889,0.2777777777777778,520.4583333333333,1.5694444444444444,0.2509436442487448,0.0,0.5,1.0,198.0,0.0,0.46190489631732423,0.0,0.0,1.0,247.0,1.0,0.6781852670149338,0.0,0.0,0.0,636.0,2.0
card_eec1e3a8040591c49cd1,state_af05c2b0f8b3989a9cbf,sgv31_u10,1,M0+R0|M0+RS|MS+R0|MS+RS,MS+R0,0.42027387897110263,0.0,0.0,1.0,241.0,1.0,0.5132876868381496,0.0,0.25,0.2777777777777778,542.8888888888889,1.4722222222222223,0.5797261210288974,0.0,1.0,1.0,189.0,0.0,0.5797261210288974,0.0,1.0,1.0,189.0,0.0,0.5797261210288974,0.0,0.0,0.0,677.0,2.0
card_eeccd9229076eaf1e09d,state_75a133f91ef58ffc79c7,sgv31_u05,1,M0+R0|M0+RS|ME+R0|ME+RS|MS+R0|MS+RS|MSE+R0|MSE+RS,MSE+R0,0.3302787227755689,0.0,0.0,0.5,268.0,2.0,0.44879674623827526,0.0,0.19444444444444445,0.1388888888888889,563.5,2.1944444444444446,0.6442291312927085,0.0,1.0,1.0,195.0,0.0,0.6053916234241964,0.0,0.0,0.5,218.0,1.0,0.4805088334269615,0.0,0.0,0.0,704.0,3.0
card_ef27dde25c8ce16007ff,state_a2691f08850957ad116b,sgv31_u15,1,M0+R0|M0+RS|ME+R0|ME+RS,ME+R0,0.42439180136663107,0.0,0.0,1.0,228.0,1.0,0.6029162154401129,0.0,0.09027777777777778,0.2777777777777778,550.625,1.5694444444444444,0.42807112701660105,0.0,1.0,1.0,203.0,0.0,0.42439180136663107,0.0,0.0,1.0,228.0,1.0,0.723145270250137,0.0,0.0,0.0,680.0,2.0
card_f02b876f8e6bdcc8fbbd,state_e9675a0cf987d5d06534,sgv31_u05,1,M0+R0|M0+RS|MP+R0|MP+RS,MP+RS,0.6477291697335709,0.5,0.0,0.0,715.0,2.0,0.549243056577857,0.3333333333333333,0.3055555555555556,0.2777777777777778,569.8888888888889,1.3888888888888888,0.3522708302664292,0.0,0.5,1.0,207.0,0.0,0.3522708302664292,0.0,0.5,1.0,207.0,0.0,0.6477291697335709,0.5,0.0,0.0,715.0,2.0
card_f0eb1364a91386adcb41,state_1a9eca73f6edf423a6ef,sgv31_u10,1,M0+R0|M0+RS|ME+R0|ME+RS,ME+RS,0.6477291697335709,1.0,0.0,0.0,679.0,2.0,0.6025897012038687,0.5972222222222222,0.09027777777777778,0.2777777777777778,549.9305555555555,1.5694444444444444,0.3522708302664292,0.0,1.0,1.0,204.0,0.0,0.6477291697335709,0.0,0.0,1.0,227.0,1.0,0.6477291697335709,1.0,0.0,0.0,679.0,2.0
card_f19125410e766ad1a151,state_b57ef01ffbe9bae5eb68,sgv31_u10,1,M0+R0|M0+RS|ME+R0|ME+RS,ME+RS,0.6477291697335709,0.0,0.0,0.5,630.0,2.0,0.565657408770476,0.0,0.1527777777777778,0.4513888888888889,514.2638888888889,1.5694444444444444,0.3522708302664292,0.0,1.0,1.0,203.0,0.0,0.3522708302664292,0.0,0.0,0.5,226.0,1.0,0.6477291697335709,0.0,0.0,0.5,630.0,2.0
card_f1fbca3ee53a4c64b4d0,state_8233e192489ea306183e,sgv31_u15,1,M0+R0|M0+RS,M0+RS,0.7215937546003562,0.0,1.0,0.0,590.0,1.0,0.598486113155714,0.0,1.0,0.1388888888888889,481.9444444444444,0.7222222222222222,0.27840624539964376,0.0,1.0,0.5,201.0,0.0,0.27840624539964376,0.0,1.0,0.5,201.0,0.0,0.7215937546003562,0.0,1.0,0.0,590.0,1.0
card_f20f0049c237204bac5a,state_322d419affa82845ce00,sgv31_u05,1,M0+R0|M0+RS|MS+R0|MS+RS,M0+R0,0.7490563557512552,0.0,0.5,1.0,205.0,0.0,0.4070719477985333,0.0,0.125,0.2777777777777778,530.1944444444445,1.4722222222222223,0.7490563557512552,0.0,0.5,1.0,205.0,0.0,0.7490563557512552,0.0,0.5,1.0,205.0,0.0,0.3218147329850664,0.0,0.0,0.0,653.0,2.0
card_f295a8cd6e48f9f882f5,state_33c35f9bf27888221702,sgv31_u05,1,M0+R0|M0+RS|ME+R0|ME+RS,ME+RS,0.6477291697335709,0.0,0.0,0.0,619.0,2.0,0.565657408770476,0.0,0.1527777777777778,0.2777777777777778,506.81944444444446,1.5694444444444444,0.3522708302664292,0.0,1.0,1.0,203.0,0.0,0.3522708302664292,0.0,0.0,1.0,230.0,1.0,0.6477291697335709,0.0,0.0,0.0,619.0,2.0
card_f2cbec571031ea626df7,state_68ef8f7067c62eaad585,sgv31_u15,1,M0+R0|M0+RS|ME+R0|ME+RS,ME+RS,0.571928872983399,0.5,0.0,0.0,687.0,2.0,0.5651121161234284,0.2986111111111111,0.1527777777777778,0.2777777777777778,558.5555555555555,1.5694444444444444,0.27685472974986314,0.0,1.0,1.0,203.0,0.0,0.5756081986333689,0.0,0.0,1.0,251.0,1.0,0.571928872983399,0.5,0.0,0.0,687.0,2.0
card_f3e9ccc83e82cecfffac,state_1c48acc3c2fc7b9e4d1c,sgv31_u15,1,M0+R0|M0+RS|MP+R0|MP+RS,MP+RS,0.6781852670149338,0.5,0.0,0.0,720.0,2.0,0.5871597959851388,0.3333333333333333,0.19444444444444445,0.2777777777777778,574.1111111111111,1.3888888888888888,0.2509436442487448,0.0,1.0,1.0,209.0,0.0,0.2509436442487448,0.0,1.0,1.0,209.0,0.0,0.6781852670149338,0.5,0.0,0.0,720.0,2.0
card_f59f0f61fcd72ae0a7a6,state_75a133f91ef58ffc79c7,sgv31_u05,1,M0+R0|M0+RS|ME+R0|ME+RS,ME+R0,0.5406219418306134,0.0,0.0,1.0,244.0,1.0,0.4205712965147169,0.0,0.1527777777777778,0.2777777777777778,551.4027777777778,1.5694444444444444,0.45937805816938654,0.0,1.0,1.0,195.0,0.0,0.5406219418306134,0.0,0.0,1.0,244.0,1.0,0.31268183175793535,0.0,0.0,0.0,680.0,2.0
card_f75c2ff177bc1159b86b,state_f92bdc2175a73cce842f,sgv31_u05,1,M0+R0|M0+RS|ME+R0|ME+RS|MS+R0|MS+RS|MSE+R0|MSE+RS,MSE+RS,0.6266250026287751,0.0,0.0,0.0,684.0,3.0,0.5562777789461222,0.0,0.2638888888888889,0.2777777777777778,550.7777777777778,2.1944444444444446,0.373374997371225,0.0,1.0,1.0,196.0,0.0,0.3733749973712249,0.0,0.5,1.0,245.0,1.0,0.6266250026287751,0.0,0.0,0.0,684.0,3.0
card_f8c6c59b7c92535a2f45,state_1f08b5fd1ebb16188227,sgv31_u05,1,M0+R0|M0+RS|ME+R0|ME+RS|MP+R0|MP+RS|MPE+R0|MPE+RS,MPE+RS,0.593340589859448,0.0,0.0,0.0,726.0,3.0,0.5676456155339898,0.20833333333333331,0.25,0.2777777777777778,570.8888888888888,1.972222222222222,0.47050694997189624,0.0,1.0,1.0,200.0,0.0,0.2553578869693339,0.0,0.5,1.0,227.0,1.0,0.593340589859448,0.0,0.0,0.0,726.0,3.0
card_fa8887a06c23de08e6eb,state_4c145452aa49d03656ae,sgv31_u10,1,M0+R0|M0+RS|MP+R0|MP+RS|MPMS+R0|MPMS+RS|MS+R0|MS+RS,MP+R0,0.6402621154842777,0.0,0.0,1.0,265.0,1.0,0.48016007559130275,0.05555555555555555,0.2361111111111111,0.25,524.4444444444445,2.0277777777777777,0.3278444424919255,0.0,0.5,0.5,194.0,0.0,0.3278444424919255,0.0,0.5,0.5,194.0,0.0,0.41267909630435834,0.0,0.0,0.0,661.0,3.0
card_fb091a519db7396efe8c,state_d2ae42a7e1ca750d78a3,sgv31_u10,1,M0+R0|M0+RS|ME+R0|ME+RS|MS+R0|MS+RS|MSE+R0|MSE+RS,MSE+RS,0.6937636915047466,0.0,0.0,0.0,724.0,3.0,0.5994303618233536,0.0,0.2638888888888889,0.2777777777777778,580.9722222222222,2.1944444444444446,0.36631971350480796,0.0,1.0,1.0,205.0,0.0,0.2865051696583677,0.0,0.5,1.0,229.0,1.0,0.6937636915047466,0.0,0.0,0.0,724.0,3.0
card_fc6c09ecabe4225eb452,state_9fce231ab10d6d582559,sgv31_u10,1,M0+R0|M0+RS|ME+R0|ME+RS|MS+R0|MS+RS|MSE+R0|MSE+RS,MSE+RS,0.3729351266984057,0.0,0.0,0.0,658.0,3.0,0.4655801101217357,0.0,0.20833333333333334,0.2361111111111111,532.4722222222222,2.1944444444444446,0.36889431381147414,0.0,1.0,1.0,202.0,0.0,0.7005912426187699,0.0,0.5,1.0,226.0,1.0,0.3729351266984057,0.0,0.0,0.0,658.0,3.0
card_fd0274e88d267b9b67bc,state_448cae978aef8c2f0f12,sgv31_u15,1,M0+R0|M0+RS|ME+R0|ME+RS|MP+R0|MP+RS|MPE+R0|MPE+RS,MPE+R0,0.46775549784160114,0.0,0.0,1.0,305.0,2.0,0.5488994131051879,0.0,0.1527777777777778,0.25,582.8055555555555,1.972222222222222,0.4677554978416011,0.0,1.0,0.5,195.0,0.0,0.5125925962926379,0.0,0.0,1.0,243.0,1.0,0.46557184125101675,0.0,0.0,0.0,745.0,3.0
card_fd39ca422e173ec412d1,state_65c5fe46f76d42a112ca,sgv31_u15,1,M0+R0|M0+RS|ME+R0|ME+RS|MP+R0|MP+RS|MPE+R0|MPE+RS|MPMS+R0|MPMS+RS|MPMSME+R0|MPMSME+RS|MS+R0|MS+RS|MSE+R0|MSE+RS,M0+RS,0.45350190462413836,0.0,0.5,0.0,587.0,1.0,0.42850432731888066,0.12499999999999999,0.4305555555555555,0.25,553.7777777777778,2.388888888888889,0.6256416578186276,0.0,0.5,1.0,198.0,0.0,0.5977757495829821,0.0,0.5,1.0,223.0,1.0,0.6104381410616163,0.5,0.0,0.0,724.0,4.0
card_fe0d292ead85e77caeae,state_8233e192489ea306183e,sgv31_u15,1,M0+R0|M0+RS|MS+R0|MS+RS,MS+RS,0.6167168348814488,0.0,0.0,0.0,649.0,2.0,0.5409405644050875,0.0,0.1527777777777778,0.2777777777777778,526.1944444444445,1.4722222222222223,0.4620049730225572,0.0,1.0,1.0,201.0,0.0,0.4620049730225572,0.0,1.0,1.0,201.0,0.0,0.6167168348814488,0.0,0.0,0.0,649.0,2.0
card_fea507d951d449d2f266,state_cc80960dc09f2e274c77,sgv31_u05,1,M0+R0|M0+RS|ME+R0|ME+RS|MS+R0|MS+RS|MSE+R0|MSE+RS,MSE+RS,0.48846282115053,0.0,0.0,0.0,710.0,3.0,0.5217824672692195,0.06944444444444445,0.2638888888888889,0.2777777777777778,570.9722222222222,2.1944444444444446,0.31648316736555115,0.0,1.0,1.0,205.0,0.0,0.5901082053216197,0.0,0.5,1.0,231.0,1.0,0.48846282115053,0.0,0.0,0.0,710.0,3.0
card_fec9555c4c849c73b9f1,state_9fce231ab10d6d582559,sgv31_u10,1,M0+R0|M0+RS|ME+R0|ME+RS|MP+R0|MP+RS|MPE+R0|MPE+RS,ME+RS,0.707518971801386,0.0,0.5,0.0,614.0,2.0,0.5499115427424991,0.0,0.2777777777777778,0.2777777777777778,535.6111111111111,1.972222222222222,0.3010632343280899,0.0,1.0,1.0,202.0,0.0,0.5442220750631662,0.0,0.5,1.0,225.0,1.0,0.5088876221352511,0.0,0.0,0.0,676.0,3.0
card_fef8949bdeb9506a4739,state_814f0570b685af99d3d2,sgv31_u15,1,M0+R0|M0+RS|ME+R0|ME+RS,ME+RS,0.45937805816938654,0.0,0.0,0.0,681.0,2.0,0.5041066476656821,0.0,0.1527777777777778,0.2777777777777778,552.5555555555555,1.5694444444444444,0.3126818317579353,0.0,1.0,1.0,197.0,0.0,0.5406219418306134,0.0,0.0,1.0,245.0,1.0,0.45937805816938654,0.0,0.0,0.0,681.0,2.0
card_ff3078e0a4ec462429c0,state_b6684d9394925a398e4d,sgv31_u05,1,M0+R0|M0+RS|ME+R0|ME+RS|MP+R0|MP+RS|MPE+R0|MPE+RS|MPMS+R0|MPMS+RS|MPMSME+R0|MPMSME+RS|MS+R0|MS+RS|MSE+R0|MSE+RS,MSE+R0,0.6275558306322175,0.0,0.0,0.5,294.0,2.0,0.4314550890749998,0.2222222222222222,0.40277777777777773,0.20833333333333337,605.5277777777776,2.388888888888889,0.46405110346009504,0.0,1.0,1.0,195.0,0.0,0.6836590923923659,0.0,0.5,1.0,244.0,1.0,0.5086257407067812,0.5,0.0,0.0,799.0,4.0
card_00023fe2e54dfff24b30,state_0a2fb5ddb424dd5410cf,sgv31_u14,2,M0+R0|M0+RS|MS+R0|MS+RS,MS+RS,0.5756081986333689,0.0,0.0,0.0,697.0,2.0,0.5168018219185264,0.0,0.125,0.25,574.5,1.5,0.5756081986333689,0.0,0.5,1.0,207.0,0.0,0.5756081986333689,0.0,0.5,1.0,207.0,0.0,0.5756081986333689,0.0,0.0,0.0,697.0,2.0
card_0015c9d609a37d4b0b3f,state_3f69ac7c947eb0be89eb,sgv31_u04,2,M0+R0|M0+RS|ME+R0|ME+RS|MP+R0|MP+RS|MPE+R0|MPE+RS,ME+RS,0.7169226852021372,0.0,0.0,0.0,615.0,2.0,0.578281314745404,0.0,0.05555555555555555,0.25,547.1111111111111,2.0,0.296216076959218,0.0,1.0,1.0,202.0,0.0,0.4709196605513965,0.0,0.0,1.0,226.0,1.0,0.7053882723569627,0.0,0.0,0.0,677.0,3.0
card_01000582070bd26fa8d4,state_bdca174f3b0e6f349104,sgv31_u04,2,M0+R0|M0+RS|ME+R0|ME+RS,ME+R0,0.6167168348814488,0.0,0.0,1.0,223.0,1.0,0.4492950916610539,0.0,0.1527777777777778,0.25,511.0833333333333,1.5972222222222223,0.5379950269774428,0.0,1.0,1.0,199.0,0.0,0.6167168348814488,0.0,0.0,1.0,223.0,1.0,0.38328316511855115,0.0,0.0,0.0,612.0,2.0
card_01370ec6f4037d724300,state_4b0fb819f058d71fda0d,sgv31_u09,2,M0+R0|M0+RS|MP+R0|MP+RS,MP+RS,0.5,0.0,0.0,0.0,659.0,2.0,0.5,0.0,0.1527777777777778,0.25,540.6666666666666,1.4444444444444444,0.5,0.0,0.5,1.0,201.0,0.0,0.5,0.0,0.5,1.0,201.0,0.0,0.5,0.0,0.0,0.0,659.0,2.0
card_0148cf233eb24bceae31,state_3af27640cf98f104236f,sgv31_u04,2,M0+R0|M0+RS|ME+R0|ME+RS|MP+R0|MP+RS|MPE+R0|MPE+RS|MPMS+R0|MPMS+RS|MPMSME+R0|MPMSME+RS|MS+R0|MS+RS|MSE+R0|MSE+RS,MS+R0,0.4160253615609036,0.0,0.0,1.0,248.0,1.0,0.5364832661402733,0.0,0.05555555555555555,0.25,580.0555555555555,2.333333333333333,0.6445071980297453,0.0,1.0,1.0,189.0,0.0,0.41381955146159277,0.0,0.0,1.0,237.0,1.0,0.37895845538893896,0.0,0.0,0.0,738.0,4.0
card_02b30b44c9f5640aeb90,state_e91685d10200ec724649,sgv31_u14,2,M0+R0|M0+RS|ME+R0|ME+RS|MS+R0|MS+RS|MSE+R0|MSE+RS,MSE+RS,0.5618197280018935,0.0,0.0,0.0,705.0,3.0,0.5533987868818737,0.0,0.05555555555555555,0.25,576.25,2.1666666666666665,0.3194222361957846,0.0,0.5,1.0,200.0,0.0,0.5677908212518695,0.0,0.0,1.0,224.0,1.0,0.5618197280018935,0.0,0.0,0.0,705.0,3.0
card_02da92ae3b8b06f0e150,state_a20f337f7e6e030a42ce,sgv31_u04,2,M0+R0|M0+RS|ME+R0|ME+RS|MP+R0|MP+RS|MPE+R0|MPE+RS,ME+RS,0.3136460266920854,0.0,0.5,0.0,631.0,2.0,0.49435676474787266,0.0,0.16666666666666669,0.19444444444444442,559.3611111111111,2.0,0.5001306815964932,0.0,0.5,1.0,203.0,0.0,0.4901803004760561,0.0,0.0,0.5,227.0,1.0,0.6317047334338737,0.0,0.0,0.0,693.0,3.0
card_03b1c7d58c00a484bc41,state_859240b42f10416cb530,sgv31_u09,2,M0+R0|M0+RS|MP+R0|MP+RS|MPMS+R0|MPMS+RS|MS+R0|MS+RS,MS+RS,0.5189996040308092,0.0,0.0,0.0,692.0,2.0,0.5788064521465425,0.027777777777777776,0.2222222222222222,0.25,599.8611111111112,2.0,0.28195488471449887,0.0,0.5,1.0,197.0,0.0,0.28195488471449887,0.0,0.5,1.0,197.0,0.0,0.6587349014413455,0.0,0.0,0.0,752.0,3.0
card_045992a787eae34bc2fb,state_b491459b9b819e0d5ee1,sgv31_u14,2,M0+R0|M0+RS|ME+R0|ME+RS,ME+RS,0.5406219418306134,0.0,0.0,0.0,666.0,2.0,0.48388799375712743,0.0,0.1527777777777778,0.25,553.0277777777778,1.5972222222222223,0.6873181682420647,0.0,1.0,1.0,204.0,0.0,0.3126818317579353,0.0,0.0,1.0,230.0,1.0,0.5406219418306134,0.0,0.0,0.0,666.0,2.0
card_05b0fdcc3ab330f8d6a7,state_55c11f18b9078c2a9ee3,sgv31_u04,2,M0+R0|M0+RS|MP+R0|MP+RS,MP+RS,0.6517631905951392,0.5,0.0,0.0,662.0,2.0,0.5674503069311729,0.25,0.3055555555555556,0.25,543.0555555555555,1.4444444444444444,0.34823680940486074,0.0,1.0,1.0,202.0,0.0,0.34823680940486074,0.0,1.0,1.0,202.0,0.0,0.6517631905951392,0.5,0.0,0.0,662.0,2.0
card_05b9002e9d21a9f3422c,state_b491459b9b819e0d5ee1,sgv31_u14,2,M0+R0|M0+RS|ME+R0|ME+RS|MS+R0|MS+RS|MSE+R0|MSE+RS,MSE+RS,0.6282899276073631,0.5,0.0,0.0,709.0,3.0,0.5569734573764109,0.20833333333333334,0.1111111111111111,0.25,580.25,2.1666666666666665,0.37121966209827145,0.0,1.0,1.0,204.0,0.0,0.3388547185591637,0.0,0.0,1.0,228.0,1.0,0.6282899276073631,0.5,0.0,0.0,709.0,3.0
card_05c2b5973a9bb4a0cba6,state_40a48eba4f1fe0037711,sgv31_u09,2,M0+R0|M0+RS|ME+R0|ME+RS|MP+R0|MP+RS|MPE+R0|MPE+RS|MPMS+R0|MPMS+RS|MPMSME+R0|MPMSME+RS|MS+R0|MS+RS|MSE+R0|MSE+RS,MSE+RS,0.6414434300363009,0.0,0.5,0.0,726.0,3.0,0.480849495869163,0.041666666666666664,0.4861111111111111,0.25,613.7222222222222,2.333333333333333,0.5254487168181466,0.0,0.5,1.0,203.0,0.0,0.5654478073538349,0.0,0.5,1.0,230.0,1.0,0.4426075425540485,0.5,0.0,0.0,786.0,4.0
card_060f9a2cec3c1af82250,state_e17d45ecc84571b8c3fd,sgv31_u09,2,M0+R0|M0+RS|ME+R0|ME+RS|MS+R0|MS+RS|MSE+R0|MSE+RS,MSE+R0,0.5736714661670984,0.0,0.0,0.5,273.0,2.0,0.5219898313274166,0.0,0.125,0.125,580.5833333333334,2.1666666666666665,0.4119338264819566,0.0,1.0,0.5,195.0,0.0,0.5436526338314891,0.0,0.0,0.5,223.0,1.0,0.5865760987654675,0.0,0.0,0.0,713.0,3.0
card_061372de650fd07d5de2,state_4b0fb819f058d71fda0d,sgv31_u09,2,M0+R0|M0+RS|ME+R0|ME+RS|MP+R0|MP+RS|MPE+R0|MPE+RS,ME+RS,0.543653882107624,0.0,0.5,0.0,639.0,2.0,0.5363111330127858,0.05555555555555555,0.3472222222222222,0.25,562.3611111111111,2.0,0.3896226962035314,0.0,0.5,0.5,201.0,0.0,0.4562163900524946,0.0,0.5,1.0,250.0,1.0,0.6102639715429434,0.0,0.0,0.0,699.0,3.0
card_06310e0dd60783c21981,state_9a2fa510ac695aa608c7,sgv31_u09,2,M0+R0|M0+RS|MP+R0|MP+RS|MPMS+R0|MPMS+RS|MS+R0|MS+RS,MPMS+RS,0.6266250026287751,0.5,0.0,0.0,762.0,3.0,0.5633125013143875,0.2222222222222222,0.36111111111111116,0.25,611.0277777777778,2.0,0.373374997371225,0.0,0.5,1.0,209.0,0.0,0.373374997371225,0.0,0.5,1.0,209.0,0.0,0.6266250026287751,0.5,0.0,0.0,762.0,3.0
card_06e37d461fb6041c0801,state_859240b42f10416cb530,sgv31_u09,2,M0+R0|M0+RS|ME+R0|ME+RS|MP+R0|MP+RS|MPE+R0|MPE+RS,ME+RS,0.5733458597320397,0.0,0.5,0.0,682.0,2.0,0.5304503076061629,0.013888888888888888,0.25,0.25,593.6111111111111,2.0,0.44506377959035204,0.0,1.0,1.0,197.0,0.0,0.2428569849812079,0.0,0.5,1.0,246.0,1.0,0.6159302144204125,0.0,0.0,0.0,742.0,3.0
card_081a9266cf279f823edf,state_07daf4369b266b71570f,sgv31_u04,2,M0+R0|M0+RS|MP+R0|MP+RS|MPMS+R0|MPMS+RS|MS+R0|MS+RS,MPMS+RS,0.5115252579551519,0.5,0.0,0.0,761.0,3.0,0.5183254039764383,0.2222222222222222,0.19444444444444442,0.25,608.0833333333333,2.0,0.5523490757422397,0.0,1.0,1.0,204.0,0.0,0.5523490757422397,0.0,1.0,1.0,204.0,0.0,0.5115252579551519,0.5,0.0,0.0,761.0,3.0
card_08337215d050a19714ad,state_83bd9ade815258bdcac9,sgv31_u14,2,M0+R0|M0+RS|ME+R0|ME+RS,M0+RS,0.5406219418306134,0.0,0.5,0.0,592.0,1.0,0.5161120062428726,0.0,0.09027777777777778,0.25,516.7777777777778,1.5972222222222223,0.3126818317579353,0.0,1.0,1.0,203.0,0.0,0.6873181682420647,0.0,0.0,1.0,229.0,1.0,0.45937805816938654,0.0,0.0,0.0,618.0,2.0
card_08b533570086e1672028,state_fc1f23796b989791b90f,sgv31_u09,2,M0+R0|M0+RS|ME+R0|ME+RS|MS+R0|MS+RS|MSE+R0|MSE+RS,ME+RS,0.4651846869619895,0.0,0.5,0.0,618.0,2.0,0.564045584593875,0.0,0.23611111111111108,0.25,544.3333333333334,2.1666666666666665,0.40088615948689893,0.0,1.0,1.0,201.0,0.0,0.46736945010149394,0.0,0.5,1.0,229.0,1.0,0.6646630939665068,0.0,0.0,0.0,662.0,3.0
card_0a5c82bd519495c7ac34,state_9a2fa510ac695aa608c7,sgv31_u09,2,M0+R0|M0+RS,M0+RS,0.7215937546003562,0.0,1.0,0.0,649.0,1.0,0.6107968773001781,0.0,1.0,0.25,539.0,0.75,0.27840624539964376,0.0,1.0,1.0,209.0,0.0,0.27840624539964376,0.0,1.0,1.0,209.0,0.0,0.7215937546003562,0.0,1.0,0.0,649.0,1.0
card_0b14003901243cb2a61f,state_e91685d10200ec724649,sgv31_u14,2,M0+R0|M0+RS|ME+R0|ME+RS|MP+R0|MP+RS|MPE+R0|MPE+RS,MPE+RS,0.6677427711446707,0.5,0.0,0.0,730.0,3.0,0.5502949030533502,0.1111111111111111,0.2222222222222222,0.19444444444444442,585.0833333333333,2.0,0.3333792157500577,0.0,1.0,1.0,200.0,0.0,0.6426834945228823,0.0,0.5,0.5,226.0,1.0,0.6677427711446707,0.5,0.0,0.0,730.0,3.0
card_0b8bf09c3a7b8bd54b09,state_859240b42f10416cb530,sgv31_u09,2,M0+R0|M0+RS|MP+R0|MP+RS,M0+RS,0.571928872983399,0.0,1.0,0.0,633.0,1.0,0.5165974149379725,0.25,0.3055555555555556,0.25,571.9166666666667,1.4444444444444444,0.5756081986333689,0.0,1.0,1.0,197.0,0.0,0.5756081986333689,0.0,1.0,1.0,197.0,0.0,0.5756081986333689,0.5,0.0,0.0,702.0,2.0
card_0bc6a93f0d628672f79e,state_61b6107dd24918d647e5,sgv31_u14,2,M0+R0|M0+RS|ME+R0|ME+RS,M0+RS,0.6873181682420647,0.0,1.0,0.0,587.0,1.0,0.4142396267904759,0.0,0.1527777777777778,0.25,532.9583333333333,1.5972222222222223,0.45937805816938654,0.0,1.0,1.0,198.0,0.0,0.5406219418306134,0.0,0.0,1.0,249.0,1.0,0.31268183175793535,0.0,0.0,0.0,638.0,2.0
card_0c0b3122b89262e190f0,state_03db34c217f0f4dcbf3b,sgv31_u14,2,M0+R0|M0+RS|ME+R0|ME+RS,M0+R0,0.6508241519760448,0.0,1.0,1.0,195.0,0.0,0.5460851575482359,0.0,0.1527777777777778,0.25,555.4583333333334,1.5972222222222223,0.6508241519760448,0.0,1.0,1.0,195.0,0.0,0.3491758480239551,0.0,0.0,1.0,246.0,1.0,0.6508241519760448,0.0,0.0,0.0,669.0,2.0
card_0c0e6e1f944a516f4319,state_8e10d7d94b915a0debeb,sgv31_u14,2,M0+R0|M0+RS|ME+R0|ME+RS,ME+RS,0.42439180136663107,0.0,0.0,0.0,665.0,2.0,0.49124137682476743,0.0,0.1527777777777778,0.25,552.3333333333333,1.5972222222222223,0.42439180136663107,0.0,1.0,1.0,205.0,0.0,0.7231452702501368,0.0,0.0,1.0,229.0,1.0,0.42439180136663107,0.0,0.0,0.0,665.0,2.0
card_0cc797615e7fa5689cfb,state_b4a416d11e99b04df64f,sgv31_u09,2,M0+R0|M0+RS|ME+R0|ME+RS,M0+RS,0.5756081986333689,0.0,1.0,0.0,591.0,1.0,0.5650099126331514,0.0,0.1388888888888889,0.25,535.2638888888889,1.5972222222222223,0.27685472974986314,0.0,0.5,1.0,202.0,0.0,0.5756081986333689,0.0,0.0,1.0,251.0,1.0,0.571928872983399,0.0,0.0,0.0,640.0,2.0
card_0dc7e3cfa228be993c2d,state_fc1f23796b989791b90f,sgv31_u09,2,M0+R0|M0+RS|MP+R0|MP+RS|MPMS+R0|MPMS+RS|MS+R0|MS+RS,M0+RS,0.4311601659885128,0.0,0.5,0.0,590.0,1.0,0.5133855232800114,0.2222222222222222,0.23611111111111108,0.20833333333333331,564.7777777777778,2.0,0.5688398340114872,0.0,0.5,1.0,201.0,0.0,0.5688398340114872,0.0,0.5,1.0,201.0,0.0,0.5688398340114872,0.5,0.0,0.0,703.0,3.0
card_0dfe67deb3696e0a3f34,state_dc14ccf32630197cb5b1,sgv31_u09,2,M0+R0|M0+RS|ME+R0|ME+RS,ME+RS,0.3491758480239551,0.0,0.0,0.0,637.0,2.0,0.45391484245176406,0.0,0.09027777777777778,0.25,531.7222222222222,1.5972222222222223,0.3491758480239551,0.0,1.0,1.0,205.0,0.0,0.6508241519760448,0.0,0.0,1.0,233.0,1.0,0.3491758480239551,0.0,0.0,0.0,637.0,2.0
card_0e449d3661c3f7792d63,state_03db34c217f0f4dcbf3b,sgv31_u14,2,M0+R0|M0+RS|ME+R0|ME+RS|MS+R0|MS+RS|MSE+R0|MSE+RS,MS+R0,0.4354704618762136,0.0,0.0,1.0,254.0,1.0,0.517512489832825,0.0,0.1111111111111111,0.20833333333333331,564.8333333333334,2.1666666666666665,0.5685149252195,0.0,1.0,1.0,195.0,0.0,0.3710273648685377,0.0,0.0,0.5,219.0,1.0,0.5643296574866383,0.0,0.0,0.0,692.0,3.0
card_0e51a39593b7daa4b753,state_fc1f23796b989791b90f,sgv31_u09,2,M0+R0|M0+RS|ME+R0|ME+RS,ME+RS,0.5379950269774428,0.5,0.0,0.0,639.0,2.0,0.5266510225904998,0.4236111111111111,0.1388888888888889,0.3125,534.2638888888889,1.5972222222222223,0.38328316511855115,0.0,0.5,1.0,201.0,0.0,0.4620049730225572,0.5,0.0,1.0,250.0,1.0,0.5379950269774428,0.5,0.0,0.0,639.0,2.0
card_0eca8297e6115357780b,state_d54418f29b11e5c34123,sgv31_u04,2,M0+R0|M0+RS|ME+R0|ME+RS|MP+R0|MP+RS|MPE+R0|MPE+RS|MPMS+R0|MPMS+RS|MPMSME+R0|MPMSME+RS|MS+R0|MS+RS|MSE+R0|MSE+RS,MPMS+RS,0.6251209774289592,0.5,0.5,0.0,778.0,3.0,0.5278196669248153,0.2638888888888889,0.4444444444444445,0.25,631.5555555555557,2.333333333333333,0.3234196928836464,0.0,0.5,1.0,205.0,0.0,0.35276959790686274,0.0,0.5,1.0,253.0,1.0,0.7302743278015189,0.5,0.0,0.0,817.0,4.0
card_10cfcb7eeab3982c01e6,state_d8cf272a5436e77b6daf,sgv31_u04,2,M0+R0|M0+RS,M0+R0,0.7215937546003562,0.0,1.0,1.0,194.0,0.0,0.3892031226998219,0.0,1.0,0.25,458.75,0.75,0.7215937546003562,0.0,1.0,1.0,194.0,0.0,0.7215937546003562,0.0,1.0,1.0,194.0,0.0,0.27840624539964376,0.0,1.0,0.0,547.0,1.0
card_11dfbcce42412efd3dcf,state_1d8fc8ca2ea288d86bd9,sgv31_u04,2,M0+R0|M0+RS|ME+R0|ME+RS|MS+R0|MS+RS|MSE+R0|MSE+RS,M0+RS,0.6463821645633864,0.0,0.5,0.0,597.0,1.0,0.5435849096704036,0.0,0.23611111111111108,0.3194444444444444,553.0833333333334,2.1666666666666665,0.38506377364639777,0.0,1.0,1.0,202.0,0.0,0.39593075551575513,0.0,0.5,1.0,229.0,1.0,0.5530462384522797,0.0,0.0,0.0,674.0,3.0
card_13738fbac5e1346c02e6,state_40a48eba4f1fe0037711,sgv31_u09,2,M0+R0|M0+RS|MP+R0|MP+RS|MPMS+R0|MPMS+RS|MS+R0|MS+RS,MPMS+RS,0.5,0.5,0.0,0.0,768.0,3.0,0.5,0.2638888888888889,0.27777777777777773,0.25,614.0277777777778,2.0,0.5,0.0,0.5,1.0,203.0,0.0,0.5,0.0,0.5,1.0,203.0,0.0,0.5,0.5,0.0,0.0,768.0,3.0
card_1378ee79809a211fd210,state_07daf4369b266b71570f,sgv31_u04,2,M0+R0|M0+RS|ME+R0|ME+RS,ME+RS,0.6167168348814488,0.5,0.0,0.0,688.0,2.0,0.550704908338946,0.4236111111111111,0.1527777777777778,0.25,571.6666666666667,1.5972222222222223,0.4620049730225572,0.0,1.0,1.0,204.0,0.0,0.38328316511855115,0.5,0.0,1.0,252.0,1.0,0.6167168348814488,0.5,0.0,0.0,688.0,2.0
card_13a75a5f7de04b55f9c2,state_8a533d82e397a797501c,sgv31_u04,2,M0+R0|M0+RS,M0+RS,0.7215937546003562,0.0,1.0,0.0,635.0,1.0,0.6107968773001781,0.0,1.0,0.25,526.0,0.75,0.27840624539964376,0.0,1.0,1.0,199.0,0.0,0.27840624539964376,0.0,1.0,1.0,199.0,0.0,0.7215937546003562,0.0,1.0,0.0,635.0,1.0
card_14ef46fb8e029dd50434,state_58898af7613ca2ebd942,sgv31_u09,2,M0+R0|M0+RS|ME+R0|ME+RS|MP+R0|MP+RS|MPE+R0|MPE+RS,ME+RS,0.6739186546437308,0.0,0.5,0.0,666.0,2.0,0.600502546271525,0.16666666666666666,0.25,0.25,584.3333333333333,2.0,0.2608487849131946,0.0,1.0,1.0,203.0,0.0,0.5111376101281039,0.0,0.5,1.0,230.0,1.0,0.6201143554642192,0.0,0.0,0.0,726.0,3.0
card_1568aa8ed0d28b5277a4,state_61b6107dd24918d647e5,sgv31_u14,2,M0+R0|M0+RS|MP+R0|MP+RS,M0+RS,0.771205679933669,0.0,0.5,0.0,587.0,1.0,0.5150669822185372,0.3472222222222222,0.18055555555555555,0.25,543.2222222222222,1.4444444444444444,0.5,0.0,1.0,1.0,198.0,0.0,0.5,0.0,1.0,1.0,198.0,0.0,0.5,0.5,0.0,0.0,664.0,2.0
card_15b5042721f2b343a4aa,state_8a533d82e397a797501c,sgv31_u04,2,M0+R0|M0+RS|MS+R0|MS+RS,MS+RS,0.7490563557512552,0.0,0.0,0.0,694.0,2.0,0.614684971106694,0.0,0.1527777777777778,0.25,570.25,1.5,0.32181473298506635,0.0,1.0,1.0,199.0,0.0,0.32181473298506635,0.0,1.0,1.0,199.0,0.0,0.7490563557512552,0.0,0.0,0.0,694.0,2.0
card_167c44a5f414887d69b7,state_9a2fa510ac695aa608c7,sgv31_u09,2,M0+R0|M0+RS|MS+R0|MS+RS,MS+RS,0.5380951036826757,0.0,0.0,0.0,702.0,2.0,0.5288907586102713,0.0,0.125,0.25,578.75,1.5,0.3910338075810027,0.0,0.5,1.0,209.0,0.0,0.3910338075810027,0.0,0.5,1.0,209.0,0.0,0.5380951036826757,0.0,0.0,0.0,702.0,2.0
card_180e9938a3aa641564b8,state_07daf4369b266b71570f,sgv31_u04,2,M0+R0|M0+RS|ME+R0|ME+RS|MS+R0|MS+RS|MSE+R0|MSE+RS,MSE+RS,0.43299922313168115,0.0,0.0,0.0,717.0,3.0,0.4946345953458203,0.0,0.18055555555555555,0.25,585.8333333333333,2.1666666666666665,0.43299922313168115,0.0,1.0,1.0,204.0,0.0,0.3890341265686178,0.0,0.0,1.0,231.0,1.0,0.43299922313168115,0.0,0.0,0.0,717.0,3.0
card_186129b5b5129d33982d,state_a20f337f7e6e030a42ce,sgv31_u04,2,M0+R0|M0+RS,M0+RS,0.7215937546003562,0.0,1.0,0.0,607.0,1.0,0.6107968773001781,0.0,1.0,0.25,506.0,0.75,0.27840624539964376,0.0,1.0,1.0,203.0,0.0,0.27840624539964376,0.0,1.0,1.0,203.0,0.0,0.7215937546003562,0.0,1.0,0.0,607.0,1.0
card_1921c42c45b062e9c478,state_0a2fb5ddb424dd5410cf,sgv31_u14,2,M0+R0|M0+RS|MP+R0|MP+RS|MPMS+R0|MPMS+RS|MS+R0|MS+RS,MPMS+RS,0.6028634001693877,0.5,0.0,0.0,765.0,3.0,0.556638127631284,0.3055555555555556,0.375,0.20833333333333331,611.5555555555555,2.0,0.3937844166142416,0.0,1.0,1.0,207.0,0.0,0.3937844166142416,0.0,1.0,1.0,207.0,0.0,0.6028634001693877,0.5,0.0,0.0,765.0,3.0
card_197346cfef3273087db3,state_83bd9ade815258bdcac9,sgv31_u14,2,M0+R0|M0+RS|MS+R0|MS+RS,M0+RS,0.31268183175793535,0.0,0.5,0.0,592.0,1.0,0.5620007354998271,0.0,0.125,0.25,539.0,1.5,0.5406219418306134,0.0,0.5,1.0,203.0,0.0,0.5406219418306134,0.0,0.5,1.0,203.0,0.0,0.6873181682420647,0.0,0.0,0.0,651.0,2.0
card_1c336776b7b873de3fde,state_61b6107dd24918d647e5,sgv31_u14,2,M0+R0|M0+RS|MS+R0|MS+RS,M0+RS,0.6477291697335709,0.0,1.0,0.0,587.0,1.0,0.5738645848667855,0.0,0.25,0.25,530.25,1.5,0.3522708302664292,0.0,1.0,1.0,198.0,0.0,0.3522708302664292,0.0,1.0,1.0,198.0,0.0,0.6477291697335709,0.0,0.0,0.0,641.0,2.0
card_1d031043354d4ae80708,state_58898af7613ca2ebd942,sgv31_u09,2,M0+R0|M0+RS,M0+RS,0.7215937546003562,0.0,1.0,0.0,639.0,1.0,0.6107968773001781,0.0,1.0,0.25,530.0,0.75,0.27840624539964376,0.0,1.0,1.0,203.0,0.0,0.27840624539964376,0.0,1.0,1.0,203.0,0.0,0.7215937546003562,0.0,1.0,0.0,639.0,1.0
card_1d944ff69aead53b3985,state_83bd9ade815258bdcac9,sgv31_u14,2,M0+R0|M0+RS|MP+R0|MP+RS,M0+RS,0.571928872983399,0.0,1.0,0.0,592.0,1.0,0.5165974149379725,0.09722222222222222,0.2777777777777778,0.25,548.2222222222222,1.4444444444444444,0.5756081986333689,0.0,0.5,1.0,203.0,0.0,0.5756081986333689,0.0,0.5,1.0,203.0,0.0,0.5756081986333689,0.0,0.0,0.0,669.0,2.0
card_1e264f77e6ac6b5d6a34,state_f0c41e06c80a2e1fb9c6,sgv31_u04,2,M0+R0|M0+RS|MS+R0|MS+RS,MS+RS,0.5,0.0,0.0,0.0,715.0,2.0,0.5,0.0,0.25,0.25,587.25,1.5,0.5,0.0,1.0,1.0,204.0,0.0,0.5,0.0,1.0,1.0,204.0,0.0,0.5,0.0,0.0,0.0,715.0,2.0
card_1e50df24c3c866c839e0,state_0a2fb5ddb424dd5410cf,sgv31_u14,2,M0+R0|M0+RS,M0+RS,0.7215937546003562,0.0,1.0,0.0,643.0,1.0,0.6107968773001781,0.0,1.0,0.25,534.0,0.75,0.27840624539964376,0.0,1.0,1.0,207.0,0.0,0.27840624539964376,0.0,1.0,1.0,207.0,0.0,0.7215937546003562,0.0,1.0,0.0,643.0,1.0
card_1e6671c5a9849fa4e173,state_8a533d82e397a797501c,sgv31_u04,2,M0+R0|M0+RS|ME+R0|ME+RS|MS+R0|MS+RS|MSE+R0|MSE+RS,MSE+RS,0.6055675156709525,0.0,0.0,0.0,711.0,3.0,0.552926290922589,0.0,0.2916666666666667,0.25,580.0833333333333,2.1666666666666665,0.39655299462394256,0.0,1.0,1.0,199.0,0.0,0.4050324489607364,0.0,0.5,1.0,225.0,1.0,0.6055675156709525,0.0,0.0,0.0,711.0,3.0
card_1f00358cd3a7bc6a9b44,state_8a533d82e397a797501c,sgv31_u04,2,M0+R0|M0+RS|ME+R0|ME+RS,ME+RS,0.3522708302664292,0.0,0.0,0.0,683.0,2.0,0.4261354151332146,0.1111111111111111,0.0763888888888889,0.25,566.6666666666666,1.5972222222222223,0.6477291697335709,0.0,0.5,1.0,199.0,0.0,0.6477291697335709,0.5,0.0,1.0,247.0,1.0,0.3522708302664292,0.0,0.0,0.0,683.0,2.0
card_2098f6d9459ba70a3616,state_0e4ab7bcb78c9c262944,sgv31_u14,2,M0+R0|M0+RS|ME+R0|ME+RS|MS+R0|MS+RS|MSE+R0|MSE+RS,MS+RS,0.5951440582747789,0.0,0.5,0.0,644.0,2.0,0.5317914328687973,0.0,0.23611111111111108,0.25,560.5833333333334,2.1666666666666665,0.5982131089504276,0.0,1.0,1.0,196.0,0.0,0.3401052167145177,0.0,0.5,1.0,247.0,1.0,0.5961508790201785,0.0,0.0,0.0,686.0,3.0
card_21323d8d8e690f1db7dc,state_40a48eba4f1fe0037711,sgv31_u09,2,M0+R0|M0+RS|ME+R0|ME+RS|MS+R0|MS+RS|MSE+R0|MSE+RS,MSE+RS,0.4130533991952866,0.0,0.0,0.0,727.0,3.0,0.4713752957692354,0.0,0.20833333333333331,0.25,593.5833333333333,2.1666666666666665,0.4556003785311373,0.0,0.5,1.0,203.0,0.0,0.6957133848113012,0.0,0.5,1.0,231.0,1.0,0.4130533991952866,0.0,0.0,0.0,727.0,3.0
card_21c4e092716a2d4d572e,state_b4a416d11e99b04df64f,sgv31_u09,2,M0+R0|M0+RS|MS+R0|MS+RS,M0+RS,0.6477291697335709,0.0,0.5,0.0,591.0,1.0,0.5738645848667855,0.0,0.125,0.25,533.5,1.5,0.3522708302664292,0.0,0.5,1.0,202.0,0.0,0.3522708302664292,0.0,0.5,1.0,202.0,0.0,0.6477291697335709,0.0,0.0,0.0,644.0,2.0
card_21da01034b5cc64e7d43,state_40a48eba4f1fe0037711,sgv31_u09,2,M0+R0|M0+RS|MP+R0|MP+RS,MP+RS,0.5,0.5,0.0,0.0,724.0,2.0,0.5084312883663966,0.25,0.3055555555555556,0.25,589.9166666666666,1.4444444444444444,0.5,0.0,1.0,1.0,203.0,0.0,0.5,0.0,1.0,1.0,203.0,0.0,0.5,0.5,0.0,0.0,724.0,2.0
card_245d63376c3e4d2c34a8,state_8e10d7d94b915a0debeb,sgv31_u14,2,M0+R0|M0+RS|ME+R0|ME+RS|MS+R0|MS+RS|MSE+R0|MSE+RS,MSE+RS,0.48861623710619545,0.5,0.0,0.0,710.0,3.0,0.5091077968792816,0.2638888888888889,0.23611111111111108,0.25,581.25,2.1666666666666665,0.31786146183535985,0.0,1.0,1.0,205.0,0.0,0.6642299084324115,0.0,0.5,1.0,229.0,1.0,0.48861623710619545,0.5,0.0,0.0,710.0,3.0
card_248eb93ee366fed0d45e,state_f0c41e06c80a2e1fb9c6,sgv31_u04,2,M0+R0|M0+RS|MP+R0|MP+RS,MP+RS,0.5756081986333689,0.0,0.0,0.0,727.0,2.0,0.5002044069805538,0.09722222222222222,0.3055555555555556,0.25,592.3055555555555,1.4444444444444444,0.5756081986333689,0.0,1.0,1.0,204.0,0.0,0.5756081986333689,0.0,1.0,1.0,204.0,0.0,0.5756081986333689,0.0,0.0,0.0,727.0,2.0
card_24a34cdde32a479ae95d,state_4b0fb819f058d71fda0d,sgv31_u09,2,M0+R0|M0+RS|ME+R0|ME+RS|MP+R0|MP+RS|MPE+R0|MPE+RS|MPMS+R0|MPMS+RS|MPMSME+R0|MPMSME+RS|MS+R0|MS+RS|MSE+R0|MSE+RS,MSE+RS,0.5081637325777575,0.0,0.5,0.0,689.0,3.0,0.5090428460293226,0.08333333333333333,0.47222222222222227,0.25,579.8611111111111,2.333333333333333,0.3951913507696318,0.0,1.0,0.5,201.0,0.0,0.5272624015062881,0.0,0.5,1.0,250.0,1.0,0.4776144506886152,0.5,0.0,0.0,749.0,4.0
card_24b1b0a69b193a005ad1,state_83bd9ade815258bdcac9,sgv31_u14,2,M0+R0|M0+RS|ME+R0|ME+RS|MS+R0|MS+RS|MSE+R0|MSE+RS,M0+RS,0.36810278150791126,0.0,1.0,0.0,592.0,1.0,0.4838352354631124,0.0,0.2638888888888889,0.25,547.3333333333333,2.1666666666666665,0.5672060479644051,0.0,0.5,1.0,203.0,0.0,0.511077056130919,0.0,0.5,1.0,227.0,1.0,0.432251112423261,0.0,0.0,0.0,666.0,3.0
card_2518a02fe4711b6448dc,state_e9cf7c3fd212f8a22767,sgv31_u09,2,M0+R0|M0+RS|MP+R0|MP+RS,MP+R0,0.5379950269774428,0.0,0.0,1.0,221.0,1.0,0.4656954683077219,0.0,0.3055555555555556,0.25,531.2222222222222,1.4444444444444444,0.6167168348814488,0.0,1.0,1.0,198.0,0.0,0.6167168348814488,0.0,1.0,1.0,198.0,0.0,0.4620049730225572,0.0,0.0,0.0,644.0,2.0
card_25904aeb821deab489e2,state_8e10d7d94b915a0debeb,sgv31_u14,2,M0+R0|M0+RS|MP+R0|MP+RS,MP+RS,0.771205679933669,0.5,0.0,0.0,718.0,2.0,0.6205358577482973,0.3472222222222222,0.2777777777777778,0.25,585.4722222222222,1.4444444444444444,0.22879432006633116,0.0,0.5,1.0,205.0,0.0,0.22879432006633116,0.0,0.5,1.0,205.0,0.0,0.771205679933669,0.5,0.0,0.0,718.0,2.0
card_2618cb7a14071073bbbb,state_61b6107dd24918d647e5,sgv31_u14,2,M0+R0|M0+RS|ME+R0|ME+RS|MP+R0|MP+RS|MPE+R0|MPE+RS|MPMS+R0|MPMS+RS|MPMSME+R0|MPMSME+RS|MS+R0|MS+RS|MSE+R0|MSE+RS,M0+RS,0.6928991382469369,0.0,0.5,0.0,587.0,1.0,0.5244878744485378,0.3055555555555555,0.4861111111111111,0.25,565.4444444444445,2.333333333333333,0.5350700623175818,0.0,1.0,1.0,198.0,0.0,0.403776005507235,0.0,0.5,1.0,224.0,1.0,0.5745125518564261,0.5,0.0,0.0,726.0,4.0
card_262bfc2815901902a513,state_0e4ab7bcb78c9c262944,sgv31_u14,2,M0+R0|M0+RS,M0+RS,0.7215937546003562,0.0,1.0,0.0,585.0,1.0,0.6107968773001781,0.0,1.0,0.25,487.75,0.75,0.27840624539964376,0.0,1.0,1.0,196.0,0.0,0.27840624539964376,0.0,1.0,1.0,196.0,0.0,0.7215937546003562,0.0,1.0,0.0,585.0,1.0
card_266887e65ddbe17a7957,state_3f69ac7c947eb0be89eb,sgv31_u04,2,M0+R0|M0+RS,M0+RS,0.7215937546003562,0.0,1.0,0.0,591.0,1.0,0.6107968773001781,0.0,1.0,0.25,493.75,0.75,0.27840624539964376,0.0,1.0,1.0,202.0,0.0,0.27840624539964376,0.0,1.0,1.0,202.0,0.0,0.7215937546003562,0.0,1.0,0.0,591.0,1.0
card_26bdeca266cc5a9dbb07,state_07daf4369b266b71570f,sgv31_u04,2,M0+R0|M0+RS|MP+R0|MP+RS,MP+RS,0.5379950269774428,0.5,0.0,0.0,711.0,2.0,0.5343045316922781,0.25,0.3055555555555556,0.25,580.3055555555555,1.4444444444444444,0.38328316511855115,0.0,1.0,1.0,204.0,0.0,0.38328316511855115,0.0,1.0,1.0,204.0,0.0,0.5379950269774428,0.5,0.0,0.0,711.0,2.0
card_26da9d7994faed2b2db7,state_fc1f23796b989791b90f,sgv31_u09,2,M0+R0|M0+RS|MP+R0|MP+RS,M0+RS,0.723145270250137,0.0,0.5,0.0,590.0,1.0,0.4997955930194461,0.0,0.18055555555555555,0.25,540.6666666666666,1.4444444444444444,0.42439180136663107,0.0,1.0,1.0,201.0,0.0,0.42439180136663107,0.0,1.0,1.0,201.0,0.0,0.42439180136663107,0.0,0.0,0.0,659.0,2.0
card_27b3e552a050efde28de,state_8a533d82e397a797501c,sgv31_u04,2,M0+R0|M0+RS|ME+R0|ME+RS,ME+RS,0.42439180136663107,0.0,0.0,0.0,661.0,2.0,0.46255361289928487,0.0,0.1388888888888889,0.25,548.0277777777778,1.5972222222222223,0.42439180136663107,0.0,0.5,1.0,199.0,0.0,0.42807112701660105,0.0,0.0,1.0,225.0,1.0,0.42439180136663107,0.0,0.0,0.0,661.0,2.0
card_27d0505015d5b74bfd5c,state_3af27640cf98f104236f,sgv31_u04,2,M0+R0|M0+RS|ME+R0|ME+RS,ME+R0,0.7165554542797429,0.0,0.0,0.5,216.0,1.0,0.40577291282508005,0.0,0.1527777777777778,0.1388888888888889,538.875,1.5972222222222223,0.5720345860688135,0.0,1.0,1.0,189.0,0.0,0.7165554542797429,0.0,0.0,0.5,216.0,1.0,0.2834445457202571,0.0,0.0,0.0,652.0,2.0
card_2830824c1b29867fa7d0,state_3af27640cf98f104236f,sgv31_u04,2,M0+R0|M0+RS,M0+R0,0.7215937546003562,0.0,1.0,1.0,189.0,0.0,0.3892031226998219,0.0,1.0,0.25,516.0,0.75,0.7215937546003562,0.0,1.0,1.0,189.0,0.0,0.7215937546003562,0.0,1.0,1.0,189.0,0.0,0.27840624539964376,0.0,1.0,0.0,625.0,1.0
card_28fa7bfef6eb0336b87d,state_03db34c217f0f4dcbf3b,sgv31_u14,2,M0+R0|M0+RS|ME+R0|ME+RS|MP+R0|MP+RS|MPE+R0|MPE+RS,MP+R0,0.4553002739427599,0.0,0.0,1.0,222.0,1.0,0.5116373868298558,0.0,0.05555555555555555,0.19444444444444445,559.9166666666666,2.0,0.4895045112985737,0.0,1.0,1.0,195.0,0.0,0.4676045613658237,0.0,0.0,1.0,246.0,1.0,0.44361799306096633,0.0,0.0,0.0,687.0,3.0
card_2c200ba17a13389c6d7f,state_21451b495484048dca78,sgv31_u14,2,M0+R0|M0+RS|ME+R0|ME+RS|MP+R0|MP+RS|MPE+R0|MPE+RS,ME+RS,0.5894343199255478,0.0,0.5,0.0,628.0,2.0,0.5160888204220635,0.2222222222222222,0.25,0.2361111111111111,560.8333333333334,2.0,0.5108515232854762,0.0,1.0,1.0,205.0,0.0,0.5461466251606586,0.0,0.5,1.0,231.0,1.0,0.5567713901261715,0.5,0.0,0.0,696.0,3.0
card_2c39288ddb9abb7912b8,state_03db34c217f0f4dcbf3b,sgv31_u14,2,M0+R0|M0+RS,M0+R0,0.27840624539964376,0.0,1.0,1.0,195.0,0.0,0.6107968773001781,0.0,1.0,0.25,512.25,0.75,0.27840624539964376,0.0,1.0,1.0,195.0,0.0,0.27840624539964376,0.0,1.0,1.0,195.0,0.0,0.7215937546003562,0.0,1.0,0.0,618.0,1.0
card_2cdac7fe3434184f9835,state_03db34c217f0f4dcbf3b,sgv31_u14,2,M0+R0|M0+RS|MP+R0|MP+RS|MPMS+R0|MPMS+RS|MS+R0|MS+RS,MP+R0,0.46323487815569325,0.0,0.0,1.0,222.0,1.0,0.4647468065513302,0.0,0.19444444444444442,0.2222222222222222,562.4444444444445,2.0,0.6855542896802811,0.0,1.0,1.0,195.0,0.0,0.6855542896802811,0.0,1.0,1.0,195.0,0.0,0.43590393553973616,0.0,0.0,0.0,695.0,3.0
card_2fce55da0e87793d28ba,state_61b6107dd24918d647e5,sgv31_u14,2,M0+R0|M0+RS|ME+R0|ME+RS|MP+R0|MP+RS|MPE+R0|MPE+RS,M0+RS,0.6212497936430968,0.0,0.5,0.0,587.0,1.0,0.48800945212325614,0.2638888888888889,0.3333333333333333,0.25,547.8333333333333,2.0,0.44383871731348,0.0,0.5,1.0,198.0,0.0,0.49013793513146764,0.0,0.5,1.0,224.0,1.0,0.6212497936430968,0.5,0.0,0.0,681.0,3.0
card_2fd8932790daebf3c6bf,state_a20f337f7e6e030a42ce,sgv31_u04,2,M0+R0|M0+RS|ME+R0|ME+RS|MS+R0|MS+RS|MSE+R0|MSE+RS,ME+RS,0.5437836099475054,0.0,0.5,0.0,633.0,2.0,0.5474322835309773,0.0,0.19444444444444445,0.25,560.0833333333334,2.1666666666666665,0.38973602845705674,0.0,0.5,1.0,203.0,0.0,0.45634611789237606,0.0,0.0,1.0,229.0,1.0,0.6103773037964686,0.0,0.0,0.0,683.0,3.0
card_305cd601b52aa91d3692,state_c86d3fb30dea38b154c9,sgv31_u14,2,M0+R0|M0+RS|MP+R0|MP+RS|MPMS+R0|MPMS+RS|MS+R0|MS+RS,MS+R0,0.6339252710776065,0.0,0.0,0.5,254.0,1.0,0.4012903894018837,0.2222222222222222,0.33333333333333326,0.1388888888888889,607.25,2.0,0.6232318977168997,0.0,1.0,1.0,195.0,0.0,0.6232318977168997,0.0,1.0,1.0,195.0,0.0,0.2576651209795093,0.5,0.0,0.0,764.0,3.0
card_36e3db385a499bafbf7f,state_859240b42f10416cb530,sgv31_u09,2,M0+R0|M0+RS|ME+R0|ME+RS|MP+R0|MP+RS|MPE+R0|MPE+RS|MPMS+R0|MPMS+RS|MPMSME+R0|MPMSME+RS|MS+R0|MS+RS|MSE+R0|MSE+RS,MS+RS,0.38568039372995827,0.0,0.5,0.0,692.0,2.0,0.5071038453184904,0.2638888888888889,0.125,0.2361111111111111,611.1111111111111,2.333333333333333,0.5485936368605314,0.0,1.0,1.0,197.0,0.0,0.49362387133253743,0.0,0.0,0.5,246.0,1.0,0.6653715333766678,0.5,0.0,0.0,792.0,4.0
card_37140639fbbe39019dbd,state_dc14ccf32630197cb5b1,sgv31_u09,2,M0+R0|M0+RS|ME+R0|ME+RS|MP+R0|MP+RS|MPE+R0|MPE+RS|MPMS+R0|MPMS+RS|MPMSME+R0|MPMSME+RS|MS+R0|MS+RS|MSE+R0|MSE+RS,MSE+RS,0.6483566528274319,0.5,0.5,0.0,702.0,3.0,0.5186905690894618,0.3055555555555555,0.4305555555555556,0.25,591.9444444444445,2.333333333333333,0.2971009147965712,0.0,0.5,0.5,205.0,0.0,0.48055836914544175,0.0,0.5,1.0,254.0,1.0,0.4509874382137146,0.5,0.0,0.0,762.0,4.0
card_38804cc1becea570b957,state_5ae0a2fbca808545aea7,sgv31_u09,2,M0+R0|M0+RS|ME+R0|ME+RS|MP+R0|MP+RS|MPE+R0|MPE+RS|MPMS+R0|MPMS+RS|MPMSME+R0|MPMSME+RS|MS+R0|MS+RS|MSE+R0|MSE+RS,ME+RS,0.5430528671845544,0.0,0.5,0.0,614.0,2.0,0.4798713231547211,0.25,0.4722222222222222,0.25,561.4722222222222,2.333333333333333,0.46981677831062396,0.0,0.5,1.0,198.0,0.0,0.38745369400248675,0.0,0.5,1.0,225.0,1.0,0.49026173850452076,0.5,0.0,0.5,718.0,4.0
card_38ffb5058d5846515a75,state_61b6107dd24918d647e5,sgv31_u14,2,M0+R0|M0+RS,M0+RS,0.7215937546003562,0.0,1.0,0.0,587.0,1.0,0.6107968773001781,0.0,1.0,0.25,489.75,0.75,0.27840624539964376,0.0,1.0,1.0,198.0,0.0,0.27840624539964376,0.0,1.0,1.0,198.0,0.0,0.7215937546003562,0.0,1.0,0.0,587.0,1.0
card_3951443ab0d4f9758a5e,state_dc14ccf32630197cb5b1,sgv31_u09,2,M0+R0|M0+RS|MP+R0|MP+RS,MP+RS,0.6167168348814488,0.5,0.0,0.0,678.0,2.0,0.5430513992371677,0.3472222222222222,0.3055555555555556,0.1527777777777778,555.9166666666666,1.4444444444444444,0.4620049730225572,0.0,1.0,1.0,205.0,0.0,0.4620049730225572,0.0,1.0,1.0,205.0,0.0,0.6167168348814488,0.5,0.0,0.0,678.0,2.0
card_395f9e87e39758643395,state_1d8fc8ca2ea288d86bd9,sgv31_u04,2,M0+R0|M0+RS|MS+R0|MS+RS,M0+RS,0.723145270250137,0.0,0.5,0.0,597.0,1.0,0.4831981780814736,0.0,0.125,0.1527777777777778,542.5,1.5,0.42439180136663107,0.0,0.5,1.0,202.0,0.0,0.42439180136663107,0.0,0.5,1.0,202.0,0.0,0.42439180136663107,0.0,0.0,0.0,656.0,2.0
card_3a28bc916fe8e56f6ab6,state_e17d45ecc84571b8c3fd,sgv31_u09,2,M0+R0|M0+RS|ME+R0|ME+RS|MP+R0|MP+RS|MPE+R0|MPE+RS,MPE+R0,0.5,0.0,0.0,1.0,304.0,2.0,0.5,0.0,0.2222222222222222,0.19444444444444442,594.6111111111111,2.0,0.5,0.0,1.0,1.0,195.0,0.0,0.5,0.0,0.5,0.5,244.0,1.0,0.5,0.0,0.0,0.0,744.0,3.0
card_3b276794526d9dad711b,state_9a2fa510ac695aa608c7,sgv31_u09,2,M0+R0|M0+RS|ME+R0|ME+RS,ME+RS,0.7490563557512552,0.5,0.0,0.0,698.0,2.0,0.6312578101280102,0.3125,0.1388888888888889,0.25,580.5138888888889,1.5972222222222223,0.32181473298506635,0.0,0.5,1.0,209.0,0.0,0.3910338075810027,0.0,0.0,1.0,258.0,1.0,0.7490563557512552,0.5,0.0,0.0,698.0,2.0
card_3b81eed3d1c7ff66e779,state_b4a416d11e99b04df64f,sgv31_u09,2,M0+R0|M0+RS|ME+R0|ME+RS,ME+RS,0.3910338075810027,0.0,0.0,0.0,618.0,2.0,0.42448964552823376,0.0,0.1388888888888889,0.25,516.625,1.5972222222222223,0.5380951036826757,0.0,0.5,1.0,202.0,0.0,0.3218147329850663,0.0,0.0,1.0,229.0,1.0,0.3910338075810027,0.0,0.0,0.0,618.0,2.0
card_3b9fddee7d677d978853,state_fc1f23796b989791b90f,sgv31_u09,2,M0+R0|M0+RS,M0+RS,0.5,0.0,1.0,0.0,590.0,1.0,0.5,0.0,1.0,0.25,492.75,0.75,0.5,0.0,1.0,1.0,201.0,0.0,0.5,0.0,1.0,1.0,201.0,0.0,0.5,0.0,1.0,0.0,590.0,1.0
card_3e09fdc80250983cc7db,state_0a2fb5ddb424dd5410cf,sgv31_u14,2,M0+R0|M0+RS|ME+R0|ME+RS,ME+RS,0.6477291697335709,0.0,0.0,0.0,694.0,2.0,0.6025897012038687,0.0,0.1388888888888889,0.25,577.2083333333333,1.5972222222222223,0.3522708302664292,0.0,0.5,1.0,207.0,0.0,0.6477291697335709,0.0,0.0,1.0,258.0,1.0,0.6477291697335709,0.0,0.0,0.0,694.0,2.0
card_3f5b7dc60b3b5cbf2a0a,state_58898af7613ca2ebd942,sgv31_u09,2,M0+R0|M0+RS|MS+R0|MS+RS,MS+RS,0.5,0.0,0.0,0.0,692.0,2.0,0.5,0.0,0.125,0.25,569.75,1.5,0.5,0.0,0.5,1.0,203.0,0.0,0.5,0.0,0.5,1.0,203.0,0.0,0.5,0.0,0.0,0.0,692.0,2.0
card_3f691bced889c12247ab,state_e91685d10200ec724649,sgv31_u14,2,M0+R0|M0+RS|ME+R0|ME+RS,ME+RS,0.7490563557512552,0.0,0.0,0.0,660.0,2.0,0.6312578101280102,0.0,0.1527777777777778,0.25,547.3333333333333,1.5972222222222223,0.32181473298506635,0.0,1.0,1.0,200.0,0.0,0.3910338075810027,0.0,0.0,1.0,224.0,1.0,0.7490563557512552,0.0,0.0,0.0,660.0,2.0
card_402d60f0377fe6b8d51b,state_8e10d7d94b915a0debeb,sgv31_u14,2,M0+R0|M0+RS|MS+R0|MS+RS,MS+RS,0.571928872983399,0.0,0.0,0.0,695.0,2.0,0.5569667138898575,0.0,0.125,0.25,572.5,1.5,0.27685472974986314,0.0,0.5,1.0,205.0,0.0,0.27685472974986314,0.0,0.5,1.0,205.0,0.0,0.571928872983399,0.0,0.0,0.0,695.0,2.0
card_402ea844c80f7bb76f0b,state_5ae0a2fbca808545aea7,sgv31_u09,2,M0+R0|M0+RS|ME+R0|ME+RS|MP+R0|MP+RS|MPE+R0|MPE+RS,ME+RS,0.4669203065542161,0.0,0.5,0.0,614.0,2.0,0.4932945055466224,0.1527777777777778,0.3472222222222222,0.25,544.0833333333334,2.0,0.5465043959015153,0.0,0.5,1.0,198.0,0.0,0.4647357396699539,0.0,0.5,1.0,225.0,1.0,0.5897130107337151,0.5,0.0,0.0,674.0,3.0
card_40dba2fb3d9abd6a8e03,state_dc14ccf32630197cb5b1,sgv31_u09,2,M0+R0|M0+RS,M0+RS,0.7215937546003562,0.0,1.0,0.0,609.0,1.0,0.6107968773001781,0.0,1.0,0.25,508.0,0.75,0.27840624539964376,0.0,1.0,1.0,205.0,0.0,0.27840624539964376,0.0,1.0,1.0,205.0,0.0,0.7215937546003562,0.0,1.0,0.0,609.0,1.0
card_43e04741a15538d72094,state_9a2fa510ac695aa608c7,sgv31_u09,2,M0+R0|M0+RS|ME+R0|ME+RS|MS+R0|MS+RS|MSE+R0|MSE+RS,MSE+RS,0.40178689104957244,0.0,0.0,0.0,721.0,3.0,0.48860254145695414,0.0,0.23611111111111108,0.25,590.5833333333334,2.1666666666666665,0.4038491209798214,0.0,0.5,1.0,209.0,0.0,0.40485594172522116,0.0,0.5,1.0,237.0,1.0,0.40178689104957244,0.0,0.0,0.0,721.0,3.0
card_44f9d43a703ed812f10d,state_e91685d10200ec724649,sgv31_u14,2,M0+R0|M0+RS|ME+R0|ME+RS,ME+RS,0.6477291697335709,0.0,0.0,0.0,662.0,2.0,0.5738645848667854,0.0,0.1527777777777778,0.25,549.0277777777778,1.5972222222222223,0.3522708302664292,0.0,1.0,1.0,200.0,0.0,0.3522708302664292,0.0,0.0,1.0,226.0,1.0,0.6477291697335709,0.0,0.0,0.0,662.0,2.0
card_4588cc9ffa5e5ad2c207,state_4bda41ca102dc08f46c7,sgv31_u09,2,M0+R0|M0+RS|ME+R0|ME+RS|MP+R0|MP+RS|MPE+R0|MPE+RS,MP+RS,0.6306544952741169,0.5,0.5,0.0,705.0,2.0,0.48281657020950436,0.2777777777777778,0.3333333333333333,0.25,597.6111111111111,2.0,0.5550018419997407,0.0,1.0,1.0,204.0,0.0,0.2964727955885326,0.0,0.5,1.0,253.0,1.0,0.5100086287902015,0.5,0.0,0.0,745.0,3.0
card_45f0bb76c84971004bcd,state_f0c41e06c80a2e1fb9c6,sgv31_u04,2,M0+R0|M0+RS,M0+RS,0.7215937546003562,0.0,1.0,0.0,656.0,1.0,0.6107968773001781,0.0,1.0,0.25,543.0,0.75,0.27840624539964376,0.0,1.0,1.0,204.0,0.0,0.27840624539964376,0.0,1.0,1.0,204.0,0.0,0.7215937546003562,0.0,1.0,0.0,656.0,1.0
card_48b93af61caf8d0c139a,state_3f69ac7c947eb0be89eb,sgv31_u04,2,M0+R0|M0+RS|MS+R0|MS+RS,MS+RS,0.45937805816938654,0.0,0.0,0.0,650.0,2.0,0.5113473777058986,0.0,0.25,0.25,538.0,1.5,0.3126818317579353,0.0,1.0,1.0,202.0,0.0,0.3126818317579353,0.0,1.0,1.0,202.0,0.0,0.45937805816938654,0.0,0.0,0.0,650.0,2.0
card_496d7e465cf64fc65f90,state_b491459b9b819e0d5ee1,sgv31_u14,2,M0+R0|M0+RS|ME+R0|ME+RS|MP+R0|MP+RS|MPE+R0|MPE+RS|MPMS+R0|MPMS+RS|MPMSME+R0|MPMSME+RS|MS+R0|MS+RS|MSE+R0|MSE+RS,MPMS+RS,0.6692011281415221,0.5,0.0,0.0,762.0,3.0,0.5713149296562781,0.25,0.2777777777777778,0.25,606.6944444444443,2.333333333333333,0.5159578629297346,0.0,1.0,1.0,204.0,0.0,0.4813235610527975,0.0,0.5,1.0,230.0,1.0,0.47409649065441445,0.5,0.0,0.0,779.0,4.0
card_497cf356911a1efcab79,state_7d71e037394fc11eac5b,sgv31_u04,2,M0+R0|M0+RS,M0+RS,0.7215937546003562,0.0,1.0,0.0,614.0,1.0,0.6107968773001781,0.0,1.0,0.25,508.25,0.75,0.27840624539964376,0.0,1.0,1.0,191.0,0.0,0.27840624539964376,0.0,1.0,1.0,191.0,0.0,0.7215937546003562,0.0,1.0,0.0,614.0,1.0
card_4c23549a8a72c485f8f4,state_74c0cb33db3ea38ef4e6,sgv31_u14,2,M0+R0|M0+RS|ME+R0|ME+RS|MS+R0|MS+RS|MSE+R0|MSE+RS,ME+R0,0.6441984876426254,0.0,0.5,1.0,256.0,1.0,0.5601443937728465,0.0,0.23611111111111108,0.5555555555555556,569.5833333333334,2.1666666666666665,0.49134212067042576,0.0,0.5,1.0,205.0,0.0,0.6441984876426254,0.0,0.5,1.0,256.0,1.0,0.7030205944761686,0.0,0.0,0.5,695.0,3.0
card_4f58f90fedee80e6f30a,state_dc14ccf32630197cb5b1,sgv31_u09,2,M0+R0|M0+RS|MS+R0|MS+RS,MS+RS,0.45937805816938654,0.0,0.0,0.0,662.0,2.0,0.5113473777058986,0.0,0.125,0.25,547.75,1.5,0.3126818317579353,0.0,0.5,1.0,205.0,0.0,0.3126818317579353,0.0,0.5,1.0,205.0,0.0,0.45937805816938654,0.0,0.0,0.0,662.0,2.0
card_51c59d6a4ef3ebd3092b,state_3af27640cf98f104236f,sgv31_u04,2,M0+R0|M0+RS|ME+R0|ME+RS|MP+R0|MP+RS|MPE+R0|MPE+RS,ME+R0,0.5752916088378529,0.0,0.0,1.0,237.0,1.0,0.4756968383985819,0.0,0.05555555555555555,0.25,559.9166666666666,2.0,0.5661362126543231,0.0,1.0,1.0,189.0,0.0,0.5752916088378529,0.0,0.0,1.0,237.0,1.0,0.6904903692593846,0.0,0.0,0.0,688.0,3.0
card_52d4440990b3c1ea9d43,state_7d71e037394fc11eac5b,sgv31_u04,2,M0+R0|M0+RS|MS+R0|MS+RS,MS+RS,0.6477291697335709,0.0,0.0,0.0,673.0,2.0,0.5738645848667855,0.0,0.125,0.25,552.5,1.5,0.3522708302664292,0.0,0.5,1.0,191.0,0.0,0.3522708302664292,0.0,0.5,1.0,191.0,0.0,0.6477291697335709,0.0,0.0,0.0,673.0,2.0
card_54fd39ab9a4a53148678,state_12bb607e886020ff0ead,sgv31_u14,2,M0+R0|M0+RS|MS+R0|MS+RS,MS+R0,0.5406219418306134,0.0,0.0,1.0,254.0,1.0,0.5113473777058986,0.0,0.25,0.25,566.25,1.5,0.3126818317579353,0.0,1.0,1.0,195.0,0.0,0.3126818317579353,0.0,1.0,1.0,195.0,0.0,0.45937805816938654,0.0,0.0,0.0,690.0,2.0
card_55c6de1fabfdf1004dde,state_55c11f18b9078c2a9ee3,sgv31_u04,2,M0+R0|M0+RS|ME+R0|ME+RS,ME+RS,0.771205679933669,0.0,0.0,0.0,617.0,2.0,0.6619700588492745,0.0,0.0763888888888889,0.25,515.7777777777778,1.5972222222222223,0.22879432006633116,0.0,0.5,1.0,202.0,0.0,0.5,0.0,0.0,1.0,228.0,1.0,0.771205679933669,0.0,0.0,0.0,617.0,2.0
card_561a1e3d99c1d15cb5d5,state_55c11f18b9078c2a9ee3,sgv31_u04,2,M0+R0|M0+RS|ME+R0|ME+RS|MP+R0|MP+RS|MPE+R0|MPE+RS|MPMS+R0|MPMS+RS|MPMSME+R0|MPMSME+RS|MS+R0|MS+RS|MSE+R0|MSE+RS,ME+RS,0.643182537316428,0.0,0.5,0.0,615.0,2.0,0.561575206854793,0.3472222222222222,0.20833333333333334,0.25,567.9722222222222,2.333333333333333,0.3375485303558326,0.0,1.0,1.0,202.0,0.0,0.5504174084786186,0.0,0.5,1.0,226.0,1.0,0.6286606678592392,0.5,0.0,0.0,727.0,4.0
card_57748a2de1455845cf60,state_e91685d10200ec724649,sgv31_u14,2,M0+R0|M0+RS|ME+R0|ME+RS|MP+R0|MP+RS|MPE+R0|MPE+RS|MPMS+R0|MPMS+RS|MPMSME+R0|MPMSME+RS|MS+R0|MS+RS|MSE+R0|MSE+RS,MPMS+RS,0.6884130168764447,0.5,0.5,0.0,758.0,3.0,0.5310827337368144,0.25,0.41666666666666663,0.25,602.6944444444445,2.333333333333333,0.335055884733093,0.0,0.5,1.0,200.0,0.0,0.359473317555411,0.0,0.5,1.0,226.0,1.0,0.6602456966611475,0.5,0.0,0.0,775.0,4.0
card_57cfdd24124567b5bcd3,state_83bd9ade815258bdcac9,sgv31_u14,2,M0+R0|M0+RS|ME+R0|ME+RS|MP+R0|MP+RS|MPE+R0|MPE+RS,M0+RS,0.6194074917600384,0.0,1.0,0.0,592.0,1.0,0.47436978765239507,0.125,0.2638888888888889,0.25,552.8333333333334,2.0,0.508176206506098,0.0,0.5,1.0,203.0,0.0,0.652551268925973,0.0,0.5,1.0,229.0,1.0,0.5572137723060132,0.0,0.0,0.0,686.0,3.0
card_58e1c4f9d448a3f5b82b,state_7d71e037394fc11eac5b,sgv31_u04,2,M0+R0|M0+RS|ME+R0|ME+RS|MP+R0|MP+RS|MPE+R0|MPE+RS,MP+RS,0.6823844566600563,0.0,0.5,0.0,685.0,2.0,0.5269375060263259,0.013888888888888888,0.3472222222222222,0.19444444444444445,578.2777777777778,2.0,0.3655716326777509,0.0,0.5,1.0,191.0,0.0,0.22520582322104601,0.0,0.5,1.0,239.0,1.0,0.6909991874495939,0.0,0.0,0.0,724.0,3.0
card_5a715bb251434d7af863,state_e91685d10200ec724649,sgv31_u14,2,M0+R0|M0+RS|MP+R0|MP+RS,MP+RS,0.5720345860688135,0.5,0.0,0.0,713.0,2.0,0.5641185729643097,0.3472222222222222,0.3055555555555556,0.25,580.4722222222222,1.4444444444444444,0.28344454572025707,0.0,1.0,1.0,200.0,0.0,0.28344454572025707,0.0,1.0,1.0,200.0,0.0,0.5720345860688135,0.5,0.0,0.0,713.0,2.0
card_5ac11de2c73073d8aea4,state_8a533d82e397a797501c,sgv31_u04,2,M0+R0|M0+RS|ME+R0|ME+RS|MP+R0|MP+RS|MPE+R0|MPE+RS|MPMS+R0|MPMS+RS|MPMSME+R0|MPMSME+RS|MS+R0|MS+RS|MSE+R0|MSE+RS,MPE+RS,0.47977445352185216,0.5,0.5,0.0,745.0,3.0,0.5498511779696027,0.29166666666666663,0.513888888888889,0.25,613.5555555555555,2.333333333333333,0.31367703433059363,0.0,0.5,1.0,199.0,0.0,0.4983028428443328,0.0,0.5,1.0,247.0,1.0,0.5753875137491273,0.0,0.0,0.0,795.0,4.0
card_5d3e6c7c2a94549b3d99,state_7d71e037394fc11eac5b,sgv31_u04,2,M0+R0|M0+RS|ME+R0|ME+RS,M0+RS,0.6167168348814488,0.0,0.5,0.0,614.0,1.0,0.5266510225904998,0.0,0.0763888888888889,0.2361111111111111,548.9166666666666,1.5972222222222223,0.38328316511855115,0.0,0.5,0.5,191.0,0.0,0.4620049730225572,0.0,0.0,1.0,239.0,1.0,0.5379950269774428,0.0,0.0,0.0,662.0,2.0
card_5df5bda0bd409bc3d99a,state_0a2fb5ddb424dd5410cf,sgv31_u14,2,M0+R0|M0+RS|MP+R0|MP+RS,MP+RS,0.571928872983399,0.5,0.0,0.0,720.0,2.0,0.5571711208704113,0.3472222222222222,0.1527777777777778,0.25,587.4722222222222,1.4444444444444444,0.27685472974986314,0.0,0.5,1.0,207.0,0.0,0.27685472974986314,0.0,0.5,1.0,207.0,0.0,0.571928872983399,0.5,0.0,0.0,720.0,2.0
card_5e30874c6310a539b9d2,state_7d71e037394fc11eac5b,sgv31_u04,2,M0+R0|M0+RS|ME+R0|ME+RS|MP+R0|MP+RS|MPE+R0|MPE+RS|MPMS+R0|MPMS+RS|MPMSME+R0|MPMSME+RS|MS+R0|MS+RS|MSE+R0|MSE+RS,MPMS+RS,0.5823263540073659,0.5,0.5,0.0,735.0,3.0,0.48594323948606577,0.20833333333333334,0.4861111111111111,0.2361111111111111,595.8055555555555,2.333333333333333,0.26067091091771727,0.0,1.0,1.0,191.0,0.0,0.5281238496715529,0.0,0.5,0.5,239.0,1.0,0.6660685400773179,0.5,0.0,0.0,774.0,4.0
card_5f2f4a792644d6317655,state_12bb607e886020ff0ead,sgv31_u14,2,M0+R0|M0+RS|ME+R0|ME+RS|MP+R0|MP+RS|MPE+R0|MPE+RS|MPMS+R0|MPMS+RS|MPMSME+R0|MPMSME+RS|MS+R0|MS+RS|MSE+R0|MSE+RS,MPE+R0,0.6508293717072884,0.5,0.5,1.0,314.0,2.0,0.5231126875529778,0.2222222222222222,0.513888888888889,0.25,614.2222222222222,2.333333333333333,0.4745276046505148,0.0,1.0,1.0,195.0,0.0,0.549976112230805,0.0,0.5,1.0,246.0,1.0,0.35770549271114205,0.5,0.0,0.0,800.0,4.0
card_5f7883160c265fe82314,state_bdca174f3b0e6f349104,sgv31_u04,2,M0+R0|M0+RS|ME+R0|ME+RS|MS+R0|MS+RS|MSE+R0|MSE+RS,MS+R0,0.39841551344830023,0.0,0.0,1.0,258.0,1.0,0.5075577160876577,0.0,0.20833333333333331,0.25,544.8333333333334,2.1666666666666665,0.5021783786999617,0.0,0.5,1.0,199.0,0.0,0.46545263398149245,0.0,0.5,1.0,225.0,1.0,0.4978216213000383,0.0,0.0,0.0,664.0,3.0
card_6122aa1adb6486ba9456,state_40a48eba4f1fe0037711,sgv31_u09,2,M0+R0|M0+RS|ME+R0|ME+RS|MP+R0|MP+RS|MPE+R0|MPE+RS,MPE+RS,0.653038924694472,0.5,0.0,0.0,742.0,3.0,0.5277913203954612,0.1111111111111111,0.3333333333333333,0.25,596.3333333333334,2.0,0.4792003394480359,0.0,0.5,1.0,203.0,0.0,0.4681264898145722,0.0,0.5,1.0,230.0,1.0,0.653038924694472,0.5,0.0,0.0,742.0,3.0
card_61ecab85a42ba68a3ed2,state_e91685d10200ec724649,sgv31_u14,2,M0+R0|M0+RS|MS+R0|MS+RS,MS+RS,0.771205679933669,0.0,0.0,0.0,690.0,2.0,0.6356028399668345,0.0,0.125,0.25,567.5,1.5,0.22879432006633116,0.0,0.5,1.0,200.0,0.0,0.22879432006633116,0.0,0.5,1.0,200.0,0.0,0.771205679933669,0.0,0.0,0.0,690.0,2.0
card_63338ee978ebbabe0147,state_4bda41ca102dc08f46c7,sgv31_u09,2,M0+R0|M0+RS|ME+R0|ME+RS,ME+RS,0.6873181682420647,0.0,0.0,0.0,685.0,2.0,0.5714982400861887,0.0,0.1527777777777778,0.25,569.5138888888889,1.5972222222222223,0.5406219418306134,0.0,1.0,1.0,204.0,0.0,0.31268183175793535,0.0,0.0,1.0,253.0,1.0,0.6873181682420647,0.0,0.0,0.0,685.0,2.0
card_63453f9739c73efcb505,state_e17d45ecc84571b8c3fd,sgv31_u09,2,M0+R0|M0+RS|MS+R0|MS+RS,MS+R0,0.571928872983399,0.0,0.0,1.0,254.0,1.0,0.5168018219185264,0.0,0.1527777777777778,0.25,569.25,1.5,0.5756081986333689,0.0,1.0,1.0,195.0,0.0,0.5756081986333689,0.0,1.0,1.0,195.0,0.0,0.5756081986333689,0.0,0.0,0.0,694.0,2.0
card_63690b6e224ce56a5390,state_a20f337f7e6e030a42ce,sgv31_u04,2,M0+R0|M0+RS|MP+R0|MP+RS|MPMS+R0|MPMS+RS|MS+R0|MS+RS,M0+RS,0.6812271560265949,0.0,0.5,0.0,607.0,1.0,0.5530744787928339,0.2222222222222222,0.23611111111111108,0.3055555555555556,583.0833333333333,2.0,0.41317982942497805,0.0,0.5,1.0,203.0,0.0,0.41317982942497805,0.0,0.5,1.0,203.0,0.0,0.58789380332884,0.5,0.0,0.0,728.0,3.0
card_657760071f223ee946ac,state_4bda41ca102dc08f46c7,sgv31_u09,2,M0+R0|M0+RS,M0+RS,0.7215937546003562,0.0,1.0,0.0,636.0,1.0,0.6107968773001781,0.0,1.0,0.25,528.0,0.75,0.27840624539964376,0.0,1.0,1.0,204.0,0.0,0.27840624539964376,0.0,1.0,1.0,204.0,0.0,0.7215937546003562,0.0,1.0,0.0,636.0,1.0
card_65787d8e7e7b671d5a56,state_dc14ccf32630197cb5b1,sgv31_u09,2,M0+R0|M0+RS|ME+R0|ME+RS|MP+R0|MP+RS|MPE+R0|MPE+RS,MPE+RS,0.7216955847641406,0.0,0.0,0.0,718.0,3.0,0.5184674375502872,0.05555555555555555,0.3472222222222222,0.25,577.6111111111111,2.0,0.3393647543400795,0.0,0.5,1.0,205.0,0.0,0.5136442828375183,0.0,0.5,1.0,254.0,1.0,0.7216955847641406,0.0,0.0,0.0,718.0,3.0
card_678dd8cb7c29dc004949,state_21451b495484048dca78,sgv31_u14,2,M0+R0|M0+RS|ME+R0|ME+RS,ME+RS,0.4619048963173242,0.0,0.0,0.0,628.0,2.0,0.4876820804110448,0.0,0.0763888888888889,0.2361111111111111,524.7777777777778,1.5972222222222223,0.6089661924189973,0.0,0.5,0.5,205.0,0.0,0.6781852670149338,0.0,0.0,1.0,231.0,1.0,0.4619048963173242,0.0,0.0,0.0,628.0,2.0
card_68751f0c612beef8c979,state_07daf4369b266b71570f,sgv31_u04,2,M0+R0|M0+RS,M0+RS,0.5,0.0,1.0,0.0,640.0,1.0,0.5,0.0,1.0,0.25,531.0,0.75,0.5,0.0,1.0,1.0,204.0,0.0,0.5,0.0,1.0,1.0,204.0,0.0,0.5,0.0,1.0,0.0,640.0,1.0
card_68fb7a412a5ea51b2aa1,state_12bb607e886020ff0ead,sgv31_u14,2,M0+R0|M0+RS|ME+R0|ME+RS,ME+R0,0.6873181682420647,0.0,0.0,1.0,246.0,1.0,0.42850175991381134,0.0,0.1527777777777778,0.25,565.2083333333334,1.5972222222222223,0.45937805816938654,0.0,1.0,1.0,195.0,0.0,0.6873181682420647,0.0,0.0,1.0,246.0,1.0,0.31268183175793535,0.0,0.0,0.0,682.0,2.0
card_6967ddcfb892a3a5a4b0,state_55c11f18b9078c2a9ee3,sgv31_u04,2,M0+R0|M0+RS|MS+R0|MS+RS,MS+RS,0.5380951036826757,0.0,0.0,0.0,650.0,2.0,0.5288907586102713,0.0,0.125,0.25,538.0,1.5,0.3910338075810027,0.0,0.5,1.0,202.0,0.0,0.3910338075810027,0.0,0.5,1.0,202.0,0.0,0.5380951036826757,0.0,0.0,0.0,650.0,2.0
card_69a573783b24dbc09446,state_e9cf7c3fd212f8a22767,sgv31_u09,2,M0+R0|M0+RS|ME+R0|ME+RS|MP+R0|MP+RS|MPE+R0|MPE+RS|MPMS+R0|MPMS+RS|MPMSME+R0|MPMSME+RS|MS+R0|MS+RS|MSE+R0|MSE+RS,MPE+R0,0.5142510046393622,0.0,0.0,1.0,261.0,2.0,0.47293184044140274,0.08333333333333333,0.041666666666666664,0.2361111111111111,576.1944444444445,2.333333333333333,0.4618769622319437,0.0,0.5,1.0,198.0,0.0,0.49570470876248635,0.0,0.0,0.5,247.0,1.0,0.36575092951599014,0.0,0.0,0.0,728.0,4.0
card_6a2d8bce4a5f134eac46,state_3f69ac7c947eb0be89eb,sgv31_u04,2,M0+R0|M0+RS|ME+R0|ME+RS,ME+RS,0.5406219418306134,0.0,0.0,0.0,618.0,2.0,0.48388799375712743,0.0,0.1388888888888889,0.25,516.625,1.5972222222222223,0.6873181682420647,0.0,0.5,1.0,202.0,0.0,0.3126818317579353,0.0,0.0,1.0,229.0,1.0,0.5406219418306134,0.0,0.0,0.0,618.0,2.0
card_6a2e01c942006890910a,state_f0c41e06c80a2e1fb9c6,sgv31_u04,2,M0+R0|M0+RS|ME+R0|ME+RS|MS+R0|MS+RS|MSE+R0|MSE+RS,MSE+RS,0.4976525877291437,0.0,0.0,0.0,732.0,3.0,0.5135198338174762,0.0,0.16666666666666666,0.25,597.0833333333333,2.1666666666666665,0.371359414526718,0.0,1.0,1.0,204.0,0.0,0.6001167876062834,0.0,0.5,1.0,230.0,1.0,0.4976525877291437,0.0,0.0,0.0,732.0,3.0
card_6a480ef8af302e8e12e2,state_03db34c217f0f4dcbf3b,sgv31_u14,2,M0+R0|M0+RS|MP+R0|MP+RS,MP+R0,0.3491758480239551,0.0,0.0,1.0,222.0,1.0,0.5167582391084494,0.0,0.3055555555555556,0.25,531.0,1.4444444444444444,0.6508241519760448,0.0,1.0,1.0,195.0,0.0,0.6508241519760448,0.0,1.0,1.0,195.0,0.0,0.6508241519760448,0.0,0.0,0.0,645.0,2.0
card_6aa4cd29fe5d5f3a02b0,state_bdca174f3b0e6f349104,sgv31_u04,2,M0+R0|M0+RS|ME+R0|ME+RS|MP+R0|MP+RS|MPE+R0|MPE+RS,ME+R0,0.5419023600227609,0.0,0.0,1.0,223.0,1.0,0.4742981062790934,0.2638888888888889,0.027777777777777776,0.25,544.1111111111112,2.0,0.4744478685237135,0.0,0.5,1.0,199.0,0.0,0.5419023600227609,0.0,0.0,1.0,223.0,1.0,0.39013716990941566,0.5,0.0,0.0,674.0,3.0
card_6b1050091da8234f7747,state_55c11f18b9078c2a9ee3,sgv31_u04,2,M0+R0|M0+RS|ME+R0|ME+RS|MP+R0|MP+RS|MPE+R0|MPE+RS,ME+RS,0.4766887231046035,0.0,0.0,0.0,615.0,2.0,0.5381619663095489,0.2777777777777778,0.05555555555555555,0.25,547.1111111111111,2.0,0.45789863980189577,0.0,1.0,1.0,202.0,0.0,0.5240168143643941,0.0,0.0,1.0,226.0,1.0,0.6719793862762414,0.5,0.0,0.0,677.0,3.0
card_6c28899a64387a60da33,state_4b0fb819f058d71fda0d,sgv31_u09,2,M0+R0|M0+RS|ME+R0|ME+RS,ME+RS,0.5379950269774428,0.0,0.0,0.0,618.0,2.0,0.5266510225904998,0.0,0.0763888888888889,0.25,516.4722222222222,1.5972222222222223,0.38328316511855115,0.0,0.5,1.0,201.0,0.0,0.4620049730225572,0.0,0.0,1.0,229.0,1.0,0.5379950269774428,0.0,0.0,0.0,618.0,2.0
card_6dc39608011ba12c5568,state_21451b495484048dca78,sgv31_u14,2,M0+R0|M0+RS,M0+RS,0.7215937546003562,0.0,1.0,0.0,602.0,1.0,0.6107968773001781,0.0,1.0,0.25,502.75,0.75,0.27840624539964376,0.0,1.0,1.0,205.0,0.0,0.27840624539964376,0.0,1.0,1.0,205.0,0.0,0.7215937546003562,0.0,1.0,0.0,602.0,1.0
card_6df3c980a6f9612cb29e,state_4b0fb819f058d71fda0d,sgv31_u09,2,M0+R0|M0+RS,M0+RS,0.7215937546003562,0.0,1.0,0.0,590.0,1.0,0.6107968773001781,0.0,1.0,0.25,492.75,0.75,0.27840624539964376,0.0,1.0,1.0,201.0,0.0,0.27840624539964376,0.0,1.0,1.0,201.0,0.0,0.7215937546003562,0.0,1.0,0.0,590.0,1.0
card_6e5b56301fd06692e233,state_b4a416d11e99b04df64f,sgv31_u09,2,M0+R0|M0+RS,M0+RS,0.5,0.0,1.0,0.0,591.0,1.0,0.5,0.0,1.0,0.25,493.75,0.75,0.5,0.0,1.0,1.0,202.0,0.0,0.5,0.0,1.0,1.0,202.0,0.0,0.5,0.0,1.0,0.0,591.0,1.0
card_6eda8074c10cb99c6106,state_f0c41e06c80a2e1fb9c6,sgv31_u04,2,M0+R0|M0+RS|MP+R0|MP+RS|MPMS+R0|MPMS+RS|MS+R0|MS+RS,MPMS+RS,0.5748275816126622,0.5,0.0,0.0,777.0,3.0,0.5122018388777422,0.2222222222222222,0.19444444444444442,0.25,620.0833333333333,2.0,0.6181721166440132,0.0,0.5,1.0,204.0,0.0,0.6181721166440132,0.0,0.5,1.0,204.0,0.0,0.5748275816126622,0.5,0.0,0.0,777.0,3.0
card_7005c9a4fd1d2fc80410,state_9a2fa510ac695aa608c7,sgv31_u09,2,M0+R0|M0+RS|MP+R0|MP+RS,MP+RS,0.6477291697335709,0.5,0.0,0.0,718.0,2.0,0.5738645848667854,0.3472222222222222,0.1527777777777778,0.25,586.9166666666667,1.4444444444444444,0.3522708302664292,0.0,0.5,1.0,209.0,0.0,0.3522708302664292,0.0,0.5,1.0,209.0,0.0,0.6477291697335709,0.5,0.0,0.0,718.0,2.0
card_71b4719518c3275a6d33,state_58898af7613ca2ebd942,sgv31_u09,2,M0+R0|M0+RS|MP+R0|MP+RS,MP+RS,0.571928872983399,0.5,0.0,0.0,708.0,2.0,0.5571711208704113,0.3472222222222222,0.2777777777777778,0.25,577.9166666666666,1.4444444444444444,0.27685472974986314,0.0,0.5,1.0,203.0,0.0,0.27685472974986314,0.0,0.5,1.0,203.0,0.0,0.571928872983399,0.5,0.0,0.0,708.0,2.0
card_73aa0a2f4329bf5b9df9,state_74c0cb33db3ea38ef4e6,sgv31_u14,2,M0+R0|M0+RS,M0+R0,0.5,0.0,1.0,1.0,205.0,0.0,0.5,0.0,1.0,0.25,496.75,0.75,0.5,0.0,1.0,1.0,205.0,0.0,0.5,0.0,1.0,1.0,205.0,0.0,0.5,0.0,1.0,0.0,594.0,1.0
card_759b3006423e4e241d63,state_12bb607e886020ff0ead,sgv31_u14,2,M0+R0|M0+RS|ME+R0|ME+RS,ME+R0,0.6873181682420647,0.0,0.0,1.0,219.0,1.0,0.5161120062428726,0.0,0.1527777777777778,0.25,542.3333333333334,1.5972222222222223,0.3126818317579353,0.0,1.0,1.0,195.0,0.0,0.6873181682420647,0.0,0.0,1.0,219.0,1.0,0.45937805816938654,0.0,0.0,0.0,655.0,2.0
card_76d139c366b226129b98,state_58898af7613ca2ebd942,sgv31_u09,2,M0+R0|M0+RS|MP+R0|MP+RS|MPMS+R0|MPMS+RS|MS+R0|MS+RS,MPMS+RS,0.44169093903486545,0.5,0.0,0.0,752.0,3.0,0.5029987994930737,0.3055555555555556,0.19444444444444442,0.25,602.0277777777778,2.0,0.3628337847550747,0.0,0.5,1.0,203.0,0.0,0.3628337847550747,0.0,0.5,1.0,203.0,0.0,0.44169093903486545,0.5,0.0,0.0,752.0,3.0
card_776fe36c7cd2fd29027a,state_f0c41e06c80a2e1fb9c6,sgv31_u04,2,M0+R0|M0+RS|ME+R0|ME+RS|MP+R0|MP+RS|MPE+R0|MPE+RS,MP+RS,0.6520507584240723,0.5,0.5,0.0,727.0,2.0,0.5300522153769435,0.3333333333333333,0.375,0.25,613.0277777777778,2.0,0.5693305604914832,0.0,0.5,1.0,204.0,0.0,0.457713016706171,0.5,0.5,1.0,252.0,1.0,0.6898225772246835,0.5,0.0,0.0,766.0,3.0
card_77acef255230fef5e682,state_c86d3fb30dea38b154c9,sgv31_u14,2,M0+R0|M0+RS|ME+R0|ME+RS,ME+R0,0.7490563557512552,0.0,0.0,1.0,246.0,1.0,0.466027025519391,0.0,0.1527777777777778,0.25,569.7083333333334,1.5972222222222223,0.5380951036826757,0.0,1.0,1.0,195.0,0.0,0.7490563557512552,0.0,0.0,1.0,246.0,1.0,0.3910338075810027,0.0,0.0,0.0,688.0,2.0
card_78fc15a7e7343f2e3ef6,state_8a533d82e397a797501c,sgv31_u04,2,M0+R0|M0+RS|ME+R0|ME+RS|MP+R0|MP+RS|MPE+R0|MPE+RS,MPE+RS,0.541758833379462,0.5,0.0,0.0,745.0,3.0,0.5495728091918578,0.2777777777777778,0.3472222222222222,0.25,596.0277777777778,2.0,0.3267665933991492,0.0,0.5,1.0,199.0,0.0,0.5685644356479403,0.0,0.5,1.0,247.0,1.0,0.541758833379462,0.5,0.0,0.0,745.0,3.0
card_79163283b67b7aceec4e,state_d54418f29b11e5c34123,sgv31_u04,2,M0+R0|M0+RS|MP+R0|MP+RS,MP+RS,0.6089661924189973,0.0,0.0,0.0,728.0,2.0,0.5484853935847838,0.09722222222222222,0.1527777777777778,0.25,593.3055555555555,1.4444444444444444,0.4619048963173243,0.0,0.5,1.0,205.0,0.0,0.4619048963173243,0.0,0.5,1.0,205.0,0.0,0.6089661924189973,0.0,0.0,0.0,728.0,2.0
card_791785e87d736bc688b1,state_b491459b9b819e0d5ee1,sgv31_u14,2,M0+R0|M0+RS|MP+R0|MP+RS,MP+RS,0.5406219418306134,0.5,0.0,0.0,717.0,2.0,0.48413907320181104,0.3472222222222222,0.3055555555555556,0.25,584.4722222222222,1.4444444444444444,0.6873181682420647,0.0,1.0,1.0,204.0,0.0,0.6873181682420647,0.0,1.0,1.0,204.0,0.0,0.5406219418306134,0.5,0.0,0.0,717.0,2.0
card_799eeb0ae385da91ec42,state_d54418f29b11e5c34123,sgv31_u04,2,M0+R0|M0+RS|ME+R0|ME+RS,ME+RS,0.771205679933669,0.0,0.0,0.0,683.0,2.0,0.6619700588492745,0.0,0.1388888888888889,0.25,566.0277777777778,1.5972222222222223,0.22879432006633116,0.0,0.5,1.0,205.0,0.0,0.5,0.0,0.0,1.0,231.0,1.0,0.771205679933669,0.0,0.0,0.0,683.0,2.0
card_7a48c1ba394f4ea6e109,state_f0c41e06c80a2e1fb9c6,sgv31_u04,2,M0+R0|M0+RS|ME+R0|ME+RS,ME+RS,0.42807112701660105,0.0,0.0,0.0,682.0,2.0,0.4349900873668486,0.0,0.0763888888888889,0.25,565.0277777777778,1.5972222222222223,0.723145270250137,0.0,0.5,1.0,204.0,0.0,0.42439180136663107,0.0,0.0,1.0,230.0,1.0,0.42807112701660105,0.0,0.0,0.0,682.0,2.0
card_7b282b9b26e6c8e98ded,state_a20f337f7e6e030a42ce,sgv31_u04,2,M0+R0|M0+RS|ME+R0|ME+RS,ME+RS,0.6477291697335709,0.0,0.0,0.0,633.0,2.0,0.5738645848667854,0.0,0.1527777777777778,0.25,528.0277777777778,1.5972222222222223,0.3522708302664292,0.0,1.0,1.0,203.0,0.0,0.3522708302664292,0.0,0.0,1.0,229.0,1.0,0.6477291697335709,0.0,0.0,0.0,633.0,2.0
card_7c148c25a2b74e5daece,state_40a48eba4f1fe0037711,sgv31_u09,2,M0+R0|M0+RS|ME+R0|ME+RS,ME+RS,0.4620049730225572,0.0,0.0,0.0,682.0,2.0,0.47334897740950027,0.0,0.09027777777777778,0.25,564.875,1.5972222222222223,0.6167168348814488,0.0,1.0,1.0,203.0,0.0,0.5379950269774428,0.0,0.0,1.0,230.0,1.0,0.4620049730225572,0.0,0.0,0.0,682.0,2.0
card_7c8b2dac7da6bac1ab2a,state_4b0fb819f058d71fda0d,sgv31_u09,2,M0+R0|M0+RS|MP+R0|MP+RS|MPMS+R0|MPMS+RS|MS+R0|MS+RS,MS+RS,0.38095397534510045,0.0,0.5,0.0,649.0,2.0,0.5207375590515899,0.0,0.23611111111111108,0.25,568.6111111111111,2.0,0.5008558047779867,0.0,0.5,1.0,201.0,0.0,0.5008558047779867,0.0,0.5,1.0,201.0,0.0,0.6304909785614682,0.0,0.0,0.0,709.0,3.0
card_7ca99b11a4cc4f666949,state_d8cf272a5436e77b6daf,sgv31_u04,2,M0+R0|M0+RS|ME+R0|ME+RS|MP+R0|MP+RS|MPE+R0|MPE+RS,MPE+R0,0.6534139793722064,0.5,0.0,1.0,304.0,2.0,0.5005619986190843,0.2777777777777778,0.1111111111111111,0.25,528.7777777777778,2.0,0.4564236409657821,0.0,1.0,1.0,194.0,0.0,0.3341065104969719,0.0,0.5,1.0,242.0,1.0,0.5433406994747334,0.5,0.0,0.0,657.0,3.0
card_7cad8ce181c3fd1feb31,state_859240b42f10416cb530,sgv31_u09,2,M0+R0|M0+RS|ME+R0|ME+RS,ME+RS,0.6781852670149338,0.0,0.0,0.0,661.0,2.0,0.6096027552363565,0.0,0.125,0.25,547.7222222222222,1.5972222222222223,0.2509436442487448,0.0,0.0,1.0,197.0,0.0,0.46190489631732423,0.0,0.0,1.0,225.0,1.0,0.6781852670149338,0.0,0.0,0.0,661.0,2.0
card_7e15268f741b2d984e57,state_7d71e037394fc11eac5b,sgv31_u04,2,M0+R0|M0+RS|MP+R0|MP+RS,MP+RS,0.45937805816938654,0.0,0.0,0.0,685.0,2.0,0.5240107171543806,0.0,0.2777777777777778,0.25,557.5555555555555,1.4444444444444444,0.3126818317579353,0.0,0.5,1.0,191.0,0.0,0.3126818317579353,0.0,0.5,1.0,191.0,0.0,0.45937805816938654,0.0,0.0,0.0,685.0,2.0
card_7ec7a0c97e0064528742,state_0e4ab7bcb78c9c262944,sgv31_u14,2,M0+R0|M0+RS|ME+R0|ME+RS|MP+R0|MP+RS|MPE+R0|MPE+RS|MPMS+R0|MPMS+RS|MPMSME+R0|MPMSME+RS|MS+R0|MS+RS|MSE+R0|MSE+RS,MPE+RS,0.5368094399976697,0.5,0.5,0.0,679.0,3.0,0.5519724003502207,0.25,0.513888888888889,0.25,566.0833333333334,2.333333333333333,0.3923800921779174,0.0,0.5,1.0,196.0,0.0,0.3932381909760748,0.0,0.5,1.0,222.0,1.0,0.5930587019897916,0.0,0.0,0.0,729.0,4.0
card_7efebc4829a3f5b3f39b,state_dc14ccf32630197cb5b1,sgv31_u09,2,M0+R0|M0+RS|MP+R0|MP+RS|MPMS+R0|MPMS+RS|MS+R0|MS+RS,MPMS+RS,0.3579677767585961,0.5,0.0,0.0,722.0,3.0,0.47214845747825196,0.2222222222222222,0.23611111111111108,0.25,580.0277777777777,2.0,0.4435838633786028,0.0,0.5,1.0,205.0,0.0,0.4435838633786028,0.0,0.5,1.0,205.0,0.0,0.3579677767585961,0.5,0.0,0.0,722.0,3.0
card_7f956815ba50422a65d0,state_c86d3fb30dea38b154c9,sgv31_u14,2,M0+R0|M0+RS|MP+R0|MP+RS,MP+R0,0.7490563557512552,0.0,0.0,1.0,272.0,1.0,0.45151460641521624,0.25,0.3055555555555556,0.25,579.9722222222222,1.4444444444444444,0.5380951036826757,0.0,1.0,1.0,195.0,0.0,0.5380951036826757,0.0,1.0,1.0,195.0,0.0,0.3910338075810027,0.5,0.0,0.0,714.0,2.0
card_8122f25caac8133f7104,state_bdca174f3b0e6f349104,sgv31_u04,2,M0+R0|M0+RS|MP+R0|MP+RS|MPMS+R0|MPMS+RS|MS+R0|MS+RS,MS+R0,0.5543927326212238,0.0,0.5,0.5,258.0,1.0,0.4755905014793597,0.19444444444444445,0.27777777777777773,0.20833333333333331,567.8333333333334,2.0,0.5994451228491993,0.0,0.5,1.0,199.0,0.0,0.5994451228491993,0.0,0.5,1.0,199.0,0.0,0.4672109095587377,0.5,0.0,0.0,709.0,3.0
card_8145f37e059ce8b1e5a9,state_3af27640cf98f104236f,sgv31_u04,2,M0+R0|M0+RS|MP+R0|MP+RS|MPMS+R0|MPMS+RS|MS+R0|MS+RS,MS+R0,0.4658506590707961,0.0,0.0,1.0,248.0,1.0,0.5256388681462765,0.0,0.19444444444444442,0.25,564.3611111111111,2.0,0.6598769160264519,0.0,1.0,1.0,189.0,0.0,0.6598769160264519,0.0,1.0,1.0,189.0,0.0,0.6618267242754758,0.0,0.0,0.0,699.0,3.0
card_842aaf33b12fdd7c31e8,state_12bb607e886020ff0ead,sgv31_u14,2,M0+R0|M0+RS,M0+R0,0.5,0.0,1.0,1.0,195.0,0.0,0.5,0.0,1.0,0.25,522.0,0.75,0.5,0.0,1.0,1.0,195.0,0.0,0.5,0.0,1.0,1.0,195.0,0.0,0.5,0.0,1.0,0.0,631.0,1.0
card_84a031a6e522981bb9d1,state_12bb607e886020ff0ead,sgv31_u14,2,M0+R0|M0+RS|ME+R0|ME+RS|MS+R0|MS+RS|MSE+R0|MSE+RS,MSE+R0,0.5737850360001733,0.0,0.0,1.0,269.0,2.0,0.4929317539829287,0.0,0.2222222222222222,0.25,574.5833333333334,2.1666666666666665,0.6075929141476849,0.0,1.0,1.0,195.0,0.0,0.7092115073679544,0.0,0.5,1.0,219.0,1.0,0.5241173748771494,0.0,0.0,0.0,705.0,3.0
card_86b40848a21d5d3b566a,state_12bb607e886020ff0ead,sgv31_u14,2,M0+R0|M0+RS|MP+R0|MP+RS,MP+R0,0.6089661924189973,0.5,0.0,1.0,272.0,1.0,0.5869202641265332,0.3472222222222222,0.3055555555555556,0.25,575.4722222222222,1.4444444444444444,0.2509436442487448,0.0,1.0,1.0,195.0,0.0,0.2509436442487448,0.0,1.0,1.0,195.0,0.0,0.6781852670149338,0.5,0.0,0.0,708.0,2.0
card_8987c0bd2b7a0cec8c6f,state_b491459b9b819e0d5ee1,sgv31_u14,2,M0+R0|M0+RS|MS+R0|MS+RS,MS+RS,0.7165554542797429,0.0,0.0,0.0,694.0,2.0,0.5882053843327979,0.0,0.125,0.25,571.5,1.5,0.4279654139311864,0.0,0.5,1.0,204.0,0.0,0.4279654139311864,0.0,0.5,1.0,204.0,0.0,0.7165554542797429,0.0,0.0,0.0,694.0,2.0
card_89d18af365cf15900780,state_4bda41ca102dc08f46c7,sgv31_u09,2,M0+R0|M0+RS|MP+R0|MP+RS,MP+RS,0.42439180136663107,0.5,0.0,0.0,705.0,2.0,0.4997955930194461,0.3472222222222222,0.3055555555555556,0.25,575.9166666666667,1.4444444444444444,0.42439180136663107,0.0,1.0,1.0,204.0,0.0,0.42439180136663107,0.0,1.0,1.0,204.0,0.0,0.42439180136663107,0.5,0.0,0.0,705.0,2.0
card_8b6bc4b5e5287db311ab,state_8e10d7d94b915a0debeb,sgv31_u14,2,M0+R0|M0+RS,M0+RS,0.7215937546003562,0.0,1.0,0.0,641.0,1.0,0.6107968773001781,0.0,1.0,0.25,532.0,0.75,0.27840624539964376,0.0,1.0,1.0,205.0,0.0,0.27840624539964376,0.0,1.0,1.0,205.0,0.0,0.7215937546003562,0.0,1.0,0.0,641.0,1.0
card_8cdb4cc8f3852175a38b,state_21451b495484048dca78,sgv31_u14,2,M0+R0|M0+RS|ME+R0|ME+RS|MS+R0|MS+RS|MSE+R0|MSE+RS,MSE+RS,0.6923900854004458,0.0,0.0,0.0,676.0,3.0,0.5751054835544238,0.0,0.16666666666666666,0.2777777777777778,555.3333333333333,2.1666666666666665,0.43722550737583715,0.0,0.5,1.0,205.0,0.0,0.42417752311029433,0.0,0.5,1.0,229.0,1.0,0.6923900854004458,0.0,0.0,0.0,676.0,3.0
card_8ddc4399c82d2d8b53ca,state_7d71e037394fc11eac5b,sgv31_u04,2,M0+R0|M0+RS|MP+R0|MP+RS|MPMS+R0|MPMS+RS|MS+R0|MS+RS,MPMS+RS,0.7219505013405166,1.0,0.0,0.0,735.0,3.0,0.5800067793099556,0.3888888888888889,0.20833333333333331,0.25,585.3333333333333,2.0,0.27915774086246303,0.0,1.0,1.0,191.0,0.0,0.27915774086246303,0.0,1.0,1.0,191.0,0.0,0.7219505013405166,1.0,0.0,0.0,735.0,3.0
card_8e142d981ffea3f4406c,state_0e4ab7bcb78c9c262944,sgv31_u14,2,M0+R0|M0+RS|MP+R0|MP+RS,MP+RS,0.6167168348814488,0.0,0.0,0.0,662.0,2.0,0.5430513992371677,0.0,0.1527777777777778,0.25,541.2222222222222,1.4444444444444444,0.4620049730225572,0.0,0.5,1.0,196.0,0.0,0.4620049730225572,0.0,0.5,1.0,196.0,0.0,0.6167168348814488,0.0,0.0,0.0,662.0,2.0
card_8e31b8554a305ca33623,state_c86d3fb30dea38b154c9,sgv31_u14,2,M0+R0|M0+RS|ME+R0|ME+RS|MP+R0|MP+RS|MPE+R0|MPE+RS,ME+R0,0.6323688452328557,0.0,0.5,1.0,246.0,1.0,0.46201639479076567,0.1527777777777778,0.3472222222222222,0.2361111111111111,601.9444444444445,2.0,0.6202160260233139,0.0,1.0,1.0,195.0,0.0,0.6323688452328557,0.0,0.5,1.0,246.0,1.0,0.4462614288791103,0.5,0.0,0.0,756.0,3.0
card_8e650a2f3698b55bf031,state_74c0cb33db3ea38ef4e6,sgv31_u14,2,M0+R0|M0+RS|ME+R0|ME+RS,ME+R0,0.5379950269774428,0.0,0.0,1.0,256.0,1.0,0.47334897740950027,0.3125,0.0763888888888889,0.25,539.9583333333333,1.5972222222222223,0.6167168348814488,0.0,0.5,1.0,205.0,0.0,0.5379950269774428,0.0,0.0,1.0,256.0,1.0,0.4620049730225572,0.5,0.0,0.0,645.0,2.0
card_8e727db8ffb3de6265c5,state_3af27640cf98f104236f,sgv31_u04,2,M0+R0|M0+RS|ME+R0|ME+RS,ME+R0,0.6477291697335709,0.0,0.0,1.0,237.0,1.0,0.4261354151332146,0.0,0.1527777777777778,0.25,556.6666666666666,1.5972222222222223,0.6477291697335709,0.0,1.0,1.0,189.0,0.0,0.6477291697335709,0.0,0.0,1.0,237.0,1.0,0.3522708302664292,0.0,0.0,0.0,673.0,2.0
card_8f32ef88df096d0e381a,state_5ae0a2fbca808545aea7,sgv31_u09,2,M0+R0|M0+RS|ME+R0|ME+RS,ME+RS,0.45937805816938654,0.0,0.0,0.0,610.0,2.0,0.5018498731195369,0.0,0.0763888888888889,0.25,509.2361111111111,1.5972222222222223,0.3126818317579353,0.0,0.5,1.0,198.0,0.0,0.5406219418306134,0.0,0.0,1.0,221.0,1.0,0.45937805816938654,0.0,0.0,0.0,610.0,2.0
card_9056131fc5db51198a3f,state_e17d45ecc84571b8c3fd,sgv31_u09,2,M0+R0|M0+RS|MP+R0|MP+RS,MP+R0,0.6781852670149338,0.0,0.0,1.0,264.0,1.0,0.45938917183036304,0.0,0.3055555555555556,0.25,572.9166666666667,1.4444444444444444,0.6089661924189973,0.0,1.0,1.0,195.0,0.0,0.6089661924189973,0.0,1.0,1.0,195.0,0.0,0.4619048963173242,0.0,0.0,0.0,704.0,2.0
card_90b9d2226561e4a1dcd1,state_e91685d10200ec724649,sgv31_u14,2,M0+R0|M0+RS,M0+RS,0.5,0.0,1.0,0.0,636.0,1.0,0.5,0.0,1.0,0.25,527.0,0.75,0.5,0.0,1.0,1.0,200.0,0.0,0.5,0.0,1.0,1.0,200.0,0.0,0.5,0.0,1.0,0.0,636.0,1.0
card_91166d4b8b6974ab5409,state_83bd9ade815258bdcac9,sgv31_u14,2,M0+R0|M0+RS,M0+RS,0.5,0.0,1.0,0.0,592.0,1.0,0.5,0.0,1.0,0.25,494.75,0.75,0.5,0.0,1.0,1.0,203.0,0.0,0.5,0.0,1.0,1.0,203.0,0.0,0.5,0.0,1.0,0.0,592.0,1.0
card_918a7e8221b7cfeef193,state_a20f337f7e6e030a42ce,sgv31_u04,2,M0+R0|M0+RS|MP+R0|MP+RS,M0+RS,0.6167168348814488,0.0,0.5,0.0,607.0,1.0,0.5343045316922781,0.0,0.1527777777777778,0.25,555.3055555555555,1.4444444444444444,0.38328316511855115,0.0,0.5,1.0,203.0,0.0,0.38328316511855115,0.0,0.5,1.0,203.0,0.0,0.5379950269774428,0.0,0.0,0.0,678.0,2.0
card_91e4334195d90db2d0b6,state_b4a416d11e99b04df64f,sgv31_u09,2,M0+R0|M0+RS|ME+R0|ME+RS|MP+R0|MP+RS|MPE+R0|MPE+RS|MPMS+R0|MPMS+RS|MPMSME+R0|MPMSME+RS|MS+R0|MS+RS|MSE+R0|MSE+RS,ME+RS,0.6958778537203181,0.0,0.5,0.0,618.0,2.0,0.4970817655476638,0.1111111111111111,0.4861111111111111,0.25,565.4722222222223,2.333333333333333,0.51321828627333,0.0,0.5,1.0,202.0,0.0,0.5241648282319502,0.0,0.5,1.0,229.0,1.0,0.6847015162026456,0.5,0.0,0.0,722.0,4.0
card_928ebe3af36d5f833391,state_7d71e037394fc11eac5b,sgv31_u04,2,M0+R0|M0+RS|ME+R0|ME+RS,M0+RS,0.6873181682420647,0.0,1.0,0.0,614.0,1.0,0.4142396267904759,0.0,0.1388888888888889,0.25,528.5833333333334,1.5972222222222223,0.45937805816938654,0.0,0.5,1.0,191.0,0.0,0.5406219418306134,0.0,0.0,1.0,215.0,1.0,0.31268183175793535,0.0,0.0,0.0,638.0,2.0
card_965ba91c3705d0be1088,state_d8cf272a5436e77b6daf,sgv31_u04,2,M0+R0|M0+RS|ME+R0|ME+RS|MP+R0|MP+RS|MPE+R0|MPE+RS|MPMS+R0|MPMS+RS|MPMSME+R0|MPMSME+RS|MS+R0|MS+RS|MSE+R0|MSE+RS,MPE+R0,0.5923842713641012,0.5,0.5,1.0,304.0,2.0,0.516898347521572,0.4305555555555555,0.20833333333333331,0.25,546.3055555555554,2.333333333333333,0.5193740086049902,0.0,1.0,1.0,194.0,0.0,0.3103226976013433,0.0,0.5,1.0,242.0,1.0,0.33530186413361285,0.5,0.0,0.0,707.0,4.0
card_9742386fd114b24f8171,state_58898af7613ca2ebd942,sgv31_u09,2,M0+R0|M0+RS|ME+R0|ME+RS|MP+R0|MP+RS|MPE+R0|MPE+RS|MPMS+R0|MPMS+RS|MPMSME+R0|MPMSME+RS|MS+R0|MS+RS|MSE+R0|MSE+RS,MSE+RS,0.5833832378845523,0.0,0.0,0.0,710.0,3.0,0.5581246049435451,0.2222222222222222,0.34722222222222227,0.25,601.7222222222222,2.333333333333333,0.5095952223163235,0.0,0.5,1.0,203.0,0.0,0.4189278182242866,0.0,0.5,1.0,230.0,1.0,0.4703418697709262,0.5,0.0,0.0,770.0,4.0
card_991676b9bd773e4d7b35,state_f0c41e06c80a2e1fb9c6,sgv31_u04,2,M0+R0|M0+RS|ME+R0|ME+RS|MP+R0|MP+RS|MPE+R0|MPE+RS|MPMS+R0|MPMS+RS|MPMSME+R0|MPMSME+RS|MS+R0|MS+RS|MSE+R0|MSE+RS,MPMS+RS,0.5127855587117576,0.5,0.0,0.0,777.0,3.0,0.5076324907367723,0.3333333333333333,0.2777777777777778,0.25,630.5555555555554,2.333333333333333,0.5815582571714644,0.0,0.5,1.0,204.0,0.0,0.4792906285802258,0.0,0.5,1.0,252.0,1.0,0.4970908743868784,0.5,0.0,0.0,816.0,4.0
card_9a00f050ae6ec027ebb5,state_83bd9ade815258bdcac9,sgv31_u14,2,M0+R0|M0+RS|MP+R0|MP+RS|MPMS+R0|MPMS+RS|MS+R0|MS+RS,M0+RS,0.5558010563433772,0.0,1.0,0.0,592.0,1.0,0.4791790719747249,0.3055555555555556,0.375,0.25,575.5,2.0,0.34983180394715613,0.0,1.0,1.0,203.0,0.0,0.34983180394715613,0.0,1.0,1.0,203.0,0.0,0.3901330913177995,0.5,0.0,0.0,719.0,3.0
card_9ac33d060558cfdd6a4e,state_3af27640cf98f104236f,sgv31_u04,2,M0+R0|M0+RS|MP+R0|MP+RS,MP+R0,0.45937805816938654,0.0,0.0,1.0,213.0,1.0,0.5411876056951532,0.0,0.3055555555555556,0.2222222222222222,532.6666666666666,1.4444444444444444,0.5406219418306134,0.0,1.0,0.5,189.0,0.0,0.5406219418306134,0.0,1.0,0.5,189.0,0.0,0.6873181682420647,0.0,0.0,0.0,649.0,2.0
card_9c12b6a51f1ae153eb11,state_5ae0a2fbca808545aea7,sgv31_u09,2,M0+R0|M0+RS,M0+RS,0.7215937546003562,0.0,1.0,0.0,587.0,1.0,0.6107968773001781,0.0,1.0,0.25,489.75,0.75,0.27840624539964376,0.0,1.0,1.0,198.0,0.0,0.27840624539964376,0.0,1.0,1.0,198.0,0.0,0.7215937546003562,0.0,1.0,0.0,587.0,1.0
card_9c56c703d26178cd5701,state_e91685d10200ec724649,sgv31_u14,2,M0+R0|M0+RS|MP+R0|MP+RS|MPMS+R0|MPMS+RS|MS+R0|MS+RS,MPMS+RS,0.6525591359723405,0.5,0.0,0.0,758.0,3.0,0.551857952945646,0.3055555555555556,0.24999999999999997,0.25,604.5555555555554,2.0,0.4793847258022895,0.0,1.0,1.0,200.0,0.0,0.4793847258022895,0.0,1.0,1.0,200.0,0.0,0.6525591359723405,0.5,0.0,0.0,758.0,3.0
card_9c8ef9f4d9f562518745,state_74c0cb33db3ea38ef4e6,sgv31_u14,2,M0+R0|M0+RS|MP+R0|MP+RS,M0+R0,0.6477291697335709,0.0,1.0,1.0,205.0,0.0,0.4261354151332146,0.25,0.18055555555555555,0.25,550.2222222222222,1.4444444444444444,0.6477291697335709,0.0,1.0,1.0,205.0,0.0,0.6477291697335709,0.0,1.0,1.0,205.0,0.0,0.3522708302664292,0.5,0.0,0.0,671.0,2.0
card_9ce3abfcdab046c7eae6,state_dc14ccf32630197cb5b1,sgv31_u09,2,M0+R0|M0+RS|ME+R0|ME+RS|MS+R0|MS+RS|MSE+R0|MSE+RS,MSE+RS,0.46672728678596337,0.0,0.0,0.0,681.0,3.0,0.49770347646727653,0.0,0.23611111111111108,0.25,559.5833333333333,2.1666666666666665,0.3347756063382473,0.0,1.0,1.0,205.0,0.0,0.5454650215758179,0.0,0.5,1.0,233.0,1.0,0.46672728678596337,0.0,0.0,0.0,681.0,3.0
card_9dd88f392fea4ec034a4,state_12bb607e886020ff0ead,sgv31_u14,2,M0+R0|M0+RS|MP+R0|MP+RS|MPMS+R0|MPMS+RS|MS+R0|MS+RS,MPMS+R0,0.5110442765852271,0.5,0.0,1.0,322.0,2.0,0.49057741891282314,0.2638888888888889,0.29166666666666663,0.20833333333333331,602.7499999999999,2.0,0.3768186318704679,0.0,1.0,1.0,195.0,0.0,0.3768186318704679,0.0,1.0,1.0,195.0,0.0,0.4211452737584227,0.5,0.0,0.0,758.0,3.0
card_9e34d9d6b41dfde47e82,state_d54418f29b11e5c34123,sgv31_u04,2,M0+R0|M0+RS,M0+RS,0.7215937546003562,0.0,1.0,0.0,657.0,1.0,0.6107968773001781,0.0,1.0,0.25,544.0,0.75,0.27840624539964376,0.0,1.0,1.0,205.0,0.0,0.27840624539964376,0.0,1.0,1.0,205.0,0.0,0.7215937546003562,0.0,1.0,0.0,657.0,1.0
card_9e4a59b7c4ed5eda756d,state_e9cf7c3fd212f8a22767,sgv31_u09,2,M0+R0|M0+RS|MP+R0|MP+RS|MPMS+R0|MPMS+RS|MS+R0|MS+RS,MP+R0,0.5867083289786901,0.0,0.0,1.0,221.0,1.0,0.44480197592119713,0.0,0.19444444444444442,0.20833333333333331,559.1666666666666,2.0,0.35749424843221045,0.0,1.0,1.0,198.0,0.0,0.35749424843221045,0.0,1.0,1.0,198.0,0.0,0.3162189380591238,0.0,0.0,0.0,688.0,3.0
card_9ec921a752389cb0fe4f,state_5ae0a2fbca808545aea7,sgv31_u09,2,M0+R0|M0+RS|MS+R0|MS+RS,M0+RS,0.5,0.0,0.5,0.0,587.0,1.0,0.42411840470243034,0.0,0.125,0.25,529.5,1.5,0.6517631905951392,0.0,0.5,1.0,198.0,0.0,0.6517631905951392,0.0,0.5,1.0,198.0,0.0,0.34823680940486074,0.0,0.0,0.0,640.0,2.0
card_9edc4f63fc09e366b110,state_a20f337f7e6e030a42ce,sgv31_u04,2,M0+R0|M0+RS|MS+R0|MS+RS,M0+RS,0.6167168348814488,0.0,0.5,0.0,607.0,1.0,0.5299310979198334,0.0,0.125,0.25,550.25,1.5,0.38328316511855115,0.0,0.5,1.0,203.0,0.0,0.38328316511855115,0.0,0.5,1.0,203.0,0.0,0.5379950269774428,0.0,0.0,0.0,666.0,2.0
card_9ef4dfeae71498b5ac42,state_1d8fc8ca2ea288d86bd9,sgv31_u04,2,M0+R0|M0+RS|ME+R0|ME+RS|MP+R0|MP+RS|MPE+R0|MPE+RS,MP+RS,0.6440119233870255,0.0,0.5,0.0,668.0,2.0,0.5043973971878593,0.0,0.375,0.25,568.2777777777778,2.0,0.4338713951164772,0.0,0.5,1.0,202.0,0.0,0.4448362479661503,0.0,0.5,1.0,250.0,1.0,0.4338713951164772,0.0,0.0,0.0,707.0,3.0
card_a1626268ef9fcbd01c6d,state_74c0cb33db3ea38ef4e6,sgv31_u14,2,M0+R0|M0+RS|ME+R0|ME+RS,ME+R0,0.42027387897110263,0.0,0.0,1.0,231.0,1.0,0.5243607592032742,0.0,0.1388888888888889,0.25,518.7777777777778,1.5972222222222223,0.5797261210288974,0.0,0.5,1.0,205.0,0.0,0.42027387897110263,0.0,0.0,1.0,231.0,1.0,0.5797261210288974,0.0,0.0,0.0,620.0,2.0
card_a19c0be18245fd9421d9,state_61b6107dd24918d647e5,sgv31_u14,2,M0+R0|M0+RS|ME+R0|ME+RS|MS+R0|MS+RS|MSE+R0|MSE+RS,M0+RS,0.7133585278265431,0.0,0.5,0.5,587.0,1.0,0.5243918150077266,0.0,0.20833333333333331,0.3055555555555556,559.25,2.1666666666666665,0.4070360052273786,0.0,0.5,1.0,198.0,0.0,0.35679316303225217,0.0,0.5,1.0,249.0,1.0,0.5329353442349685,0.0,0.0,0.0,683.0,3.0
card_a257f4bb802a50c2e689,state_bdca174f3b0e6f349104,sgv31_u04,2,M0+R0|M0+RS,M0+R0,0.27840624539964376,0.0,1.0,1.0,199.0,0.0,0.6107968773001781,0.0,1.0,0.25,490.75,0.75,0.27840624539964376,0.0,1.0,1.0,199.0,0.0,0.27840624539964376,0.0,1.0,1.0,199.0,0.0,0.7215937546003562,0.0,1.0,0.0,588.0,1.0
card_a37113aec7d8562eb708,state_bdca174f3b0e6f349104,sgv31_u04,2,M0+R0|M0+RS|MS+R0|MS+RS,MS+R0,0.6089661924189973,0.0,0.0,0.5,258.0,1.0,0.38531502889330593,0.0,0.125,0.1527777777777778,535.0,1.5,0.6781852670149336,0.0,0.5,1.0,199.0,0.0,0.6781852670149336,0.0,0.5,1.0,199.0,0.0,0.25094364424874477,0.0,0.0,0.0,647.0,2.0
card_a4287637a1bbf8b9bd85,state_a20f337f7e6e030a42ce,sgv31_u04,2,M0+R0|M0+RS|ME+R0|ME+RS|MP+R0|MP+RS|MPE+R0|MPE+RS|MPMS+R0|MPMS+RS|MPMSME+R0|MPMSME+RS|MS+R0|MS+RS|MSE+R0|MSE+RS,ME+RS,0.648631039039572,0.0,0.5,0.0,631.0,2.0,0.5084010693784089,0.041666666666666664,0.4861111111111111,0.25,580.2222222222222,2.333333333333333,0.3936983184650727,0.0,0.5,1.0,203.0,0.0,0.4556543277465729,0.0,0.5,1.0,227.0,1.0,0.45769437190270335,0.5,0.0,0.0,743.0,4.0
card_a4765968e58843a751a5,state_9a2fa510ac695aa608c7,sgv31_u09,2,M0+R0|M0+RS|ME+R0|ME+RS|MP+R0|MP+RS|MPE+R0|MPE+RS|MPMS+R0|MPMS+RS|MPMSME+R0|MPMSME+RS|MS+R0|MS+RS|MSE+R0|MSE+RS,MPMS+RS,0.5712377683005467,0.5,0.0,0.0,762.0,3.0,0.5526486575327009,0.2222222222222222,0.3333333333333333,0.25,622.9444444444445,2.333333333333333,0.3786700051228131,0.0,0.5,1.0,209.0,0.0,0.33585768711866326,0.0,0.5,1.0,258.0,1.0,0.49865163485913466,0.5,0.0,0.0,802.0,4.0
card_a4d8ebbf3ff087844515,state_07daf4369b266b71570f,sgv31_u04,2,M0+R0|M0+RS|ME+R0|ME+RS|MP+R0|MP+RS|MPE+R0|MPE+RS|MPMS+R0|MPMS+RS|MPMSME+R0|MPMSME+RS|MS+R0|MS+RS|MSE+R0|MSE+RS,MPMS+RS,0.6497253557648119,0.5,0.0,0.0,761.0,3.0,0.560539667748416,0.18055555555555555,0.1111111111111111,0.25,618.5555555555554,2.333333333333333,0.562113428686644,0.0,1.0,1.0,204.0,0.0,0.39819743908340016,0.0,0.5,1.0,252.0,1.0,0.4360794893093501,0.5,0.0,0.0,800.0,4.0
card_a4f1df5356734030660f,state_40a48eba4f1fe0037711,sgv31_u09,2,M0+R0|M0+RS|ME+R0|ME+RS,ME+RS,0.3522708302664292,0.0,0.0,0.0,683.0,2.0,0.4261354151332146,0.0,0.1527777777777778,0.25,565.7222222222222,1.5972222222222223,0.6477291697335709,0.0,1.0,1.0,203.0,0.0,0.6477291697335709,0.0,0.0,1.0,231.0,1.0,0.3522708302664292,0.0,0.0,0.0,683.0,2.0
card_a5347e400084924357f9,state_58898af7613ca2ebd942,sgv31_u09,2,M0+R0|M0+RS|ME+R0|ME+RS|MS+R0|MS+RS|MSE+R0|MSE+RS,MSE+RS,0.6268031051808608,0.0,0.0,0.0,711.0,3.0,0.567942983903124,0.05555555555555555,0.16666666666666666,0.25,581.5833333333334,2.1666666666666665,0.37121462677992473,0.0,0.5,1.0,203.0,0.0,0.5014222659582812,0.0,0.5,1.0,231.0,1.0,0.6268031051808608,0.0,0.0,0.0,711.0,3.0
card_a56798e8716104d7dd43,state_3f69ac7c947eb0be89eb,sgv31_u04,2,M0+R0|M0+RS|MP+R0|MP+RS,M0+RS,0.6167168348814488,0.0,1.0,0.0,591.0,1.0,0.46554370419943736,0.0,0.3055555555555556,0.25,543.0555555555555,1.4444444444444444,0.5379950269774428,0.0,1.0,1.0,202.0,0.0,0.5379950269774428,0.0,1.0,1.0,202.0,0.0,0.38328316511855115,0.0,0.0,0.0,662.0,2.0
card_a5cca817846cbde36fe2,state_21451b495484048dca78,sgv31_u14,2,M0+R0|M0+RS|MP+R0|MP+RS|MPMS+R0|MPMS+RS|MS+R0|MS+RS,MS+RS,0.36744342063908686,0.0,0.5,0.0,661.0,2.0,0.5451786023733627,0.3055555555555556,0.27777777777777773,0.20833333333333331,583.5,2.0,0.4586852711960211,0.0,0.5,1.0,205.0,0.0,0.4586852711960211,0.0,0.5,1.0,205.0,0.0,0.6720588681568511,0.5,0.0,0.0,729.0,3.0
card_a5ea6f938d42e7de26cc,state_3f69ac7c947eb0be89eb,sgv31_u04,2,M0+R0|M0+RS|ME+R0|ME+RS|MS+R0|MS+RS|MSE+R0|MSE+RS,MSE+RS,0.6385674505492958,0.0,0.0,0.0,668.0,3.0,0.5682463966012625,0.0,0.23611111111111108,0.20833333333333331,548.5833333333334,2.1666666666666665,0.29870331205972045,0.0,0.5,1.0,202.0,0.0,0.5437318268552147,0.0,0.5,0.5,229.0,1.0,0.6385674505492958,0.0,0.0,0.0,668.0,3.0
card_a6b3bc9dfa7cafbcdbd1,state_d8cf272a5436e77b6daf,sgv31_u04,2,M0+R0|M0+RS|ME+R0|ME+RS,ME+R0,0.6167168348814488,0.0,0.0,1.0,242.0,1.0,0.4492950916610539,0.0,0.1527777777777778,0.25,499.41666666666663,1.5972222222222223,0.5379950269774428,0.0,1.0,1.0,194.0,0.0,0.6167168348814488,0.0,0.0,1.0,242.0,1.0,0.38328316511855115,0.0,0.0,0.0,595.0,2.0
card_a710b42cabc0d0cd9450,state_c86d3fb30dea38b154c9,sgv31_u14,2,M0+R0|M0+RS|MS+R0|MS+RS,MS+R0,0.5380951036826758,0.0,0.0,1.0,254.0,1.0,0.40106415972359966,0.0,0.25,0.25,570.75,1.5,0.7490563557512552,0.0,1.0,1.0,195.0,0.0,0.7490563557512552,0.0,1.0,1.0,195.0,0.0,0.3218147329850664,0.0,0.0,0.0,696.0,2.0
card_a7a568f4179503b05c01,state_0a2fb5ddb424dd5410cf,sgv31_u14,2,M0+R0|M0+RS|ME+R0|ME+RS,ME+RS,0.723145270250137,0.0,0.0,0.0,667.0,2.0,0.6112149229090992,0.0,0.0763888888888889,0.25,554.3333333333333,1.5972222222222223,0.42807112701660105,0.0,0.5,1.0,207.0,0.0,0.42439180136663107,0.0,0.0,1.0,231.0,1.0,0.723145270250137,0.0,0.0,0.0,667.0,2.0
card_a7fb8f97deaed4bdda44,state_859240b42f10416cb530,sgv31_u09,2,M0+R0|M0+RS|ME+R0|ME+RS,ME+RS,0.6089661924189973,0.0,0.0,0.0,682.0,2.0,0.533972974480609,0.0,0.1527777777777778,0.25,565.5138888888889,1.5972222222222223,0.4619048963173243,0.0,1.0,1.0,197.0,0.0,0.25094364424874477,0.0,0.0,1.0,246.0,1.0,0.6089661924189973,0.0,0.0,0.0,682.0,2.0
card_a81ff055c2965789479b,state_d8cf272a5436e77b6daf,sgv31_u04,2,M0+R0|M0+RS|MP+R0|MP+RS|MPMS+R0|MPMS+RS|MS+R0|MS+RS,MP+R0,0.5438583591126519,0.0,0.5,1.0,265.0,1.0,0.44801992157374215,0.2638888888888889,0.27777777777777773,0.25,535.8333333333333,2.0,0.556095358058969,0.0,1.0,1.0,194.0,0.0,0.556095358058969,0.0,1.0,1.0,194.0,0.0,0.37666436266824566,0.5,0.0,0.0,668.0,3.0
card_a82f675f1402df81157a,state_4b0fb819f058d71fda0d,sgv31_u09,2,M0+R0|M0+RS|ME+R0|ME+RS,ME+RS,0.3522708302664292,0.0,0.0,0.0,639.0,2.0,0.4261354151332146,0.0,0.1527777777777778,0.25,534.2638888888889,1.5972222222222223,0.6477291697335709,0.0,1.0,1.0,201.0,0.0,0.6477291697335709,0.0,0.0,1.0,250.0,1.0,0.3522708302664292,0.0,0.0,0.0,639.0,2.0
card_a8dceff1dd7472860ab1,state_d54418f29b11e5c34123,sgv31_u04,2,M0+R0|M0+RS|ME+R0|ME+RS|MS+R0|MS+RS|MSE+R0|MSE+RS,MSE+RS,0.7101443214459823,0.0,0.0,0.0,733.0,3.0,0.590620728445922,0.0,0.23611111111111108,0.25,598.0833333333334,2.1666666666666665,0.3471923826249439,0.0,1.0,1.0,205.0,0.0,0.5140305326436126,0.0,0.5,1.0,231.0,1.0,0.7101443214459823,0.0,0.0,0.0,733.0,3.0
card_a986f715f3464e1a58aa,state_4bda41ca102dc08f46c7,sgv31_u09,2,M0+R0|M0+RS|MS+R0|MS+RS,MS+RS,0.38328316511855115,0.0,0.0,0.0,689.0,2.0,0.4525751669903875,0.0,0.1527777777777778,0.25,567.75,1.5,0.5379950269774428,0.0,1.0,1.0,204.0,0.0,0.5379950269774428,0.0,1.0,1.0,204.0,0.0,0.38328316511855115,0.0,0.0,0.0,689.0,2.0
card_a9b2b0b7885df98f7af4,state_b4a416d11e99b04df64f,sgv31_u09,2,M0+R0|M0+RS|ME+R0|ME+RS|MS+R0|MS+RS|MSE+R0|MSE+RS,M0+RS,0.6266250026287751,0.0,0.5,0.0,591.0,1.0,0.5633125013143876,0.2638888888888889,0.23611111111111108,0.25,561.0833333333333,2.1666666666666665,0.373374997371225,0.0,0.5,1.0,202.0,0.0,0.3733749973712249,0.0,0.5,1.0,251.0,1.0,0.6266250026287751,0.5,0.0,0.0,684.0,3.0
card_a9bf323085af07d43b3a,state_0e4ab7bcb78c9c262944,sgv31_u14,2,M0+R0|M0+RS|ME+R0|ME+RS|MP+R0|MP+RS|MPE+R0|MPE+RS,MPE+RS,0.47398948633578664,0.0,0.0,0.0,679.0,3.0,0.5493045632543685,0.0,0.3333333333333333,0.25,545.8333333333334,2.0,0.26874146265510024,0.0,0.5,1.0,196.0,0.0,0.47770721156263013,0.0,0.5,1.0,222.0,1.0,0.47398948633578664,0.0,0.0,0.0,679.0,3.0
card_ab6c9cb210818b89b358,state_0a2fb5ddb424dd5410cf,sgv31_u14,2,M0+R0|M0+RS|ME+R0|ME+RS|MP+R0|MP+RS|MPE+R0|MPE+RS|MPMS+R0|MPMS+RS|MPMSME+R0|MPMSME+RS|MS+R0|MS+RS|MSE+R0|MSE+RS,MPMS+RS,0.6066912758630616,0.5,0.5,0.0,765.0,3.0,0.5281400537844602,0.25,0.513888888888889,0.25,623.5833333333333,2.333333333333333,0.4218804132309002,0.0,0.5,1.0,207.0,0.0,0.6504179431050257,0.0,0.5,1.0,258.0,1.0,0.44375382592552104,0.5,0.0,0.0,807.0,4.0
card_ac0f39c3d73ec5621114,state_8e10d7d94b915a0debeb,sgv31_u14,2,M0+R0|M0+RS|ME+R0|ME+RS|MP+R0|MP+RS|MPE+R0|MPE+RS|MPMS+R0|MPMS+RS|MPMSME+R0|MPMSME+RS|MS+R0|MS+RS|MSE+R0|MSE+RS,MPE+RS,0.6517560364711674,0.5,0.5,0.0,738.0,3.0,0.5641850752928751,0.25,0.4861111111111111,0.23611111111111113,609.3611111111111,2.333333333333333,0.2574302514360265,0.0,0.5,1.0,205.0,0.0,0.471509762736704,0.0,0.5,1.0,234.0,1.0,0.48157236135729337,0.5,0.0,0.0,783.0,4.0
card_ac55e7cc685ebfd2dab1,state_07daf4369b266b71570f,sgv31_u04,2,M0+R0|M0+RS|ME+R0|ME+RS,ME+RS,0.5,0.0,0.0,0.0,667.0,2.0,0.5,0.0,0.027777777777777776,0.25,553.875,1.5972222222222223,0.5,0.0,1.0,1.0,204.0,0.0,0.5,0.0,0.0,1.0,231.0,1.0,0.5,0.0,0.0,0.0,667.0,2.0
card_ae07d962498c73ffb3b1,state_b491459b9b819e0d5ee1,sgv31_u14,2,M0+R0|M0+RS|ME+R0|ME+RS,ME+RS,0.6781852670149338,0.0,0.0,0.0,664.0,2.0,0.6239003812462415,0.0,0.1527777777777778,0.25,551.3333333333334,1.5972222222222223,0.2509436442487448,0.0,1.0,1.0,204.0,0.0,0.6089661924189973,0.0,0.0,1.0,228.0,1.0,0.6781852670149338,0.0,0.0,0.0,664.0,2.0
card_af2d3daedee261e60ce8,state_c86d3fb30dea38b154c9,sgv31_u14,2,M0+R0|M0+RS|ME+R0|ME+RS|MP+R0|MP+RS|MPE+R0|MPE+RS|MPMS+R0|MPMS+RS|MPMSME+R0|MPMSME+RS|MS+R0|MS+RS|MSE+R0|MSE+RS,MSE+R0,0.7143787674097375,0.0,0.0,1.0,296.0,2.0,0.438196531537347,0.013888888888888888,0.5,0.25,618.7222222222222,2.333333333333333,0.4930120029296233,0.0,1.0,0.5,195.0,0.0,0.5417728884863184,0.0,0.5,1.0,246.0,1.0,0.5905827179050058,0.0,0.0,0.0,806.0,4.0
card_b0165a8a6cfaea290239,state_07daf4369b266b71570f,sgv31_u04,2,M0+R0|M0+RS|ME+R0|ME+RS|MP+R0|MP+RS|MPE+R0|MPE+RS,MPE+RS,0.5687827094639252,0.5,0.0,0.0,750.0,3.0,0.44941963313302774,0.2777777777777778,0.05555555555555555,0.25,601.0277777777778,2.0,0.5645031547449333,0.0,1.0,1.0,204.0,0.0,0.5551379426891372,0.0,0.0,1.0,252.0,1.0,0.5687827094639252,0.5,0.0,0.0,750.0,3.0
card_b062da96fc34be25b92c,state_d8cf272a5436e77b6daf,sgv31_u04,2,M0+R0|M0+RS|MS+R0|MS+RS,M0+R0,0.7165554542797429,0.0,1.0,1.0,194.0,0.0,0.4439103641585197,0.0,0.25,0.25,503.0,1.5,0.7165554542797429,0.0,1.0,1.0,194.0,0.0,0.7165554542797429,0.0,1.0,1.0,194.0,0.0,0.4279654139311864,0.0,0.0,0.0,606.0,2.0
card_b1c730d0805458c738dd,state_0e4ab7bcb78c9c262944,sgv31_u14,2,M0+R0|M0+RS|ME+R0|ME+RS,ME+RS,0.5379950269774428,0.0,0.0,0.0,636.0,2.0,0.5416924536045586,0.0,0.1388888888888889,0.25,530.9583333333333,1.5972222222222223,0.38328316511855115,0.0,0.5,1.0,196.0,0.0,0.6167168348814488,0.0,0.0,1.0,247.0,1.0,0.5379950269774428,0.0,0.0,0.0,636.0,2.0
card_b29b520986e84ee588d0,state_859240b42f10416cb530,sgv31_u09,2,M0+R0|M0+RS|ME+R0|ME+RS|MS+R0|MS+RS|MSE+R0|MSE+RS,MS+RS,0.5123516987625082,0.0,0.0,0.0,692.0,2.0,0.5077623806275992,0.0,0.1111111111111111,0.25,579.5833333333333,2.1666666666666665,0.534692026779192,0.0,1.0,1.0,197.0,0.0,0.5779618404836194,0.0,0.0,1.0,225.0,1.0,0.5325144962769613,0.0,0.0,0.0,711.0,3.0
card_b36c262df4b148c6788e,state_3f69ac7c947eb0be89eb,sgv31_u04,2,M0+R0|M0+RS|ME+R0|ME+RS|MP+R0|MP+RS|MPE+R0|MPE+RS|MPMS+R0|MPMS+RS|MPMSME+R0|MPMSME+RS|MS+R0|MS+RS|MSE+R0|MSE+RS,MSE+RS,0.556025573805204,0.5,0.5,0.0,665.0,3.0,0.547500893466296,0.20833333333333331,0.4305555555555556,0.25,567.9722222222222,2.333333333333333,0.3549286238016614,0.0,0.5,1.0,202.0,0.0,0.4591607013671702,0.0,0.5,1.0,226.0,1.0,0.6068630666052125,0.5,0.0,0.0,727.0,4.0
card_b3fd061b50c9193ad095,state_55c11f18b9078c2a9ee3,sgv31_u04,2,M0+R0|M0+RS|ME+R0|ME+RS|MS+R0|MS+RS|MSE+R0|MSE+RS,ME+RS,0.6766371566488075,0.0,0.5,0.0,617.0,2.0,0.5116630721890238,0.0,0.16666666666666666,0.25,547.8333333333333,2.1666666666666665,0.3127561951208175,0.0,1.0,1.0,202.0,0.0,0.5125707565421099,0.0,0.0,1.0,228.0,1.0,0.43164471170150576,0.0,0.0,0.0,667.0,3.0
card_b5c0a51562a057051f24,state_0e4ab7bcb78c9c262944,sgv31_u14,2,M0+R0|M0+RS|ME+R0|ME+RS,ME+RS,0.6781852670149338,0.0,0.0,0.0,611.0,2.0,0.6096027552363565,0.0,0.0763888888888889,0.25,509.77777777777777,1.5972222222222223,0.2509436442487448,0.0,0.5,1.0,196.0,0.0,0.46190489631732423,0.0,0.0,1.0,222.0,1.0,0.6781852670149338,0.0,0.0,0.0,611.0,2.0
card_b6098d55fc1e9cba998b,state_d54418f29b11e5c34123,sgv31_u04,2,M0+R0|M0+RS|ME+R0|ME+RS,ME+RS,0.6477291697335709,0.5,0.0,0.0,705.0,2.0,0.5738645848667854,0.4236111111111111,0.0763888888888889,0.25,584.6666666666666,1.5972222222222223,0.3522708302664292,0.0,0.5,1.0,205.0,0.0,0.3522708302664292,0.5,0.0,1.0,253.0,1.0,0.6477291697335709,0.5,0.0,0.0,705.0,2.0
card_b67a1ff41d56e6a836b1,state_0e4ab7bcb78c9c262944,sgv31_u14,2,M0+R0|M0+RS|MS+R0|MS+RS,MS+RS,0.6477291697335709,0.0,0.0,0.0,644.0,2.0,0.5738645848667855,0.0,0.1527777777777778,0.25,532.0,1.5,0.3522708302664292,0.0,1.0,1.0,196.0,0.0,0.3522708302664292,0.0,1.0,1.0,196.0,0.0,0.6477291697335709,0.0,0.0,0.0,644.0,2.0
card_b6a90327790a2c2d6804,state_4bda41ca102dc08f46c7,sgv31_u09,2,M0+R0|M0+RS|ME+R0|ME+RS,ME+RS,0.4620049730225572,0.0,0.0,0.0,664.0,2.0,0.47334897740950027,0.0,0.1527777777777778,0.25,551.7222222222222,1.5972222222222223,0.6167168348814488,0.0,1.0,1.0,204.0,0.0,0.5379950269774428,0.0,0.0,1.0,232.0,1.0,0.4620049730225572,0.0,0.0,0.0,664.0,2.0
card_b744a4801458a41124c2,state_58898af7613ca2ebd942,sgv31_u09,2,M0+R0|M0+RS|ME+R0|ME+RS,ME+RS,0.6477291697335709,0.0,0.0,0.0,666.0,2.0,0.5738645848667854,0.0,0.0763888888888889,0.25,552.875,1.5972222222222223,0.3522708302664292,0.0,0.5,1.0,203.0,0.0,0.3522708302664292,0.0,0.0,1.0,230.0,1.0,0.6477291697335709,0.0,0.0,0.0,666.0,2.0
card_b75c1519ce9a06eeee07,state_8e10d7d94b915a0debeb,sgv31_u14,2,M0+R0|M0+RS|ME+R0|ME+RS,ME+RS,0.571928872983399,0.0,0.0,0.0,670.0,2.0,0.5650099126331514,0.0,0.0763888888888889,0.25,556.5694444444445,1.5972222222222223,0.27685472974986314,0.0,0.5,1.0,205.0,0.0,0.5756081986333689,0.0,0.0,1.0,234.0,1.0,0.571928872983399,0.0,0.0,0.0,670.0,2.0
card_b7aa44fe378882cafbf9,state_61b6107dd24918d647e5,sgv31_u14,2,M0+R0|M0+RS|MP+R0|MP+RS|MPMS+R0|MPMS+RS|MS+R0|MS+RS,M0+RS,0.5887718590878823,0.0,0.5,0.0,587.0,1.0,0.5559835749002628,0.2222222222222222,0.23611111111111108,0.25,567.3055555555555,2.0,0.47924041769109843,0.0,0.5,1.0,198.0,0.0,0.47924041769109843,0.0,0.5,1.0,198.0,0.0,0.6535355496050836,0.5,0.0,0.0,709.0,3.0
card_ba48b52e879ecf1bde20,state_55c11f18b9078c2a9ee3,sgv31_u04,2,M0+R0|M0+RS,M0+RS,0.5,0.0,1.0,0.0,591.0,1.0,0.5,0.0,1.0,0.25,493.75,0.75,0.5,0.0,1.0,1.0,202.0,0.0,0.5,0.0,1.0,1.0,202.0,0.0,0.5,0.0,1.0,0.0,591.0,1.0
card_bcc327b21171488c193a,state_74c0cb33db3ea38ef4e6,sgv31_u14,2,M0+R0|M0+RS|ME+R0|ME+RS|MP+R0|MP+RS|MPE+R0|MPE+RS,ME+R0,0.6607803324353069,0.0,0.5,1.0,231.0,1.0,0.4451339783496965,0.1527777777777778,0.25,0.25,554.8333333333334,2.0,0.6981196917007121,0.0,0.5,1.0,205.0,0.0,0.6607803324353069,0.0,0.5,1.0,231.0,1.0,0.49241395921933523,0.5,0.0,0.0,688.0,3.0
card_bd3bba26554598f6c018,state_d8cf272a5436e77b6daf,sgv31_u04,2,M0+R0|M0+RS|ME+R0|ME+RS,ME+R0,0.575608198633369,0.0,0.0,1.0,221.0,1.0,0.3887850770909009,0.0,0.0763888888888889,0.25,481.625,1.5972222222222223,0.571928872983399,0.0,0.5,1.0,194.0,0.0,0.575608198633369,0.0,0.0,1.0,221.0,1.0,0.27685472974986314,0.0,0.0,0.0,574.0,2.0
card_bd4d6b9817618592546f,state_fc1f23796b989791b90f,sgv31_u09,2,M0+R0|M0+RS|MS+R0|MS+RS,M0+RS,0.27685472974986314,0.0,0.5,0.0,590.0,1.0,0.5168018219185264,0.0,0.125,0.25,532.5,1.5,0.5756081986333689,0.0,0.5,1.0,201.0,0.0,0.5756081986333689,0.0,0.5,1.0,201.0,0.0,0.5756081986333689,0.0,0.0,0.0,643.0,2.0
card_be2e1efe13f445a9dce9,state_dc14ccf32630197cb5b1,sgv31_u09,2,M0+R0|M0+RS|ME+R0|ME+RS,ME+RS,0.6477291697335709,0.0,0.0,0.0,658.0,2.0,0.5738645848667854,0.0,0.0763888888888889,0.25,549.5138888888889,1.5972222222222223,0.3522708302664292,0.0,0.5,1.0,205.0,0.0,0.3522708302664292,0.0,0.0,1.0,254.0,1.0,0.6477291697335709,0.0,0.0,0.0,658.0,2.0
card_be61f2bea222b2957a5f,state_b491459b9b819e0d5ee1,sgv31_u14,2,M0+R0|M0+RS,M0+RS,0.7215937546003562,0.0,1.0,0.0,640.0,1.0,0.6107968773001781,0.0,1.0,0.25,531.0,0.75,0.27840624539964376,0.0,1.0,1.0,204.0,0.0,0.27840624539964376,0.0,1.0,1.0,204.0,0.0,0.7215937546003562,0.0,1.0,0.0,640.0,1.0
card_be9987f1981ede41797a,state_b4a416d11e99b04df64f,sgv31_u09,2,M0+R0|M0+RS|MP+R0|MP+RS|MPMS+R0|MPMS+RS|MS+R0|MS+RS,M0+RS,0.6476717510996737,0.0,0.5,0.0,591.0,1.0,0.5419143865395919,0.2222222222222222,0.29166666666666663,0.25,565.7777777777778,2.0,0.5446249957869994,0.0,1.0,1.0,202.0,0.0,0.5446249957869994,0.0,1.0,1.0,202.0,0.0,0.5867516439154362,0.5,0.0,0.0,704.0,3.0
card_c139b8edbeb1399d1dc5,state_859240b42f10416cb530,sgv31_u09,2,M0+R0|M0+RS|MS+R0|MS+RS,MS+RS,0.42027387897110263,0.0,0.0,0.0,692.0,2.0,0.4822830842158006,0.0,0.25,0.25,568.25,1.5,0.42027387897110263,0.0,1.0,1.0,197.0,0.0,0.42027387897110263,0.0,1.0,1.0,197.0,0.0,0.42027387897110263,0.0,0.0,0.0,692.0,2.0
card_c2346f631767c2cb31a6,state_e17d45ecc84571b8c3fd,sgv31_u09,2,M0+R0|M0+RS,M0+R0,0.5,0.0,1.0,0.5,195.0,0.0,0.5,0.0,1.0,0.125,525.0,0.75,0.5,0.0,1.0,0.5,195.0,0.0,0.5,0.0,1.0,0.5,195.0,0.0,0.5,0.0,1.0,0.0,635.0,1.0
card_c3296a6311d6391c052f,state_e9cf7c3fd212f8a22767,sgv31_u09,2,M0+R0|M0+RS,M0+R0,0.7215937546003562,0.0,1.0,1.0,198.0,0.0,0.3892031226998219,0.0,1.0,0.25,515.25,0.75,0.7215937546003562,0.0,1.0,1.0,198.0,0.0,0.7215937546003562,0.0,1.0,1.0,198.0,0.0,0.27840624539964376,0.0,1.0,0.0,621.0,1.0
card_c36df0c345d3449fa148,state_5ae0a2fbca808545aea7,sgv31_u09,2,M0+R0|M0+RS|ME+R0|ME+RS,ME+RS,0.5756081986333689,0.0,0.0,0.0,614.0,2.0,0.5087586231752325,0.0,0.0763888888888889,0.25,512.625,1.5972222222222223,0.5756081986333689,0.0,0.5,1.0,198.0,0.0,0.2768547297498632,0.0,0.0,1.0,225.0,1.0,0.5756081986333689,0.0,0.0,0.0,614.0,2.0
card_c396e9c3462b29142008,state_b491459b9b819e0d5ee1,sgv31_u14,2,M0+R0|M0+RS|ME+R0|ME+RS|MP+R0|MP+RS|MPE+R0|MPE+RS,MP+RS,0.6808095618249149,0.5,0.0,0.0,717.0,2.0,0.6056379860324903,0.2777777777777778,0.2222222222222222,0.25,589.0833333333333,2.0,0.21358190069311742,0.0,0.5,1.0,204.0,0.0,0.43818374049760367,0.0,0.5,1.0,230.0,1.0,0.6780455494619062,0.5,0.0,0.0,734.0,3.0
card_c3d7e8b84460542cd949,state_4bda41ca102dc08f46c7,sgv31_u09,2,M0+R0|M0+RS|ME+R0|ME+RS|MP+R0|MP+RS|MPE+R0|MPE+RS|MPMS+R0|MPMS+RS|MPMSME+R0|MPMSME+RS|MS+R0|MS+RS|MSE+R0|MSE+RS,MP+RS,0.4940690813773359,0.5,0.5,0.0,705.0,2.0,0.5071949628689492,0.25,0.4722222222222222,0.25,611.9444444444445,2.333333333333333,0.45839045168138737,0.0,1.0,1.0,204.0,0.0,0.29590604616816013,0.0,0.5,1.0,253.0,1.0,0.4172647275914081,0.5,0.0,0.0,789.0,4.0
card_c3ff683fd1673df56708,state_21451b495484048dca78,sgv31_u14,2,M0+R0|M0+RS|ME+R0|ME+RS|MP+R0|MP+RS|MPE+R0|MPE+RS|MPMS+R0|MPMS+RS|MPMSME+R0|MPMSME+RS|MS+R0|MS+RS|MSE+R0|MSE+RS,MSE+RS,0.5816691926084482,0.0,0.5,0.0,678.0,3.0,0.5410582939786561,0.25,0.3333333333333333,0.25,581.0833333333333,2.333333333333333,0.45351846061874745,0.0,0.5,1.0,205.0,0.0,0.44199691407848163,0.0,0.5,1.0,231.0,1.0,0.5335344706343278,0.5,0.0,0.0,746.0,4.0
card_c425c0a958e54c017203,state_d8cf272a5436e77b6daf,sgv31_u04,2,M0+R0|M0+RS|MP+R0|MP+RS,MP+R0,0.42027387897110263,0.0,0.0,1.0,265.0,1.0,0.5088584578920997,0.25,0.3055555555555556,0.25,508.05555555555554,1.4444444444444444,0.5797261210288974,0.0,1.0,1.0,194.0,0.0,0.5797261210288974,0.0,1.0,1.0,194.0,0.0,0.5797261210288974,0.5,0.0,0.0,618.0,2.0
card_c496ffe107dc38279523,state_e17d45ecc84571b8c3fd,sgv31_u09,2,M0+R0|M0+RS|ME+R0|ME+RS|MP+R0|MP+RS|MPE+R0|MPE+RS|MPMS+R0|MPMS+RS|MPMSME+R0|MPMSME+RS|MS+R0|MS+RS|MSE+R0|MSE+RS,MPMSME+R0,0.4541421637256218,0.5,0.0,1.0,354.0,3.0,0.5061492947136366,0.16666666666666666,0.20833333333333331,0.20833333333333331,612.1111111111111,2.333333333333333,0.512654901371769,0.0,1.0,1.0,195.0,0.0,0.5086372042697338,0.0,0.0,1.0,244.0,1.0,0.5738165463725108,0.5,0.0,0.0,794.0,4.0
card_c52c4fbe292131fcbd13,state_0a2fb5ddb424dd5410cf,sgv31_u14,2,M0+R0|M0+RS|ME+R0|ME+RS|MS+R0|MS+RS|MSE+R0|MSE+RS,MSE+RS,0.5530389626836631,0.5,0.0,0.0,712.0,3.0,0.5274661179527103,0.2638888888888889,0.23611111111111108,0.25,583.25,2.1666666666666665,0.509178265830613,0.0,0.5,1.0,207.0,0.0,0.5449648887056912,0.0,0.5,1.0,231.0,1.0,0.5530389626836631,0.5,0.0,0.0,712.0,3.0
card_c6142f315054900ef27f,state_1d8fc8ca2ea288d86bd9,sgv31_u04,2,M0+R0|M0+RS|MP+R0|MP+RS|MPMS+R0|MPMS+RS|MS+R0|MS+RS,MP+RS,0.5217143616490375,0.0,0.5,0.0,668.0,2.0,0.5453472904003048,0.2222222222222222,0.375,0.20833333333333331,575.3333333333334,2.0,0.46612482842939584,0.0,1.0,1.0,202.0,0.0,0.46612482842939584,0.0,1.0,1.0,202.0,0.0,0.6004932533109557,0.5,0.0,0.0,718.0,3.0
card_c674a300250034e41791,state_bdca174f3b0e6f349104,sgv31_u04,2,M0+R0|M0+RS|MP+R0|MP+RS,M0+R0,0.571928872983399,0.0,0.5,1.0,199.0,0.0,0.42602705721106215,0.25,0.1527777777777778,0.25,540.0555555555555,1.4444444444444444,0.571928872983399,0.0,0.5,1.0,199.0,0.0,0.571928872983399,0.0,0.5,1.0,199.0,0.0,0.27685472974986314,0.5,0.0,0.0,659.0,2.0
card_c67f1a70c39d3871018a,state_3f69ac7c947eb0be89eb,sgv31_u04,2,M0+R0|M0+RS|MP+R0|MP+RS|MPMS+R0|MPMS+RS|MS+R0|MS+RS,MS+RS,0.6503882362841801,0.0,0.5,0.0,650.0,2.0,0.575318661562872,0.027777777777777776,0.2777777777777778,0.25,570.8333333333334,2.0,0.3831444653005148,0.0,0.5,1.0,202.0,0.0,0.3831444653005148,0.0,0.5,1.0,202.0,0.0,0.6799552342279236,0.0,0.0,0.0,712.0,3.0
card_c795f648c59577748b05,state_21451b495484048dca78,sgv31_u14,2,M0+R0|M0+RS|MP+R0|MP+RS,M0+RS,0.5380951036826757,0.0,0.5,0.0,602.0,1.0,0.6029649015473285,0.3472222222222222,0.18055555555555555,0.25,556.2222222222222,1.4444444444444444,0.32181473298506635,0.0,1.0,1.0,205.0,0.0,0.32181473298506635,0.0,1.0,1.0,205.0,0.0,0.7490563557512552,0.5,0.0,0.0,679.0,2.0
card_c839b5ccaee5aedcad3b,state_8a533d82e397a797501c,sgv31_u04,2,M0+R0|M0+RS|MP+R0|MP+RS,MP+RS,0.5,0.5,0.0,0.0,706.0,2.0,0.5,0.3472222222222222,0.3055555555555556,0.25,575.3055555555555,1.4444444444444444,0.5,0.0,1.0,1.0,199.0,0.0,0.5,0.0,1.0,1.0,199.0,0.0,0.5,0.5,0.0,0.0,706.0,2.0
card_c8b1787ce5803358646b,state_74c0cb33db3ea38ef4e6,sgv31_u14,2,M0+R0|M0+RS|MS+R0|MS+RS,M0+R0,0.6873181682420647,0.0,0.5,1.0,205.0,0.0,0.48865262229410145,0.0,0.125,0.25,541.0,1.5,0.6873181682420647,0.0,0.5,1.0,205.0,0.0,0.6873181682420647,0.0,0.5,1.0,205.0,0.0,0.5406219418306134,0.0,0.0,0.0,653.0,2.0
card_ca060e05832706a0a673,state_3f69ac7c947eb0be89eb,sgv31_u04,2,M0+R0|M0+RS|ME+R0|ME+RS,ME+RS,0.6781852670149338,0.0,0.0,0.0,615.0,2.0,0.6239003812462415,0.0,0.09027777777777778,0.25,514.0833333333334,1.5972222222222223,0.2509436442487448,0.0,1.0,1.0,202.0,0.0,0.6089661924189973,0.0,0.0,1.0,226.0,1.0,0.6781852670149338,0.0,0.0,0.0,615.0,2.0
card_cb3a48be1cab1e816a8a,state_8e10d7d94b915a0debeb,sgv31_u14,2,M0+R0|M0+RS|ME+R0|ME+RS|MP+R0|MP+RS|MPE+R0|MPE+RS,MPE+RS,0.7112467436648576,0.5,0.0,0.0,738.0,3.0,0.5829790654550299,0.2777777777777778,0.3472222222222222,0.25,592.1666666666666,2.0,0.23466745152037885,0.0,0.5,1.0,205.0,0.0,0.46966351897446035,0.0,0.5,1.0,234.0,1.0,0.7112467436648576,0.5,0.0,0.0,738.0,3.0
card_cb4d81216cfef0cfc7c2,state_8a533d82e397a797501c,sgv31_u04,2,M0+R0|M0+RS|MP+R0|MP+RS|MPMS+R0|MPMS+RS|MS+R0|MS+RS,MPMS+RS,0.5519277671968233,0.0,0.0,0.0,756.0,3.0,0.4916495069212318,0.0,0.33333333333333326,0.25,603.0833333333333,2.0,0.5115689059225076,0.0,1.0,1.0,199.0,0.0,0.5115689059225076,0.0,1.0,1.0,199.0,0.0,0.5519277671968233,0.0,0.0,0.0,756.0,3.0
card_cb65ebbc1aad96a75c23,state_03db34c217f0f4dcbf3b,sgv31_u14,2,M0+R0|M0+RS|ME+R0|ME+RS|MP+R0|MP+RS|MPE+R0|MPE+RS|MPMS+R0|MPMS+RS|MPMSME+R0|MPMSME+RS|MS+R0|MS+RS|MSE+R0|MSE+RS,MP+R0,0.4165346532764476,0.0,0.0,1.0,222.0,1.0,0.5014475243677605,0.0,0.05555555555555555,0.25,579.4722222222222,2.333333333333333,0.640309842303185,0.0,1.0,1.0,195.0,0.0,0.4057378641857749,0.0,0.0,1.0,246.0,1.0,0.6764333846289337,0.0,0.0,0.0,737.0,4.0
card_cba20ba59e482ee53c0c,state_8e10d7d94b915a0debeb,sgv31_u14,2,M0+R0|M0+RS|MP+R0|MP+RS|MPMS+R0|MPMS+RS|MS+R0|MS+RS,MPMS+RS,0.4666242473950345,0.5,0.0,0.0,763.0,3.0,0.5144122836686257,0.3055555555555556,0.36111111111111116,0.25,609.5555555555555,2.0,0.3355139683718883,0.0,0.5,1.0,205.0,0.0,0.3355139683718883,0.0,0.5,1.0,205.0,0.0,0.4666242473950345,0.5,0.0,0.0,763.0,3.0
card_cc34020842c9e7a5721e,state_21451b495484048dca78,sgv31_u14,2,M0+R0|M0+RS|ME+R0|ME+RS,ME+RS,0.27685472974986314,0.0,0.0,0.0,626.0,2.0,0.3887850770909009,0.0,0.09027777777777778,0.2361111111111111,523.0833333333333,1.5972222222222223,0.571928872983399,0.0,1.0,0.5,205.0,0.0,0.575608198633369,0.0,0.0,1.0,229.0,1.0,0.27685472974986314,0.0,0.0,0.0,626.0,2.0
card_cc464c73e9a78d9b1011,state_d54418f29b11e5c34123,sgv31_u04,2,M0+R0|M0+RS|ME+R0|ME+RS|MP+R0|MP+RS|MPE+R0|MPE+RS,MP+RS,0.6360523459799305,0.5,0.5,0.0,728.0,2.0,0.5694743731596796,0.2777777777777778,0.3333333333333333,0.25,614.0277777777778,2.0,0.3034125791350576,0.0,0.5,1.0,205.0,0.0,0.37339310296289957,0.0,0.5,1.0,253.0,1.0,0.6355664022479796,0.5,0.0,0.0,767.0,3.0
card_cf2ca5d5be5bf932c025,state_1d8fc8ca2ea288d86bd9,sgv31_u04,2,M0+R0|M0+RS|ME+R0|ME+RS,M0+RS,0.5379950269774428,0.0,1.0,0.0,597.0,1.0,0.550704908338946,0.0,0.1388888888888889,0.125,521.125,1.5972222222222223,0.4620049730225572,0.0,0.5,0.5,202.0,0.0,0.38328316511855115,0.0,0.0,0.5,229.0,1.0,0.6167168348814488,0.0,0.0,0.0,624.0,2.0
card_cfa55964f79c3b156d31,state_1d8fc8ca2ea288d86bd9,sgv31_u04,2,M0+R0|M0+RS|MP+R0|MP+RS,MP+RS,0.42439180136663107,0.0,0.0,0.0,668.0,2.0,0.4997955930194461,0.0,0.3055555555555556,0.25,547.5555555555555,1.4444444444444444,0.42439180136663107,0.0,1.0,1.0,202.0,0.0,0.42439180136663107,0.0,1.0,1.0,202.0,0.0,0.42439180136663107,0.0,0.0,0.0,668.0,2.0
card_d0479ceec044eca6411c,state_4bda41ca102dc08f46c7,sgv31_u09,2,M0+R0|M0+RS|ME+R0|ME+RS|MS+R0|MS+RS|MSE+R0|MSE+RS,ME+RS,0.5202766844833294,0.0,0.5,0.0,664.0,2.0,0.4658892913618031,0.0,0.16666666666666666,0.25,579.5833333333333,2.1666666666666665,0.3924950353304916,0.0,1.0,1.0,204.0,0.0,0.6107161897618786,0.0,0.5,1.0,232.0,1.0,0.3526000139067103,0.0,0.0,0.0,708.0,3.0
card_d04a347a7d06dfd3c061,state_74c0cb33db3ea38ef4e6,sgv31_u14,2,M0+R0|M0+RS|MP+R0|MP+RS|MPMS+R0|MPMS+RS|MS+R0|MS+RS,M0+R0,0.6535355496050835,0.0,1.0,1.0,205.0,0.0,0.47352219560999975,0.2638888888888889,0.29166666666666663,0.25,577.5,2.0,0.6535355496050835,0.0,1.0,1.0,205.0,0.0,0.6535355496050835,0.0,1.0,1.0,205.0,0.0,0.4792404176910985,0.5,0.0,0.0,721.0,3.0
card_d234eb8be5a59c64b2bc,state_3af27640cf98f104236f,sgv31_u04,2,M0+R0|M0+RS|ME+R0|ME+RS|MS+R0|MS+RS|MSE+R0|MSE+RS,MSE+R0,0.666406079165946,0.0,0.0,1.0,266.0,2.0,0.45808970162313095,0.0,0.18055555555555555,0.25,570.8333333333333,2.1666666666666665,0.666406079165946,0.0,1.0,1.0,189.0,0.0,0.4633185560230354,0.0,0.0,1.0,216.0,1.0,0.45675583454589547,0.0,0.0,0.0,702.0,3.0
card_d2b8542c2b6243f48abe,state_e17d45ecc84571b8c3fd,sgv31_u09,2,M0+R0|M0+RS|MP+R0|MP+RS|MPMS+R0|MPMS+RS|MS+R0|MS+RS,MPMS+R0,0.6039832713018166,0.0,0.0,1.0,314.0,2.0,0.45199872147916476,0.19444444444444445,0.08333333333333333,0.25,600.8611111111111,2.0,0.6039832713018166,0.0,1.0,1.0,195.0,0.0,0.6039832713018166,0.0,1.0,1.0,195.0,0.0,0.39180858762338716,0.5,0.0,0.0,754.0,3.0
card_d38a349bdc22e084d010,state_1d8fc8ca2ea288d86bd9,sgv31_u04,2,M0+R0|M0+RS|ME+R0|ME+RS,M0+RS,0.6508241519760448,0.0,0.5,0.0,597.0,1.0,0.45391484245176406,0.0,0.0763888888888889,0.25,538.9166666666666,1.5972222222222223,0.3491758480239551,0.0,0.5,1.0,202.0,0.0,0.6508241519760448,0.0,0.0,1.0,250.0,1.0,0.3491758480239551,0.0,0.0,0.0,645.0,2.0
card_d4a5e7d9e8fe276b859f,state_5ae0a2fbca808545aea7,sgv31_u09,2,M0+R0|M0+RS|ME+R0|ME+RS|MS+R0|MS+RS|MSE+R0|MSE+RS,ME+RS,0.47572008525790915,0.0,0.5,0.0,610.0,2.0,0.5146177566571393,0.2638888888888889,0.20833333333333331,0.25,537.5833333333333,2.1666666666666665,0.5655000160805729,0.0,0.5,1.0,198.0,0.0,0.26631254458115106,0.0,0.5,1.0,221.0,1.0,0.5655000160805729,0.5,0.0,0.0,654.0,3.0
card_d4c7daacf43ce8d80f2c,state_0a2fb5ddb424dd5410cf,sgv31_u14,2,M0+R0|M0+RS|ME+R0|ME+RS|MP+R0|MP+RS|MPE+R0|MPE+RS,MP+RS,0.44264519176921796,0.5,0.0,0.0,720.0,2.0,0.5135942894056045,0.2777777777777778,0.2222222222222222,0.25,609.4444444444445,2.0,0.5874078525373678,0.0,0.5,1.0,207.0,0.0,0.6002640412119055,0.0,0.5,1.0,258.0,1.0,0.5448772530344593,0.5,0.0,0.0,762.0,3.0
card_d5c94fcce0ddd4e3f90d,state_58898af7613ca2ebd942,sgv31_u09,2,M0+R0|M0+RS|ME+R0|ME+RS,ME+RS,0.6781852670149338,0.0,0.0,0.0,667.0,2.0,0.6096027552363565,0.0,0.1388888888888889,0.25,553.7222222222222,1.5972222222222223,0.2509436442487448,0.0,0.5,1.0,203.0,0.0,0.46190489631732423,0.0,0.0,1.0,231.0,1.0,0.6781852670149338,0.0,0.0,0.0,667.0,2.0
card_d5fbc9cb951e293aa288,state_e9cf7c3fd212f8a22767,sgv31_u09,2,M0+R0|M0+RS|ME+R0|ME+RS,ME+R0,0.5379950269774428,0.0,0.0,0.5,226.0,1.0,0.47334897740950027,0.0,0.1527777777777778,0.1388888888888889,538.9722222222222,1.5972222222222223,0.6167168348814488,0.0,1.0,1.0,198.0,0.0,0.5379950269774428,0.0,0.0,0.5,226.0,1.0,0.4620049730225572,0.0,0.0,0.0,649.0,2.0
card_d66f7c72b358fe97f879,state_5ae0a2fbca808545aea7,sgv31_u09,2,M0+R0|M0+RS|MP+R0|MP+RS,M0+RS,0.5379950269774428,0.0,0.5,0.0,587.0,1.0,0.5430513992371677,0.0,0.1527777777777778,0.25,537.6666666666666,1.4444444444444444,0.4620049730225572,0.0,0.5,1.0,198.0,0.0,0.4620049730225572,0.0,0.5,1.0,198.0,0.0,0.6167168348814488,0.0,0.0,0.0,656.0,2.0
card_d9ce1a35908a4b7ab8a1,state_0e4ab7bcb78c9c262944,sgv31_u14,2,M0+R0|M0+RS|MP+R0|MP+RS|MPMS+R0|MPMS+RS|MS+R0|MS+RS,MPMS+RS,0.5534907227078518,0.0,0.0,0.0,712.0,3.0,0.5374176891731578,0.0,0.375,0.25,568.5,2.0,0.38070541395527757,0.0,1.0,1.0,196.0,0.0,0.38070541395527757,0.0,1.0,1.0,196.0,0.0,0.5534907227078518,0.0,0.0,0.0,712.0,3.0
card_da2b6c406e80600e27c4,state_d54418f29b11e5c34123,sgv31_u04,2,M0+R0|M0+RS|MS+R0|MS+RS,MS+RS,0.6477291697335709,0.0,0.0,0.0,716.0,2.0,0.5738645848667855,0.0,0.125,0.25,588.25,1.5,0.3522708302664292,0.0,0.5,1.0,205.0,0.0,0.3522708302664292,0.0,0.5,1.0,205.0,0.0,0.6477291697335709,0.0,0.0,0.0,716.0,2.0
card_db60cea601ad78bc8a19,state_03db34c217f0f4dcbf3b,sgv31_u14,2,M0+R0|M0+RS|MS+R0|MS+RS,MS+R0,0.5,0.0,0.0,0.5,254.0,1.0,0.3643971600331656,0.0,0.25,0.1527777777777778,556.5,1.5,0.771205679933669,0.0,1.0,1.0,195.0,0.0,0.771205679933669,0.0,1.0,1.0,195.0,0.0,0.22879432006633116,0.0,0.0,0.0,677.0,2.0
card_dc0d17ce2cecaacbe928,state_fc1f23796b989791b90f,sgv31_u09,2,M0+R0|M0+RS|ME+R0|ME+RS|MP+R0|MP+RS|MPE+R0|MPE+RS,ME+RS,0.5221865914711172,0.0,0.5,0.0,639.0,2.0,0.5200955100024595,0.013888888888888888,0.3472222222222222,0.25,562.3611111111111,2.0,0.4778134085288828,0.0,0.5,1.0,201.0,0.0,0.4778134085288828,0.0,0.5,1.0,250.0,1.0,0.5221865914711172,0.0,0.0,0.0,699.0,3.0
card_dd57fc67e82fae55f994,state_c86d3fb30dea38b154c9,sgv31_u14,2,M0+R0|M0+RS|ME+R0|ME+RS|MS+R0|MS+RS|MSE+R0|MSE+RS,MSE+R0,0.5930637803125677,0.0,0.0,1.0,269.0,2.0,0.5135030213162793,0.20833333333333334,0.2222222222222222,0.20833333333333331,579.0833333333333,2.1666666666666665,0.596127632669659,0.0,1.0,1.0,195.0,0.0,0.6479652595004531,0.0,0.5,0.5,219.0,1.0,0.5981840361687745,0.5,0.0,0.0,711.0,3.0
card_df0c481e0c488a2d25ba,state_55c11f18b9078c2a9ee3,sgv31_u04,2,M0+R0|M0+RS|ME+R0|ME+RS,ME+RS,0.45937805816938654,0.0,0.0,0.0,615.0,2.0,0.5018498731195369,0.0,0.1527777777777778,0.25,514.0833333333334,1.5972222222222223,0.3126818317579353,0.0,1.0,1.0,202.0,0.0,0.5406219418306134,0.0,0.0,1.0,226.0,1.0,0.45937805816938654,0.0,0.0,0.0,615.0,2.0
card_df85eba95466c76fe580,state_b491459b9b819e0d5ee1,sgv31_u14,2,M0+R0|M0+RS|MP+R0|MP+RS|MPMS+R0|MPMS+RS|MS+R0|MS+RS,MPMS+RS,0.696810472244617,0.5,0.0,0.0,762.0,3.0,0.550208101752118,0.3055555555555556,0.29166666666666663,0.25,608.5555555555555,2.0,0.6209398118200486,0.0,1.0,1.0,204.0,0.0,0.6209398118200486,0.0,1.0,1.0,204.0,0.0,0.696810472244617,0.5,0.0,0.0,762.0,3.0
card_e0428169371fd425ee3b,state_74c0cb33db3ea38ef4e6,sgv31_u14,2,M0+R0|M0+RS|ME+R0|ME+RS|MP+R0|MP+RS|MPE+R0|MPE+RS|MPMS+R0|MPMS+RS|MPMSME+R0|MPMSME+RS|MS+R0|MS+RS|MSE+R0|MSE+RS,ME+R0,0.5698227434361233,0.0,0.5,1.0,231.0,1.0,0.4846095510469621,0.3333333333333333,0.4722222222222222,0.25,575.0833333333334,2.333333333333333,0.6015437726313239,0.0,0.5,1.0,205.0,0.0,0.5698227434361233,0.0,0.5,1.0,231.0,1.0,0.49913726074894477,0.5,0.0,0.0,738.0,4.0
card_e241e6f65a4e02f677bd,state_fc1f23796b989791b90f,sgv31_u09,2,M0+R0|M0+RS|ME+R0|ME+RS|MP+R0|MP+RS|MPE+R0|MPE+RS|MPMS+R0|MPMS+RS|MPMSME+R0|MPMSME+RS|MS+R0|MS+RS|MSE+R0|MSE+RS,ME+RS,0.591860525646116,0.0,0.5,0.0,639.0,2.0,0.5444352914434297,0.3472222222222222,0.4861111111111111,0.25,576.6944444444445,2.333333333333333,0.40110255335774525,0.0,1.0,1.0,201.0,0.0,0.40813947435388404,0.0,0.5,1.0,250.0,1.0,0.5442409381325106,0.5,0.0,0.0,743.0,4.0
card_e2b144729a7e87ea4ab3,state_e17d45ecc84571b8c3fd,sgv31_u09,2,M0+R0|M0+RS|ME+R0|ME+RS,ME+R0,0.7490563557512552,0.0,0.0,1.0,244.0,1.0,0.466027025519391,0.0,0.1527777777777778,0.25,566.5138888888889,1.5972222222222223,0.5380951036826757,0.0,1.0,1.0,195.0,0.0,0.7490563557512552,0.0,0.0,1.0,244.0,1.0,0.3910338075810027,0.0,0.0,0.0,684.0,2.0
card_e34780192f1e1fe330ae,state_9a2fa510ac695aa608c7,sgv31_u09,2,M0+R0|M0+RS|ME+R0|ME+RS|MP+R0|MP+RS|MPE+R0|MPE+RS,MP+RS,0.6267127362310241,0.5,0.5,0.0,718.0,2.0,0.5791892670611883,0.1111111111111111,0.375,0.25,608.6111111111111,2.0,0.3647553113961193,0.0,0.5,1.0,209.0,0.0,0.3956876832675295,0.0,0.5,1.0,258.0,1.0,0.5736943036584089,0.0,0.0,0.0,758.0,3.0
card_e35abd2152631f1d4871,state_07daf4369b266b71570f,sgv31_u04,2,M0+R0|M0+RS|MS+R0|MS+RS,MS+RS,0.5,0.0,0.0,0.0,699.0,2.0,0.5,0.0,0.1527777777777778,0.25,575.25,1.5,0.5,0.0,1.0,1.0,204.0,0.0,0.5,0.0,1.0,1.0,204.0,0.0,0.5,0.0,0.0,0.0,699.0,2.0
card_e36e6ee6c9714ff973a9,state_d54418f29b11e5c34123,sgv31_u04,2,M0+R0|M0+RS|MP+R0|MP+RS|MPMS+R0|MPMS+RS|MS+R0|MS+RS,MPMS+RS,0.6155579657224995,0.5,0.0,0.0,778.0,3.0,0.5530372542346601,0.2222222222222222,0.29166666666666663,0.25,621.0833333333334,2.0,0.4481591770348113,0.0,1.0,1.0,205.0,0.0,0.4481591770348113,0.0,1.0,1.0,205.0,0.0,0.6155579657224995,0.5,0.0,0.0,778.0,3.0
card_e3c4435e654a4e8bfc0c,state_a20f337f7e6e030a42ce,sgv31_u04,2,M0+R0|M0+RS|ME+R0|ME+RS,ME+RS,0.6477291697335709,0.0,0.0,0.0,631.0,2.0,0.5738645848667854,0.0,0.0763888888888889,0.25,526.3333333333333,1.5972222222222223,0.3522708302664292,0.0,0.5,1.0,203.0,0.0,0.3522708302664292,0.0,0.0,1.0,227.0,1.0,0.6477291697335709,0.0,0.0,0.0,631.0,2.0
card_e4f9904527cc7a226371,state_03db34c217f0f4dcbf3b,sgv31_u14,2,M0+R0|M0+RS|ME+R0|ME+RS,M0+R0,0.4620049730225572,0.0,1.0,1.0,195.0,0.0,0.550704908338946,0.0,0.1527777777777778,0.25,532.5833333333334,1.5972222222222223,0.4620049730225572,0.0,1.0,1.0,195.0,0.0,0.38328316511855115,0.0,0.0,1.0,219.0,1.0,0.6167168348814488,0.0,0.0,0.0,642.0,2.0
card_e568067d4871f1e7fd7f,state_f0c41e06c80a2e1fb9c6,sgv31_u04,2,M0+R0|M0+RS|ME+R0|ME+RS,ME+RS,0.42807112701660105,0.0,0.0,0.0,704.0,2.0,0.4349900873668486,0.1111111111111111,0.0763888888888889,0.25,583.6666666666667,1.5972222222222223,0.723145270250137,0.0,0.5,1.0,204.0,0.0,0.42439180136663107,0.5,0.0,1.0,252.0,1.0,0.42807112701660105,0.0,0.0,0.0,704.0,2.0
card_e5c8b6ed194aa3efedb2,state_b4a416d11e99b04df64f,sgv31_u09,2,M0+R0|M0+RS|ME+R0|ME+RS|MP+R0|MP+RS|MPE+R0|MPE+RS,ME+RS,0.5875743857807046,0.0,0.5,0.0,618.0,2.0,0.5346288710947207,0.1527777777777778,0.375,0.2361111111111111,548.0833333333334,2.0,0.5232106478308899,0.0,0.5,1.0,202.0,0.0,0.4113206928692049,0.0,0.5,1.0,229.0,1.0,0.47558006384763163,0.5,0.0,0.0,678.0,3.0
card_e5f7afd4907bb194d4ad,state_b4a416d11e99b04df64f,sgv31_u09,2,M0+R0|M0+RS|MP+R0|MP+RS,M0+RS,0.6477291697335709,0.0,1.0,0.0,591.0,1.0,0.5738645848667854,0.0,0.2777777777777778,0.25,541.6666666666667,1.4444444444444444,0.3522708302664292,0.0,0.5,1.0,202.0,0.0,0.3522708302664292,0.0,0.5,1.0,202.0,0.0,0.6477291697335709,0.0,0.0,0.0,660.0,2.0
card_e72e251a05dba54b2f1d,state_fc1f23796b989791b90f,sgv31_u09,2,M0+R0|M0+RS|ME+R0|ME+RS,ME+RS,0.6477291697335709,0.0,0.0,0.0,618.0,2.0,0.5738645848667854,0.0,0.0763888888888889,0.25,516.4722222222222,1.5972222222222223,0.3522708302664292,0.0,0.5,1.0,201.0,0.0,0.3522708302664292,0.0,0.0,1.0,229.0,1.0,0.6477291697335709,0.0,0.0,0.0,618.0,2.0
card_e7bf8e7ea151aa1b5a21,state_bdca174f3b0e6f349104,sgv31_u04,2,M0+R0|M0+RS|ME+R0|ME+RS|MP+R0|MP+RS|MPE+R0|MPE+RS|MPMS+R0|MPMS+RS|MPMSME+R0|MPMSME+RS|MS+R0|MS+RS|MSE+R0|MSE+RS,MS+R0,0.6268365835649236,0.0,0.5,1.0,258.0,1.0,0.44790770890543896,0.2638888888888889,0.47222222222222227,0.3333333333333333,564.9722222222222,2.333333333333333,0.6129713381301232,0.0,1.0,0.5,199.0,0.0,0.6178311689941461,0.0,0.5,1.0,223.0,1.0,0.39426637252537894,0.5,0.0,0.0,724.0,4.0
card_e88f9258558cc3a8bd8a,state_61b6107dd24918d647e5,sgv31_u14,2,M0+R0|M0+RS|ME+R0|ME+RS,M0+RS,0.6873181682420647,0.0,1.0,0.0,587.0,1.0,0.4142396267904759,0.0,0.1527777777777778,0.5625,511.77777777777777,1.5972222222222223,0.45937805816938654,0.0,1.0,1.0,198.0,0.0,0.5406219418306134,0.0,0.0,1.0,224.0,1.0,0.31268183175793535,0.0,0.0,0.5,613.0,2.0
card_e8aa93a51a566d81dad9,state_1d8fc8ca2ea288d86bd9,sgv31_u04,2,M0+R0|M0+RS,M0+RS,0.7215937546003562,0.0,1.0,0.0,597.0,1.0,0.6107968773001781,0.0,1.0,0.25,498.25,0.75,0.27840624539964376,0.0,1.0,1.0,202.0,0.0,0.27840624539964376,0.0,1.0,1.0,202.0,0.0,0.7215937546003562,0.0,1.0,0.0,597.0,1.0
card_e981352de1cbca0fe6fc,state_4b0fb819f058d71fda0d,sgv31_u09,2,M0+R0|M0+RS|ME+R0|ME+RS|MS+R0|MS+RS|MSE+R0|MSE+RS,MSE+RS,0.4663013258111151,0.0,0.0,0.0,668.0,3.0,0.5033632566038193,0.0,0.2916666666666667,0.3055555555555556,548.3333333333334,2.1666666666666665,0.33574921838713984,0.0,1.0,1.0,201.0,0.0,0.6307617025376867,0.0,0.5,1.0,229.0,1.0,0.4663013258111151,0.0,0.0,0.0,668.0,3.0
card_ea63ba753d8585763ac9,state_bdca174f3b0e6f349104,sgv31_u04,2,M0+R0|M0+RS|ME+R0|ME+RS,ME+R0,0.5379950269774428,0.0,0.0,0.5,225.0,1.0,0.47334897740950027,0.0,0.09027777777777778,0.2013888888888889,512.7777777777778,1.5972222222222223,0.6167168348814488,0.0,1.0,1.0,199.0,0.0,0.5379950269774428,0.0,0.0,0.5,225.0,1.0,0.4620049730225572,0.0,0.0,0.0,614.0,2.0
card_ec0153751030ff9bfd07,state_7d71e037394fc11eac5b,sgv31_u04,2,M0+R0|M0+RS|ME+R0|ME+RS|MS+R0|MS+RS|MSE+R0|MSE+RS,MS+RS,0.6979730837321494,0.0,0.5,0.0,673.0,2.0,0.49716120325288427,0.0,0.23611111111111108,0.25,560.8333333333334,2.1666666666666665,0.38555729295581637,0.0,1.0,1.0,191.0,0.0,0.5258963009049401,0.0,0.5,1.0,215.0,1.0,0.4242953763678665,0.0,0.0,0.0,688.0,3.0
card_ec1c02aadbb12dbc7a63,state_12bb607e886020ff0ead,sgv31_u14,2,M0+R0|M0+RS|ME+R0|ME+RS|MP+R0|MP+RS|MPE+R0|MPE+RS,MPE+R0,0.4862136247192077,0.5,0.0,1.0,314.0,2.0,0.5323619759085475,0.2777777777777778,0.375,0.25,597.4444444444445,2.0,0.27278998592893383,0.0,1.0,1.0,195.0,0.0,0.5558168485880822,0.0,0.5,1.0,246.0,1.0,0.6053617539782753,0.5,0.0,0.0,750.0,3.0
card_ed01f3b2335565d6c59b,state_40a48eba4f1fe0037711,sgv31_u09,2,M0+R0|M0+RS,M0+RS,0.27840624539964376,0.0,1.0,0.0,655.0,1.0,0.3892031226998219,0.0,1.0,0.25,542.0,0.75,0.7215937546003562,0.0,1.0,1.0,203.0,0.0,0.7215937546003562,0.0,1.0,1.0,203.0,0.0,0.27840624539964376,0.0,1.0,0.0,655.0,1.0
card_ed5af4e25800aa81b170,state_40a48eba4f1fe0037711,sgv31_u09,2,M0+R0|M0+RS|MS+R0|MS+RS,MS+RS,0.3522708302664292,0.0,0.0,0.0,708.0,2.0,0.4261354151332146,0.0,0.1527777777777778,0.25,581.75,1.5,0.6477291697335709,0.0,1.0,1.0,203.0,0.0,0.6477291697335709,0.0,1.0,1.0,203.0,0.0,0.3522708302664292,0.0,0.0,0.0,708.0,2.0
card_ee248fd9d6d670ccd9c9,state_d8cf272a5436e77b6daf,sgv31_u04,2,M0+R0|M0+RS|ME+R0|ME+RS|MS+R0|MS+RS|MSE+R0|MSE+RS,ME+R0,0.6205676318219743,0.0,0.5,1.0,221.0,1.0,0.45738011048106575,0.0,0.2916666666666667,0.25,513.5833333333333,2.1666666666666665,0.47507461534022694,0.0,0.5,1.0,194.0,0.0,0.6205676318219743,0.0,0.5,1.0,221.0,1.0,0.3900364729113379,0.0,0.0,0.0,624.0,3.0
card_eed650d6c0a8dbaee87d,state_e17d45ecc84571b8c3fd,sgv31_u09,2,M0+R0|M0+RS|ME+R0|ME+RS,ME+R0,0.7490563557512552,0.0,0.0,0.5,223.0,1.0,0.466027025519391,0.0,0.1527777777777778,0.1388888888888889,548.7222222222222,1.5972222222222223,0.5380951036826757,0.0,1.0,1.0,195.0,0.0,0.7490563557512552,0.0,0.0,0.5,223.0,1.0,0.3910338075810027,0.0,0.0,0.0,663.0,2.0
card_ef19a5832b1e89f7f9c8,state_4bda41ca102dc08f46c7,sgv31_u09,2,M0+R0|M0+RS|MP+R0|MP+RS|MPMS+R0|MPMS+RS|MS+R0|MS+RS,MP+RS,0.5662102313660511,0.5,0.0,0.0,705.0,2.0,0.46601198026930046,0.3055555555555556,0.29166666666666663,0.25,600.0277777777777,2.0,0.5119584296516091,0.0,1.0,1.0,204.0,0.0,0.5119584296516091,0.0,1.0,1.0,204.0,0.0,0.42010040608688815,0.5,0.0,0.0,749.0,3.0
card_f0883888b9c3dac18230,state_c86d3fb30dea38b154c9,sgv31_u14,2,M0+R0|M0+RS|ME+R0|ME+RS,ME+R0,0.6477291697335709,0.0,0.0,1.0,219.0,1.0,0.4261354151332146,0.0,0.1527777777777778,0.25,546.8333333333334,1.5972222222222223,0.6477291697335709,0.0,1.0,1.0,195.0,0.0,0.6477291697335709,0.0,0.0,1.0,219.0,1.0,0.3522708302664292,0.0,0.0,0.0,661.0,2.0
card_f22e1de51295acbfc2a0,state_83bd9ade815258bdcac9,sgv31_u14,2,M0+R0|M0+RS|ME+R0|ME+RS|MP+R0|MP+RS|MPE+R0|MPE+RS|MPMS+R0|MPMS+RS|MPMSME+R0|MPMSME+RS|MS+R0|MS+RS|MSE+R0|MSE+RS,M0+RS,0.5333845017975627,0.0,0.5,0.0,592.0,1.0,0.5409467358890735,0.25,0.4861111111111111,0.22222222222222227,573.0833333333333,2.333333333333333,0.5062695157967557,0.0,1.0,1.0,203.0,0.0,0.24737698159593965,0.0,0.5,1.0,229.0,1.0,0.5836934339082166,0.5,0.0,0.0,736.0,4.0
card_f24b52835c6832b81b8f,state_21451b495484048dca78,sgv31_u14,2,M0+R0|M0+RS|MS+R0|MS+RS,MS+RS,0.5756081986333689,0.0,0.0,0.0,661.0,2.0,0.5168018219185264,0.0,0.25,0.3472222222222222,547.0,1.5,0.5756081986333689,0.0,1.0,1.0,205.0,0.0,0.5756081986333689,0.0,1.0,1.0,205.0,0.0,0.5756081986333689,0.0,0.0,0.0,661.0,2.0
card_f3444e278e854461089d,state_3af27640cf98f104236f,sgv31_u04,2,M0+R0|M0+RS|MS+R0|MS+RS,MS+R0,0.6477291697335709,0.0,0.0,1.0,248.0,1.0,0.4261354151332146,0.0,0.25,0.2222222222222222,560.25,1.5,0.6477291697335709,0.0,1.0,0.5,189.0,0.0,0.6477291697335709,0.0,1.0,0.5,189.0,0.0,0.3522708302664292,0.0,0.0,0.0,684.0,2.0
card_f373cbdf7903ed74dc09,state_4b0fb819f058d71fda0d,sgv31_u09,2,M0+R0|M0+RS|MS+R0|MS+RS,MS+RS,0.5379950269774428,0.0,0.0,0.0,649.0,2.0,0.5299310979198334,0.0,0.2222222222222222,0.25,537.0,1.5,0.38328316511855115,0.0,0.5,1.0,201.0,0.0,0.38328316511855115,0.0,0.5,1.0,201.0,0.0,0.5379950269774428,0.0,0.0,0.0,649.0,2.0
card_f49276779094b9254a89,state_1d8fc8ca2ea288d86bd9,sgv31_u04,2,M0+R0|M0+RS|ME+R0|ME+RS|MP+R0|MP+RS|MPE+R0|MPE+RS|MPMS+R0|MPMS+RS|MPMSME+R0|MPMSME+RS|MS+R0|MS+RS|MSE+R0|MSE+RS,MP+RS,0.6533093732080869,0.0,0.5,0.0,668.0,2.0,0.5492261604178791,0.041666666666666664,0.4861111111111111,0.22222222222222224,585.8055555555555,2.333333333333333,0.400927911848339,0.0,1.0,1.0,202.0,0.0,0.34814277919908976,0.0,0.5,1.0,250.0,1.0,0.5996923011631888,0.0,0.0,0.0,757.0,4.0
card_f6036701e0532d0fff14,state_859240b42f10416cb530,sgv31_u09,2,M0+R0|M0+RS,M0+RS,0.5,0.0,1.0,0.0,633.0,1.0,0.5,0.0,1.0,0.25,524.0,0.75,0.5,0.0,1.0,1.0,197.0,0.0,0.5,0.0,1.0,1.0,197.0,0.0,0.5,0.0,1.0,0.0,633.0,1.0
card_f7b73c71602c058142bc,state_5ae0a2fbca808545aea7,sgv31_u09,2,M0+R0|M0+RS|MP+R0|MP+RS|MPMS+R0|MPMS+RS|MS+R0|MS+RS,M0+RS,0.5534907227078518,0.0,0.5,0.0,587.0,1.0,0.5502128848219937,0.2638888888888889,0.23611111111111108,0.3055555555555556,561.7777777777778,2.0,0.4465092772921482,0.0,0.5,1.0,198.0,0.0,0.4465092772921482,0.0,0.5,1.0,198.0,0.0,0.6192945860447223,0.5,0.0,0.0,700.0,3.0
card_f9636af623ff051a7cc5,state_c86d3fb30dea38b154c9,sgv31_u14,2,M0+R0|M0+RS,M0+R0,0.7215937546003562,0.0,1.0,1.0,195.0,0.0,0.3892031226998219,0.0,1.0,0.25,526.5,0.75,0.7215937546003562,0.0,1.0,1.0,195.0,0.0,0.7215937546003562,0.0,1.0,1.0,195.0,0.0,0.27840624539964376,0.0,1.0,0.0,637.0,1.0
card_f96b5b91cbb51f94b982,state_e9cf7c3fd212f8a22767,sgv31_u09,2,M0+R0|M0+RS|ME+R0|ME+RS,ME+R0,0.5379950269774428,0.0,0.0,1.0,247.0,1.0,0.47334897740950027,0.0,0.1527777777777778,0.25,556.7638888888889,1.5972222222222223,0.6167168348814488,0.0,1.0,1.0,198.0,0.0,0.5379950269774428,0.0,0.0,1.0,247.0,1.0,0.4620049730225572,0.0,0.0,0.0,670.0,2.0
card_f9770885c3199947ef16,state_9a2fa510ac695aa608c7,sgv31_u09,2,M0+R0|M0+RS|ME+R0|ME+RS,ME+RS,0.6477291697335709,0.0,0.0,0.0,677.0,2.0,0.5738645848667854,0.0,0.1388888888888889,0.25,562.7222222222222,1.5972222222222223,0.3522708302664292,0.0,0.5,1.0,209.0,0.0,0.3522708302664292,0.0,0.0,1.0,237.0,1.0,0.6477291697335709,0.0,0.0,0.0,677.0,2.0
card_fa5436a4e00c2c908305,state_e9cf7c3fd212f8a22767,sgv31_u09,2,M0+R0|M0+RS|ME+R0|ME+RS|MP+R0|MP+RS|MPE+R0|MPE+RS,MPE+R0,0.5015206021639206,0.0,0.0,1.0,261.0,2.0,0.6035436747908972,0.0,0.05555555555555555,0.25,559.3055555555555,2.0,0.32010983603359733,0.0,1.0,1.0,198.0,0.0,0.4824606168347456,0.0,0.0,1.0,247.0,1.0,0.6824183221416755,0.0,0.0,0.0,684.0,3.0
card_fb1a79a50f35a977e25b,state_e9cf7c3fd212f8a22767,sgv31_u09,2,M0+R0|M0+RS|ME+R0|ME+RS|MS+R0|MS+RS|MSE+R0|MSE+RS,ME+R0,0.3268774124186561,0.0,0.5,1.0,226.0,1.0,0.5483067371455419,0.0,0.16666666666666666,0.25,566.8333333333334,2.1666666666666665,0.42520028184010317,0.0,1.0,1.0,198.0,0.0,0.3268774124186561,0.0,0.5,1.0,226.0,1.0,0.6381920821192397,0.0,0.0,0.0,693.0,3.0
card_fcbfd35e0e2ae8c2df75,state_55c11f18b9078c2a9ee3,sgv31_u04,2,M0+R0|M0+RS|MP+R0|MP+RS|MPMS+R0|MPMS+RS|MS+R0|MS+RS,MP+RS,0.5851124819094056,0.0,0.0,0.0,662.0,2.0,0.5415097423833996,0.19444444444444445,0.24999999999999997,0.25,570.8333333333334,2.0,0.3606527837680206,0.0,1.0,1.0,202.0,0.0,0.3606527837680206,0.0,1.0,1.0,202.0,0.0,0.57278160225414,0.5,0.0,0.0,712.0,3.0
card_fedc396d22c794e754db,state_e9cf7c3fd212f8a22767,sgv31_u09,2,M0+R0|M0+RS|MS+R0|MS+RS,MS+R0,0.6781852670149338,0.0,0.0,1.0,251.0,1.0,0.5446398894405651,0.0,0.25,0.25,555.0,1.5,0.4619048963173243,0.0,1.0,1.0,198.0,0.0,0.4619048963173243,0.0,1.0,1.0,198.0,0.0,0.6089661924189973,0.0,0.0,0.0,674.0,2.0
card_ffc01cb252aee752573e,state_83bd9ade815258bdcac9,sgv31_u14,2,M0+R0|M0+RS|ME+R0|ME+RS,M0+RS,0.6167168348814488,0.0,1.0,0.0,592.0,1.0,0.5266510225904998,0.0,0.1388888888888889,0.25,515.0833333333333,1.5972222222222223,0.38328316511855115,0.0,0.5,1.0,203.0,0.0,0.4620049730225572,0.0,0.0,1.0,227.0,1.0,0.5379950269774428,0.0,0.0,0.0,616.0,2.0
card_00f06e2b85fd99e414d3,state_da87799b95fa3740c62a,sgv31_u08,3,M0+R0|M0+RS|ME+R0|ME+RS|MS+R0|MS+RS|MSE+R0|MSE+RS,ME+RS,0.4663399624186692,0.0,0.5,0.0,624.0,2.0,0.5417758612934922,0.2638888888888889,0.20833333333333337,0.25,547.5,2.2222222222222223,0.5689573285521904,0.0,0.5,1.0,205.0,0.0,0.4684528063422983,0.0,0.0,1.0,227.0,1.0,0.6892215217217885,0.5,0.0,0.0,665.0,3.0
card_010bc539be0afa4808cc,state_1c4aca24338b5299c5a4,sgv31_u13,3,M0+R0|M0+RS|MS+R0|MS+RS,MS+RS,0.5380951036826757,0.0,0.0,0.0,673.0,2.0,0.5523308977290025,0.0,0.20833333333333334,0.25,545.9444444444445,1.3888888888888888,0.3910338075810027,0.0,1.0,1.0,191.0,0.0,0.3910338075810027,0.0,1.0,1.0,191.0,0.0,0.5380951036826757,0.0,0.0,0.0,673.0,2.0
card_01fcd4b7bb477e9004cc,state_23c3f858885ba8f92592,sgv31_u13,3,M0+R0|M0+RS|ME+R0|ME+RS|MP+R0|MP+RS|MPE+R0|MPE+RS,ME+RS,0.6422784713400895,0.0,0.5,0.0,633.0,2.0,0.521121136486443,0.20833333333333334,0.29166666666666663,0.1527777777777778,567.75,2.1388888888888893,0.401207425950923,0.0,0.5,1.0,203.0,0.0,0.42334625646097473,0.0,0.5,0.5,229.0,1.0,0.39911061585936974,0.5,0.0,0.0,696.0,3.0
card_021b3701d822ad68f872,state_e759d2d212f698fe9031,sgv31_u03,3,M0+R0|M0+RS|ME+R0|ME+RS,ME+RS,0.6781852670149338,0.0,0.0,0.0,667.0,2.0,0.6095568659546792,0.0,0.0625,0.25,554.5,1.625,0.2509436442487448,0.0,0.5,1.0,203.0,0.0,0.46190489631732423,0.0,0.0,1.0,231.0,1.0,0.6781852670149338,0.0,0.0,0.0,667.0,2.0
card_02dc24f00c268575f2d3,state_a21e5f88200bd26d83df,sgv31_u13,3,M0+R0|M0+RS|MP+R0|MP+RS|MPMS+R0|MPMS+RS|MS+R0|MS+RS,MPMS+RS,0.3401619249513023,0.5,0.0,0.0,762.0,3.0,0.41108802537108213,0.2777777777777778,0.09722222222222222,0.25,618.0555555555554,2.1388888888888884,0.5950889278958009,0.0,1.0,1.0,204.0,0.0,0.5950889278958009,0.0,1.0,1.0,204.0,0.0,0.3401619249513023,0.5,0.0,0.0,762.0,3.0
card_03811a4ef74ab1f63a56,state_95503fad59abded310ef,sgv31_u03,3,M0+R0|M0+RS|ME+R0|ME+RS|MP+R0|MP+RS|MPE+R0|MPE+RS|MPMS+R0|MPMS+RS|MPMSME+R0|MPMSME+RS|MS+R0|MS+RS|MSE+R0|MSE+RS,MP+RS,0.3350302377730205,0.0,0.5,0.0,705.0,2.0,0.4712664250793773,0.09722222222222222,0.4305555555555556,0.25,614.1944444444445,2.333333333333333,0.5665787645355825,0.0,1.0,1.0,204.0,0.0,0.4306616273873153,0.0,0.5,1.0,252.0,1.0,0.35152286590422294,0.5,0.0,0.0,794.0,4.0
card_03a558003dd2738eba21,state_f0a5f2528afb8b57ec3a,sgv31_u08,3,M0+R0|M0+RS|ME+R0|ME+RS,M0+R0,0.32181473298506635,0.0,1.0,1.0,195.0,0.0,0.6390864862614798,0.0,0.125,0.25,532.375,1.625,0.32181473298506635,0.0,1.0,1.0,195.0,0.0,0.3910338075810027,0.0,0.0,1.0,218.0,1.0,0.7490563557512552,0.0,0.0,0.0,641.0,2.0
card_03d320c53e0b91ecd222,state_e8c1d1731d2301108307,sgv31_u08,3,M0+R0|M0+RS,M0+RS,0.5,0.0,0.5,0.0,641.0,1.0,0.5,0.0,0.625,0.25,532.0,0.75,0.5,0.0,1.0,1.0,205.0,0.0,0.5,0.0,1.0,1.0,205.0,0.0,0.5,0.0,0.5,0.0,641.0,1.0
card_03e992979779b1269269,state_5627cbd70ae1813f4ebb,sgv31_u03,3,M0+R0|M0+RS|ME+R0|ME+RS|MP+R0|MP+RS|MPE+R0|MPE+RS,MPE+RS,0.4687679842656675,0.5,0.0,0.0,741.0,3.0,0.48234112108824323,0.20833333333333334,0.2638888888888889,0.25,601.8333333333334,2.1388888888888893,0.46659468151993166,0.0,0.5,1.0,203.0,0.0,0.7262572713013924,0.0,0.5,1.0,229.0,1.0,0.4687679842656675,0.5,0.0,0.0,741.0,3.0
card_04b951088dc280f38f25,state_f809a19048416307558c,sgv31_u08,3,M0+R0|M0+RS|ME+R0|ME+RS|MP+R0|MP+RS|MPE+R0|MPE+RS,MPE+R0,0.7747787496166408,0.5,0.0,1.0,307.0,2.0,0.46869110342348774,0.20833333333333334,0.1388888888888889,0.25,605.6111111111111,2.1388888888888893,0.5126890928898469,0.0,1.0,0.5,195.0,0.0,0.6267145052123301,0.0,0.5,1.0,245.0,1.0,0.4278978214995233,0.5,0.0,0.0,749.0,3.0
card_059fd55ad9e33c7b9165,state_fe1be8225bb97e5fedd6,sgv31_u13,3,M0+R0|M0+RS|ME+R0|ME+RS|MS+R0|MS+RS|MSE+R0|MSE+RS,MS+R0,0.5747130151570818,0.0,0.0,0.5,258.0,1.0,0.44341857314913846,0.0,0.20833333333333334,0.29166666666666663,565.1111111111111,2.2222222222222223,0.5870495689413049,0.0,0.5,0.5,199.0,0.0,0.542169763774307,0.0,0.5,1.0,249.0,1.0,0.4128933654218074,0.0,0.0,0.0,688.0,3.0
card_061419d91e4710c1e6b8,state_ef082e8507480bd71a6a,sgv31_u08,3,M0+R0|M0+RS|ME+R0|ME+RS,ME+R0,0.5756081986333689,0.0,0.0,1.0,245.0,1.0,0.5607072536632429,0.0,0.125,0.25,565.75,1.625,0.27685472974986314,0.0,1.0,1.0,195.0,0.0,0.5756081986333689,0.0,0.0,1.0,245.0,1.0,0.571928872983399,0.0,0.0,0.0,681.0,2.0
card_07b82a3047d563d54af9,state_1131c2240e84f97394a6,sgv31_u08,3,M0+R0|M0+RS|MP+R0|MP+RS|MPMS+R0|MPMS+RS|MS+R0|MS+RS,MP+RS,0.6586399487630149,0.5,0.5,0.0,714.0,2.0,0.5688843006112911,0.375,0.22222222222222227,0.25,614.7777777777778,2.1388888888888884,0.3237160108585176,0.0,0.5,1.0,207.0,0.0,0.3237160108585176,0.0,0.5,1.0,207.0,0.0,0.614232211425432,0.5,0.0,0.0,755.0,3.0
card_081d5f3713d9c1daa4fe,state_4e56abb76ff2ccc160b8,sgv31_u13,3,M0+R0|M0+RS|ME+R0|ME+RS|MP+R0|MP+RS|MPE+R0|MPE+RS,MPE+RS,0.7450684586386284,0.5,0.0,0.0,748.0,3.0,0.6054107752818128,0.3194444444444444,0.29166666666666663,0.25,607.25,2.1388888888888893,0.31219503325746956,0.0,1.0,1.0,205.0,0.0,0.3689100570927642,0.0,0.5,1.0,233.0,1.0,0.7450684586386284,0.5,0.0,0.0,748.0,3.0
card_08b761acea565a61922e,state_6a89f1dbf363044d349c,sgv31_u13,3,M0+R0|M0+RS|MP+R0|MP+RS,M0+RS,0.6873181682420647,0.0,0.5,0.0,591.0,1.0,0.5050157079816575,0.0,0.1388888888888889,0.25,549.75,1.527777777777778,0.3126818317579353,0.0,1.0,1.0,202.0,0.0,0.3126818317579353,0.0,1.0,1.0,202.0,0.0,0.45937805816938654,0.0,0.0,0.0,663.0,2.0
card_0a10c50b6a09c60df72a,state_e644901831c14570ded4,sgv31_u03,3,M0+R0|M0+RS|ME+R0|ME+RS|MP+R0|MP+RS|MPE+R0|MPE+RS,MP+RS,0.5975500837783462,0.0,0.0,0.0,702.0,2.0,0.5255081173532582,0.20833333333333334,0.16666666666666669,0.25,600.3333333333334,2.1388888888888893,0.2773999042854566,0.0,1.0,1.0,197.0,0.0,0.5009484118493469,0.0,0.0,1.0,245.0,1.0,0.5303727476435317,0.5,0.0,0.0,741.0,3.0
card_0a18d1e76eb98748f18d,state_5de2e12db47db398573b,sgv31_u03,3,M0+R0|M0+RS|MP+R0|MP+RS,MP+RS,0.5380951036826757,0.5,0.0,0.0,718.0,2.0,0.5230307238305886,0.3888888888888889,0.1388888888888889,0.25,592.6666666666667,1.527777777777778,0.3910338075810027,0.0,1.0,1.0,209.0,0.0,0.3910338075810027,0.0,1.0,1.0,209.0,0.0,0.5380951036826757,0.5,0.0,0.0,718.0,2.0
card_0a55e2de3e66f486c6b7,state_e1f8636ae188f94a981f,sgv31_u13,3,M0+R0|M0+RS|ME+R0|ME+RS,ME+RS,0.571928872983399,0.0,0.0,0.0,657.0,2.0,0.5607072536632429,0.0,0.10416666666666666,0.25,545.25,1.625,0.27685472974986314,0.0,0.5,1.0,199.0,0.0,0.5756081986333689,0.0,0.0,1.0,221.0,1.0,0.571928872983399,0.0,0.0,0.0,657.0,2.0
card_0a8a65aa8d02f6e110d8,state_80e50c33139b6707e6b4,sgv31_u03,3,M0+R0|M0+RS|ME+R0|ME+RS|MP+R0|MP+RS|MPE+R0|MPE+RS,MPE+R0,0.6514915194330626,0.0,0.0,1.0,260.0,2.0,0.4547017185931585,0.0,0.1388888888888889,0.25,562.1944444444443,2.1388888888888893,0.4663857247402311,0.0,1.0,1.0,198.0,0.0,0.6631422004437901,0.0,0.0,1.0,246.0,1.0,0.34535440684086904,0.0,0.0,0.0,683.0,3.0
card_0b088bbde335672121c5,state_a7bda32e65dc856066c8,sgv31_u03,3,M0+R0|M0+RS|ME+R0|ME+RS,ME+RS,0.5,0.0,0.0,0.0,613.0,2.0,0.5189703988243923,0.0,0.10416666666666666,0.25,512.875,1.625,0.5,0.0,0.5,1.0,201.0,0.0,0.6517631905951392,0.0,0.0,1.0,224.0,1.0,0.5,0.0,0.0,0.0,613.0,2.0
card_0c34f3a5518610960db7,state_b1377add17f58988f2bf,sgv31_u03,3,M0+R0|M0+RS|ME+R0|ME+RS|MP+R0|MP+RS|MPE+R0|MPE+RS,MPE+R0,0.5615981851772267,0.0,0.0,0.5,303.0,2.0,0.5146397150969122,0.0,0.027777777777777776,0.1527777777777778,601.3333333333333,2.1388888888888893,0.5647507250107034,0.0,1.0,1.0,195.0,0.0,0.5626321782385723,0.0,0.0,0.5,243.0,1.0,0.5647507250107034,0.0,0.0,0.0,743.0,3.0
card_0cbfde666139cc9ed479,state_e759d2d212f698fe9031,sgv31_u03,3,M0+R0|M0+RS|MS+R0|MS+RS,MS+RS,0.6781852670149338,0.0,0.0,0.0,690.0,2.0,0.5912448319879631,0.0,0.20833333333333334,0.25,562.5833333333333,1.3888888888888888,0.2509436442487448,0.0,1.0,1.0,203.0,0.0,0.2509436442487448,0.0,1.0,1.0,203.0,0.0,0.6781852670149338,0.0,0.0,0.0,690.0,2.0
card_0d555fd2f45b03c7ce98,state_a7bda32e65dc856066c8,sgv31_u03,3,M0+R0|M0+RS|ME+R0|ME+RS|MP+R0|MP+RS|MPE+R0|MPE+RS,MPE+RS,0.453278894439973,0.0,0.0,0.0,698.0,3.0,0.5104763988457786,0.0,0.3055555555555555,0.25,569.0833333333334,2.1388888888888893,0.4104593774714547,0.0,1.0,0.5,201.0,0.0,0.5904816246674793,0.0,0.5,1.0,249.0,1.0,0.453278894439973,0.0,0.0,0.0,698.0,3.0
card_0d9140a3e8ccd4530d26,state_5de2e12db47db398573b,sgv31_u03,3,M0+R0|M0+RS|ME+R0|ME+RS,ME+RS,0.6477291697335709,0.0,0.0,0.0,677.0,2.0,0.5738645848667854,0.0,0.10416666666666666,0.14583333333333334,563.5,1.625,0.3522708302664292,0.0,0.5,1.0,209.0,0.0,0.3522708302664292,0.0,0.0,0.5,237.0,1.0,0.6477291697335709,0.0,0.0,0.0,677.0,2.0
card_0e3d873a965b6f4ccba6,state_1131c2240e84f97394a6,sgv31_u08,3,M0+R0|M0+RS|ME+R0|ME+RS|MS+R0|MS+RS|MSE+R0|MSE+RS,ME+RS,0.4977173711740903,0.0,0.5,0.0,665.0,2.0,0.48221375750279694,0.0,0.2361111111111111,0.25,578.75,2.2222222222222223,0.3703975876160697,0.0,1.0,0.5,207.0,0.0,0.5019475577744165,0.0,0.5,1.0,229.0,1.0,0.49931657662683765,0.0,0.0,0.0,706.0,3.0
card_0e50f3a2116b5f6f82a7,state_4e56abb76ff2ccc160b8,sgv31_u13,3,M0+R0|M0+RS|ME+R0|ME+RS,ME+RS,0.771205679933669,0.0,0.0,0.0,683.0,2.0,0.6695035499585431,0.0,0.10416666666666666,0.25,566.75,1.625,0.22879432006633116,0.0,0.5,1.0,205.0,0.0,0.5,0.0,0.0,1.0,231.0,1.0,0.771205679933669,0.0,0.0,0.0,683.0,2.0
card_0f74b2881b03b5917a1f,state_4e56abb76ff2ccc160b8,sgv31_u13,3,M0+R0|M0+RS|MP+R0|MP+RS,MP+RS,0.6477291697335709,0.5,0.0,0.0,729.0,2.0,0.5738645848667855,0.3888888888888889,0.19444444444444442,0.25,600.0,1.527777777777778,0.3522708302664292,0.0,0.5,1.0,205.0,0.0,0.3522708302664292,0.0,0.5,1.0,205.0,0.0,0.6477291697335709,0.5,0.0,0.0,729.0,2.0
card_0fc3446bed05d63995a1,state_80e50c33139b6707e6b4,sgv31_u03,3,M0+R0|M0+RS,M0+R0,0.27840624539964376,0.0,1.0,1.0,198.0,0.0,0.6107968773001781,0.0,1.0,0.25,515.25,0.75,0.27840624539964376,0.0,1.0,1.0,198.0,0.0,0.27840624539964376,0.0,1.0,1.0,198.0,0.0,0.7215937546003562,0.0,1.0,0.0,621.0,1.0
card_10283898f7b2c32a13c2,state_4e56abb76ff2ccc160b8,sgv31_u13,3,M0+R0|M0+RS|ME+R0|ME+RS|MP+R0|MP+RS|MPE+R0|MPE+RS|MPMS+R0|MPMS+RS|MPMSME+R0|MPMSME+RS|MS+R0|MS+RS|MSE+R0|MSE+RS,MPMS+RS,0.7054025637830883,0.5,0.5,0.0,779.0,3.0,0.5466385058633405,0.20833333333333334,0.5000000000000001,0.25,619.4722222222222,2.333333333333333,0.2371803930430988,0.0,0.5,1.0,205.0,0.0,0.44536371974801287,0.0,0.5,1.0,233.0,1.0,0.6132730093397226,0.5,0.0,0.0,798.0,4.0
card_103f939e63364fc3a962,state_915772e4f66c92c4ce92,sgv31_u13,3,M0+R0|M0+RS|ME+R0|ME+RS|MP+R0|MP+RS|MPE+R0|MPE+RS|MPMS+R0|MPMS+RS|MPMSME+R0|MPMSME+RS|MS+R0|MS+RS|MSE+R0|MSE+RS,MP+RS,0.600073373081426,0.0,0.5,0.0,669.0,2.0,0.5423890935106238,0.20833333333333331,0.5000000000000001,0.36111111111111116,587.1666666666666,2.333333333333333,0.44436634687187393,0.0,1.0,1.0,202.0,0.0,0.44050243810279094,0.0,0.5,1.0,252.0,1.0,0.6256417298843429,0.5,0.0,0.0,760.0,4.0
card_108c6cf116556776fd97,state_a7bda32e65dc856066c8,sgv31_u03,3,M0+R0|M0+RS|ME+R0|ME+RS|MP+R0|MP+RS|MPE+R0|MPE+RS|MPMS+R0|MPMS+RS|MPMSME+R0|MPMSME+RS|MS+R0|MS+RS|MSE+R0|MSE+RS,MSE+RS,0.5590166466541319,0.0,0.5,0.0,688.0,3.0,0.5336495574047067,0.0,0.4861111111111111,0.18055555555555558,578.9444444444445,2.333333333333333,0.492649193969206,0.0,1.0,1.0,201.0,0.0,0.5113105042305665,0.0,0.5,1.0,249.0,1.0,0.5129819164156588,0.0,0.0,0.0,748.0,4.0
card_10a52cfa692614d7bd65,state_a1cbc4b9b261277ba2fe,sgv31_u03,3,M0+R0|M0+RS|ME+R0|ME+RS,ME+RS,0.6477291697335709,0.0,0.0,0.0,638.0,2.0,0.5738645848667854,0.0,0.08333333333333333,0.25,534.75,1.625,0.3522708302664292,0.0,1.0,1.0,201.0,0.0,0.3522708302664292,0.0,0.0,1.0,249.0,1.0,0.6477291697335709,0.0,0.0,0.0,638.0,2.0
card_10cde07739404b356ad4,state_a1cbc4b9b261277ba2fe,sgv31_u03,3,M0+R0|M0+RS|ME+R0|ME+RS,ME+RS,0.5380951036826757,0.0,0.0,0.0,613.0,2.0,0.5044892434554856,0.0,0.125,0.25,512.875,1.625,0.3910338075810027,0.0,1.0,1.0,201.0,0.0,0.3218147329850663,0.0,0.0,1.0,224.0,1.0,0.5380951036826757,0.0,0.0,0.0,613.0,2.0
card_10cfc4ff78b27d014d44,state_e644901831c14570ded4,sgv31_u03,3,M0+R0|M0+RS|ME+R0|ME+RS|MP+R0|MP+RS|MPE+R0|MPE+RS|MPMS+R0|MPMS+RS|MPMSME+R0|MPMSME+RS|MS+R0|MS+RS|MSE+R0|MSE+RS,MPMS+RS,0.5001803506115482,0.0,0.0,0.0,752.0,3.0,0.4881613764040445,0.09722222222222224,0.16666666666666666,0.2361111111111111,610.1944444444443,2.333333333333333,0.5852718053915277,0.0,1.0,1.0,197.0,0.0,0.4296634167793833,0.0,0.5,1.0,245.0,1.0,0.7643572339655894,0.0,0.0,0.0,791.0,4.0
card_11e0823c2607dc91f269,state_ae27ef8b4439588f8070,sgv31_u13,3,M0+R0|M0+RS|ME+R0|ME+RS|MS+R0|MS+RS|MSE+R0|MSE+RS,ME+RS,0.5741577830133313,0.0,0.5,0.0,641.0,2.0,0.6019697760053563,0.0,0.20833333333333334,0.25,568.1111111111111,2.2222222222222223,0.3567789131517317,0.0,1.0,1.0,202.0,0.0,0.3659540052299394,0.0,0.0,1.0,252.0,1.0,0.7595955388525988,0.0,0.0,0.0,691.0,3.0
card_11ef5ec999d4622c581b,state_da87799b95fa3740c62a,sgv31_u08,3,M0+R0|M0+RS,M0+RS,0.5,0.0,1.0,0.0,602.0,1.0,0.5,0.0,1.0,0.25,502.75,0.75,0.5,0.0,1.0,1.0,205.0,0.0,0.5,0.0,1.0,1.0,205.0,0.0,0.5,0.0,1.0,0.0,602.0,1.0
card_12566b636fcfaa14d31e,state_5feee9080dfd172d9af9,sgv31_u08,3,M0+R0|M0+RS|MS+R0|MS+RS,M0+R0,0.6873181682420647,0.0,1.0,1.0,205.0,0.0,0.47962552410952064,0.0,0.36111111111111116,0.25,534.4444444444445,1.3888888888888888,0.6873181682420647,0.0,1.0,1.0,205.0,0.0,0.6873181682420647,0.0,1.0,1.0,205.0,0.0,0.5406219418306134,0.0,0.0,0.0,653.0,2.0
card_1294d5aa71e0bc1bb7d3,state_e1f8636ae188f94a981f,sgv31_u13,3,M0+R0|M0+RS|ME+R0|ME+RS|MP+R0|MP+RS|MPE+R0|MPE+RS,MPE+RS,0.6208667932268632,0.5,0.0,0.0,726.0,3.0,0.5604965139961751,0.3194444444444444,0.3055555555555555,0.25,589.25,2.1388888888888893,0.44640253420930825,0.0,1.0,1.0,199.0,0.0,0.42273344496471527,0.0,0.5,1.0,227.0,1.0,0.6208667932268632,0.5,0.0,0.0,726.0,3.0
card_12d45824cf50bee2549a,state_6c70c74e896770c1e3ee,sgv31_u08,3,M0+R0|M0+RS|ME+R0|ME+RS,M0+RS,0.6477291697335709,0.0,1.0,0.0,587.0,1.0,0.5738645848667854,0.0,0.125,0.25,514.25,1.625,0.3522708302664292,0.0,1.0,1.0,198.0,0.0,0.3522708302664292,0.0,0.0,1.0,226.0,1.0,0.6477291697335709,0.0,0.0,0.0,615.0,2.0
card_13492aeea67c87d8c066,state_5de2e12db47db398573b,sgv31_u03,3,M0+R0|M0+RS|ME+R0|ME+RS|MP+R0|MP+RS|MPE+R0|MPE+RS|MPMS+R0|MPMS+RS|MPMSME+R0|MPMSME+RS|MS+R0|MS+RS|MSE+R0|MSE+RS,MPE+RS,0.6018305279381505,0.5,0.5,0.0,737.0,3.0,0.5596828041076851,0.125,0.44444444444444436,0.25,612.9722222222223,2.333333333333333,0.41025131803362397,0.0,1.0,1.0,209.0,0.0,0.40640563116437645,0.0,0.5,1.0,237.0,1.0,0.5517384271736303,0.5,0.0,0.0,787.0,4.0
card_14adf985dea18db514f0,state_e759d2d212f698fe9031,sgv31_u03,3,M0+R0|M0+RS|ME+R0|ME+RS|MS+R0|MS+RS|MSE+R0|MSE+RS,MSE+RS,0.6052965531347088,0.5,0.0,0.0,729.0,3.0,0.5621919415668531,0.19444444444444445,0.2361111111111111,0.25,597.75,2.2222222222222223,0.2711789625256154,0.0,0.5,1.0,203.0,0.0,0.5009483204530306,0.0,0.5,1.0,251.0,1.0,0.6052965531347088,0.5,0.0,0.0,729.0,3.0
card_14bf913c6bebe6b89fa2,state_ae701477a8f0fbdea06b,sgv31_u13,3,M0+R0|M0+RS,M0+RS,0.27840624539964376,0.0,1.0,0.0,656.0,1.0,0.3892031226998219,0.0,1.0,0.25,543.0,0.75,0.7215937546003562,0.0,1.0,1.0,204.0,0.0,0.7215937546003562,0.0,1.0,1.0,204.0,0.0,0.27840624539964376,0.0,1.0,0.0,656.0,1.0
card_14e47d3a8642ed2339b5,state_5feee9080dfd172d9af9,sgv31_u08,3,M0+R0|M0+RS,M0+R0,0.27840624539964376,0.0,1.0,1.0,205.0,0.0,0.6107968773001781,0.0,1.0,0.25,496.75,0.75,0.27840624539964376,0.0,1.0,1.0,205.0,0.0,0.27840624539964376,0.0,1.0,1.0,205.0,0.0,0.7215937546003562,0.0,1.0,0.0,594.0,1.0
card_15d49459abc16e857f05,state_b1377add17f58988f2bf,sgv31_u03,3,M0+R0|M0+RS|MS+R0|MS+RS,MS+R0,0.571928872983399,0.0,0.0,0.5,254.0,1.0,0.4836069920425813,0.0,0.36111111111111116,0.125,562.6944444444445,1.3888888888888888,0.5756081986333689,0.0,1.0,0.5,195.0,0.0,0.5756081986333689,0.0,1.0,0.5,195.0,0.0,0.5756081986333689,0.0,0.0,0.0,694.0,2.0
card_163b84fc8c80557f2f60,state_337cabb12f98a880002b,sgv31_u03,3,M0+R0|M0+RS|MP+R0|MP+RS|MPMS+R0|MPMS+RS|MS+R0|MS+RS,MPMS+RS,0.4784130927226594,0.0,0.0,0.0,728.0,3.0,0.5059607204638318,0.09722222222222222,0.2777777777777778,0.2361111111111111,592.7222222222223,2.1388888888888884,0.39423008537064186,0.0,0.5,1.0,205.0,0.0,0.39423008537064186,0.0,0.5,1.0,205.0,0.0,0.4784130927226594,0.0,0.0,0.0,728.0,3.0
card_1653226f21c9d4e76988,state_337cabb12f98a880002b,sgv31_u03,3,M0+R0|M0+RS|MS+R0|MS+RS,MS+RS,0.7490563557512552,0.0,0.0,0.0,668.0,2.0,0.591244831987963,0.0,0.20833333333333334,0.25,545.6944444444445,1.3888888888888888,0.32181473298506635,0.0,1.0,1.0,205.0,0.0,0.32181473298506635,0.0,1.0,1.0,205.0,0.0,0.7490563557512552,0.0,0.0,0.0,668.0,2.0
card_165ceb82d277f92d4ce4,state_f809a19048416307558c,sgv31_u08,3,M0+R0|M0+RS|ME+R0|ME+RS,ME+R0,0.6477291697335709,0.0,0.0,1.0,245.0,1.0,0.4261354151332146,0.0,0.125,0.22916666666666669,570.25,1.625,0.6477291697335709,0.0,1.0,0.5,195.0,0.0,0.6477291697335709,0.0,0.0,1.0,245.0,1.0,0.3522708302664292,0.0,0.0,0.0,687.0,2.0
card_165cf7af5e7584cfc5e4,state_4e56abb76ff2ccc160b8,sgv31_u13,3,M0+R0|M0+RS,M0+RS,0.7215937546003562,0.0,1.0,0.0,657.0,1.0,0.6107968773001781,0.0,1.0,0.25,544.0,0.75,0.27840624539964376,0.0,1.0,1.0,205.0,0.0,0.27840624539964376,0.0,1.0,1.0,205.0,0.0,0.7215937546003562,0.0,1.0,0.0,657.0,1.0
card_16bb99dcf903c67a010a,state_a7bda32e65dc856066c8,sgv31_u03,3,M0+R0|M0+RS,M0+RS,0.27840624539964376,0.0,1.0,0.0,590.0,1.0,0.3892031226998219,0.0,1.0,0.125,492.75,0.75,0.7215937546003562,0.0,1.0,0.5,201.0,0.0,0.7215937546003562,0.0,1.0,0.5,201.0,0.0,0.27840624539964376,0.0,1.0,0.0,590.0,1.0
card_171ac0e74cb3e42565be,state_a52fa7dec11104747fd1,sgv31_u03,3,M0+R0|M0+RS|ME+R0|ME+RS|MS+R0|MS+RS|MSE+R0|MSE+RS,M0+RS,0.5205788632339793,0.0,1.0,0.0,591.0,1.0,0.5464661618306399,0.0,0.2638888888888889,0.25,566.3888888888889,2.2222222222222223,0.3572495777265881,0.0,1.0,1.0,202.0,0.0,0.3980878605581906,0.0,0.5,1.0,250.0,1.0,0.5205788632339793,0.0,0.0,0.0,689.0,3.0
card_171cded17a947cc2411c,state_dba52c3c12882c9d5d74,sgv31_u08,3,M0+R0|M0+RS|MS+R0|MS+RS,M0+RS,0.6873181682420647,0.0,0.5,0.0,592.0,1.0,0.47962552410952075,0.0,0.18055555555555558,0.25,532.4444444444445,1.3888888888888888,0.45937805816938654,0.0,0.5,1.0,203.0,0.0,0.45937805816938654,0.0,0.5,1.0,203.0,0.0,0.31268183175793535,0.0,0.0,0.0,651.0,2.0
card_17c39fd151afd8e6d6e6,state_b234584b2a2f2c8f757c,sgv31_u03,3,M0+R0|M0+RS|ME+R0|ME+RS|MP+R0|MP+RS|MPE+R0|MPE+RS,ME+RS,0.5,0.0,0.5,0.0,613.0,2.0,0.49999999999999994,0.0,0.2777777777777778,0.25,549.5833333333334,2.1388888888888893,0.5,0.0,0.5,1.0,198.0,0.0,0.5,0.0,0.0,1.0,224.0,1.0,0.5,0.0,0.0,0.0,673.0,3.0
card_182f2c24e466f03c84ca,state_a21e5f88200bd26d83df,sgv31_u13,3,M0+R0|M0+RS|ME+R0|ME+RS|MP+R0|MP+RS|MPE+R0|MPE+RS,MPE+RS,0.3360492270025316,0.5,0.0,0.0,753.0,3.0,0.506200127748544,0.3194444444444444,0.1388888888888889,0.25,610.75,2.1388888888888893,0.4666819596016117,0.0,1.0,1.0,204.0,0.0,0.4312728815852516,0.0,0.0,1.0,254.0,1.0,0.3360492270025316,0.5,0.0,0.0,753.0,3.0
card_1cd31302b49d91e30d7e,state_a21e5f88200bd26d83df,sgv31_u13,3,M0+R0|M0+RS|ME+R0|ME+RS,ME+RS,0.42439180136663107,0.0,0.0,0.0,666.0,2.0,0.4500544499506669,0.0,0.125,0.25,553.75,1.625,0.42439180136663107,0.0,1.0,1.0,204.0,0.0,0.42807112701660105,0.0,0.0,1.0,230.0,1.0,0.42439180136663107,0.0,0.0,0.0,666.0,2.0
card_1e248298e2ae32b5db07,state_e1f8636ae188f94a981f,sgv31_u13,3,M0+R0|M0+RS|MS+R0|MS+RS,MS+RS,0.5756081986333689,0.0,0.0,0.0,694.0,2.0,0.4836069920425813,0.0,0.20833333333333334,0.25,563.6944444444443,1.3888888888888888,0.5756081986333689,0.0,1.0,1.0,199.0,0.0,0.5756081986333689,0.0,1.0,1.0,199.0,0.0,0.5756081986333689,0.0,0.0,0.0,694.0,2.0
card_1e4087e74bb27fba1ce5,state_6a89f1dbf363044d349c,sgv31_u13,3,M0+R0|M0+RS|ME+R0|ME+RS|MP+R0|MP+RS|MPE+R0|MPE+RS|MPMS+R0|MPMS+RS|MPMSME+R0|MPMSME+RS|MS+R0|MS+RS|MSE+R0|MSE+RS,MSE+RS,0.7082168647398588,0.0,0.5,0.0,691.0,3.0,0.5204912299518145,0.25,0.4861111111111111,0.23611111111111116,582.6666666666666,2.333333333333333,0.37543980583927283,0.0,0.5,1.0,202.0,0.0,0.5444033969228529,0.0,0.5,1.0,252.0,1.0,0.653697408307592,0.5,0.0,0.0,754.0,4.0
card_1f19ae7d199b59187414,state_da87799b95fa3740c62a,sgv31_u08,3,M0+R0|M0+RS|ME+R0|ME+RS|MP+R0|MP+RS|MPE+R0|MPE+RS,ME+RS,0.6561297266738545,0.0,0.5,0.0,630.0,2.0,0.517347747408206,0.2916666666666667,0.19444444444444445,0.18055555555555555,565.3611111111111,2.1388888888888893,0.5,0.0,1.0,1.0,205.0,0.0,0.4764978533504743,0.0,0.5,1.0,233.0,1.0,0.5,0.5,0.0,0.0,692.0,3.0
card_1f3ec6c95e619b59483d,state_da87799b95fa3740c62a,sgv31_u08,3,M0+R0|M0+RS|MP+R0|MP+RS,M0+RS,0.6477291697335709,0.0,0.5,0.0,602.0,1.0,0.5738645848667855,0.3888888888888889,0.1388888888888889,0.25,557.9722222222223,1.527777777777778,0.3522708302664292,0.0,1.0,1.0,205.0,0.0,0.3522708302664292,0.0,1.0,1.0,205.0,0.0,0.6477291697335709,0.5,0.0,0.0,673.0,2.0
card_1fb0c08e16ca9ef3ca51,state_5cd0772885d009f77aaa,sgv31_u08,3,M0+R0|M0+RS|MS+R0|MS+RS,MS+RS,0.6477291697335709,0.0,0.0,0.0,690.0,2.0,0.5738645848667854,0.0,0.20833333333333334,0.25,562.9444444444445,1.3888888888888888,0.3522708302664292,0.0,1.0,1.0,204.0,0.0,0.3522708302664292,0.0,1.0,1.0,204.0,0.0,0.6477291697335709,0.0,0.0,0.0,690.0,2.0
card_200afbc9f2403213440a,state_5627cbd70ae1813f4ebb,sgv31_u03,3,M0+R0|M0+RS|ME+R0|ME+RS,ME+RS,0.5379950269774428,0.0,0.0,0.0,678.0,2.0,0.5416165715504164,0.0,0.125,0.22916666666666669,562.125,1.625,0.38328316511855115,0.0,1.0,0.5,203.0,0.0,0.6167168348814488,0.0,0.0,1.0,226.0,1.0,0.5379950269774428,0.0,0.0,0.0,678.0,2.0
card_201f33555bf0785ac218,state_a52fa7dec11104747fd1,sgv31_u03,3,M0+R0|M0+RS|ME+R0|ME+RS,M0+RS,0.6089661924189973,0.0,0.5,0.0,591.0,1.0,0.6095568659546792,0.0,0.0625,0.25,535.75,1.625,0.2509436442487448,0.0,0.5,1.0,202.0,0.0,0.46190489631732423,0.0,0.0,1.0,250.0,1.0,0.6781852670149338,0.0,0.0,0.0,639.0,2.0
card_20acc5d61ea3215532ee,state_1c4aca24338b5299c5a4,sgv31_u13,3,M0+R0|M0+RS|ME+R0|ME+RS|MP+R0|MP+RS|MPE+R0|MPE+RS|MPMS+R0|MPMS+RS|MPMSME+R0|MPMSME+RS|MS+R0|MS+RS|MSE+R0|MSE+RS,MPMS+RS,0.711534776228219,0.5,0.5,0.0,736.0,3.0,0.5273889237060192,0.25,0.34722222222222215,0.25,597.1666666666666,2.333333333333333,0.42449869149744185,0.0,0.5,1.0,191.0,0.0,0.4493918326685249,0.0,0.5,1.0,241.0,1.0,0.7271512033883081,0.5,0.0,0.0,777.0,4.0
card_20bae918dccf4c028ce2,state_fe1be8225bb97e5fedd6,sgv31_u13,3,M0+R0|M0+RS|MP+R0|MP+RS|MPMS+R0|MPMS+RS|MS+R0|MS+RS,MS+R0,0.5213664265931138,0.0,0.5,1.0,258.0,1.0,0.4804968635015205,0.38888888888888884,0.3055555555555556,0.25,577.8055555555555,2.1388888888888884,0.5213664265931138,0.0,1.0,0.5,199.0,0.0,0.5213664265931138,0.0,1.0,0.5,199.0,0.0,0.34897796600006364,0.5,0.0,0.0,710.0,3.0
card_22a944c7284565e198ea,state_1c2dd3b1b0540efa837e,sgv31_u13,3,M0+R0|M0+RS|ME+R0|ME+RS|MP+R0|MP+RS|MPE+R0|MPE+RS,MPE+R0,0.5962649902691489,0.0,0.0,1.0,254.0,2.0,0.45244562960004014,0.0,0.25,0.25,565.0833333333334,2.1388888888888893,0.5962649902691489,0.0,1.0,1.0,189.0,0.0,0.6068873506553033,0.0,0.0,1.0,239.0,1.0,0.3389666861238084,0.0,0.0,0.0,690.0,3.0
card_2398aef6c1608a8188f6,state_43c3af792f8ad0fb17be,sgv31_u08,3,M0+R0|M0+RS|ME+R0|ME+RS|MS+R0|MS+RS|MSE+R0|MSE+RS,MSE+RS,0.6984340524773376,0.5,0.0,0.0,699.0,3.0,0.608489794527894,0.19444444444444445,0.05555555555555555,0.25,571.75,2.2222222222222223,0.3010781372516426,0.0,1.0,1.0,200.0,0.0,0.30631865424681937,0.0,0.0,1.0,222.0,1.0,0.6984340524773376,0.5,0.0,0.0,699.0,3.0
card_2a17cdec3d793b9584a6,state_b1377add17f58988f2bf,sgv31_u03,3,M0+R0|M0+RS|ME+R0|ME+RS,ME+R0,0.6089661924189973,0.0,0.0,1.0,218.0,1.0,0.3609135137385202,0.0,0.125,0.25,545.125,1.625,0.6781852670149336,0.0,1.0,1.0,195.0,0.0,0.6089661924189973,0.0,0.0,1.0,218.0,1.0,0.25094364424874477,0.0,0.0,0.0,658.0,2.0
card_2a2f005041b819b9452e,state_6c70c74e896770c1e3ee,sgv31_u08,3,M0+R0|M0+RS|ME+R0|ME+RS,ME+RS,0.31268183175793535,0.0,0.0,0.0,609.0,2.0,0.39750139216389785,0.0,0.08333333333333333,0.25,509.0,1.625,0.45937805816938654,0.0,1.0,1.0,198.0,0.0,0.5406219418306134,0.0,0.0,1.0,220.0,1.0,0.31268183175793535,0.0,0.0,0.0,609.0,2.0
card_2a3a6ef681e8d4656998,state_a52fa7dec11104747fd1,sgv31_u03,3,M0+R0|M0+RS|MP+R0|MP+RS|MPMS+R0|MPMS+RS|MS+R0|MS+RS,M0+RS,0.6149362263536023,0.0,1.0,0.0,591.0,1.0,0.5801284345806963,0.0,0.2916666666666667,0.25,578.4722222222223,2.1388888888888884,0.35361783543661357,0.0,0.5,1.0,202.0,0.0,0.35361783543661357,0.0,0.5,1.0,202.0,0.0,0.6446359006682866,0.0,0.0,0.0,710.0,3.0
card_2a87ab83cb9c4aec06f1,state_80e50c33139b6707e6b4,sgv31_u03,3,M0+R0|M0+RS|MP+R0|MP+RS|MPMS+R0|MPMS+RS|MS+R0|MS+RS,MPMS+R0,0.6290798114557585,0.0,0.0,1.0,271.0,2.0,0.47211354388228366,0.0,0.16666666666666669,0.2361111111111111,564.1944444444446,2.1388888888888884,0.5982713701940602,0.0,1.0,1.0,198.0,0.0,0.5982713701940602,0.0,1.0,1.0,198.0,0.0,0.46790864705531215,0.0,0.0,0.0,694.0,3.0
card_2ab1b9994c2e44f56455,state_ef082e8507480bd71a6a,sgv31_u08,3,M0+R0|M0+RS|ME+R0|ME+RS|MP+R0|MP+RS|MPE+R0|MPE+RS|MPMS+R0|MPMS+RS|MPMSME+R0|MPMSME+RS|MS+R0|MS+RS|MSE+R0|MSE+RS,MPMS+R0,0.6783509623057623,0.5,0.0,1.0,316.0,2.0,0.4730157057997986,0.125,0.3333333333333333,0.22222222222222227,610.4166666666666,2.333333333333333,0.3467639460409825,0.0,0.5,1.0,195.0,0.0,0.5934911496018734,0.0,0.5,0.5,245.0,1.0,0.6650168473592618,0.5,0.0,0.0,793.0,4.0
card_2ad71c4db78ed5d0d6e5,state_5de2e12db47db398573b,sgv31_u03,3,M0+R0|M0+RS|ME+R0|ME+RS|MS+R0|MS+RS|MSE+R0|MSE+RS,MSE+RS,0.5067148302061307,0.0,0.0,0.0,722.0,3.0,0.5284152292006159,0.06944444444444445,0.2638888888888889,0.25,590.1111111111111,2.2222222222222223,0.4244212826525787,0.0,0.5,1.0,209.0,0.0,0.2608164959313041,0.0,0.5,1.0,232.0,1.0,0.5067148302061307,0.0,0.0,0.0,722.0,3.0
card_2b25f7d5e5173ec22da4,state_da87799b95fa3740c62a,sgv31_u08,3,M0+R0|M0+RS|ME+R0|ME+RS|MP+R0|MP+RS|MPE+R0|MPE+RS|MPMS+R0|MPMS+RS|MPMSME+R0|MPMSME+RS|MS+R0|MS+RS|MSE+R0|MSE+RS,ME+RS,0.593447868650767,0.0,0.5,0.0,630.0,2.0,0.5476021354902321,0.0,0.5000000000000001,0.20833333333333337,573.4722222222223,2.333333333333333,0.4225442100556321,0.0,0.5,1.0,205.0,0.0,0.42788620536487243,0.0,0.5,1.0,233.0,1.0,0.6236535747397647,0.5,0.0,0.0,733.0,4.0
card_2de5eb6bbf163f947e1d,state_a52fa7dec11104747fd1,sgv31_u03,3,M0+R0|M0+RS|MS+R0|MS+RS,M0+RS,0.6477291697335709,0.0,0.5,0.0,591.0,1.0,0.5738645848667854,0.0,0.20833333333333334,0.25,531.4444444444445,1.3888888888888888,0.3522708302664292,0.0,1.0,1.0,202.0,0.0,0.3522708302664292,0.0,1.0,1.0,202.0,0.0,0.6477291697335709,0.0,0.0,0.0,650.0,2.0
card_2ebc8dac2471d9b92432,state_a52fa7dec11104747fd1,sgv31_u03,3,M0+R0|M0+RS|ME+R0|ME+RS|MP+R0|MP+RS|MPE+R0|MPE+RS,ME+RS,0.4984040077790452,0.0,0.5,0.0,617.0,2.0,0.5197321680031759,0.0,0.29166666666666663,0.25,553.5833333333334,2.1388888888888893,0.4033568399743856,0.0,0.5,1.0,202.0,0.0,0.3721950364206464,0.0,0.5,1.0,228.0,1.0,0.53279181133108,0.0,0.0,0.0,677.0,3.0
card_2f9420b72d43b68d2844,state_da87799b95fa3740c62a,sgv31_u08,3,M0+R0|M0+RS|ME+R0|ME+RS,ME+RS,0.42439180136663107,0.0,0.0,0.5,630.0,2.0,0.4500544499506669,0.0,0.125,0.5833333333333333,527.25,1.625,0.42439180136663107,0.0,1.0,1.0,205.0,0.0,0.42807112701660105,0.0,0.0,1.0,233.0,1.0,0.42439180136663107,0.0,0.0,0.5,630.0,2.0
card_3124901434cc2ca2d7da,state_5cd0772885d009f77aaa,sgv31_u08,3,M0+R0|M0+RS|MP+R0|MP+RS|MPMS+R0|MPMS+RS|MS+R0|MS+RS,MPMS+RS,0.6048520827564007,0.0,0.0,0.0,752.0,3.0,0.557276457631067,0.08333333333333333,0.1111111111111111,0.25,611.7777777777778,2.1388888888888884,0.39688592404878603,0.0,1.0,1.0,204.0,0.0,0.39688592404878603,0.0,1.0,1.0,204.0,0.0,0.6048520827564007,0.0,0.0,0.0,752.0,3.0
card_32f5a69ef4f84ea22c7c,state_ae701477a8f0fbdea06b,sgv31_u13,3,M0+R0|M0+RS|MP+R0|MP+RS,MP+RS,0.5,0.5,0.0,0.0,728.0,2.0,0.5,0.3888888888888889,0.2222222222222222,0.25,599.0,1.527777777777778,0.5,0.0,1.0,1.0,204.0,0.0,0.5,0.0,1.0,1.0,204.0,0.0,0.5,0.5,0.0,0.0,728.0,2.0
card_339370aa2e250f48d6bc,state_b1377add17f58988f2bf,sgv31_u03,3,M0+R0|M0+RS|MP+R0|MP+RS|MPMS+R0|MPMS+RS|MS+R0|MS+RS,MPMS+R0,0.5705630341469947,0.0,0.0,1.0,314.0,2.0,0.48824843910107435,0.19444444444444445,0.16666666666666669,0.2361111111111111,609.7222222222223,2.1388888888888884,0.5422989015726919,0.0,1.0,1.0,195.0,0.0,0.5422989015726919,0.0,1.0,1.0,195.0,0.0,0.5844144875404798,0.5,0.0,0.0,754.0,3.0
card_3a1581dc02412e098ac3,state_1c4aca24338b5299c5a4,sgv31_u13,3,M0+R0|M0+RS,M0+RS,0.7215937546003562,0.0,1.0,0.0,614.0,1.0,0.6107968773001781,0.0,1.0,0.25,508.25,0.75,0.27840624539964376,0.0,1.0,1.0,191.0,0.0,0.27840624539964376,0.0,1.0,1.0,191.0,0.0,0.7215937546003562,0.0,1.0,0.0,614.0,1.0
card_3b4500f9dbfdc0a4370a,state_6c70c74e896770c1e3ee,sgv31_u08,3,M0+R0|M0+RS|ME+R0|ME+RS|MS+R0|MS+RS|MSE+R0|MSE+RS,ME+RS,0.31472804043138675,0.0,0.5,0.0,609.0,2.0,0.48813613284284824,0.0,0.16666666666666669,0.25,540.0,2.2222222222222223,0.46612482842939584,0.0,0.5,1.0,198.0,0.0,0.49084010802341294,0.0,0.0,1.0,220.0,1.0,0.6004932533109557,0.0,0.0,0.0,659.0,3.0
card_3ba9cc6f72728f450521,state_4e56abb76ff2ccc160b8,sgv31_u13,3,M0+R0|M0+RS|ME+R0|ME+RS|MS+R0|MS+RS|MSE+R0|MSE+RS,MSE+RS,0.693975362284904,0.0,0.0,0.0,733.0,3.0,0.5940840226405212,0.0,0.20833333333333334,0.25,597.6944444444443,2.2222222222222223,0.3647687010181929,0.0,0.5,1.0,205.0,0.0,0.48098749261816426,0.0,0.5,1.0,231.0,1.0,0.693975362284904,0.0,0.0,0.0,733.0,3.0
card_3bcccb813d8e10c23046,state_80e50c33139b6707e6b4,sgv31_u03,3,M0+R0|M0+RS|ME+R0|ME+RS,ME+R0,0.7490563557512552,0.0,0.0,1.0,246.0,1.0,0.46598113623771364,0.0,0.125,0.25,557.25,1.625,0.5380951036826757,0.0,1.0,1.0,198.0,0.0,0.7490563557512552,0.0,0.0,1.0,246.0,1.0,0.3910338075810027,0.0,0.0,0.0,669.0,2.0
card_3bfef40e066ae6030a2d,state_6a89f1dbf363044d349c,sgv31_u13,3,M0+R0|M0+RS|MS+R0|MS+RS,MS+RS,0.5380951036826757,0.0,0.0,0.0,650.0,2.0,0.5523308977290025,0.0,0.20833333333333334,0.25,531.4444444444445,1.3888888888888888,0.3910338075810027,0.0,1.0,1.0,202.0,0.0,0.3910338075810027,0.0,1.0,1.0,202.0,0.0,0.5380951036826757,0.0,0.0,0.0,650.0,2.0
card_3c22dad7b35813c0f3ab,state_95503fad59abded310ef,sgv31_u03,3,M0+R0|M0+RS|ME+R0|ME+RS|MP+R0|MP+RS|MPE+R0|MPE+RS,MP+RS,0.33685779955620987,0.5,0.5,0.0,705.0,2.0,0.40381830556867243,0.3194444444444444,0.2777777777777778,0.25,604.3333333333333,2.1388888888888893,0.7096928203388659,0.0,1.0,0.5,204.0,0.0,0.45436396006246926,0.0,0.5,1.0,252.0,1.0,0.34850848056693745,0.5,0.0,0.0,744.0,3.0
card_3e1bc628f1b62e82e8ce,state_54a311f88828cddfcea3,sgv31_u08,3,M0+R0|M0+RS|MS+R0|MS+RS,M0+RS,0.42439180136663107,0.0,0.5,0.0,585.0,1.0,0.5573755278509653,0.0,0.18055555555555558,0.25,525.4444444444445,1.3888888888888888,0.42807112701660105,0.0,0.5,1.0,196.0,0.0,0.42807112701660105,0.0,0.5,1.0,196.0,0.0,0.723145270250137,0.0,0.0,0.0,644.0,2.0
card_3f06fae0dd75b5ea8a03,state_1c2dd3b1b0540efa837e,sgv31_u13,3,M0+R0|M0+RS|ME+R0|ME+RS|MS+R0|MS+RS|MSE+R0|MSE+RS,MSE+R0,0.5614540548982224,0.0,0.0,1.0,267.0,2.0,0.4426878700010793,0.0,0.19444444444444445,0.4444444444444444,571.4166666666667,2.2222222222222223,0.6263120383982963,0.0,1.0,1.0,189.0,0.0,0.5733032848910461,0.0,0.0,1.0,217.0,1.0,0.5004682096002773,0.0,0.0,0.5,703.0,3.0
card_404dfccf57626a6de9d4,state_5de2e12db47db398573b,sgv31_u03,3,M0+R0|M0+RS|MP+R0|MP+RS|MPMS+R0|MPMS+RS|MS+R0|MS+RS,MPMS+RS,0.6087748835875254,0.0,0.0,0.0,768.0,3.0,0.5470051988367975,0.0,0.22222222222222227,0.25,623.7222222222222,2.1388888888888884,0.39122511641247465,0.0,0.5,1.0,209.0,0.0,0.39122511641247465,0.0,0.5,1.0,209.0,0.0,0.6087748835875254,0.0,0.0,0.0,768.0,3.0
card_424a32e78b790095555b,state_a7bda32e65dc856066c8,sgv31_u03,3,M0+R0|M0+RS|ME+R0|ME+RS,ME+RS,0.6508241519760448,0.0,0.0,0.0,638.0,2.0,0.5628433966566853,0.0,0.125,0.25,534.75,1.625,0.6508241519760448,0.0,1.0,1.0,201.0,0.0,0.3491758480239551,0.0,0.0,1.0,249.0,1.0,0.6508241519760448,0.0,0.0,0.0,638.0,2.0
card_43fb33c0966999eacd44,state_fe1be8225bb97e5fedd6,sgv31_u13,3,M0+R0|M0+RS,M0+R0,0.7215937546003562,0.0,1.0,1.0,199.0,0.0,0.3892031226998219,0.0,1.0,0.25,490.75,0.75,0.7215937546003562,0.0,1.0,1.0,199.0,0.0,0.7215937546003562,0.0,1.0,1.0,199.0,0.0,0.27840624539964376,0.0,1.0,0.0,588.0,1.0
card_4428c3e08dec62a956d4,state_ae701477a8f0fbdea06b,sgv31_u13,3,M0+R0|M0+RS|MP+R0|MP+RS|MPMS+R0|MPMS+RS|MS+R0|MS+RS,MPMS+RS,0.6236325582022889,0.5,0.0,0.0,778.0,3.0,0.5437445570275589,0.38888888888888884,0.22222222222222227,0.25,630.0555555555555,2.1388888888888884,0.25706300549946914,0.0,0.5,1.0,204.0,0.0,0.25706300549946914,0.0,0.5,1.0,204.0,0.0,0.6236325582022889,0.5,0.0,0.0,778.0,3.0
card_450967ed60d05e067d0a,state_e759d2d212f698fe9031,sgv31_u03,3,M0+R0|M0+RS|ME+R0|ME+RS,ME+RS,0.771205679933669,0.5,0.0,0.0,687.0,2.0,0.6695035499585431,0.3333333333333333,0.10416666666666666,0.25,572.0,1.625,0.22879432006633116,0.0,0.5,1.0,203.0,0.0,0.5,0.0,0.0,1.0,251.0,1.0,0.771205679933669,0.5,0.0,0.0,687.0,2.0
card_47cd99df769b7f03ee75,state_23c3f858885ba8f92592,sgv31_u13,3,M0+R0|M0+RS|ME+R0|ME+RS|MS+R0|MS+RS|MSE+R0|MSE+RS,ME+RS,0.7405079491991998,0.0,0.5,0.0,657.0,2.0,0.5559573921450103,0.0,0.2361111111111111,0.2222222222222222,580.3611111111111,2.2222222222222223,0.4250822335186385,0.0,0.5,1.0,203.0,0.0,0.4472594780056931,0.0,0.5,1.0,253.0,1.0,0.512329417153077,0.0,0.0,0.0,707.0,3.0
card_499e076dcadccaecfd13,state_13b438c89dd232d49159,sgv31_u13,3,M0+R0|M0+RS|MP+R0|MP+RS,MP+R0,0.571928872983399,0.5,0.0,1.0,266.0,1.0,0.5251005293875127,0.3888888888888889,0.2222222222222222,0.2222222222222222,514.75,1.527777777777778,0.5756081986333689,0.0,1.0,0.5,194.0,0.0,0.5756081986333689,0.0,1.0,0.5,194.0,0.0,0.5756081986333689,0.5,0.0,0.0,619.0,2.0
card_4cb6d58fb8d9e84e750a,state_4e56abb76ff2ccc160b8,sgv31_u13,3,M0+R0|M0+RS|MP+R0|MP+RS|MPMS+R0|MPMS+RS|MS+R0|MS+RS,MPMS+RS,0.6276285748228109,0.5,0.0,0.0,779.0,3.0,0.5979063690389986,0.38888888888888884,0.22222222222222227,0.25,631.0555555555557,2.1388888888888884,0.20710721008246544,0.0,0.5,1.0,205.0,0.0,0.20710721008246544,0.0,0.5,1.0,205.0,0.0,0.6276285748228109,0.5,0.0,0.0,779.0,3.0
card_4d9562d529d31481907d,state_23c3f858885ba8f92592,sgv31_u13,3,M0+R0|M0+RS|MP+R0|MP+RS,MP+RS,0.42439180136663107,0.0,0.0,0.0,679.0,2.0,0.4748994706124874,0.0,0.19444444444444442,0.25,562.0,1.527777777777778,0.42439180136663107,0.0,0.5,1.0,203.0,0.0,0.42439180136663107,0.0,0.5,1.0,203.0,0.0,0.42439180136663107,0.0,0.0,0.0,679.0,2.0
card_4e542bf4eabac8a6e60b,state_5de2e12db47db398573b,sgv31_u03,3,M0+R0|M0+RS,M0+RS,0.7215937546003562,0.0,1.0,0.0,649.0,1.0,0.6107968773001781,0.0,1.0,0.25,539.0,0.75,0.27840624539964376,0.0,1.0,1.0,209.0,0.0,0.27840624539964376,0.0,1.0,1.0,209.0,0.0,0.7215937546003562,0.0,1.0,0.0,649.0,1.0
card_4f45263813df1bb02f31,state_ef082e8507480bd71a6a,sgv31_u08,3,M0+R0|M0+RS|MP+R0|MP+RS|MPMS+R0|MPMS+RS|MS+R0|MS+RS,MPMS+R0,0.37932927994216187,0.0,0.0,1.0,316.0,2.0,0.515098945815697,0.0,0.16666666666666669,0.25,608.2777777777778,2.1388888888888884,0.3496931271345706,0.0,0.5,1.0,195.0,0.0,0.3496931271345706,0.0,0.5,1.0,195.0,0.0,0.650156599980491,0.0,0.0,0.0,752.0,3.0
card_501be534a62403a153fc,state_dba52c3c12882c9d5d74,sgv31_u08,3,M0+R0|M0+RS|MP+R0|MP+RS|MPMS+R0|MPMS+RS|MS+R0|MS+RS,MP+RS,0.5580019004623724,0.0,0.5,0.0,663.0,2.0,0.49506497712323905,0.0,0.22222222222222227,0.25,581.0277777777779,2.1388888888888884,0.6324093210707223,0.0,0.5,1.0,203.0,0.0,0.6324093210707223,0.0,0.5,1.0,203.0,0.0,0.5005174857150552,0.0,0.0,0.0,713.0,3.0
card_524201342a2f68c013a2,state_95503fad59abded310ef,sgv31_u03,3,M0+R0|M0+RS|MP+R0|MP+RS|MPMS+R0|MPMS+RS|MS+R0|MS+RS,MP+RS,0.40491107210419897,0.5,0.5,0.0,705.0,2.0,0.4614484731566685,0.38888888888888884,0.20833333333333337,0.25,612.7222222222222,2.1388888888888884,0.6598380750486977,0.0,0.5,1.0,204.0,0.0,0.6598380750486977,0.0,0.5,1.0,204.0,0.0,0.404911072104199,0.5,0.0,0.0,755.0,3.0
card_5521da25103fbbb104db,state_23c3f858885ba8f92592,sgv31_u13,3,M0+R0|M0+RS,M0+RS,0.7215937546003562,0.0,1.0,0.0,607.0,1.0,0.6107968773001781,0.0,1.0,0.25,506.0,0.75,0.27840624539964376,0.0,1.0,1.0,203.0,0.0,0.27840624539964376,0.0,1.0,1.0,203.0,0.0,0.7215937546003562,0.0,1.0,0.0,607.0,1.0
card_55528962845845c9f8a8,state_f0a5f2528afb8b57ec3a,sgv31_u08,3,M0+R0|M0+RS|MP+R0|MP+RS|MPMS+R0|MPMS+RS|MS+R0|MS+RS,MPMS+R0,0.6745710806189296,0.0,0.0,1.0,260.0,2.0,0.5204992831412503,0.0,0.16666666666666669,0.2361111111111111,556.4722222222222,2.1388888888888884,0.5799308765418039,0.0,1.0,1.0,195.0,0.0,0.5799308765418039,0.0,1.0,1.0,195.0,0.0,0.48745376944766966,0.0,0.0,0.0,683.0,3.0
card_555519842409f1982a01,state_f809a19048416307558c,sgv31_u08,3,M0+R0|M0+RS|MP+R0|MP+RS|MPMS+R0|MPMS+RS|MS+R0|MS+RS,MPMS+R0,0.5626958727272127,0.0,0.0,1.0,316.0,2.0,0.4006007649722628,0.0,0.19444444444444448,0.25,612.7777777777778,2.1388888888888884,0.5626958727272127,0.0,1.0,1.0,195.0,0.0,0.5626958727272127,0.0,1.0,1.0,195.0,0.0,0.3177198968536721,0.0,0.0,0.0,758.0,3.0
card_55e2b1152968e490c176,state_337cabb12f98a880002b,sgv31_u03,3,M0+R0|M0+RS|ME+R0|ME+RS|MP+R0|MP+RS|MPE+R0|MPE+RS|MPMS+R0|MPMS+RS|MPMSME+R0|MPMSME+RS|MS+R0|MS+RS|MSE+R0|MSE+RS,MSE+RS,0.6220845725001548,0.0,0.0,0.0,685.0,3.0,0.5177367279568748,0.0,0.4027777777777778,0.25,580.75,2.333333333333333,0.40141700180236356,0.0,0.5,1.0,205.0,0.0,0.46902162872560577,0.0,0.5,1.0,231.0,1.0,0.6438827428776378,0.0,0.0,0.0,745.0,4.0
card_563dbbacb7f2c7086b2e,state_5627cbd70ae1813f4ebb,sgv31_u03,3,M0+R0|M0+RS|ME+R0|ME+RS|MP+R0|MP+RS|MPE+R0|MPE+RS|MPMS+R0|MPMS+RS|MPMSME+R0|MPMSME+RS|MS+R0|MS+RS|MSE+R0|MSE+RS,MSE+RS,0.4571893702806922,0.0,0.5,0.0,731.0,3.0,0.4699787800184244,0.05555555555555555,0.4861111111111111,0.25,614.7499999999999,2.333333333333333,0.5501529353405308,0.0,0.5,1.0,203.0,0.0,0.5550937002899212,0.0,0.5,1.0,229.0,1.0,0.4664757113865557,0.5,0.0,0.0,791.0,4.0
card_56d06e10987644451731,state_5627cbd70ae1813f4ebb,sgv31_u03,3,M0+R0|M0+RS|MP+R0|MP+RS,MP+RS,0.27685472974986314,0.5,0.0,0.0,724.0,2.0,0.40113093480410333,0.3888888888888889,0.2222222222222222,0.25,595.6666666666667,1.527777777777778,0.571928872983399,0.0,1.0,1.0,203.0,0.0,0.571928872983399,0.0,1.0,1.0,203.0,0.0,0.27685472974986314,0.5,0.0,0.0,724.0,2.0
card_572bc95c90043ac10af5,state_5627cbd70ae1813f4ebb,sgv31_u03,3,M0+R0|M0+RS,M0+RS,0.27840624539964376,0.0,1.0,0.0,655.0,1.0,0.3892031226998219,0.0,1.0,0.25,542.0,0.75,0.7215937546003562,0.0,1.0,1.0,203.0,0.0,0.7215937546003562,0.0,1.0,1.0,203.0,0.0,0.27840624539964376,0.0,1.0,0.0,655.0,1.0
card_5730750772f296071b17,state_ef082e8507480bd71a6a,sgv31_u08,3,M0+R0|M0+RS|ME+R0|ME+RS,ME+R0,0.42439180136663107,0.0,0.0,1.0,217.0,1.0,0.4392927463367571,0.0,0.125,0.25,541.25,1.625,0.723145270250137,0.0,1.0,1.0,195.0,0.0,0.42439180136663107,0.0,0.0,1.0,217.0,1.0,0.42807112701660105,0.0,0.0,0.0,653.0,2.0
card_587de1e78ef6edd46b20,state_fe1be8225bb97e5fedd6,sgv31_u13,3,M0+R0|M0+RS|ME+R0|ME+RS,ME+R0,0.6477291697335709,0.0,0.0,1.0,225.0,1.0,0.4261354151332146,0.0,0.08333333333333333,0.25,513.5,1.625,0.6477291697335709,0.0,1.0,1.0,199.0,0.0,0.6477291697335709,0.0,0.0,1.0,225.0,1.0,0.3522708302664292,0.0,0.0,0.0,614.0,2.0
card_5a0c924e86603cedb6c3,state_a7bda32e65dc856066c8,sgv31_u03,3,M0+R0|M0+RS|MS+R0|MS+RS,MS+RS,0.3218147329850664,0.0,0.0,0.0,649.0,2.0,0.40875516801203704,0.0,0.18055555555555558,0.25,530.4444444444443,1.3888888888888888,0.7490563557512552,0.0,0.5,1.0,201.0,0.0,0.7490563557512552,0.0,0.5,1.0,201.0,0.0,0.3218147329850664,0.0,0.0,0.0,649.0,2.0
card_5a148c7b67e50a8a37bd,state_5627cbd70ae1813f4ebb,sgv31_u03,3,M0+R0|M0+RS|MP+R0|MP+RS|MPMS+R0|MPMS+RS|MS+R0|MS+RS,MPMS+RS,0.6425961578355196,0.0,0.0,0.0,774.0,3.0,0.5410323217743939,0.0,0.2361111111111111,0.25,626.7222222222223,2.1388888888888884,0.42303495373335,0.0,1.0,1.0,203.0,0.0,0.42303495373335,0.0,1.0,1.0,203.0,0.0,0.6425961578355196,0.0,0.0,0.0,774.0,3.0
card_5acadb9b83515e517091,state_54a311f88828cddfcea3,sgv31_u08,3,M0+R0|M0+RS|MP+R0|MP+RS,MP+RS,0.571928872983399,0.0,0.0,0.0,656.0,2.0,0.5568645103995806,0.0,0.1388888888888889,0.25,542.9722222222222,1.527777777777778,0.27685472974986314,0.0,1.0,1.0,196.0,0.0,0.27685472974986314,0.0,1.0,1.0,196.0,0.0,0.571928872983399,0.0,0.0,0.0,656.0,2.0
card_5c5a81538e77c0a65bc9,state_b234584b2a2f2c8f757c,sgv31_u03,3,M0+R0|M0+RS|ME+R0|ME+RS|MS+R0|MS+RS|MSE+R0|MSE+RS,M0+RS,0.39180858762338727,0.0,0.5,0.5,587.0,1.0,0.40745124596394044,0.0,0.2361111111111111,0.4722222222222222,562.3888888888889,2.2222222222222223,0.6039832713018164,0.0,0.5,1.0,198.0,0.0,0.5722755649371303,0.0,0.5,1.0,246.0,1.0,0.3918085876233873,0.0,0.0,0.5,685.0,3.0
card_5e1235569f11670e154f,state_6a89f1dbf363044d349c,sgv31_u13,3,M0+R0|M0+RS|ME+R0|ME+RS|MP+R0|MP+RS|MPE+R0|MPE+RS,ME+RS,0.5450565117467578,0.0,0.5,0.0,641.0,2.0,0.47956964400182506,0.25,0.2777777777777778,0.25,573.5,2.1388888888888893,0.39835818745219786,0.0,0.5,1.0,202.0,0.0,0.5876218446084709,0.0,0.5,1.0,252.0,1.0,0.40044668423257074,0.5,0.0,0.0,704.0,3.0
card_5f06ea0cc1f2a8e696f8,state_13b438c89dd232d49159,sgv31_u13,3,M0+R0|M0+RS|ME+R0|ME+RS|MP+R0|MP+RS|MPE+R0|MPE+RS,MP+R0,0.5543728228316191,0.5,0.0,1.0,266.0,1.0,0.4662435750424855,0.3194444444444444,0.1111111111111111,0.18055555555555555,538.5,2.1388888888888893,0.6411218744872734,0.0,0.5,1.0,194.0,0.0,0.4545653333220769,0.0,0.0,1.0,244.0,1.0,0.4258639653051309,0.5,0.0,0.0,660.0,3.0
card_5f55c581f2b461261174,state_ef082e8507480bd71a6a,sgv31_u08,3,M0+R0|M0+RS|ME+R0|ME+RS|MS+R0|MS+RS|MSE+R0|MSE+RS,MSE+R0,0.544355868746864,0.0,0.0,1.0,267.0,2.0,0.43815333146466023,0.0,0.041666666666666664,0.2222222222222222,572.25,2.2222222222222223,0.347229818629655,0.0,0.5,1.0,195.0,0.0,0.5540787996185191,0.0,0.0,1.0,217.0,1.0,0.2721511400197765,0.0,0.0,0.0,703.0,3.0
card_60b415afd0850dbdc7d5,state_337cabb12f98a880002b,sgv31_u03,3,M0+R0|M0+RS|ME+R0|ME+RS|MS+R0|MS+RS|MSE+R0|MSE+RS,MSE+RS,0.5627744926241628,0.5,0.0,0.0,682.0,3.0,0.5524903398190272,0.2638888888888889,0.2361111111111111,0.25,559.1111111111111,2.2222222222222223,0.30760991459955406,0.0,0.5,1.0,205.0,0.0,0.3570801807994531,0.0,0.5,1.0,228.0,1.0,0.5627744926241628,0.5,0.0,0.0,682.0,3.0
card_60bbfbf08f649e65df15,state_915772e4f66c92c4ce92,sgv31_u13,3,M0+R0|M0+RS|MP+R0|MP+RS,MP+RS,0.42439180136663107,0.0,0.0,0.0,669.0,2.0,0.4748994706124874,0.0,0.1111111111111111,0.25,554.25,1.527777777777778,0.42439180136663107,0.0,0.5,1.0,202.0,0.0,0.42439180136663107,0.0,0.5,1.0,202.0,0.0,0.42439180136663107,0.0,0.0,0.0,669.0,2.0
card_60e1ce417b7e69b209aa,state_13b438c89dd232d49159,sgv31_u13,3,M0+R0|M0+RS|ME+R0|ME+RS,ME+R0,0.6477291697335709,0.0,0.0,1.0,216.0,1.0,0.4261354151332146,0.0,0.125,0.25,478.0,1.625,0.6477291697335709,0.0,1.0,1.0,194.0,0.0,0.6477291697335709,0.0,0.0,1.0,216.0,1.0,0.3522708302664292,0.0,0.0,0.0,569.0,2.0
card_618944772d24c774c113,state_e8c1d1731d2301108307,sgv31_u08,3,M0+R0|M0+RS|MS+R0|MS+RS,MS+RS,0.45937805816938654,0.0,0.0,0.0,691.0,2.0,0.5203744758904794,0.0,0.18055555555555558,0.25,563.9444444444443,1.3888888888888888,0.3126818317579353,0.0,0.5,1.0,205.0,0.0,0.3126818317579353,0.0,0.5,1.0,205.0,0.0,0.45937805816938654,0.0,0.0,0.0,691.0,2.0
card_62a7ff238245d990e3a1,state_e1f8636ae188f94a981f,sgv31_u13,3,M0+R0|M0+RS,M0+RS,0.5,0.0,1.0,0.0,635.0,1.0,0.5,0.0,1.0,0.25,526.0,0.75,0.5,0.0,1.0,1.0,199.0,0.0,0.5,0.0,1.0,1.0,199.0,0.0,0.5,0.0,1.0,0.0,635.0,1.0
card_63622ce169c9bcf85960,state_b1377add17f58988f2bf,sgv31_u03,3,M0+R0|M0+RS|MP+R0|MP+RS,MP+R0,0.6167168348814488,0.0,0.0,1.0,264.0,1.0,0.4503884501041651,0.0,0.2222222222222222,0.25,578.6666666666667,1.527777777777778,0.5379950269774428,0.0,1.0,1.0,195.0,0.0,0.5379950269774428,0.0,1.0,1.0,195.0,0.0,0.38328316511855115,0.0,0.0,0.0,704.0,2.0
card_64afed6578f4422eecb5,state_23c3f858885ba8f92592,sgv31_u13,3,M0+R0|M0+RS|MP+R0|MP+RS|MPMS+R0|MPMS+RS|MS+R0|MS+RS,MP+RS,0.6612134236426648,0.0,0.5,0.0,679.0,2.0,0.5512216109850131,0.19444444444444445,0.19444444444444448,0.25,593.0555555555557,2.1388888888888884,0.40335683997438565,0.0,0.5,1.0,203.0,0.0,0.40335683997438565,0.0,0.5,1.0,203.0,0.0,0.5327918113310799,0.5,0.0,0.0,729.0,3.0
card_64cb37b6fada0bf4cdc7,state_e1f8636ae188f94a981f,sgv31_u13,3,M0+R0|M0+RS|ME+R0|ME+RS,ME+RS,0.5756081986333689,0.0,0.0,0.0,663.0,2.0,0.549945550049333,0.0,0.0625,0.25,550.5,1.625,0.5756081986333689,0.0,0.5,1.0,199.0,0.0,0.571928872983399,0.0,0.0,1.0,227.0,1.0,0.5756081986333689,0.0,0.0,0.0,663.0,2.0
card_65fda323c984038022e5,state_5627cbd70ae1813f4ebb,sgv31_u03,3,M0+R0|M0+RS|ME+R0|ME+RS,ME+RS,0.6167168348814488,0.0,0.0,0.0,681.0,2.0,0.5550783421113907,0.0,0.08333333333333333,0.25,564.75,1.625,0.4620049730225572,0.0,1.0,1.0,203.0,0.0,0.38328316511855115,0.0,0.0,1.0,229.0,1.0,0.6167168348814488,0.0,0.0,0.0,681.0,2.0
card_676c00a864892a9a4af5,state_5cd0772885d009f77aaa,sgv31_u08,3,M0+R0|M0+RS|ME+R0|ME+RS|MP+R0|MP+RS|MPE+R0|MPE+RS,MP+RS,0.7090420915151159,0.0,0.0,0.0,711.0,2.0,0.5378348115327616,0.2361111111111111,0.18055555555555555,0.25,593.6111111111111,2.1388888888888893,0.3852241272706927,0.0,1.0,1.0,204.0,0.0,0.4067581972130778,0.0,0.5,1.0,232.0,1.0,0.6789613205267033,0.5,0.0,0.0,730.0,3.0
card_684043a59f594c3982ff,state_e644901831c14570ded4,sgv31_u03,3,M0+R0|M0+RS|MP+R0|MP+RS,MP+RS,0.4620049730225572,0.5,0.0,0.0,702.0,2.0,0.4679580672480865,0.2916666666666667,0.2222222222222222,0.25,577.6666666666666,1.527777777777778,0.6167168348814488,0.0,1.0,1.0,197.0,0.0,0.6167168348814488,0.0,1.0,1.0,197.0,0.0,0.4620049730225572,0.5,0.0,0.0,702.0,2.0
card_686bd2afa9238bbd0dd6,state_da87799b95fa3740c62a,sgv31_u08,3,M0+R0|M0+RS|ME+R0|ME+RS,ME+RS,0.3522708302664292,0.0,0.0,0.0,624.0,2.0,0.4261354151332146,0.0,0.125,0.25,522.0,1.625,0.6477291697335709,0.0,1.0,1.0,205.0,0.0,0.6477291697335709,0.0,0.0,1.0,227.0,1.0,0.3522708302664292,0.0,0.0,0.0,624.0,2.0
card_69fc53beb5613f810f59,state_b234584b2a2f2c8f757c,sgv31_u03,3,M0+R0|M0+RS|ME+R0|ME+RS,ME+RS,0.5,0.0,0.0,0.0,613.0,2.0,0.5,0.0,0.10416666666666666,0.25,512.5,1.625,0.5,0.0,0.5,1.0,198.0,0.0,0.5,0.0,0.0,1.0,224.0,1.0,0.5,0.0,0.0,0.0,613.0,2.0
card_6cea3c9ade22272c6b9b,state_f0a5f2528afb8b57ec3a,sgv31_u08,3,M0+R0|M0+RS|ME+R0|ME+RS|MP+R0|MP+RS|MPE+R0|MPE+RS,MP+R0,0.5556395184214208,0.0,0.0,1.0,219.0,1.0,0.5213318126353081,0.0,0.027777777777777776,0.25,561.3333333333333,2.1388888888888893,0.565900684256427,0.0,1.0,1.0,195.0,0.0,0.5437445165543511,0.0,0.0,1.0,245.0,1.0,0.43457774409799105,0.0,0.0,0.0,683.0,3.0
card_6d39d9c2bcbc9e6e7cc2,state_6a89f1dbf363044d349c,sgv31_u13,3,M0+R0|M0+RS,M0+RS,0.7215937546003562,0.0,1.0,0.0,591.0,1.0,0.6107968773001781,0.0,1.0,0.25,493.75,0.75,0.27840624539964376,0.0,1.0,1.0,202.0,0.0,0.27840624539964376,0.0,1.0,1.0,202.0,0.0,0.7215937546003562,0.0,1.0,0.0,591.0,1.0
card_6eac4140f089c37acaf0,state_5de2e12db47db398573b,sgv31_u03,3,M0+R0|M0+RS|ME+R0|ME+RS|MP+R0|MP+RS|MPE+R0|MPE+RS,MPE+RS,0.6266250026287751,0.5,0.0,0.0,737.0,3.0,0.5633125013143875,0.1388888888888889,0.29166666666666663,0.25,600.3333333333333,2.1388888888888893,0.373374997371225,0.0,0.5,1.0,209.0,0.0,0.3733749973712249,0.0,0.5,1.0,237.0,1.0,0.6266250026287751,0.5,0.0,0.0,737.0,3.0
card_6f1149ea975bdeaa9cb2,state_a7bda32e65dc856066c8,sgv31_u03,3,M0+R0|M0+RS|MP+R0|MP+RS|MPMS+R0|MPMS+RS|MS+R0|MS+RS,MPMS+RS,0.5227702497397194,0.0,0.0,0.0,709.0,3.0,0.47888953004235485,0.0,0.2777777777777778,0.25,577.4722222222222,2.1388888888888884,0.7252167645917217,0.0,0.5,1.0,201.0,0.0,0.7252167645917217,0.0,0.5,1.0,201.0,0.0,0.5227702497397194,0.0,0.0,0.0,709.0,3.0
card_6fc944f4dc32db856c08,state_5feee9080dfd172d9af9,sgv31_u08,3,M0+R0|M0+RS|MP+R0|MP+RS|MPMS+R0|MPMS+RS|MS+R0|MS+RS,M0+R0,0.6013417688539804,0.0,0.5,1.0,205.0,0.0,0.48944645811493986,0.09722222222222222,0.19444444444444448,0.25,583.0277777777778,2.1388888888888884,0.6013417688539804,0.0,0.5,1.0,205.0,0.0,0.6013417688539804,0.0,0.5,1.0,205.0,0.0,0.46563327439218927,0.0,0.0,0.0,715.0,3.0
card_704aa9134af24db4a2ad,state_13b438c89dd232d49159,sgv31_u13,3,M0+R0|M0+RS|ME+R0|ME+RS,ME+R0,0.3126818317579353,0.0,0.0,1.0,244.0,1.0,0.4924764380275137,0.0,0.125,0.22916666666666669,502.5,1.625,0.6873181682420647,0.0,1.0,0.5,194.0,0.0,0.3126818317579353,0.0,0.0,1.0,244.0,1.0,0.5406219418306134,0.0,0.0,0.0,597.0,2.0
card_7091fa914616ef9312b4,state_1c4aca24338b5299c5a4,sgv31_u13,3,M0+R0|M0+RS|ME+R0|ME+RS,M0+RS,0.6508241519760448,0.0,0.5,0.0,614.0,1.0,0.43715660334331463,0.0,0.0625,0.25,552.0,1.625,0.3491758480239551,0.0,0.5,1.0,191.0,0.0,0.6508241519760448,0.0,0.0,1.0,241.0,1.0,0.3491758480239551,0.0,0.0,0.0,664.0,2.0
card_71ca71a628b3cd790eb4,state_23c3f858885ba8f92592,sgv31_u13,3,M0+R0|M0+RS|ME+R0|ME+RS|MP+R0|MP+RS|MPE+R0|MPE+RS|MPMS+R0|MPMS+RS|MPMSME+R0|MPMSME+RS|MS+R0|MS+RS|MSE+R0|MSE+RS,ME+RS,0.6353216833840192,0.0,0.5,0.5,633.0,2.0,0.5513848083894664,0.08333333333333334,0.45833333333333337,0.36111111111111116,580.25,2.333333333333333,0.40493294383894257,0.0,0.5,1.0,203.0,0.0,0.41020968015842746,0.0,0.5,1.0,229.0,1.0,0.5878934413567316,0.0,0.0,0.0,746.0,4.0
card_71ccc6e454700999fea5,state_1c2dd3b1b0540efa837e,sgv31_u13,3,M0+R0|M0+RS|MS+R0|MS+RS,MS+R0,0.31268183175793535,0.0,0.0,1.0,248.0,1.0,0.5366740566028628,0.0,0.36111111111111116,0.25,553.6944444444445,1.3888888888888888,0.5406219418306134,0.0,1.0,1.0,189.0,0.0,0.5406219418306134,0.0,1.0,1.0,189.0,0.0,0.6873181682420647,0.0,0.0,0.0,684.0,2.0
card_7246c57b53ab2172eb52,state_915772e4f66c92c4ce92,sgv31_u13,3,M0+R0|M0+RS|ME+R0|ME+RS,ME+RS,0.6477291697335709,0.0,0.0,0.0,619.0,2.0,0.5738645848667854,0.0,0.125,0.25,517.5,1.625,0.3522708302664292,0.0,1.0,1.0,202.0,0.0,0.3522708302664292,0.0,0.0,1.0,224.0,1.0,0.6477291697335709,0.0,0.0,0.0,619.0,2.0
card_72d5a14e15e0a3fc62a2,state_e1f8636ae188f94a981f,sgv31_u13,3,M0+R0|M0+RS|ME+R0|ME+RS|MP+R0|MP+RS|MPE+R0|MPE+RS|MPMS+R0|MPMS+RS|MPMSME+R0|MPMSME+RS|MS+R0|MS+RS|MSE+R0|MSE+RS,MPE+RS,0.4546826445773503,0.5,0.5,0.0,726.0,3.0,0.5332828896743345,0.19444444444444445,0.4861111111111111,0.25,601.4722222222223,2.333333333333333,0.4750230360763739,0.0,0.5,1.0,199.0,0.0,0.47454709231866654,0.0,0.5,1.0,227.0,1.0,0.5578567859074652,0.5,0.0,0.0,776.0,4.0
card_73de02204d85cdcc8a10,state_4e56abb76ff2ccc160b8,sgv31_u13,3,M0+R0|M0+RS|ME+R0|ME+RS,ME+RS,0.6781852670149338,0.0,0.0,0.0,685.0,2.0,0.6095568659546792,0.0,0.0625,0.25,568.5,1.625,0.2509436442487448,0.0,0.5,1.0,205.0,0.0,0.46190489631732423,0.0,0.0,1.0,233.0,1.0,0.6781852670149338,0.0,0.0,0.0,685.0,2.0
card_74740015926c581316f2,state_fe1be8225bb97e5fedd6,sgv31_u13,3,M0+R0|M0+RS|MP+R0|MP+RS,M0+R0,0.45937805816938654,0.0,0.5,1.0,199.0,0.0,0.4275926995978361,0.2916666666666667,0.1111111111111111,0.25,546.75,1.527777777777778,0.45937805816938654,0.0,0.5,1.0,199.0,0.0,0.45937805816938654,0.0,0.5,1.0,199.0,0.0,0.31268183175793535,0.5,0.0,0.0,660.0,2.0
card_74c6943f2e0de3e46c7a,state_337cabb12f98a880002b,sgv31_u03,3,M0+R0|M0+RS,M0+RS,0.5,0.0,0.0,0.0,609.0,1.0,0.5,0.0,0.25,0.25,508.0,0.75,0.5,0.0,1.0,1.0,205.0,0.0,0.5,0.0,1.0,1.0,205.0,0.0,0.5,0.0,0.0,0.0,609.0,1.0
card_74f0368e6e2cff61423f,state_b234584b2a2f2c8f757c,sgv31_u03,3,M0+R0|M0+RS,M0+RS,0.7215937546003562,0.0,1.0,0.0,587.0,1.0,0.6107968773001781,0.0,1.0,0.25,489.75,0.75,0.27840624539964376,0.0,1.0,1.0,198.0,0.0,0.27840624539964376,0.0,1.0,1.0,198.0,0.0,0.7215937546003562,0.0,1.0,0.0,587.0,1.0
card_74f5e420a36d6ae8b5e4,state_43c3af792f8ad0fb17be,sgv31_u08,3,M0+R0|M0+RS|MP+R0|MP+RS|MPMS+R0|MPMS+RS|MS+R0|MS+RS,MPMS+RS,0.5534907227078518,0.0,0.0,0.0,748.0,3.0,0.5432543158593552,0.09722222222222222,0.11111111111111113,0.25,607.7777777777778,2.1388888888888884,0.38070541395527757,0.0,0.5,1.0,200.0,0.0,0.38070541395527757,0.0,0.5,1.0,200.0,0.0,0.5534907227078518,0.0,0.0,0.0,748.0,3.0
card_74fb8e83a235995b7fc7,state_e644901831c14570ded4,sgv31_u03,3,M0+R0|M0+RS,M0+RS,0.5,0.0,1.0,0.0,633.0,1.0,0.5,0.0,1.0,0.25,524.0,0.75,0.5,0.0,1.0,1.0,197.0,0.0,0.5,0.0,1.0,1.0,197.0,0.0,0.5,0.0,1.0,0.0,633.0,1.0
card_755a7e544bf7060b8952,state_a21e5f88200bd26d83df,sgv31_u13,3,M0+R0|M0+RS,M0+RS,0.27840624539964376,0.0,1.0,0.0,640.0,1.0,0.3892031226998219,0.0,1.0,0.25,531.0,0.75,0.7215937546003562,0.0,1.0,1.0,204.0,0.0,0.7215937546003562,0.0,1.0,1.0,204.0,0.0,0.27840624539964376,0.0,1.0,0.0,640.0,1.0
card_761d6a49301167deb995,state_ae27ef8b4439588f8070,sgv31_u13,3,M0+R0|M0+RS|MP+R0|MP+RS,MP+RS,0.6781852670149338,0.5,0.0,0.0,663.0,2.0,0.6008585923485098,0.3888888888888889,0.1111111111111111,0.25,549.75,1.527777777777778,0.2509436442487448,0.0,0.5,1.0,202.0,0.0,0.2509436442487448,0.0,0.5,1.0,202.0,0.0,0.6781852670149338,0.5,0.0,0.0,663.0,2.0
card_762ee15fd703add168b4,state_b1377add17f58988f2bf,sgv31_u03,3,M0+R0|M0+RS|ME+R0|ME+RS|MS+R0|MS+RS|MSE+R0|MSE+RS,MSE+R0,0.5420538673006102,0.0,0.0,1.0,268.0,2.0,0.538481758436653,0.0,0.05555555555555555,0.25,576.1111111111111,2.2222222222222223,0.37900038604709735,0.0,1.0,1.0,195.0,0.0,0.5102824908761913,0.0,0.0,1.0,218.0,1.0,0.5531274045267113,0.0,0.0,0.0,708.0,3.0
card_7875019be96e4fca6150,state_1c4aca24338b5299c5a4,sgv31_u13,3,M0+R0|M0+RS|ME+R0|ME+RS|MP+R0|MP+RS|MPE+R0|MPE+RS,MP+RS,0.6972661867085831,0.5,0.5,0.0,686.0,2.0,0.5479753055615159,0.2916666666666667,0.29166666666666663,0.2222222222222222,588.0,2.1388888888888893,0.2669052123752493,0.0,0.5,1.0,191.0,0.0,0.5889446782147747,0.0,0.5,1.0,241.0,1.0,0.6757008383807194,0.5,0.0,0.0,727.0,3.0
card_7901a67030bdb818c1c0,state_ae27ef8b4439588f8070,sgv31_u13,3,M0+R0|M0+RS|ME+R0|ME+RS|MP+R0|MP+RS|MPE+R0|MPE+RS,MPE+RS,0.5870825872402021,0.5,0.0,0.0,680.0,3.0,0.5361685197990643,0.3194444444444444,0.2638888888888889,0.25,555.5,2.1388888888888893,0.41195787938223843,0.0,0.5,1.0,202.0,0.0,0.6232570679397599,0.0,0.5,1.0,228.0,1.0,0.5870825872402021,0.5,0.0,0.0,680.0,3.0
card_79bbffa4523e144a41db,state_337cabb12f98a880002b,sgv31_u03,3,M0+R0|M0+RS|ME+R0|ME+RS|MP+R0|MP+RS|MPE+R0|MPE+RS,MPE+RS,0.46647228328832896,0.5,0.0,0.0,695.0,3.0,0.5459250013316551,0.20833333333333334,0.2638888888888889,0.25,567.8333333333334,2.1388888888888893,0.3407610658802279,0.0,0.5,1.0,205.0,0.0,0.3924068650682665,0.0,0.0,1.0,231.0,1.0,0.46647228328832896,0.5,0.0,0.0,695.0,3.0
card_79e30fdddf8e62e596b8,state_b1377add17f58988f2bf,sgv31_u03,3,M0+R0|M0+RS,M0+R0,0.7215937546003562,0.0,1.0,1.0,195.0,0.0,0.3892031226998219,0.0,1.0,0.25,525.0,0.75,0.7215937546003562,0.0,1.0,1.0,195.0,0.0,0.7215937546003562,0.0,1.0,1.0,195.0,0.0,0.27840624539964376,0.0,1.0,0.0,635.0,1.0
card_7a9ba14c6f5c63a69759,state_a1cbc4b9b261277ba2fe,sgv31_u03,3,M0+R0|M0+RS|MP+R0|MP+RS,M0+RS,0.38328316511855115,0.0,1.0,0.0,590.0,1.0,0.5539091016141373,0.0,0.2222222222222222,0.25,546.4166666666667,1.527777777777778,0.4620049730225572,0.0,1.0,1.0,201.0,0.0,0.4620049730225572,0.0,1.0,1.0,201.0,0.0,0.6167168348814488,0.0,0.0,0.0,659.0,2.0
card_7afba5f48d76ee8e697e,state_ae701477a8f0fbdea06b,sgv31_u13,3,M0+R0|M0+RS|ME+R0|ME+RS|MP+R0|MP+RS|MPE+R0|MPE+RS,MP+RS,0.6735381617163091,0.0,0.5,0.0,728.0,2.0,0.5383918201354362,0.20833333333333334,0.29166666666666663,0.25,606.25,2.1388888888888893,0.5147292273708141,0.0,0.5,1.0,204.0,0.0,0.4578342506818324,0.0,0.5,1.0,232.0,1.0,0.6815127141755652,0.5,0.0,0.0,747.0,3.0
card_7c7e28663338578d3dc2,state_54a311f88828cddfcea3,sgv31_u08,3,M0+R0|M0+RS,M0+RS,0.7215937546003562,0.0,1.0,0.0,585.0,1.0,0.6107968773001781,0.0,1.0,0.25,487.75,0.75,0.27840624539964376,0.0,1.0,1.0,196.0,0.0,0.27840624539964376,0.0,1.0,1.0,196.0,0.0,0.7215937546003562,0.0,1.0,0.0,585.0,1.0
card_7cf64790fc406189c3bc,state_13b438c89dd232d49159,sgv31_u13,3,M0+R0|M0+RS|MP+R0|MP+RS|MPMS+R0|MPMS+RS|MS+R0|MS+RS,MP+R0,0.35478587627423647,0.5,0.0,1.0,266.0,1.0,0.4934201229474558,0.29166666666666663,0.08333333333333334,0.2361111111111111,545.8055555555557,2.1388888888888884,0.6112348344727238,0.0,0.5,0.5,194.0,0.0,0.6112348344727238,0.0,0.5,0.5,194.0,0.0,0.5216605228361747,0.5,0.0,0.0,669.0,3.0
card_80c9ddf6c1cd9129ea06,state_ae27ef8b4439588f8070,sgv31_u13,3,M0+R0|M0+RS|ME+R0|ME+RS|MP+R0|MP+RS|MPE+R0|MPE+RS|MPMS+R0|MPMS+RS|MPMSME+R0|MPMSME+RS|MS+R0|MS+RS|MSE+R0|MSE+RS,MPE+RS,0.6345667288573715,0.5,0.5,0.0,680.0,3.0,0.540866999542257,0.25,0.3472222222222222,0.25,568.0,2.333333333333333,0.5086682098548791,0.0,0.5,1.0,202.0,0.0,0.5105829032562978,0.0,0.5,1.0,228.0,1.0,0.607908750969148,0.5,0.0,0.0,730.0,4.0
card_81ae8cad0504a8086c5c,state_e8c1d1731d2301108307,sgv31_u08,3,M0+R0|M0+RS|MP+R0|MP+RS,MP+RS,0.571928872983399,0.0,0.0,0.0,712.0,2.0,0.5568645103995806,0.0,0.1111111111111111,0.25,587.2222222222223,1.527777777777778,0.27685472974986314,0.0,0.5,1.0,205.0,0.0,0.27685472974986314,0.0,0.5,1.0,205.0,0.0,0.571928872983399,0.0,0.0,0.0,712.0,2.0
card_8439aab09b5c59437f28,state_f809a19048416307558c,sgv31_u08,3,M0+R0|M0+RS|ME+R0|ME+RS,ME+R0,0.7231452702501368,0.0,0.0,1.0,217.0,1.0,0.48693871785485887,0.0,0.125,0.25,545.75,1.625,0.42439180136663107,0.0,1.0,1.0,195.0,0.0,0.7231452702501368,0.0,0.0,1.0,217.0,1.0,0.42439180136663107,0.0,0.0,0.0,659.0,2.0
card_84616d6a245e9c4669a3,state_ae27ef8b4439588f8070,sgv31_u13,3,M0+R0|M0+RS|MP+R0|MP+RS|MPMS+R0|MPMS+RS|MS+R0|MS+RS,MP+RS,0.6246721042228011,0.5,0.0,0.0,663.0,2.0,0.5999118810196992,0.38888888888888884,0.11111111111111113,0.25,580.8055555555555,2.1388888888888884,0.41718144470162966,0.0,0.5,1.0,202.0,0.0,0.41718144470162966,0.0,0.5,1.0,202.0,0.0,0.7038784418116187,0.5,0.0,0.0,713.0,3.0
card_84e8f72336d27e338a88,state_a1cbc4b9b261277ba2fe,sgv31_u03,3,M0+R0|M0+RS|MP+R0|MP+RS|MPMS+R0|MPMS+RS|MS+R0|MS+RS,M0+RS,0.6432154542032303,0.0,0.5,0.0,590.0,1.0,0.5454376111344341,0.2777777777777778,0.22222222222222227,0.25,577.4722222222222,2.1388888888888884,0.423132461932434,0.0,0.5,1.0,201.0,0.0,0.423132461932434,0.0,0.5,1.0,201.0,0.0,0.6432154542032303,0.5,0.0,0.0,709.0,3.0
card_853e1ce25fdfe4f56e49,state_13b438c89dd232d49159,sgv31_u13,3,M0+R0|M0+RS|MS+R0|MS+RS,M0+R0,0.723145270250137,0.0,0.5,1.0,194.0,0.0,0.4426244721490347,0.0,0.18055555555555558,0.25,496.44444444444446,1.3888888888888888,0.723145270250137,0.0,0.5,1.0,194.0,0.0,0.723145270250137,0.0,0.5,1.0,194.0,0.0,0.42807112701660105,0.0,0.0,0.0,606.0,2.0
card_8567561d000f7a5ee095,state_6a89f1dbf363044d349c,sgv31_u13,3,M0+R0|M0+RS|ME+R0|ME+RS|MS+R0|MS+RS|MSE+R0|MSE+RS,MSE+RS,0.4646747885142827,0.0,0.0,0.0,663.0,3.0,0.4931444923620803,0.06944444444444445,0.20833333333333337,0.25,544.0,2.2222222222222223,0.3383234505552634,0.0,0.5,1.0,202.0,0.0,0.35828279322488965,0.0,0.0,1.0,224.0,1.0,0.4646747885142827,0.0,0.0,0.0,663.0,3.0
card_86b5ac3ea9054adbecd8,state_95503fad59abded310ef,sgv31_u03,3,M0+R0|M0+RS|MS+R0|MS+RS,M0+RS,0.6477291697335709,0.0,0.5,0.0,636.0,1.0,0.5738645848667854,0.0,0.18055555555555558,0.25,565.6944444444445,1.3888888888888888,0.3522708302664292,0.0,0.5,1.0,204.0,0.0,0.3522708302664292,0.0,0.5,1.0,204.0,0.0,0.6477291697335709,0.0,0.0,0.0,695.0,2.0
card_86cb2d9ca36dd08a3c41,state_23c3f858885ba8f92592,sgv31_u13,3,M0+R0|M0+RS|MS+R0|MS+RS,M0+RS,0.6477291697335709,0.0,0.5,0.0,607.0,1.0,0.5738645848667854,0.0,0.18055555555555558,0.25,543.6944444444445,1.3888888888888888,0.3522708302664292,0.0,0.5,1.0,203.0,0.0,0.3522708302664292,0.0,0.5,1.0,203.0,0.0,0.6477291697335709,0.0,0.0,0.0,666.0,2.0
card_875ade9f8e667d86e0b5,state_a1cbc4b9b261277ba2fe,sgv31_u03,3,M0+R0|M0+RS|ME+R0|ME+RS|MS+R0|MS+RS|MSE+R0|MSE+RS,ME+RS,0.5335282421244701,0.0,0.5,0.0,613.0,2.0,0.5331224516970292,0.2638888888888889,0.20833333333333334,0.25,543.8611111111111,2.2222222222222223,0.4347509855434794,0.0,0.5,1.0,201.0,0.0,0.4026872832623632,0.0,0.5,1.0,224.0,1.0,0.5680121302762607,0.5,0.0,0.0,663.0,3.0
card_87d48efa453a18a9b378,state_1131c2240e84f97394a6,sgv31_u08,3,M0+R0|M0+RS|ME+R0|ME+RS,ME+RS,0.45937805816938654,0.0,0.0,0.0,671.0,2.0,0.5075235619724863,0.0,0.0625,0.25,558.5,1.625,0.3126818317579353,0.0,0.5,1.0,207.0,0.0,0.6873181682420647,0.0,0.0,1.0,235.0,1.0,0.45937805816938654,0.0,0.0,0.0,671.0,2.0
card_87e28c4c92419f240fd5,state_915772e4f66c92c4ce92,sgv31_u13,3,M0+R0|M0+RS|ME+R0|ME+RS|MS+R0|MS+RS|MSE+R0|MSE+RS,ME+RS,0.43090482828709026,0.0,0.5,0.0,619.0,2.0,0.5290279503471933,0.0,0.16666666666666669,0.25,548.5,2.2222222222222223,0.423132461932434,0.0,1.0,1.0,202.0,0.0,0.43519293913038204,0.0,0.0,1.0,224.0,1.0,0.6432154542032303,0.0,0.0,0.0,669.0,3.0
card_89a9051e4b817e280034,state_95503fad59abded310ef,sgv31_u03,3,M0+R0|M0+RS|ME+R0|ME+RS,ME+RS,0.723145270250137,0.0,0.0,0.0,684.0,2.0,0.623714085857717,0.10416666666666667,0.125,0.25,570.0,1.625,0.42807112701660105,0.0,1.0,1.0,204.0,0.0,0.42439180136663107,0.5,0.0,1.0,252.0,1.0,0.723145270250137,0.0,0.0,0.0,684.0,2.0
card_8a255b78e24091e021f0,state_337cabb12f98a880002b,sgv31_u03,3,M0+R0|M0+RS|ME+R0|ME+RS,ME+RS,0.6167168348814488,0.0,0.0,0.0,632.0,2.0,0.5550783421113907,0.0,0.125,0.25,528.125,1.625,0.4620049730225572,0.0,1.0,1.0,205.0,0.0,0.38328316511855115,0.0,0.0,1.0,228.0,1.0,0.6167168348814488,0.0,0.0,0.0,632.0,2.0
card_8a28528f4f353d454fdd,state_5feee9080dfd172d9af9,sgv31_u08,3,M0+R0|M0+RS|ME+R0|ME+RS,ME+R0,0.6477291697335709,0.0,0.0,1.0,233.0,1.0,0.6107968773001782,0.0,0.0625,0.25,521.25,1.625,0.3522708302664292,0.0,0.5,1.0,205.0,0.0,0.6477291697335709,0.0,0.0,1.0,233.0,1.0,0.6477291697335709,0.0,0.0,0.0,622.0,2.0
card_8aea38e01d529763d5c6,state_f809a19048416307558c,sgv31_u08,3,M0+R0|M0+RS,M0+R0,0.7215937546003562,0.0,1.0,1.0,195.0,0.0,0.3892031226998219,0.0,1.0,0.25,526.5,0.75,0.7215937546003562,0.0,1.0,1.0,195.0,0.0,0.7215937546003562,0.0,1.0,1.0,195.0,0.0,0.27840624539964376,0.0,1.0,0.0,637.0,1.0
card_8b235ced1c7c2a254e5a,state_80e50c33139b6707e6b4,sgv31_u03,3,M0+R0|M0+RS|ME+R0|ME+RS,ME+R0,0.7490563557512552,0.0,0.0,1.0,221.0,1.0,0.5578944463012592,0.0,0.041666666666666664,0.25,535.375,1.625,0.3910338075810027,0.0,1.0,1.0,198.0,0.0,0.7490563557512552,0.0,0.0,1.0,221.0,1.0,0.5380951036826757,0.0,0.0,0.0,644.0,2.0
card_8b9309ea072acea416d7,state_915772e4f66c92c4ce92,sgv31_u13,3,M0+R0|M0+RS|ME+R0|ME+RS|MP+R0|MP+RS|MPE+R0|MPE+RS,MP+RS,0.4978117380751172,0.5,0.5,0.0,669.0,2.0,0.5343691748147965,0.25,0.29166666666666663,0.25,578.0,2.1388888888888893,0.4109969042119852,0.0,0.5,1.0,202.0,0.0,0.4109969042119852,0.0,0.5,1.0,252.0,1.0,0.5890030957880148,0.5,0.0,0.0,710.0,3.0
card_8c3e05402825ad55b8ca,state_da87799b95fa3740c62a,sgv31_u08,3,M0+R0|M0+RS|MS+R0|MS+RS,M0+RS,0.42439180136663107,0.0,0.5,0.0,602.0,1.0,0.5573755278509653,0.0,0.18055555555555558,0.25,534.6944444444445,1.3888888888888888,0.42807112701660105,0.0,0.5,1.0,205.0,0.0,0.42807112701660105,0.0,0.5,1.0,205.0,0.0,0.723145270250137,0.0,0.0,0.0,652.0,2.0
card_8d6f221fd086a2c6a721,state_dba52c3c12882c9d5d74,sgv31_u08,3,M0+R0|M0+RS,M0+RS,0.5,0.0,1.0,0.0,592.0,1.0,0.5,0.0,1.0,0.25,494.75,0.75,0.5,0.0,1.0,1.0,203.0,0.0,0.5,0.0,1.0,1.0,203.0,0.0,0.5,0.0,1.0,0.0,592.0,1.0
card_8dbba7e968ca0bca59f4,state_915772e4f66c92c4ce92,sgv31_u13,3,M0+R0|M0+RS|MP+R0|MP+RS|MPMS+R0|MPMS+RS|MS+R0|MS+RS,MP+RS,0.6422784713400894,0.0,0.5,0.0,669.0,2.0,0.5458339873768524,0.0,0.22222222222222227,0.25,585.3055555555555,2.1388888888888884,0.5030677062293251,0.0,0.5,1.0,202.0,0.0,0.5030677062293251,0.0,0.5,1.0,202.0,0.0,0.6302979326410811,0.0,0.0,0.0,719.0,3.0
card_8f6c50c37ed89eab00f0,state_95503fad59abded310ef,sgv31_u03,3,M0+R0|M0+RS|MP+R0|MP+RS,MP+RS,0.31268183175793535,0.5,0.0,0.0,705.0,2.0,0.4316675947759319,0.3888888888888889,0.2222222222222222,0.25,581.6666666666666,1.527777777777778,0.45937805816938654,0.0,1.0,1.0,204.0,0.0,0.45937805816938654,0.0,1.0,1.0,204.0,0.0,0.31268183175793535,0.5,0.0,0.0,705.0,2.0
card_8fe63ab709edc562f470,state_5feee9080dfd172d9af9,sgv31_u08,3,M0+R0|M0+RS|ME+R0|ME+RS|MS+R0|MS+RS|MSE+R0|MSE+RS,ME+R0,0.5072012323776498,0.0,0.5,1.0,255.0,1.0,0.4046731681170031,0.0,0.2361111111111111,0.2638888888888889,571.1111111111111,2.2222222222222223,0.6778000010692706,0.0,0.5,1.0,205.0,0.0,0.5072012323776498,0.0,0.5,1.0,255.0,1.0,0.26328292196280545,0.0,0.0,0.0,694.0,3.0
card_90c02e9d5e0d2d92b3bf,state_1c2dd3b1b0540efa837e,sgv31_u13,3,M0+R0|M0+RS|MP+R0|MP+RS|MPMS+R0|MPMS+RS|MS+R0|MS+RS,MPMS+R0,0.3908598099049829,0.0,0.0,1.0,263.0,2.0,0.4812977671696863,0.0,0.16666666666666669,0.25,565.7222222222222,2.1388888888888884,0.5240217305848506,0.0,1.0,1.0,189.0,0.0,0.5240217305848506,0.0,1.0,1.0,189.0,0.0,0.4767139020304893,0.0,0.0,0.0,699.0,3.0
card_9256cf6397bf9fa62ade,state_e8c1d1731d2301108307,sgv31_u08,3,M0+R0|M0+RS|ME+R0|ME+RS,ME+RS,0.771205679933669,0.0,0.0,0.0,663.0,2.0,0.6695035499585431,0.0,0.10416666666666666,0.25,551.25,1.625,0.22879432006633116,0.0,0.5,1.0,205.0,0.0,0.5,0.0,0.0,1.0,227.0,1.0,0.771205679933669,0.0,0.0,0.0,663.0,2.0
card_926773eeecf3281db0ea,state_b234584b2a2f2c8f757c,sgv31_u03,3,M0+R0|M0+RS|ME+R0|ME+RS,M0+RS,0.6781852670149338,0.0,0.5,0.0,587.0,1.0,0.44210555369874066,0.0,0.08333333333333333,0.5833333333333333,531.75,1.625,0.6089661924189973,0.0,1.0,1.0,198.0,0.0,0.2509436442487448,0.0,0.0,1.0,246.0,1.0,0.46190489631732423,0.0,0.0,0.5,635.0,2.0
card_94c3624b14abbfcc26f6,state_da87799b95fa3740c62a,sgv31_u08,3,M0+R0|M0+RS|MP+R0|MP+RS|MPMS+R0|MPMS+RS|MS+R0|MS+RS,M0+RS,0.5431609107048522,0.0,0.5,0.0,602.0,1.0,0.5324384000451172,0.0,0.22222222222222224,0.25,583.5277777777778,2.1388888888888884,0.5242526563960936,0.0,1.0,1.0,205.0,0.0,0.5242526563960936,0.0,1.0,1.0,205.0,0.0,0.6096138145386739,0.0,0.0,0.0,714.0,3.0
card_95e317d09166242215e3,state_5feee9080dfd172d9af9,sgv31_u08,3,M0+R0|M0+RS|MP+R0|MP+RS,M0+R0,0.5406219418306134,0.0,1.0,1.0,205.0,0.0,0.5683324052240681,0.0,0.1388888888888889,0.33333333333333337,551.9722222222222,1.527777777777778,0.5406219418306134,0.0,1.0,1.0,205.0,0.0,0.5406219418306134,0.0,1.0,1.0,205.0,0.0,0.6873181682420647,0.0,0.0,0.0,665.0,2.0
card_9645811088c9a4365dce,state_ef082e8507480bd71a6a,sgv31_u08,3,M0+R0|M0+RS,M0+R0,0.27840624539964376,0.0,1.0,1.0,195.0,0.0,0.6107968773001781,0.0,1.0,0.25,522.0,0.75,0.27840624539964376,0.0,1.0,1.0,195.0,0.0,0.27840624539964376,0.0,1.0,1.0,195.0,0.0,0.7215937546003562,0.0,1.0,0.0,631.0,1.0
card_9734fb9b3f5067fe8b66,state_ef082e8507480bd71a6a,sgv31_u08,3,M0+R0|M0+RS|MP+R0|MP+RS,MP+R0,0.6508241519760448,0.0,0.0,1.0,266.0,1.0,0.45810440222887644,0.0,0.2222222222222222,0.25,577.2222222222222,1.527777777777778,0.3491758480239551,0.0,1.0,1.0,195.0,0.0,0.3491758480239551,0.0,1.0,1.0,195.0,0.0,0.3491758480239551,0.0,0.0,0.0,702.0,2.0
card_9795823a4a8f30d6e893,state_43c3af792f8ad0fb17be,sgv31_u08,3,M0+R0|M0+RS,M0+RS,0.7215937546003562,0.0,1.0,0.0,636.0,1.0,0.6107968773001781,0.0,1.0,0.25,527.0,0.75,0.27840624539964376,0.0,1.0,1.0,200.0,0.0,0.27840624539964376,0.0,1.0,1.0,200.0,0.0,0.7215937546003562,0.0,1.0,0.0,636.0,1.0
card_999ecf68f2d53b6c36be,state_95503fad59abded310ef,sgv31_u03,3,M0+R0|M0+RS,M0+RS,0.5,0.0,1.0,0.0,636.0,1.0,0.5,0.0,1.0,0.125,528.0,0.75,0.5,0.0,1.0,0.5,204.0,0.0,0.5,0.0,1.0,0.5,204.0,0.0,0.5,0.0,1.0,0.0,636.0,1.0
card_9c83b25b55e03d12155a,state_80e50c33139b6707e6b4,sgv31_u03,3,M0+R0|M0+RS|MS+R0|MS+RS,MS+R0,0.6167168348814488,0.0,0.0,1.0,257.0,1.0,0.4613220345352771,0.0,0.36111111111111116,0.25,552.9444444444445,1.3888888888888888,0.5379950269774428,0.0,1.0,1.0,198.0,0.0,0.5379950269774428,0.0,1.0,1.0,198.0,0.0,0.38328316511855115,0.0,0.0,0.0,680.0,2.0
card_9d57126c61b0466c2e16,state_915772e4f66c92c4ce92,sgv31_u13,3,M0+R0|M0+RS|MS+R0|MS+RS,M0+RS,0.5406219418306134,0.0,0.5,0.0,597.0,1.0,0.5203744758904794,0.0,0.18055555555555558,0.25,535.9444444444445,1.3888888888888888,0.3126818317579353,0.0,0.5,1.0,202.0,0.0,0.3126818317579353,0.0,0.5,1.0,202.0,0.0,0.45937805816938654,0.0,0.0,0.0,656.0,2.0
card_9d7df2129aa5e771fdc1,state_ae701477a8f0fbdea06b,sgv31_u13,3,M0+R0|M0+RS|ME+R0|ME+RS|MP+R0|MP+RS|MPE+R0|MPE+RS|MPMS+R0|MPMS+RS|MPMSME+R0|MPMSME+RS|MS+R0|MS+RS|MSE+R0|MSE+RS,MPMS+RS,0.5923491507680309,0.5,0.5,0.0,778.0,3.0,0.5450759425438325,0.25,0.4861111111111111,0.25,618.4722222222222,2.333333333333333,0.4761291991547016,0.0,1.0,1.0,204.0,0.0,0.5601444362051956,0.0,0.5,1.0,232.0,1.0,0.5741125123370959,0.5,0.0,0.0,797.0,4.0
card_9e021e6c288ead7ce578,state_e8c1d1731d2301108307,sgv31_u08,3,M0+R0|M0+RS|ME+R0|ME+RS|MS+R0|MS+RS|MSE+R0|MSE+RS,MSE+RS,0.48776062817453775,0.5,0.0,0.0,704.0,3.0,0.5118250597834331,0.19444444444444445,0.2638888888888889,0.25,576.75,2.2222222222222223,0.3143788199715366,0.0,1.0,1.0,205.0,0.0,0.5905136015280582,0.0,0.5,1.0,227.0,1.0,0.48776062817453775,0.5,0.0,0.0,704.0,3.0
card_a096adfb427823b3e2a3,state_5cd0772885d009f77aaa,sgv31_u08,3,M0+R0|M0+RS|MP+R0|MP+RS,MP+RS,0.771205679933669,0.0,0.0,0.0,711.0,2.0,0.6431363310761031,0.09722222222222222,0.2222222222222222,0.25,586.2222222222222,1.527777777777778,0.22879432006633116,0.0,1.0,1.0,204.0,0.0,0.22879432006633116,0.0,1.0,1.0,204.0,0.0,0.771205679933669,0.0,0.0,0.0,711.0,2.0
card_a1f7087a1bdefa4fd02a,state_5cd0772885d009f77aaa,sgv31_u08,3,M0+R0|M0+RS|ME+R0|ME+RS|MP+R0|MP+RS|MPE+R0|MPE+RS|MPMS+R0|MPMS+RS|MPMSME+R0|MPMSME+RS|MS+R0|MS+RS|MSE+R0|MSE+RS,MP+RS,0.6636869704438809,0.0,0.5,0.0,711.0,2.0,0.517672171840081,0.08333333333333334,0.20833333333333331,0.25,601.7222222222222,2.333333333333333,0.218356317694725,0.0,1.0,1.0,204.0,0.0,0.4007781695213105,0.0,0.5,1.0,232.0,1.0,0.7594732734440394,0.5,0.0,0.0,771.0,4.0
card_a3451414884d4ec9363d,state_a21e5f88200bd26d83df,sgv31_u13,3,M0+R0|M0+RS|ME+R0|ME+RS,ME+RS,0.5379950269774428,0.0,0.0,0.0,690.0,2.0,0.522277588818055,0.0,0.125,0.25,574.75,1.625,0.38328316511855115,0.0,1.0,1.0,204.0,0.0,0.4620049730225572,0.0,0.0,1.0,254.0,1.0,0.5379950269774428,0.0,0.0,0.0,690.0,2.0
card_a3cdbb2d42c1863186ef,state_337cabb12f98a880002b,sgv31_u03,3,M0+R0|M0+RS|MP+R0|MP+RS,MP+RS,0.6781852670149338,0.0,0.0,0.0,678.0,2.0,0.6008585923485098,0.09722222222222222,0.2222222222222222,0.2222222222222222,561.6666666666666,1.527777777777778,0.2509436442487448,0.0,1.0,0.5,205.0,0.0,0.2509436442487448,0.0,1.0,0.5,205.0,0.0,0.6781852670149338,0.0,0.0,0.0,678.0,2.0
card_a67588d72bea9cb2cad8,state_e759d2d212f698fe9031,sgv31_u03,3,M0+R0|M0+RS|MP+R0|MP+RS|MPMS+R0|MPMS+RS|MS+R0|MS+RS,MPMS+RS,0.5504138235181212,0.5,0.0,0.0,750.0,3.0,0.5329847512582337,0.375,0.20833333333333334,0.25,609.8333333333333,2.1388888888888884,0.26282566790427064,0.0,1.0,1.0,203.0,0.0,0.26282566790427064,0.0,1.0,1.0,203.0,0.0,0.5504138235181212,0.5,0.0,0.0,750.0,3.0
card_a68961d018d9baeb86cf,state_e8c1d1731d2301108307,sgv31_u08,3,M0+R0|M0+RS|ME+R0|ME+RS|MP+R0|MP+RS|MPE+R0|MPE+RS|MPMS+R0|MPMS+RS|MPMSME+R0|MPMSME+RS|MS+R0|MS+RS|MSE+R0|MSE+RS,MPE+RS,0.5456172870958906,0.0,0.5,0.0,731.0,3.0,0.5117691424830777,0.013888888888888888,0.47222222222222227,0.25,602.7222222222222,2.333333333333333,0.27135874016971434,0.0,1.0,1.0,205.0,0.0,0.5090821439240953,0.0,0.5,1.0,233.0,1.0,0.6078074978247143,0.5,0.0,0.0,772.0,4.0
card_a88ff1a23b1c82c676a6,state_f809a19048416307558c,sgv31_u08,3,M0+R0|M0+RS|ME+R0|ME+RS|MS+R0|MS+RS|MSE+R0|MSE+RS,MSE+R0,0.6761797903454891,0.0,0.0,1.0,267.0,2.0,0.4836634073732934,0.0,0.20833333333333334,0.25,576.75,2.2222222222222223,0.39219172998500323,0.0,1.0,1.0,195.0,0.0,0.6488284051449353,0.0,0.0,1.0,217.0,1.0,0.47939223123797897,0.0,0.0,0.0,709.0,3.0
card_a986d18472ff24556798,state_43c3af792f8ad0fb17be,sgv31_u08,3,M0+R0|M0+RS|MP+R0|MP+RS,MP+RS,0.7490563557512552,0.0,0.0,0.0,707.0,2.0,0.6205450058863768,0.0,0.2222222222222222,0.25,582.2222222222222,1.527777777777778,0.32181473298506635,0.0,1.0,1.0,200.0,0.0,0.32181473298506635,0.0,1.0,1.0,200.0,0.0,0.7490563557512552,0.0,0.0,0.0,707.0,2.0
card_aab1da703d1903e3666d,state_54a311f88828cddfcea3,sgv31_u08,3,M0+R0|M0+RS|ME+R0|ME+RS|MP+R0|MP+RS|MPE+R0|MPE+RS,ME+RS,0.5892069181683357,0.0,0.5,0.0,613.0,2.0,0.5395021709097971,0.06944444444444445,0.18055555555555555,0.25,550.3611111111111,2.1388888888888893,0.467401133091964,0.0,0.5,1.0,196.0,0.0,0.4107930818316642,0.0,0.5,1.0,224.0,1.0,0.6001378087022975,0.0,0.0,0.0,675.0,3.0
card_abac98dab97e17b401f2,state_1c4aca24338b5299c5a4,sgv31_u13,3,M0+R0|M0+RS|ME+R0|ME+RS,M0+RS,0.6167168348814488,0.0,0.5,0.0,614.0,1.0,0.522277588818055,0.0,0.0625,0.25,532.75,1.625,0.38328316511855115,0.0,0.5,1.0,191.0,0.0,0.4620049730225572,0.0,0.0,1.0,219.0,1.0,0.5379950269774428,0.0,0.0,0.0,642.0,2.0
card_ada933ba948a832f80c5,state_a21e5f88200bd26d83df,sgv31_u13,3,M0+R0|M0+RS|ME+R0|ME+RS|MS+R0|MS+RS|MSE+R0|MSE+RS,MSE+RS,0.5955255735531297,0.0,0.0,0.0,716.0,3.0,0.5309708897540216,0.0,0.027777777777777776,0.25,584.6944444444446,2.2222222222222223,0.46912560625930083,0.0,1.0,1.0,204.0,0.0,0.3141523238616653,0.0,0.0,1.0,230.0,1.0,0.5955255735531297,0.0,0.0,0.0,716.0,3.0
card_ae3867e5b251ca2d40a1,state_1c4aca24338b5299c5a4,sgv31_u13,3,M0+R0|M0+RS|MP+R0|MP+RS,MP+RS,0.6167168348814488,0.0,0.0,0.0,686.0,2.0,0.5496115498958348,0.0,0.1111111111111111,0.25,564.25,1.527777777777778,0.4620049730225572,0.0,0.5,1.0,191.0,0.0,0.4620049730225572,0.0,0.5,1.0,191.0,0.0,0.6167168348814488,0.0,0.0,0.0,686.0,2.0
card_ae62b277bd2b2b78cedd,state_e8c1d1731d2301108307,sgv31_u08,3,M0+R0|M0+RS|MP+R0|MP+RS|MPMS+R0|MPMS+RS|MS+R0|MS+RS,MPMS+RS,0.5,0.0,0.0,0.0,753.0,3.0,0.5,0.0,0.22222222222222227,0.25,612.7777777777778,2.1388888888888884,0.5,0.0,0.5,1.0,205.0,0.0,0.5,0.0,0.5,1.0,205.0,0.0,0.5,0.0,0.0,0.0,753.0,3.0
card_af6a204ccd91173c384f,state_ef082e8507480bd71a6a,sgv31_u08,3,M0+R0|M0+RS|MS+R0|MS+RS,MS+R0,0.5406219418306134,0.0,0.0,1.0,254.0,1.0,0.5366740566028628,0.0,0.36111111111111116,0.25,559.6944444444445,1.3888888888888888,0.3126818317579353,0.0,1.0,1.0,195.0,0.0,0.3126818317579353,0.0,1.0,1.0,195.0,0.0,0.45937805816938654,0.0,0.0,0.0,690.0,2.0
card_af85288e091275fb4487,state_dba52c3c12882c9d5d74,sgv31_u08,3,M0+R0|M0+RS|MP+R0|MP+RS,MP+RS,0.6089661924189973,0.0,0.0,0.0,663.0,2.0,0.5427171373684558,0.0,0.1388888888888889,0.25,549.9722222222222,1.527777777777778,0.4619048963173243,0.0,1.0,1.0,203.0,0.0,0.4619048963173243,0.0,1.0,1.0,203.0,0.0,0.6089661924189973,0.0,0.0,0.0,663.0,2.0
card_afbd78584c7fc15bc237,state_b1377add17f58988f2bf,sgv31_u03,3,M0+R0|M0+RS|ME+R0|ME+RS,ME+R0,0.6477291697335709,0.0,0.0,1.0,243.0,1.0,0.4261354151332146,0.0,0.125,0.25,567.0,1.625,0.6477291697335709,0.0,1.0,1.0,195.0,0.0,0.6477291697335709,0.0,0.0,1.0,243.0,1.0,0.3522708302664292,0.0,0.0,0.0,683.0,2.0
card_afce74a1c2690b768bba,state_6c70c74e896770c1e3ee,sgv31_u08,3,M0+R0|M0+RS|ME+R0|ME+RS|MP+R0|MP+RS|MPE+R0|MPE+RS|MPMS+R0|MPMS+RS|MPMSME+R0|MPMSME+RS|MS+R0|MS+RS|MSE+R0|MSE+RS,M0+RS,0.6647845326853073,0.0,0.5,0.0,587.0,1.0,0.5401293274298815,0.013888888888888888,0.4861111111111111,0.25,564.7222222222223,2.333333333333333,0.43229844851267735,0.0,0.5,1.0,198.0,0.0,0.4085071962417981,0.0,0.5,1.0,226.0,1.0,0.5754034512272904,0.5,0.0,0.0,727.0,4.0
card_b0177e7e3dfb90c2ce0b,state_ef082e8507480bd71a6a,sgv31_u08,3,M0+R0|M0+RS|ME+R0|ME+RS|MP+R0|MP+RS|MPE+R0|MPE+RS,MPE+R0,0.4112216397770059,0.0,0.0,1.0,307.0,2.0,0.5426866743323293,0.1388888888888889,0.29166666666666663,0.25,601.1111111111112,2.1388888888888893,0.29040558888955,0.0,0.5,1.0,195.0,0.0,0.5021303373512298,0.0,0.5,1.0,245.0,1.0,0.7095944111104501,0.5,0.0,0.0,743.0,3.0
card_b01bc11241f31d486e65,state_6c70c74e896770c1e3ee,sgv31_u08,3,M0+R0|M0+RS|MP+R0|MP+RS,M0+RS,0.723145270250137,0.0,0.5,0.0,587.0,1.0,0.4748994706124874,0.0,0.1111111111111111,0.25,544.9722222222223,1.527777777777778,0.42439180136663107,0.0,0.5,1.0,198.0,0.0,0.42439180136663107,0.0,0.5,1.0,198.0,0.0,0.42439180136663107,0.0,0.0,0.0,658.0,2.0
card_b02798725e21b5ce2524,state_f0a5f2528afb8b57ec3a,sgv31_u08,3,M0+R0|M0+RS|MS+R0|MS+RS,MS+R0,0.42439180136663107,0.0,0.0,1.0,245.0,1.0,0.4426244721490347,0.0,0.36111111111111116,0.25,544.1944444444445,1.3888888888888888,0.723145270250137,0.0,1.0,1.0,195.0,0.0,0.723145270250137,0.0,1.0,1.0,195.0,0.0,0.42807112701660105,0.0,0.0,0.0,668.0,2.0
card_b058143ee79ef887b47a,state_dba52c3c12882c9d5d74,sgv31_u08,3,M0+R0|M0+RS|ME+R0|ME+RS|MS+R0|MS+RS|MSE+R0|MSE+RS,ME+RS,0.6266250026287751,0.0,0.5,0.0,614.0,2.0,0.5633125013143876,0.06944444444444445,0.16666666666666669,0.25,545.0,2.2222222222222223,0.373374997371225,0.0,0.5,1.0,203.0,0.0,0.3733749973712249,0.0,0.0,1.0,225.0,1.0,0.6266250026287751,0.0,0.0,0.0,664.0,3.0
card_b298300b94cdb6d7ddbc,state_5cd0772885d009f77aaa,sgv31_u08,3,M0+R0|M0+RS|ME+R0|ME+RS|MS+R0|MS+RS|MSE+R0|MSE+RS,MSE+RS,0.70389012244909,0.0,0.0,0.0,703.0,3.0,0.5679387766999744,0.0,0.05555555555555555,0.25,575.75,2.2222222222222223,0.41787539108415156,0.0,1.0,1.0,204.0,0.0,0.3548790603629177,0.0,0.0,1.0,226.0,1.0,0.70389012244909,0.0,0.0,0.0,703.0,3.0
card_b324b7f321120ea6a043,state_1c4aca24338b5299c5a4,sgv31_u13,3,M0+R0|M0+RS|ME+R0|ME+RS|MS+R0|MS+RS|MSE+R0|MSE+RS,MS+RS,0.5859788544878561,0.0,0.5,0.0,673.0,2.0,0.5010919424885708,0.0,0.2638888888888889,0.25,563.6666666666667,2.2222222222222223,0.4671196483235522,0.0,0.5,1.0,191.0,0.0,0.48923825250870684,0.0,0.5,1.0,219.0,1.0,0.5949900900796544,0.0,0.0,0.0,692.0,3.0
card_b38623db1bba0792b056,state_ae27ef8b4439588f8070,sgv31_u13,3,M0+R0|M0+RS|MS+R0|MS+RS,MS+RS,0.6508241519760448,0.0,0.0,0.0,650.0,2.0,0.5,0.0,0.36111111111111116,0.25,531.4444444444445,1.3888888888888888,0.6508241519760448,0.0,1.0,1.0,202.0,0.0,0.6508241519760448,0.0,1.0,1.0,202.0,0.0,0.6508241519760448,0.0,0.0,0.0,650.0,2.0
card_b3b48d356bf42f564217,state_5feee9080dfd172d9af9,sgv31_u08,3,M0+R0|M0+RS|ME+R0|ME+RS|MP+R0|MP+RS|MPE+R0|MPE+RS|MPMS+R0|MPMS+RS|MPMSME+R0|MPMSME+RS|MS+R0|MS+RS|MSE+R0|MSE+RS,ME+R0,0.6635186087842099,0.0,0.5,1.0,233.0,1.0,0.5356803892086656,0.013888888888888888,0.3888888888888889,0.25,571.7222222222222,2.333333333333333,0.4467991357144798,0.0,0.5,1.0,205.0,0.0,0.6635186087842099,0.0,0.5,1.0,233.0,1.0,0.569297224139137,0.5,0.0,0.0,734.0,4.0
card_b497cdafd865c1373b87,state_1131c2240e84f97394a6,sgv31_u08,3,M0+R0|M0+RS|ME+R0|ME+RS,ME+RS,0.6477291697335709,0.0,0.0,0.0,665.0,2.0,0.5738645848667854,0.0,0.125,0.25,553.25,1.625,0.3522708302664292,0.0,1.0,1.0,207.0,0.0,0.3522708302664292,0.0,0.0,1.0,229.0,1.0,0.6477291697335709,0.0,0.0,0.0,665.0,2.0
card_b6751f3cd6bedb0fa3bc,state_6c70c74e896770c1e3ee,sgv31_u08,3,M0+R0|M0+RS|MP+R0|MP+RS|MPMS+R0|MPMS+RS|MS+R0|MS+RS,M0+RS,0.40178689104957244,0.0,0.5,0.0,587.0,1.0,0.5594164852696384,0.0,0.22222222222222227,0.25,576.0277777777778,2.1388888888888884,0.4069216455725307,0.0,0.5,1.0,198.0,0.0,0.4069216455725307,0.0,0.5,1.0,198.0,0.0,0.6579408923766685,0.0,0.0,0.0,708.0,3.0
card_b6e77779b288dd4253e6,state_5feee9080dfd172d9af9,sgv31_u08,3,M0+R0|M0+RS|ME+R0|ME+RS,ME+R0,0.45937805816938654,0.0,0.0,0.5,255.0,1.0,0.6024986078361021,0.0,0.08333333333333333,0.14583333333333334,540.5,1.625,0.5406219418306134,0.0,1.0,1.0,205.0,0.0,0.45937805816938654,0.0,0.0,0.5,255.0,1.0,0.6873181682420647,0.0,0.0,0.0,644.0,2.0
card_b9176173b8ed9ef68e77,state_80e50c33139b6707e6b4,sgv31_u03,3,M0+R0|M0+RS|ME+R0|ME+RS|MS+R0|MS+RS|MSE+R0|MSE+RS,MSE+R0,0.6463889397269913,0.0,0.0,1.0,271.0,2.0,0.44585546888411925,0.0,0.05555555555555555,0.25,566.3611111111111,2.2222222222222223,0.5525443209441703,0.0,1.0,0.5,198.0,0.0,0.6265268812378668,0.0,0.0,1.0,221.0,1.0,0.38399124789548383,0.0,0.0,0.0,694.0,3.0
card_bb2ed1f2f72adb6de3a8,state_f809a19048416307558c,sgv31_u08,3,M0+R0|M0+RS|MP+R0|MP+RS,MP+R0,0.6167168348814488,0.0,0.0,1.0,266.0,1.0,0.4503884501041651,0.0,0.2222222222222222,0.25,581.7222222222222,1.527777777777778,0.5379950269774428,0.0,1.0,1.0,195.0,0.0,0.5379950269774428,0.0,1.0,1.0,195.0,0.0,0.38328316511855115,0.0,0.0,0.0,708.0,2.0
card_bbf7869b487dc7172a46,state_13b438c89dd232d49159,sgv31_u13,3,M0+R0|M0+RS|ME+R0|ME+RS|MP+R0|MP+RS|MPE+R0|MPE+RS|MPMS+R0|MPMS+RS|MPMSME+R0|MPMSME+RS|MS+R0|MS+RS|MSE+R0|MSE+RS,MP+R0,0.6834638831728822,0.5,0.5,1.0,266.0,1.0,0.46850469624992047,0.22222222222222224,0.2222222222222222,0.25,547.6666666666666,2.333333333333333,0.5203865451545533,0.0,1.0,1.0,194.0,0.0,0.6387017098076773,0.0,0.5,1.0,244.0,1.0,0.500493259370974,0.5,0.0,0.0,710.0,4.0
card_bd6d8c2c6cb618235a78,state_80e50c33139b6707e6b4,sgv31_u03,3,M0+R0|M0+RS|MP+R0|MP+RS,MP+R0,0.6781852670149338,0.0,0.0,1.0,221.0,1.0,0.4769692761694113,0.0,0.2222222222222222,0.25,533.1388888888889,1.527777777777778,0.6089661924189973,0.0,1.0,1.0,198.0,0.0,0.6089661924189973,0.0,1.0,1.0,198.0,0.0,0.4619048963173242,0.0,0.0,0.0,644.0,2.0
card_bd7dc7201ee3a0da51ef,state_43c3af792f8ad0fb17be,sgv31_u08,3,M0+R0|M0+RS|ME+R0|ME+RS,ME+RS,0.28344454572025707,0.0,0.0,0.0,664.0,2.0,0.36167022065868104,0.0,0.125,0.25,551.5,1.625,0.5720345860688135,0.0,1.0,1.0,200.0,0.0,0.4279654139311864,0.0,0.0,1.0,228.0,1.0,0.28344454572025707,0.0,0.0,0.0,664.0,2.0
card_bff30a802c399cf14718,state_1c2dd3b1b0540efa837e,sgv31_u13,3,M0+R0|M0+RS|ME+R0|ME+RS|MP+R0|MP+RS|MPE+R0|MPE+RS|MPMS+R0|MPMS+RS|MPMSME+R0|MPMSME+RS|MS+R0|MS+RS|MSE+R0|MSE+RS,MPMS+R0,0.46564423936857335,0.0,0.0,1.0,263.0,2.0,0.5157688484581705,0.0,0.08333333333333333,0.3333333333333333,580.9166666666666,2.333333333333333,0.5513728109445594,0.0,1.0,1.0,189.0,0.0,0.5821112305235838,0.0,0.0,1.0,239.0,1.0,0.6318110845904711,0.0,0.0,0.0,740.0,4.0
card_c0ee389efc0831339784,state_95503fad59abded310ef,sgv31_u03,3,M0+R0|M0+RS|ME+R0|ME+RS|MS+R0|MS+RS|MSE+R0|MSE+RS,ME+RS,0.3398033464079802,0.0,0.0,0.0,659.0,2.0,0.37183385356889387,0.2638888888888889,0.027777777777777776,0.4444444444444444,579.1111111111111,2.2222222222222223,0.7585545019803472,0.0,0.5,1.0,204.0,0.0,0.5414922756061676,0.0,0.0,1.0,227.0,1.0,0.2963708353475991,0.5,0.0,0.5,709.0,3.0
card_c1a70e2e916e50500696,state_915772e4f66c92c4ce92,sgv31_u13,3,M0+R0|M0+RS,M0+RS,0.7215937546003562,0.0,1.0,0.0,597.0,1.0,0.6107968773001781,0.0,1.0,0.25,498.25,0.75,0.27840624539964376,0.0,1.0,1.0,202.0,0.0,0.27840624539964376,0.0,1.0,1.0,202.0,0.0,0.7215937546003562,0.0,1.0,0.0,597.0,1.0
card_c38e83cb6aa7e646fb1b,state_95503fad59abded310ef,sgv31_u03,3,M0+R0|M0+RS|ME+R0|ME+RS,ME+RS,0.25094364424874477,0.0,0.0,0.0,659.0,2.0,0.3425308517258111,0.0,0.125,0.25,548.125,1.625,0.6781852670149336,0.0,1.0,1.0,204.0,0.0,0.46190489631732423,0.0,0.0,1.0,227.0,1.0,0.25094364424874477,0.0,0.0,0.0,659.0,2.0
card_c39810476a06c936135f,state_1131c2240e84f97394a6,sgv31_u08,3,M0+R0|M0+RS,M0+RS,0.7215937546003562,0.0,1.0,0.0,643.0,1.0,0.6107968773001781,0.0,1.0,0.25,534.0,0.75,0.27840624539964376,0.0,1.0,1.0,207.0,0.0,0.27840624539964376,0.0,1.0,1.0,207.0,0.0,0.7215937546003562,0.0,1.0,0.0,643.0,1.0
card_c4093be8e8ee8f849f93,state_ae27ef8b4439588f8070,sgv31_u13,3,M0+R0|M0+RS,M0+RS,0.7215937546003562,0.0,1.0,0.0,591.0,1.0,0.6107968773001781,0.0,1.0,0.25,493.75,0.75,0.27840624539964376,0.0,1.0,1.0,202.0,0.0,0.27840624539964376,0.0,1.0,1.0,202.0,0.0,0.7215937546003562,0.0,1.0,0.0,591.0,1.0
card_c524aff1838cbb7e8ec8,state_e644901831c14570ded4,sgv31_u03,3,M0+R0|M0+RS|MS+R0|MS+RS,MS+RS,0.571928872983399,0.0,0.0,0.0,692.0,2.0,0.5573755278509653,0.0,0.36111111111111116,0.25,561.6944444444445,1.3888888888888888,0.27685472974986314,0.0,1.0,1.0,197.0,0.0,0.27685472974986314,0.0,1.0,1.0,197.0,0.0,0.571928872983399,0.0,0.0,0.0,692.0,2.0
card_c531a02a88d73ed7df83,state_a21e5f88200bd26d83df,sgv31_u13,3,M0+R0|M0+RS|MP+R0|MP+RS,MP+RS,0.6089661924189973,0.5,0.0,0.0,712.0,2.0,0.5427171373684558,0.3888888888888889,0.2222222222222222,0.25,587.0,1.527777777777778,0.4619048963173243,0.0,1.0,1.0,204.0,0.0,0.4619048963173243,0.0,1.0,1.0,204.0,0.0,0.6089661924189973,0.5,0.0,0.0,712.0,2.0
card_c5a506a5b3ffd4edae14,state_1c2dd3b1b0540efa837e,sgv31_u13,3,M0+R0|M0+RS|ME+R0|ME+RS,ME+R0,0.6167168348814488,0.0,0.0,1.0,217.0,1.0,0.44492165788860916,0.0,0.08333333333333333,0.25,540.5,1.625,0.5379950269774428,0.0,0.0,1.0,189.0,0.0,0.6167168348814488,0.0,0.0,1.0,217.0,1.0,0.38328316511855115,0.0,0.0,0.0,653.0,2.0
card_c66c1f946ed47ff10b3d,state_5feee9080dfd172d9af9,sgv31_u08,3,M0+R0|M0+RS|ME+R0|ME+RS|MP+R0|MP+RS|MPE+R0|MPE+RS,ME+R0,0.5446828508723277,0.0,0.5,1.0,233.0,1.0,0.5470549981607227,0.3194444444444444,0.3055555555555555,0.25,559.3611111111111,2.1388888888888893,0.3815551892061299,0.0,1.0,1.0,205.0,0.0,0.5446828508723277,0.0,0.5,1.0,233.0,1.0,0.42116682302186487,0.5,0.0,0.0,684.0,3.0
card_c6aaffebe3cc7937a492,state_6a89f1dbf363044d349c,sgv31_u13,3,M0+R0|M0+RS|ME+R0|ME+RS,ME+RS,0.45937805816938654,0.0,0.0,0.0,641.0,2.0,0.48918653367105486,0.0,0.08333333333333333,0.25,537.5,1.625,0.3126818317579353,0.0,1.0,1.0,202.0,0.0,0.5406219418306134,0.0,0.0,1.0,252.0,1.0,0.45937805816938654,0.0,0.0,0.0,641.0,2.0
card_c9a297fb643cda53af24,state_b234584b2a2f2c8f757c,sgv31_u03,3,M0+R0|M0+RS|MP+R0|MP+RS|MPMS+R0|MPMS+RS|MS+R0|MS+RS,M0+RS,0.6885584598149598,0.0,0.5,0.0,587.0,1.0,0.5180150559448375,0.19444444444444445,0.22222222222222227,0.25,574.4722222222223,2.1388888888888884,0.43438741249753365,0.0,0.5,1.0,198.0,0.0,0.43438741249753365,0.0,0.5,1.0,198.0,0.0,0.5656125875024663,0.5,0.0,0.0,706.0,3.0
card_c9d67bd1862c2114beca,state_ae701477a8f0fbdea06b,sgv31_u13,3,M0+R0|M0+RS|MS+R0|MS+RS,MS+RS,0.6873181682420647,0.0,0.0,0.0,715.0,2.0,0.5366740566028628,0.0,0.33333333333333337,0.25,580.6944444444445,1.3888888888888888,0.5406219418306134,0.0,0.5,1.0,204.0,0.0,0.5406219418306134,0.0,0.5,1.0,204.0,0.0,0.6873181682420647,0.0,0.0,0.0,715.0,2.0
card_c9ec81e5d072b733c724,state_a52fa7dec11104747fd1,sgv31_u03,3,M0+R0|M0+RS|ME+R0|ME+RS|MP+R0|MP+RS|MPE+R0|MPE+RS|MPMS+R0|MPMS+RS|MPMSME+R0|MPMSME+RS|MS+R0|MS+RS|MSE+R0|MSE+RS,ME+RS,0.6978333653818601,0.0,0.5,0.0,617.0,2.0,0.5660947685732427,0.0,0.4861111111111111,0.2361111111111111,566.5,2.333333333333333,0.412785747100478,0.0,1.0,1.0,202.0,0.0,0.5049391463684235,0.0,0.5,1.0,228.0,1.0,0.605379018284158,0.0,0.0,0.0,727.0,4.0
card_ca2f46bfebcfba9c12b8,state_5cd0772885d009f77aaa,sgv31_u08,3,M0+R0|M0+RS,M0+RS,0.7215937546003562,0.0,1.0,0.0,640.0,1.0,0.6107968773001781,0.0,1.0,0.25,531.0,0.75,0.27840624539964376,0.0,1.0,1.0,204.0,0.0,0.27840624539964376,0.0,1.0,1.0,204.0,0.0,0.7215937546003562,0.0,1.0,0.0,640.0,1.0
card_ca3e2597487ff157a0f0,state_1131c2240e84f97394a6,sgv31_u08,3,M0+R0|M0+RS|MS+R0|MS+RS,M0+RS,0.4620049730225572,0.0,1.0,0.0,643.0,1.0,0.5214877585915128,0.0,0.33333333333333337,0.25,565.9444444444445,1.3888888888888888,0.38328316511855115,0.0,0.5,1.0,207.0,0.0,0.38328316511855115,0.0,0.5,1.0,207.0,0.0,0.5379950269774428,0.0,0.0,0.0,693.0,2.0
card_cce0d4d02c1446d281c5,state_337cabb12f98a880002b,sgv31_u03,3,M0+R0|M0+RS|ME+R0|ME+RS,ME+RS,0.6477291697335709,0.0,0.0,0.0,635.0,2.0,0.5738645848667854,0.0,0.10416666666666666,0.25,530.75,1.625,0.3522708302664292,0.0,0.5,1.0,205.0,0.0,0.3522708302664292,0.0,0.0,1.0,231.0,1.0,0.6477291697335709,0.0,0.0,0.0,635.0,2.0
card_cd0ff0e0a03ef45d5378,state_6c70c74e896770c1e3ee,sgv31_u08,3,M0+R0|M0+RS|MS+R0|MS+RS,M0+RS,0.6167168348814488,0.0,0.5,0.0,587.0,1.0,0.5386779654647229,0.0,0.18055555555555558,0.25,527.4444444444445,1.3888888888888888,0.38328316511855115,0.0,0.5,1.0,198.0,0.0,0.38328316511855115,0.0,0.5,1.0,198.0,0.0,0.5379950269774428,0.0,0.0,0.0,646.0,2.0
card_cd36bfaf51c372fcdf3a,state_23c3f858885ba8f92592,sgv31_u13,3,M0+R0|M0+RS|ME+R0|ME+RS,ME+RS,0.723145270250137,0.0,0.0,0.0,657.0,2.0,0.623714085857717,0.0,0.10416666666666666,0.1875,549.75,1.625,0.42807112701660105,0.0,0.5,1.0,203.0,0.0,0.42439180136663107,0.0,0.0,0.5,253.0,1.0,0.723145270250137,0.0,0.0,0.0,657.0,2.0
card_cd49497508ec46f4e5e3,state_ae701477a8f0fbdea06b,sgv31_u13,3,M0+R0|M0+RS|ME+R0|ME+RS,ME+RS,0.45937805816938654,0.0,0.0,0.0,684.0,2.0,0.5075235619724863,0.0,0.0625,0.25,567.5,1.625,0.3126818317579353,0.0,0.5,1.0,204.0,0.0,0.6873181682420647,0.0,0.0,1.0,232.0,1.0,0.45937805816938654,0.0,0.0,0.0,684.0,2.0
card_cdaee156ab2076c9c6cd,state_e1f8636ae188f94a981f,sgv31_u13,3,M0+R0|M0+RS|MP+R0|MP+RS,MP+RS,0.6873181682420647,0.5,0.0,0.0,707.0,2.0,0.572407300402164,0.3888888888888889,0.1111111111111111,0.25,582.0,1.527777777777778,0.5406219418306134,0.0,0.5,1.0,199.0,0.0,0.5406219418306134,0.0,0.5,1.0,199.0,0.0,0.6873181682420647,0.5,0.0,0.0,707.0,2.0
card_cdf4373bfeee9b260d91,state_4e56abb76ff2ccc160b8,sgv31_u13,3,M0+R0|M0+RS|MS+R0|MS+RS,MS+RS,0.5380951036826757,0.0,0.0,0.0,716.0,2.0,0.5523308977290025,0.0,0.20833333333333334,0.25,581.6944444444445,1.3888888888888888,0.3910338075810027,0.0,1.0,1.0,205.0,0.0,0.3910338075810027,0.0,1.0,1.0,205.0,0.0,0.5380951036826757,0.0,0.0,0.0,716.0,2.0
card_ce0142ee7fb857efba50,state_6a89f1dbf363044d349c,sgv31_u13,3,M0+R0|M0+RS|ME+R0|ME+RS,ME+RS,0.571928872983399,0.0,0.0,0.0,613.0,2.0,0.5607072536632429,0.0,0.10416666666666666,0.25,513.0,1.625,0.27685472974986314,0.0,0.5,1.0,202.0,0.0,0.5756081986333689,0.0,0.0,1.0,224.0,1.0,0.571928872983399,0.0,0.0,0.0,613.0,2.0
card_cec0b134f9d9d973467e,state_ae701477a8f0fbdea06b,sgv31_u13,3,M0+R0|M0+RS|ME+R0|ME+RS,ME+RS,0.4620049730225572,0.0,0.0,0.0,682.0,2.0,0.47772241118194503,0.0,0.125,0.25,565.75,1.625,0.6167168348814488,0.0,1.0,1.0,204.0,0.0,0.5379950269774428,0.0,0.0,1.0,230.0,1.0,0.4620049730225572,0.0,0.0,0.0,682.0,2.0
card_cedace528cfb87412c89,state_fe1be8225bb97e5fedd6,sgv31_u13,3,M0+R0|M0+RS|MS+R0|MS+RS,MS+R0,0.5,0.0,0.0,1.0,258.0,1.0,0.4409809814352236,0.0,0.20833333333333334,0.4722222222222222,528.4444444444445,1.3888888888888888,0.6517631905951392,0.0,1.0,1.0,199.0,0.0,0.6517631905951392,0.0,1.0,1.0,199.0,0.0,0.34823680940486074,0.0,0.0,0.5,647.0,2.0
card_cf05c6daab8a2c3e969a,state_54a311f88828cddfcea3,sgv31_u08,3,M0+R0|M0+RS|ME+R0|ME+RS,ME+RS,0.6477291697335709,0.0,0.0,0.0,613.0,2.0,0.5738645848667854,0.0,0.0625,0.25,512.25,1.625,0.3522708302664292,0.0,0.5,1.0,196.0,0.0,0.3522708302664292,0.0,0.0,1.0,224.0,1.0,0.6477291697335709,0.0,0.0,0.0,613.0,2.0
card_cf57c017a8a8a3269ae5,state_f0a5f2528afb8b57ec3a,sgv31_u08,3,M0+R0|M0+RS,M0+R0,0.27840624539964376,0.0,1.0,1.0,195.0,0.0,0.6107968773001781,0.0,1.0,0.25,512.25,0.75,0.27840624539964376,0.0,1.0,1.0,195.0,0.0,0.27840624539964376,0.0,1.0,1.0,195.0,0.0,0.7215937546003562,0.0,1.0,0.0,618.0,1.0
card_d0edc39e25b1a1d76e44,state_54a311f88828cddfcea3,sgv31_u08,3,M0+R0|M0+RS|ME+R0|ME+RS,ME+RS,0.42439180136663107,0.0,0.0,0.0,607.0,2.0,0.4500544499506669,0.0,0.125,0.14583333333333334,507.0,1.625,0.42439180136663107,0.0,1.0,1.0,196.0,0.0,0.42807112701660105,0.0,0.0,0.5,218.0,1.0,0.42439180136663107,0.0,0.0,0.0,607.0,2.0
card_d11091c4b8acff00f71f,state_dba52c3c12882c9d5d74,sgv31_u08,3,M0+R0|M0+RS|ME+R0|ME+RS|MP+R0|MP+RS|MPE+R0|MPE+RS|MPMS+R0|MPMS+RS|MPMSME+R0|MPMSME+RS|MS+R0|MS+RS|MSE+R0|MSE+RS,ME+RS,0.5322187568881565,0.0,0.5,0.0,620.0,2.0,0.526815897339314,0.013888888888888888,0.4722222222222222,0.22222222222222227,569.7222222222222,2.333333333333333,0.3711382280669465,0.0,0.5,0.5,203.0,0.0,0.3793151994585252,0.0,0.5,1.0,231.0,1.0,0.7511411915971119,0.0,0.0,0.0,732.0,4.0
card_d1c4afcebce6edaf4a15,state_43c3af792f8ad0fb17be,sgv31_u08,3,M0+R0|M0+RS|MS+R0|MS+RS,MS+RS,0.7490563557512552,0.0,0.0,0.0,686.0,2.0,0.5749046879766659,0.0,0.36111111111111116,0.25,558.9444444444445,1.3888888888888888,0.32181473298506635,0.0,1.0,1.0,200.0,0.0,0.32181473298506635,0.0,1.0,1.0,200.0,0.0,0.7490563557512552,0.0,0.0,0.0,686.0,2.0
card_d219913af8de73e1a921,state_915772e4f66c92c4ce92,sgv31_u13,3,M0+R0|M0+RS|ME+R0|ME+RS,M0+RS,0.42027387897110263,0.0,1.0,0.0,597.0,1.0,0.5332192170953739,0.0,0.125,0.25,542.0,1.625,0.5797261210288974,0.0,1.0,1.0,202.0,0.0,0.42027387897110263,0.0,0.0,1.0,252.0,1.0,0.5797261210288974,0.0,0.0,0.0,647.0,2.0
card_d30fb175bc31c6b9baf5,state_dba52c3c12882c9d5d74,sgv31_u08,3,M0+R0|M0+RS|ME+R0|ME+RS,ME+RS,0.5379950269774428,0.0,0.0,0.0,614.0,2.0,0.522277588818055,0.0,0.08333333333333333,0.25,514.0,1.625,0.38328316511855115,0.0,1.0,1.0,203.0,0.0,0.4620049730225572,0.0,0.0,1.0,225.0,1.0,0.5379950269774428,0.0,0.0,0.0,614.0,2.0
card_d335b6945717a5894a87,state_e759d2d212f698fe9031,sgv31_u03,3,M0+R0|M0+RS|MP+R0|MP+RS,MP+RS,0.6781852670149338,0.0,0.0,0.0,708.0,2.0,0.6008585923485098,0.0,0.2222222222222222,0.25,583.6666666666666,1.527777777777778,0.2509436442487448,0.0,1.0,1.0,203.0,0.0,0.2509436442487448,0.0,1.0,1.0,203.0,0.0,0.6781852670149338,0.0,0.0,0.0,708.0,2.0
card_d3eef06016d708381741,state_b234584b2a2f2c8f757c,sgv31_u03,3,M0+R0|M0+RS|ME+R0|ME+RS|MP+R0|MP+RS|MPE+R0|MPE+RS|MPMS+R0|MPMS+RS|MPMSME+R0|MPMSME+RS|MS+R0|MS+RS|MSE+R0|MSE+RS,ME+RS,0.6621870029216481,0.0,0.5,0.0,613.0,2.0,0.5569112204205546,0.08333333333333334,0.5000000000000001,0.25,562.5,2.333333333333333,0.43361290319003487,0.0,0.5,1.0,198.0,0.0,0.4410184816591081,0.0,0.5,1.0,224.0,1.0,0.4952848887580984,0.0,0.0,0.0,723.0,4.0
card_d409ad311e71a6ad5f19,state_a1cbc4b9b261277ba2fe,sgv31_u03,3,M0+R0|M0+RS|MS+R0|MS+RS,M0+RS,0.7165554542797429,0.0,0.5,0.0,590.0,1.0,0.572147510087139,0.0,0.18055555555555558,0.25,530.4444444444443,1.3888888888888888,0.28344454572025707,0.0,0.5,1.0,201.0,0.0,0.28344454572025707,0.0,0.5,1.0,201.0,0.0,0.5720345860688135,0.0,0.0,0.0,649.0,2.0
card_d4baa5a0bf4a74f8289e,state_b1377add17f58988f2bf,sgv31_u03,3,M0+R0|M0+RS|ME+R0|ME+RS|MP+R0|MP+RS|MPE+R0|MPE+RS|MPMS+R0|MPMS+RS|MPMSME+R0|MPMSME+RS|MS+R0|MS+RS|MSE+R0|MSE+RS,MPMSME+R0,0.347524350678509,0.0,0.0,0.5,353.0,3.0,0.5091862981810924,0.05555555555555555,0.34722222222222215,0.2222222222222222,611.1944444444445,2.333333333333333,0.5375191695814504,0.0,1.0,0.5,195.0,0.0,0.5798234142165716,0.0,0.5,1.0,243.0,1.0,0.5171644218895736,0.5,0.0,0.0,793.0,4.0
card_d5827525730291a14ac0,state_f0a5f2528afb8b57ec3a,sgv31_u08,3,M0+R0|M0+RS|ME+R0|ME+RS|MP+R0|MP+RS|MPE+R0|MPE+RS|MPMS+R0|MPMS+RS|MPMSME+R0|MPMSME+RS|MS+R0|MS+RS|MSE+R0|MSE+RS,MPMS+R0,0.4028801285384619,0.0,0.0,1.0,260.0,2.0,0.5391867906030375,0.0,0.027777777777777776,0.2777777777777778,572.9166666666666,2.333333333333333,0.587477734510544,0.0,1.0,1.0,195.0,0.0,0.5776505977904206,0.0,0.0,1.0,245.0,1.0,0.6275912120998567,0.0,0.0,0.0,724.0,4.0
card_d6143f032d235da04f6a,state_23c3f858885ba8f92592,sgv31_u13,3,M0+R0|M0+RS|ME+R0|ME+RS,ME+RS,0.6477291697335709,0.0,0.0,0.0,633.0,2.0,0.5738645848667854,0.0,0.0625,0.25,528.75,1.625,0.3522708302664292,0.0,0.5,1.0,203.0,0.0,0.3522708302664292,0.0,0.0,1.0,229.0,1.0,0.6477291697335709,0.0,0.0,0.0,633.0,2.0
card_d69c1b004c65382b9ebb,state_1131c2240e84f97394a6,sgv31_u08,3,M0+R0|M0+RS|ME+R0|ME+RS|MP+R0|MP+RS|MPE+R0|MPE+RS,ME+RS,0.4884410835447695,0.0,0.5,0.0,671.0,2.0,0.49364882194270704,0.3194444444444444,0.3055555555555555,0.25,596.6111111111111,2.1388888888888893,0.4563241188598214,0.0,0.5,1.0,207.0,0.0,0.4474600618586936,0.0,0.5,1.0,235.0,1.0,0.5469534556406594,0.5,0.0,0.0,733.0,3.0
card_d6dc9498071ba12dc36a,state_a52fa7dec11104747fd1,sgv31_u03,3,M0+R0|M0+RS,M0+RS,0.7215937546003562,0.0,1.0,0.0,591.0,1.0,0.6107968773001781,0.0,1.0,0.25,493.75,0.75,0.27840624539964376,0.0,1.0,1.0,202.0,0.0,0.27840624539964376,0.0,1.0,1.0,202.0,0.0,0.7215937546003562,0.0,1.0,0.0,591.0,1.0
card_d707b068ca58611f9dc4,state_b234584b2a2f2c8f757c,sgv31_u03,3,M0+R0|M0+RS|MS+R0|MS+RS,M0+RS,0.5379950269774428,0.0,0.5,0.0,587.0,1.0,0.5386779654647229,0.0,0.18055555555555558,0.25,527.4444444444445,1.3888888888888888,0.4620049730225572,0.0,0.5,1.0,198.0,0.0,0.4620049730225572,0.0,0.5,1.0,198.0,0.0,0.6167168348814488,0.0,0.0,0.0,646.0,2.0
card_d950ed272e7e736ffd7b,state_5de2e12db47db398573b,sgv31_u03,3,M0+R0|M0+RS|ME+R0|ME+RS,ME+RS,0.6089661924189973,0.0,0.0,0.0,672.0,2.0,0.5340188637622864,0.0,0.0625,0.25,559.125,1.625,0.4619048963173243,0.0,0.5,1.0,209.0,0.0,0.25094364424874477,0.0,0.0,1.0,232.0,1.0,0.6089661924189973,0.0,0.0,0.0,672.0,2.0
card_d9595e86a1874c5d69d6,state_a7bda32e65dc856066c8,sgv31_u03,3,M0+R0|M0+RS|MP+R0|MP+RS,MP+RS,0.5406219418306134,0.0,0.0,0.0,659.0,2.0,0.4909093968402466,0.0,0.2222222222222222,0.25,546.4166666666667,1.527777777777778,0.6873181682420647,0.0,1.0,1.0,201.0,0.0,0.6873181682420647,0.0,1.0,1.0,201.0,0.0,0.5406219418306134,0.0,0.0,0.0,659.0,2.0
card_d975785c9ecde97bc37c,state_e644901831c14570ded4,sgv31_u03,3,M0+R0|M0+RS|ME+R0|ME+RS,ME+RS,0.3491758480239551,0.0,0.0,0.0,656.0,2.0,0.43715660334331463,0.0,0.08333333333333333,0.25,544.125,1.625,0.3491758480239551,0.0,0.0,1.0,197.0,0.0,0.6508241519760448,0.0,0.0,1.0,220.0,1.0,0.3491758480239551,0.0,0.0,0.0,656.0,2.0
card_da44264ad6cb726ef1f6,state_e1f8636ae188f94a981f,sgv31_u13,3,M0+R0|M0+RS|ME+R0|ME+RS|MS+R0|MS+RS|MSE+R0|MSE+RS,MSE+RS,0.6773324714806833,0.0,0.0,0.0,707.0,3.0,0.5834824624591006,0.0,0.2361111111111111,0.25,576.25,2.2222222222222223,0.38518810941268483,0.0,0.5,1.0,199.0,0.0,0.37488716006196876,0.0,0.5,1.0,221.0,1.0,0.6773324714806833,0.0,0.0,0.0,707.0,3.0
card_da5dda3e953d5c70489e,state_fe1be8225bb97e5fedd6,sgv31_u13,3,M0+R0|M0+RS|ME+R0|ME+RS|MP+R0|MP+RS|MPE+R0|MPE+RS|MPMS+R0|MPMS+RS|MPMSME+R0|MPMSME+RS|MS+R0|MS+RS|MSE+R0|MSE+RS,MS+R0,0.3818881412079318,0.0,0.5,1.0,258.0,1.0,0.4901907682262404,0.2361111111111111,0.4722222222222222,0.23611111111111116,565.0000000000001,2.333333333333333,0.5752507306640476,0.0,0.5,1.0,199.0,0.0,0.6416892562686135,0.0,0.5,1.0,225.0,1.0,0.5334355786041951,0.5,0.0,0.0,727.0,4.0
card_dacd00ac52c02f07eef1,state_f809a19048416307558c,sgv31_u08,3,M0+R0|M0+RS|ME+R0|ME+RS|MP+R0|MP+RS|MPE+R0|MPE+RS|MPMS+R0|MPMS+RS|MPMSME+R0|MPMSME+RS|MS+R0|MS+RS|MSE+R0|MSE+RS,MSE+R0,0.7115962360174853,0.0,0.0,1.0,295.0,2.0,0.4471998169009281,0.05555555555555555,0.3194444444444445,0.25,614.9166666666666,2.333333333333333,0.5539444209589307,0.0,1.0,1.0,195.0,0.0,0.7069722297157482,0.0,0.0,1.0,245.0,1.0,0.360156919264252,0.5,0.0,0.0,799.0,4.0
card_db8bff6d4dffa445ca36,state_1c2dd3b1b0540efa837e,sgv31_u13,3,M0+R0|M0+RS|ME+R0|ME+RS,ME+R0,0.5380951036826758,0.0,0.0,1.0,239.0,1.0,0.3904431340453209,0.0,0.125,0.25,559.75,1.625,0.7490563557512552,0.0,1.0,1.0,189.0,0.0,0.5380951036826758,0.0,0.0,1.0,239.0,1.0,0.3218147329850664,0.0,0.0,0.0,675.0,2.0
card_dcbca096450f28fb69f2,state_1c2dd3b1b0540efa837e,sgv31_u13,3,M0+R0|M0+RS,M0+R0,0.7215937546003562,0.0,1.0,1.0,189.0,0.0,0.3892031226998219,0.0,1.0,0.25,516.0,0.75,0.7215937546003562,0.0,1.0,1.0,189.0,0.0,0.7215937546003562,0.0,1.0,1.0,189.0,0.0,0.27840624539964376,0.0,1.0,0.0,625.0,1.0
card_dcc0b5d8313fb6b79c3a,state_5627cbd70ae1813f4ebb,sgv31_u03,3,M0+R0|M0+RS|MS+R0|MS+RS,MS+RS,0.5,0.0,0.0,0.0,714.0,2.0,0.5,0.0,0.18055555555555558,0.25,579.6944444444445,1.3888888888888888,0.5,0.0,0.5,1.0,203.0,0.0,0.5,0.0,0.5,1.0,203.0,0.0,0.5,0.0,0.0,0.0,714.0,2.0
card_dd51417ee0e6797b911b,state_43c3af792f8ad0fb17be,sgv31_u08,3,M0+R0|M0+RS|ME+R0|ME+RS|MP+R0|MP+RS|MPE+R0|MPE+RS|MPMS+R0|MPMS+RS|MPMSME+R0|MPMSME+RS|MS+R0|MS+RS|MSE+R0|MSE+RS,MPMS+RS,0.5626690528891347,0.5,0.0,0.0,748.0,3.0,0.5824994103376337,0.1388888888888889,0.2222222222222222,0.25,597.7222222222222,2.333333333333333,0.26369720909532196,0.0,1.0,1.0,200.0,0.0,0.3543091131511407,0.0,0.5,1.0,228.0,1.0,0.5240802745111839,0.5,0.0,0.0,767.0,4.0
card_dd6d6d83ef3fb58a28f8,state_1c4aca24338b5299c5a4,sgv31_u13,3,M0+R0|M0+RS|MP+R0|MP+RS|MPMS+R0|MPMS+RS|MS+R0|MS+RS,MPMS+RS,0.5222579649287781,0.5,0.0,0.0,736.0,3.0,0.48060262031967005,0.2777777777777778,0.20833333333333334,0.2222222222222222,595.3055555555557,2.1388888888888884,0.35142487064878863,0.0,1.0,0.5,191.0,0.0,0.35142487064878863,0.0,1.0,0.5,191.0,0.0,0.5222579649287781,0.5,0.0,0.0,736.0,3.0
card_de2cd04478c74689029e,state_5627cbd70ae1813f4ebb,sgv31_u03,3,M0+R0|M0+RS|ME+R0|ME+RS|MS+R0|MS+RS|MSE+R0|MSE+RS,MSE+RS,0.6302069619360748,0.0,0.0,0.0,728.0,3.0,0.54104208285401,0.0,0.19444444444444445,0.25,593.1111111111111,2.2222222222222223,0.37031476002919644,0.0,0.5,1.0,203.0,0.0,0.3905683230050127,0.0,0.5,1.0,226.0,1.0,0.6302069619360748,0.0,0.0,0.0,728.0,3.0
card_de4fa8f148c703d953ae,state_5de2e12db47db398573b,sgv31_u03,3,M0+R0|M0+RS|MS+R0|MS+RS,MS+RS,0.5379950269774428,0.0,0.0,0.0,708.0,2.0,0.5386779654647229,0.0,0.36111111111111116,0.25,576.6944444444445,1.3888888888888888,0.38328316511855115,0.0,1.0,1.0,209.0,0.0,0.38328316511855115,0.0,1.0,1.0,209.0,0.0,0.5379950269774428,0.0,0.0,0.0,708.0,2.0
card_df42505425803305b40b,state_a1cbc4b9b261277ba2fe,sgv31_u03,3,M0+R0|M0+RS,M0+RS,0.7215937546003562,0.0,1.0,0.0,590.0,1.0,0.6107968773001781,0.0,1.0,0.125,492.75,0.75,0.27840624539964376,0.0,1.0,0.5,201.0,0.0,0.27840624539964376,0.0,1.0,0.5,201.0,0.0,0.7215937546003562,0.0,1.0,0.0,590.0,1.0
card_dfee27a7f2355d9be7a6,state_54a311f88828cddfcea3,sgv31_u08,3,M0+R0|M0+RS|ME+R0|ME+RS|MP+R0|MP+RS|MPE+R0|MPE+RS|MPMS+R0|MPMS+RS|MPMSME+R0|MPMSME+RS|MS+R0|MS+RS|MSE+R0|MSE+RS,ME+RS,0.6140178159023311,0.0,0.5,0.0,613.0,2.0,0.5557020987223578,0.0,0.5000000000000001,0.25,562.7222222222222,2.333333333333333,0.43762451861344115,0.0,1.0,1.0,196.0,0.0,0.3492222548712247,0.0,0.5,1.0,224.0,1.0,0.6145737036590877,0.5,0.0,0.0,725.0,4.0
card_e09bbfbbc72bc61d34be,state_f0a5f2528afb8b57ec3a,sgv31_u08,3,M0+R0|M0+RS|ME+R0|ME+RS,M0+R0,0.6873181682420647,0.0,1.0,1.0,195.0,0.0,0.4924764380275137,0.0,0.125,0.25,556.0,1.625,0.6873181682420647,0.0,1.0,1.0,195.0,0.0,0.3126818317579353,0.0,0.0,1.0,245.0,1.0,0.5406219418306134,0.0,0.0,0.0,668.0,2.0
card_e0d0ab7c8f72f056c571,state_f0a5f2528afb8b57ec3a,sgv31_u08,3,M0+R0|M0+RS|ME+R0|ME+RS|MS+R0|MS+RS|MSE+R0|MSE+RS,MS+R0,0.4048559417252212,0.0,0.0,1.0,245.0,1.0,0.49593813528753317,0.0,0.05555555555555555,0.2222222222222222,557.8611111111111,2.2222222222222223,0.4038491209798214,0.0,1.0,1.0,195.0,0.0,0.40485594172522116,0.0,0.0,0.5,218.0,1.0,0.40178689104957244,0.0,0.0,0.0,682.0,3.0
card_e20454818da5372471f7,state_1131c2240e84f97394a6,sgv31_u08,3,M0+R0|M0+RS|ME+R0|ME+RS|MP+R0|MP+RS|MPE+R0|MPE+RS|MPMS+R0|MPMS+RS|MPMSME+R0|MPMSME+RS|MS+R0|MS+RS|MSE+R0|MSE+RS,ME+RS,0.5768225667076327,0.0,0.5,0.0,671.0,2.0,0.5357959570719576,0.013888888888888888,0.5000000000000001,0.25,604.7222222222223,2.333333333333333,0.530472693704325,0.0,0.5,1.0,207.0,0.0,0.5262086802014082,0.0,0.5,1.0,235.0,1.0,0.6307575125475056,0.5,0.0,0.0,774.0,4.0
card_e24d9b46b0275da6dff0,state_6c70c74e896770c1e3ee,sgv31_u08,3,M0+R0|M0+RS|ME+R0|ME+RS|MP+R0|MP+RS|MPE+R0|MPE+RS,M0+RS,0.7662865083134623,0.0,0.5,0.5,587.0,1.0,0.5186253428836924,0.2222222222222222,0.29166666666666663,0.2638888888888889,552.3611111111111,2.1388888888888893,0.43724780561678844,0.0,0.5,1.0,198.0,0.0,0.36632009595659215,0.0,0.5,1.0,226.0,1.0,0.5653960394693629,0.5,0.0,0.0,677.0,3.0
card_e3dc204a7effa4fceadd,state_e644901831c14570ded4,sgv31_u03,3,M0+R0|M0+RS|ME+R0|ME+RS|MS+R0|MS+RS|MSE+R0|MSE+RS,MSE+RS,0.5328005411349879,0.0,0.0,0.0,706.0,3.0,0.4525148042009296,0.0,0.19444444444444445,0.25,575.1111111111111,2.2222222222222223,0.6589936076521387,0.0,1.0,1.0,197.0,0.0,0.44157289005318373,0.0,0.0,1.0,220.0,1.0,0.5328005411349879,0.0,0.0,0.0,706.0,3.0
card_e41bec023d667fdc22c3,state_a1cbc4b9b261277ba2fe,sgv31_u03,3,M0+R0|M0+RS|ME+R0|ME+RS|MP+R0|MP+RS|MPE+R0|MPE+RS,ME+RS,0.4892469053294017,0.0,0.5,0.0,638.0,2.0,0.5067748887143557,0.0,0.25,0.25,569.0833333333334,2.1388888888888893,0.5786142966693398,0.0,1.0,0.5,201.0,0.0,0.5780926107638195,0.0,0.0,1.0,249.0,1.0,0.6229577389298387,0.0,0.0,0.0,698.0,3.0
card_e467b1e43561f31b9e85,state_1c2dd3b1b0540efa837e,sgv31_u13,3,M0+R0|M0+RS|MP+R0|MP+RS,MP+R0,0.5,0.0,0.0,1.0,213.0,1.0,0.35686366892389704,0.0,0.2222222222222222,0.2222222222222222,534.6666666666667,1.527777777777778,0.771205679933669,0.0,1.0,0.5,189.0,0.0,0.771205679933669,0.0,1.0,0.5,189.0,0.0,0.22879432006633116,0.0,0.0,0.0,649.0,2.0
card_e5ea859fdab0935a6a0d,state_43c3af792f8ad0fb17be,sgv31_u08,3,M0+R0|M0+RS|ME+R0|ME+RS|MP+R0|MP+RS|MPE+R0|MPE+RS,MPE+RS,0.5203008801657586,0.5,0.0,0.0,726.0,3.0,0.5257005059514898,0.2916666666666667,0.2777777777777778,0.25,589.6111111111111,2.1388888888888893,0.3513191997774413,0.0,0.5,1.0,200.0,0.0,0.5899908847978642,0.0,0.5,1.0,228.0,1.0,0.5203008801657586,0.5,0.0,0.0,726.0,3.0
card_e60f858c203d89235237,state_e1f8636ae188f94a981f,sgv31_u13,3,M0+R0|M0+RS|MP+R0|MP+RS|MPMS+R0|MPMS+RS|MS+R0|MS+RS,MPMS+RS,0.4651847250407917,0.5,0.0,0.0,757.0,3.0,0.5096507502018394,0.38888888888888884,0.22222222222222227,0.25,613.0555555555555,2.1388888888888884,0.46736077588565667,0.0,0.5,1.0,199.0,0.0,0.46736077588565667,0.0,0.5,1.0,199.0,0.0,0.4651847250407917,0.5,0.0,0.0,757.0,3.0
card_e7932b18a8c805ed9cb9,state_a1cbc4b9b261277ba2fe,sgv31_u03,3,M0+R0|M0+RS|ME+R0|ME+RS|MP+R0|MP+RS|MPE+R0|MPE+RS|MPMS+R0|MPMS+RS|MPMSME+R0|MPMSME+RS|MS+R0|MS+RS|MSE+R0|MSE+RS,ME+RS,0.5604191211358281,0.0,0.5,0.0,638.0,2.0,0.5288658306502765,0.3333333333333333,0.4861111111111111,0.23611111111111116,578.9444444444445,2.333333333333333,0.39267066673087625,0.0,1.0,1.0,201.0,0.0,0.38610896267532213,0.0,0.5,1.0,249.0,1.0,0.5142784537126993,0.5,0.0,0.0,748.0,4.0
card_eaec33b5ff07e8c3333a,state_13b438c89dd232d49159,sgv31_u13,3,M0+R0|M0+RS,M0+R0,0.7215937546003562,0.0,1.0,1.0,194.0,0.0,0.3892031226998219,0.0,1.0,0.25,458.75,0.75,0.7215937546003562,0.0,1.0,1.0,194.0,0.0,0.7215937546003562,0.0,1.0,1.0,194.0,0.0,0.27840624539964376,0.0,1.0,0.0,547.0,1.0
card_eb48d059a94c22d4785c,state_f0a5f2528afb8b57ec3a,sgv31_u08,3,M0+R0|M0+RS|MP+R0|MP+RS,MP+R0,0.5380951036826757,0.0,0.0,0.5,219.0,1.0,0.624630041889201,0.0,0.2222222222222222,0.1527777777777778,530.9166666666666,1.527777777777778,0.32181473298506635,0.0,1.0,1.0,195.0,0.0,0.32181473298506635,0.0,1.0,1.0,195.0,0.0,0.7490563557512552,0.0,0.0,0.0,642.0,2.0
card_ec98ffe4b08850befd39,state_dba52c3c12882c9d5d74,sgv31_u08,3,M0+R0|M0+RS|ME+R0|ME+RS,ME+RS,0.31268183175793535,0.0,0.0,0.0,620.0,2.0,0.39750139216389785,0.0,0.10416666666666666,0.25,519.25,1.625,0.45937805816938654,0.0,0.5,1.0,203.0,0.0,0.5406219418306134,0.0,0.0,1.0,231.0,1.0,0.31268183175793535,0.0,0.0,0.0,620.0,2.0
card_ecb6ee6d77c57fd5662d,state_b234584b2a2f2c8f757c,sgv31_u03,3,M0+R0|M0+RS|MP+R0|MP+RS,M0+RS,0.38328316511855115,0.0,0.5,0.0,587.0,1.0,0.472255618966389,0.0,0.1388888888888889,0.1527777777777778,543.4166666666667,1.527777777777778,0.6167168348814488,0.0,1.0,1.0,198.0,0.0,0.6167168348814488,0.0,1.0,1.0,198.0,0.0,0.4620049730225572,0.0,0.0,0.0,656.0,2.0
card_eda1977e167c2467bf07,state_ae701477a8f0fbdea06b,sgv31_u13,3,M0+R0|M0+RS|ME+R0|ME+RS|MS+R0|MS+RS|MSE+R0|MSE+RS,MSE+RS,0.5760350002257523,0.0,0.0,0.0,732.0,3.0,0.524769654057932,0.0,0.25,0.25,596.6944444444446,2.2222222222222223,0.6195603149319526,0.0,0.5,1.0,204.0,0.0,0.5989694177907389,0.0,0.5,1.0,230.0,1.0,0.5760350002257523,0.0,0.0,0.0,732.0,3.0
card_ee5ede9353fe41b3bfbe,state_6c70c74e896770c1e3ee,sgv31_u08,3,M0+R0|M0+RS,M0+RS,0.7215937546003562,0.0,1.0,0.0,587.0,1.0,0.6107968773001781,0.0,1.0,0.25,489.75,0.75,0.27840624539964376,0.0,1.0,1.0,198.0,0.0,0.27840624539964376,0.0,1.0,1.0,198.0,0.0,0.7215937546003562,0.0,1.0,0.0,587.0,1.0
card_ef723875a6cf206be1dc,state_ae27ef8b4439588f8070,sgv31_u13,3,M0+R0|M0+RS|ME+R0|ME+RS,ME+RS,0.42439180136663107,0.5,0.0,0.0,641.0,2.0,0.4500544499506669,0.4375,0.125,0.25,537.5,1.625,0.42439180136663107,0.0,1.0,1.0,202.0,0.0,0.42807112701660105,0.5,0.0,1.0,252.0,1.0,0.42439180136663107,0.5,0.0,0.0,641.0,2.0
card_f01c23456b3be6426fa0,state_e759d2d212f698fe9031,sgv31_u03,3,M0+R0|M0+RS|ME+R0|ME+RS|MP+R0|MP+RS|MPE+R0|MPE+RS,ME+RS,0.7027424451445069,0.0,0.0,0.0,667.0,2.0,0.5689245982195993,0.06944444444444445,0.1388888888888889,0.25,591.3333333333335,2.1388888888888893,0.3247920239613308,0.0,1.0,1.0,203.0,0.0,0.5455053388136524,0.0,0.5,1.0,231.0,1.0,0.6132710488474762,0.0,0.0,0.0,727.0,3.0
card_f0501ae6e539be0af3ce,state_e644901831c14570ded4,sgv31_u03,3,M0+R0|M0+RS|ME+R0|ME+RS,ME+RS,0.45937805816938654,0.0,0.0,0.0,681.0,2.0,0.5075235619724863,0.0,0.125,0.25,566.0,1.625,0.3126818317579353,0.0,1.0,1.0,197.0,0.0,0.6873181682420647,0.0,0.0,1.0,245.0,1.0,0.45937805816938654,0.0,0.0,0.0,681.0,2.0
card_f10fb96e190a7f8ad449,state_a7bda32e65dc856066c8,sgv31_u03,3,M0+R0|M0+RS|ME+R0|ME+RS|MS+R0|MS+RS|MSE+R0|MSE+RS,MSE+RS,0.4200481109446134,0.5,0.0,0.0,663.0,3.0,0.5231566012748252,0.19444444444444445,0.2222222222222222,0.2222222222222222,543.8611111111111,2.2222222222222223,0.3800439037482551,0.0,0.5,0.5,201.0,0.0,0.5122459518330339,0.0,0.5,1.0,224.0,1.0,0.4200481109446134,0.5,0.0,0.0,663.0,3.0
card_f141a8301c1e3a4ef763,state_e644901831c14570ded4,sgv31_u03,3,M0+R0|M0+RS|MP+R0|MP+RS|MPMS+R0|MPMS+RS|MS+R0|MS+RS,MPMS+RS,0.5858230261775558,0.5,0.0,0.0,752.0,3.0,0.5305739671144618,0.20833333333333334,0.1527777777777778,0.25,608.7222222222222,2.1388888888888884,0.287036947841926,0.0,0.5,1.0,197.0,0.0,0.287036947841926,0.0,0.5,1.0,197.0,0.0,0.5858230261775558,0.5,0.0,0.0,752.0,3.0
card_f21b14ad699d5b30630a,state_e759d2d212f698fe9031,sgv31_u03,3,M0+R0|M0+RS,M0+RS,0.7215937546003562,0.0,1.0,0.0,639.0,1.0,0.6107968773001781,0.0,1.0,0.25,530.0,0.75,0.27840624539964376,0.0,1.0,1.0,203.0,0.0,0.27840624539964376,0.0,1.0,1.0,203.0,0.0,0.7215937546003562,0.0,1.0,0.0,639.0,1.0
card_f2c93250e9b190aeb4a2,state_a21e5f88200bd26d83df,sgv31_u13,3,M0+R0|M0+RS|ME+R0|ME+RS|MP+R0|MP+RS|MPE+R0|MPE+RS|MPMS+R0|MPMS+RS|MPMSME+R0|MPMSME+RS|MS+R0|MS+RS|MSE+R0|MSE+RS,MSE+RS,0.5164691650443799,0.0,0.0,0.0,740.0,3.0,0.5280408842706288,0.25,0.1388888888888889,0.25,619.9166666666666,2.333333333333333,0.4964884726927179,0.0,1.0,1.0,204.0,0.0,0.47804432562269134,0.0,0.0,1.0,254.0,1.0,0.33470002129671855,0.5,0.0,0.0,803.0,4.0
card_f2d09adf63e029e21546,state_1131c2240e84f97394a6,sgv31_u08,3,M0+R0|M0+RS|MP+R0|MP+RS,MP+RS,0.5406219418306134,0.0,0.0,0.0,714.0,2.0,0.4909093968402466,0.0,0.19444444444444442,0.25,589.2222222222222,1.527777777777778,0.6873181682420647,0.0,0.5,1.0,207.0,0.0,0.6873181682420647,0.0,0.5,1.0,207.0,0.0,0.5406219418306134,0.0,0.0,0.0,714.0,2.0
card_f3c20b523a23e0af33dd,state_dba52c3c12882c9d5d74,sgv31_u08,3,M0+R0|M0+RS|ME+R0|ME+RS|MP+R0|MP+RS|MPE+R0|MPE+RS,ME+RS,0.6715755077951291,0.0,0.5,0.0,620.0,2.0,0.484262363300275,0.16666666666666669,0.3055555555555555,0.2222222222222222,557.3611111111111,2.1388888888888893,0.4550458116091208,0.0,1.0,1.0,203.0,0.0,0.456588439421279,0.0,0.5,1.0,231.0,1.0,0.29068411614944345,0.5,0.0,0.0,682.0,3.0
card_f3d6c32fc45423e6f1f7,state_80e50c33139b6707e6b4,sgv31_u03,3,M0+R0|M0+RS|ME+R0|ME+RS|MP+R0|MP+RS|MPE+R0|MPE+RS|MPMS+R0|MPMS+RS|MPMSME+R0|MPMSME+RS|MS+R0|MS+RS|MSE+R0|MSE+RS,MPE+R0,0.5969009665235585,0.0,0.0,0.5,260.0,2.0,0.4331701950432754,0.0,0.08333333333333334,0.16666666666666669,578.4444444444445,2.333333333333333,0.5136719792165011,0.0,1.0,1.0,198.0,0.0,0.5935970301071283,0.0,0.0,1.0,246.0,1.0,0.34437096215993657,0.0,0.0,0.0,733.0,4.0
card_f5a870ee22577f63f3da,state_e759d2d212f698fe9031,sgv31_u03,3,M0+R0|M0+RS|ME+R0|ME+RS|MP+R0|MP+RS|MPE+R0|MPE+RS|MPMS+R0|MPMS+RS|MPMSME+R0|MPMSME+RS|MS+R0|MS+RS|MSE+R0|MSE+RS,MSE+RS,0.5762825219160813,0.0,0.5,0.0,709.0,3.0,0.5283857671582455,0.2361111111111111,0.5000000000000001,0.25,600.1944444444445,2.333333333333333,0.33262074553086785,0.0,0.5,1.0,203.0,0.0,0.3804096277047025,0.0,0.5,1.0,231.0,1.0,0.6085468981115804,0.5,0.0,0.0,769.0,4.0
card_f5b5a4b29bf5359a88a5,state_f809a19048416307558c,sgv31_u08,3,M0+R0|M0+RS|MS+R0|MS+RS,MS+R0,0.5797261210288974,0.0,0.0,1.0,254.0,1.0,0.5,0.0,0.36111111111111116,0.2222222222222222,564.1944444444445,1.3888888888888888,0.42027387897110263,0.0,1.0,0.5,195.0,0.0,0.42027387897110263,0.0,1.0,0.5,195.0,0.0,0.42027387897110263,0.0,0.0,0.0,696.0,2.0
card_f6f2b2fa7d4cb5fe405d,state_54a311f88828cddfcea3,sgv31_u08,3,M0+R0|M0+RS|ME+R0|ME+RS|MS+R0|MS+RS|MSE+R0|MSE+RS,ME+RS,0.6266250026287751,0.0,0.5,0.0,607.0,2.0,0.5633125013143876,0.0,0.2361111111111111,0.25,538.0,2.2222222222222223,0.373374997371225,0.0,1.0,0.5,196.0,0.0,0.3733749973712249,0.0,0.5,1.0,218.0,1.0,0.6266250026287751,0.0,0.0,0.0,657.0,3.0
card_f77690f2a454b927fcf4,state_54a311f88828cddfcea3,sgv31_u08,3,M0+R0|M0+RS|MP+R0|MP+RS|MPMS+R0|MPMS+RS|MS+R0|MS+RS,MP+RS,0.5437837242466225,0.0,0.5,0.0,656.0,2.0,0.5331722300758406,0.0,0.3055555555555556,0.2361111111111111,574.0277777777778,2.1388888888888884,0.467401133091964,0.0,1.0,1.0,196.0,0.0,0.467401133091964,0.0,1.0,1.0,196.0,0.0,0.6001378087022975,0.0,0.0,0.0,706.0,3.0
card_f7d6e3231bce33a5882d,state_ae27ef8b4439588f8070,sgv31_u13,3,M0+R0|M0+RS|ME+R0|ME+RS,ME+RS,0.45937805816938654,0.0,0.0,0.0,617.0,2.0,0.48918653367105486,0.0,0.125,0.25,516.5,1.625,0.3126818317579353,0.0,1.0,1.0,202.0,0.0,0.5406219418306134,0.0,0.0,1.0,228.0,1.0,0.45937805816938654,0.0,0.0,0.0,617.0,2.0
card_f7d6fb4c6bf2f3a446fd,state_13b438c89dd232d49159,sgv31_u13,3,M0+R0|M0+RS|ME+R0|ME+RS|MS+R0|MS+RS|MSE+R0|MSE+RS,ME+R0,0.5071509787588082,0.0,0.5,1.0,216.0,1.0,0.5253230855263848,0.0,0.08333333333333333,0.25,509.0,2.2222222222222223,0.5751782380699365,0.0,1.0,1.0,194.0,0.0,0.5071509787588082,0.0,0.5,1.0,216.0,1.0,0.48792540869884665,0.0,0.0,0.0,619.0,3.0
card_f8833eaa6438c0b614f1,state_43c3af792f8ad0fb17be,sgv31_u08,3,M0+R0|M0+RS|ME+R0|ME+RS,ME+RS,0.45937805816938654,0.0,0.0,0.0,658.0,2.0,0.48918653367105486,0.0,0.125,0.25,546.25,1.625,0.3126818317579353,0.0,1.0,1.0,200.0,0.0,0.5406219418306134,0.0,0.0,1.0,222.0,1.0,0.45937805816938654,0.0,0.0,0.0,658.0,2.0
card_f8ad8db7a5a066a601ea,state_fe1be8225bb97e5fedd6,sgv31_u13,3,M0+R0|M0+RS|ME+R0|ME+RS,M0+R0,0.6781852670149336,0.0,0.5,1.0,199.0,0.0,0.3609135137385202,0.4375,0.10416666666666666,0.25,534.5,1.625,0.6781852670149336,0.0,0.5,1.0,199.0,0.0,0.6089661924189973,0.5,0.0,1.0,249.0,1.0,0.25094364424874477,0.5,0.0,0.0,638.0,2.0
card_f8d013eda35af863d2fc,state_a52fa7dec11104747fd1,sgv31_u03,3,M0+R0|M0+RS|ME+R0|ME+RS,ME+RS,0.6508241519760448,0.0,0.0,0.0,617.0,2.0,0.5628433966566853,0.0,0.10416666666666666,0.14583333333333334,516.5,1.625,0.6508241519760448,0.0,0.5,1.0,202.0,0.0,0.3491758480239551,0.0,0.0,0.5,228.0,1.0,0.6508241519760448,0.0,0.0,0.0,617.0,2.0
card_f8f9d3b7a1883350189d,state_e8c1d1731d2301108307,sgv31_u08,3,M0+R0|M0+RS|ME+R0|ME+RS|MP+R0|MP+RS|MPE+R0|MPE+RS,MPE+RS,0.6446183387693615,0.5,0.0,0.0,731.0,3.0,0.5702939666376804,0.3194444444444444,0.29166666666666663,0.1111111111111111,594.6111111111112,2.1388888888888893,0.23977224051932994,0.0,0.5,1.0,205.0,0.0,0.4802485510074695,0.0,0.5,1.0,233.0,1.0,0.6446183387693615,0.5,0.0,0.0,731.0,3.0
card_f9b1f32cf0d6e5523dc4,state_6a89f1dbf363044d349c,sgv31_u13,3,M0+R0|M0+RS|MP+R0|MP+RS|MPMS+R0|MPMS+RS|MS+R0|MS+RS,MS+RS,0.5755250617516794,0.0,0.5,0.0,650.0,2.0,0.5101887798171467,0.375,0.3055555555555556,0.16666666666666669,580.8055555555555,2.1388888888888884,0.35065799886356813,0.0,1.0,1.0,202.0,0.0,0.35065799886356813,0.0,1.0,1.0,202.0,0.0,0.5198592589960286,0.5,0.0,0.0,713.0,3.0
card_f9d4f52926aedf8579e0,state_fe1be8225bb97e5fedd6,sgv31_u13,3,M0+R0|M0+RS|ME+R0|ME+RS|MP+R0|MP+RS|MPE+R0|MPE+RS,ME+R0,0.6780080462758377,0.0,0.5,1.0,225.0,1.0,0.4790769499884512,0.3194444444444444,0.2777777777777778,0.3333333333333333,552.5,2.1388888888888893,0.5956944275907105,0.0,0.5,1.0,199.0,0.0,0.6780080462758377,0.0,0.5,1.0,225.0,1.0,0.46774529928794706,0.5,0.0,0.0,677.0,3.0
card_fbc6f307a54a4b9754d0,state_a52fa7dec11104747fd1,sgv31_u03,3,M0+R0|M0+RS|MP+R0|MP+RS,M0+RS,0.6781852670149338,0.0,0.5,0.0,591.0,1.0,0.5427171373684558,0.0,0.1388888888888889,0.25,547.4166666666667,1.527777777777778,0.4619048963173243,0.0,1.0,1.0,202.0,0.0,0.4619048963173243,0.0,1.0,1.0,202.0,0.0,0.6089661924189973,0.0,0.0,0.0,660.0,2.0
card_fc0d32ea5b08467fc58c,state_e8c1d1731d2301108307,sgv31_u08,3,M0+R0|M0+RS|ME+R0|ME+RS,ME+RS,0.6477291697335709,0.0,0.0,0.0,669.0,2.0,0.5738645848667854,0.0,0.0625,0.25,556.5,1.625,0.3522708302664292,0.0,0.5,1.0,205.0,0.0,0.3522708302664292,0.0,0.0,1.0,233.0,1.0,0.6477291697335709,0.0,0.0,0.0,669.0,2.0
card_fc53c3daf19fd3c64170,state_5cd0772885d009f77aaa,sgv31_u08,3,M0+R0|M0+RS|ME+R0|ME+RS,ME+RS,0.6873181682420647,0.0,0.0,0.0,668.0,2.0,0.6024986078361021,0.0,0.125,0.25,555.5,1.625,0.5406219418306134,0.0,1.0,1.0,204.0,0.0,0.45937805816938654,0.0,0.0,1.0,232.0,1.0,0.6873181682420647,0.0,0.0,0.0,668.0,2.0
card_fca227f63e35b2ddc2fb,state_a21e5f88200bd26d83df,sgv31_u13,3,M0+R0|M0+RS|MS+R0|MS+RS,MS+RS,0.5379950269774428,0.0,0.0,0.0,699.0,2.0,0.5386779654647229,0.0,0.36111111111111116,0.25,568.6944444444445,1.3888888888888888,0.38328316511855115,0.0,1.0,1.0,204.0,0.0,0.38328316511855115,0.0,1.0,1.0,204.0,0.0,0.5379950269774428,0.0,0.0,0.0,699.0,2.0
card_fe21c5ab9e5c889b256c,state_5cd0772885d009f77aaa,sgv31_u08,3,M0+R0|M0+RS|ME+R0|ME+RS,ME+RS,0.7490563557512552,0.0,0.0,0.0,662.0,2.0,0.6390864862614798,0.0,0.125,0.25,550.25,1.625,0.32181473298506635,0.0,1.0,1.0,204.0,0.0,0.3910338075810027,0.0,0.0,1.0,226.0,1.0,0.7490563557512552,0.0,0.0,0.0,662.0,2.0
card_0168727a1caaf4bebb9e,state_b98fab2a906052355005,sgv31_u12,4,M0+R0|M0+RS,M0+RS,0.7215937546003562,0.0,1.0,0.0,649.0,1.0,0.6107968773001781,0.0,1.0,0.25,539.0,0.75,0.27840624539964376,0.0,1.0,1.0,209.0,0.0,0.27840624539964376,0.0,1.0,1.0,209.0,0.0,0.7215937546003562,0.0,1.0,0.0,649.0,1.0
card_01d3690c2f28faf56a54,state_75e80d9a998ba6811814,sgv31_u07,4,M0+R0|M0+RS|ME+R0|ME+RS|MP+R0|MP+RS|MPE+R0|MPE+RS,ME+RS,0.42438796734552925,0.0,0.5,0.0,618.0,2.0,0.47969321903373136,0.0,0.3611111111111111,0.25,548.7222222222222,2.0277777777777777,0.3278444424919255,0.0,0.5,1.0,202.0,0.0,0.6402621154842777,0.0,0.5,1.0,229.0,1.0,0.41267909630435823,0.0,0.0,0.0,680.0,3.0
card_02a5e9b01a6e057cecf0,state_e6a77c2a14981797c6f7,sgv31_u07,4,M0+R0|M0+RS|MP+R0|MP+RS,MP+RS,0.571928872983399,0.0,0.0,0.0,727.0,2.0,0.5571711208704113,0.0,0.3055555555555556,0.25,592.3055555555555,1.4444444444444444,0.27685472974986314,0.0,1.0,1.0,204.0,0.0,0.27685472974986314,0.0,1.0,1.0,204.0,0.0,0.571928872983399,0.0,0.0,0.0,727.0,2.0
card_03c5a24114e1d41198d2,state_1219a18a48cc2c5d7190,sgv31_u02,4,M0+R0|M0+RS|ME+R0|ME+RS|MP+R0|MP+RS|MPE+R0|MPE+RS,ME+RS,0.5785754112323193,0.0,0.5,0.0,617.0,2.0,0.5448889389731635,0.25,0.25,0.25,548.75,2.0277777777777777,0.39959312355869503,0.0,0.5,1.0,203.0,0.0,0.48935013245889303,0.0,0.5,1.0,228.0,1.0,0.39747248744535046,0.5,0.0,0.0,680.0,3.0
card_03e9af32f0dd1389e94d,state_e49c298ab0384e582221,sgv31_u12,4,M0+R0|M0+RS|ME+R0|ME+RS,ME+RS,0.5380951036826757,0.0,0.0,0.0,637.0,2.0,0.5035278674194309,0.0,0.05555555555555555,0.25,534.1944444444443,1.6388888888888888,0.3910338075810027,0.0,0.5,1.0,198.0,0.0,0.3218147329850663,0.0,0.0,1.0,248.0,1.0,0.5380951036826757,0.0,0.0,0.0,637.0,2.0
card_05591cc18bb7b5f0dcfa,state_993638bc6b25f482409f,sgv31_u12,4,M0+R0|M0+RS,M0+RS,0.7215937546003562,0.0,1.0,0.0,636.0,1.0,0.6107968773001781,0.0,1.0,0.25,528.0,0.75,0.27840624539964376,0.0,1.0,1.0,204.0,0.0,0.27840624539964376,0.0,1.0,1.0,204.0,0.0,0.7215937546003562,0.0,1.0,0.0,636.0,1.0
card_0569b132568cec88b88a,state_b2a7dcff43fec8a6130b,sgv31_u07,4,M0+R0|M0+RS|MS+R0|MS+RS,MS+RS,0.5720345860688135,0.0,0.0,0.0,709.0,2.0,0.5480606987186509,0.0,0.09722222222222222,0.25,585.8888888888889,1.5555555555555558,0.28344454572025707,0.0,0.5,1.0,205.0,0.0,0.28344454572025707,0.0,0.5,1.0,205.0,0.0,0.5720345860688135,0.0,0.0,0.0,709.0,2.0
card_05a753cfedeb4e1f316c,state_ea89f7e11c39b4614969,sgv31_u02,4,M0+R0|M0+RS,M0+R0,0.7215937546003562,0.0,1.0,1.0,195.0,0.0,0.3892031226998219,0.0,1.0,0.25,512.25,0.75,0.7215937546003562,0.0,1.0,1.0,195.0,0.0,0.7215937546003562,0.0,1.0,1.0,195.0,0.0,0.27840624539964376,0.0,1.0,0.0,618.0,1.0
card_09a568d764e9f817d73f,state_791dc41cd3acb5be1c71,sgv31_u02,4,M0+R0|M0+RS|ME+R0|ME+RS|MP+R0|MP+RS|MPE+R0|MPE+RS|MPMS+R0|MPMS+RS|MPMSME+R0|MPMSME+RS|MS+R0|MS+RS|MSE+R0|MSE+RS,MSE+RS,0.6182474465830332,0.0,0.5,0.0,677.0,3.0,0.5232260355771876,0.05555555555555555,0.4305555555555556,0.25,578.7777777777777,2.5,0.4833935987434966,0.0,0.5,1.0,205.0,0.0,0.4275691735692061,0.0,0.5,1.0,230.0,1.0,0.5630006711232194,0.5,0.0,0.0,740.0,4.0
card_0a41320a61b517f35b51,state_cb7cc7ad2ef8b6198142,sgv31_u07,4,M0+R0|M0+RS|ME+R0|ME+RS|MP+R0|MP+RS|MPE+R0|MPE+RS|MPMS+R0|MPMS+RS|MPMSME+R0|MPMSME+RS|MS+R0|MS+RS|MSE+R0|MSE+RS,MP+RS,0.3624359725966836,0.0,0.5,0.0,668.0,2.0,0.46672159242196304,0.0,0.4722222222222222,0.22222222222222224,591.2777777777778,2.5,0.5328495807580549,0.0,1.0,1.0,202.0,0.0,0.4556719636528752,0.0,0.5,1.0,251.0,1.0,0.5308269625470547,0.0,0.0,0.0,758.0,4.0
card_0ab6f65649042323bf61,state_1219a18a48cc2c5d7190,sgv31_u02,4,M0+R0|M0+RS|ME+R0|ME+RS|MS+R0|MS+RS|MSE+R0|MSE+RS,ME+RS,0.4005851562555995,0.0,0.5,0.0,618.0,2.0,0.5706116548326889,0.0,0.18055555555555558,0.2222222222222222,554.9166666666666,2.3333333333333335,0.3852241272706927,0.0,0.5,1.0,203.0,0.0,0.4067581972130778,0.0,0.5,1.0,229.0,1.0,0.6789613205267033,0.0,0.0,0.0,668.0,3.0
card_0b4ba82d779798f46868,state_7dbaca68286ab101e017,sgv31_u12,4,M0+R0|M0+RS|ME+R0|ME+RS|MP+R0|MP+RS|MPE+R0|MPE+RS,MPE+R0,0.5005389727746277,0.0,0.0,1.0,263.0,2.0,0.5032611058904004,0.0,0.2222222222222222,0.25,562.6666666666667,2.0277777777777777,0.3663351965349886,0.0,1.0,1.0,198.0,0.0,0.4214877134189216,0.0,0.0,1.0,248.0,1.0,0.499472021327925,0.0,0.0,0.0,686.0,3.0
card_0be6e58560547c97cae1,state_02b7e0543dbe15d01174,sgv31_u02,4,M0+R0|M0+RS|ME+R0|ME+RS|MS+R0|MS+RS|MSE+R0|MSE+RS,MSE+R0,0.4437800361494742,0.0,0.0,1.0,270.0,2.0,0.5637501092445933,0.0,0.18055555555555558,0.25,581.3333333333333,2.3333333333333335,0.4469440516770714,0.0,1.0,1.0,195.0,0.0,0.61135338901912,0.0,0.5,1.0,220.0,1.0,0.6188421265952068,0.0,0.0,0.0,706.0,3.0
card_0bf44e4a2d1ebbaf1726,state_791dc41cd3acb5be1c71,sgv31_u02,4,M0+R0|M0+RS|ME+R0|ME+RS,ME+RS,0.5,0.0,0.0,0.0,627.0,2.0,0.5,0.0,0.1111111111111111,0.1388888888888889,524.9722222222222,1.6388888888888888,0.5,0.0,1.0,1.0,205.0,0.0,0.5,0.0,0.0,0.5,230.0,1.0,0.5,0.0,0.0,0.0,627.0,2.0
card_0c1b08930ed675fd3d1e,state_9c25f20786bf2f1a2f27,sgv31_u07,4,M0+R0|M0+RS|MS+R0|MS+RS,MS+RS,0.6781852670149338,0.0,0.0,0.0,673.0,2.0,0.6027813444206191,0.0,0.09722222222222222,0.1527777777777778,555.7777777777778,1.5555555555555558,0.2509436442487448,0.0,0.5,1.0,191.0,0.0,0.2509436442487448,0.0,0.5,1.0,191.0,0.0,0.6781852670149338,0.0,0.0,0.0,673.0,2.0
card_0ce31db0d44e2a7639b9,state_44d7f5bd189b54ed3c78,sgv31_u02,4,M0+R0|M0+RS|ME+R0|ME+RS|MP+R0|MP+RS|MPE+R0|MPE+RS,MP+RS,0.7181638793624873,0.5,0.5,0.0,712.0,2.0,0.6203445958777711,0.6527777777777778,0.125,0.2361111111111111,585.0000000000001,2.0277777777777777,0.20638004158590081,0.0,0.5,1.0,204.0,0.0,0.43807248298095064,0.0,0.0,1.0,229.0,1.0,0.627674602603343,0.5,0.0,0.0,728.0,3.0
card_0d58ac6a68e46889066e,state_21d8da201b9776b3ea92,sgv31_u02,4,M0+R0|M0+RS,M0+RS,0.5,0.0,0.5,0.0,641.0,1.0,0.5,0.0,0.625,0.25,532.0,0.75,0.5,0.0,1.0,1.0,205.0,0.0,0.5,0.0,1.0,1.0,205.0,0.0,0.5,0.0,0.5,0.0,641.0,1.0
card_0f5af4ba88c852e40562,state_209068a86f266ee23d22,sgv31_u02,4,M0+R0|M0+RS|ME+R0|ME+RS|MP+R0|MP+RS|MPE+R0|MPE+RS,MPE+RS,0.49978056251796416,0.5,0.0,0.0,724.0,3.0,0.5102104639031302,0.16666666666666666,0.2361111111111111,0.25,581.0,2.0277777777777777,0.4997805625179642,0.0,1.0,1.0,200.0,0.0,0.5569881419341688,0.0,0.5,1.0,225.0,1.0,0.49978056251796416,0.5,0.0,0.0,724.0,3.0
card_0fcbd3e1e034da20e6b2,state_f62d16403abfc27b1503,sgv31_u02,4,M0+R0|M0+RS|ME+R0|ME+RS,ME+RS,0.6167168348814488,0.0,0.0,0.0,610.0,2.0,0.5539849836682795,0.0,0.06944444444444445,0.25,509.9722222222222,1.6388888888888888,0.4620049730225572,0.0,1.0,1.0,196.0,0.0,0.38328316511855115,0.0,0.0,1.0,221.0,1.0,0.6167168348814488,0.0,0.0,0.0,610.0,2.0
card_1085d94b6741b37d5faf,state_984d0cfb9762b40773e3,sgv31_u12,4,M0+R0|M0+RS|ME+R0|ME+RS|MP+R0|MP+RS|MPE+R0|MPE+RS|MPMS+R0|MPMS+RS|MPMSME+R0|MPMSME+RS|MS+R0|MS+RS|MSE+R0|MSE+RS,MSE+RS,0.5048472133030697,0.0,0.0,0.0,709.0,3.0,0.5177732638945045,0.1111111111111111,0.16666666666666669,0.23611111111111108,601.75,2.5,0.3046675204432666,0.0,1.0,0.5,205.0,0.0,0.3791200851367179,0.0,0.5,1.0,255.0,1.0,0.6033696870329401,0.5,0.0,0.0,771.0,4.0
card_10f49c212d60c7c79463,state_b2a7dcff43fec8a6130b,sgv31_u07,4,M0+R0|M0+RS,M0+RS,0.7215937546003562,0.0,1.0,0.0,657.0,1.0,0.6107968773001781,0.0,0.875,0.25,544.0,0.75,0.27840624539964376,0.0,0.5,1.0,205.0,0.0,0.27840624539964376,0.0,0.5,1.0,205.0,0.0,0.7215937546003562,0.0,1.0,0.0,657.0,1.0
card_125738abb6201a51ea6b,state_66edf1a4e7dfe66350a5,sgv31_u07,4,M0+R0|M0+RS,M0+RS,0.5,0.0,1.0,0.0,640.0,1.0,0.5,0.0,1.0,0.25,531.0,0.75,0.5,0.0,1.0,1.0,204.0,0.0,0.5,0.0,1.0,1.0,204.0,0.0,0.5,0.0,1.0,0.0,640.0,1.0
card_13147281fc0b2be6961f,state_21d8da201b9776b3ea92,sgv31_u02,4,M0+R0|M0+RS|MP+R0|MP+RS,MP+RS,0.6873181682420647,0.0,0.0,0.0,713.0,2.0,0.5493373960513449,0.0,0.3055555555555556,0.1527777777777778,582.0,1.4444444444444444,0.5406219418306134,0.0,1.0,1.0,205.0,0.0,0.5406219418306134,0.0,1.0,1.0,205.0,0.0,0.6873181682420647,0.0,0.0,0.0,713.0,2.0
card_13202743931a382e6d78,state_791dc41cd3acb5be1c71,sgv31_u02,4,M0+R0|M0+RS,M0+RS,0.7215937546003562,0.0,1.0,0.0,602.0,1.0,0.6107968773001781,0.0,1.0,0.125,502.75,0.75,0.27840624539964376,0.0,1.0,0.5,205.0,0.0,0.27840624539964376,0.0,1.0,0.5,205.0,0.0,0.7215937546003562,0.0,1.0,0.0,602.0,1.0
card_14dcbc6c78233211ac9a,state_66edf1a4e7dfe66350a5,sgv31_u07,4,M0+R0|M0+RS|ME+R0|ME+RS|MS+R0|MS+RS|MSE+R0|MSE+RS,MSE+RS,0.5894511016985351,0.0,0.0,0.0,707.0,3.0,0.5342823849147359,0.0,0.05555555555555555,0.25,584.25,2.3333333333333335,0.5423094435875406,0.0,1.0,1.0,204.0,0.0,0.5764212274918413,0.0,0.0,1.0,228.0,1.0,0.5894511016985351,0.0,0.0,0.0,707.0,3.0
card_152d562ebd361702b3c5,state_431317d6ea6bfd04d192,sgv31_u12,4,M0+R0|M0+RS|ME+R0|ME+RS|MP+R0|MP+RS|MPE+R0|MPE+RS,MPE+R0,0.5299178751516546,0.0,0.0,0.5,307.0,2.0,0.43258358728792956,0.0,0.027777777777777776,0.1388888888888889,597.2222222222223,2.0277777777777777,0.5959449008380391,0.0,1.0,1.0,195.0,0.0,0.5528082376828924,0.0,0.0,0.5,245.0,1.0,0.46641874361891633,0.0,0.0,0.0,747.0,3.0
card_1700dce75199d1db332c,state_44d7f5bd189b54ed3c78,sgv31_u02,4,M0+R0|M0+RS|MS+R0|MS+RS,MS+RS,0.46190489631732423,0.0,0.0,0.0,699.0,2.0,0.45909366523986145,0.0,0.19444444444444445,0.25,578.5277777777778,1.5555555555555558,0.6089661924189973,0.0,1.0,1.0,204.0,0.0,0.6089661924189973,0.0,1.0,1.0,204.0,0.0,0.46190489631732423,0.0,0.0,0.0,699.0,2.0
card_17d247e3bddbbba29c06,state_02b7e0543dbe15d01174,sgv31_u02,4,M0+R0|M0+RS|MS+R0|MS+RS,MS+R0,0.7490563557512552,0.0,0.0,1.0,254.0,1.0,0.4592056147036536,0.0,0.09722222222222222,0.25,569.5277777777778,1.5555555555555558,0.5380951036826757,0.0,0.5,1.0,195.0,0.0,0.5380951036826757,0.0,0.5,1.0,195.0,0.0,0.3910338075810027,0.0,0.0,0.0,690.0,2.0
card_1808da67f5cd139bdb86,state_9c25f20786bf2f1a2f27,sgv31_u07,4,M0+R0|M0+RS|ME+R0|ME+RS,M0+RS,0.6167168348814488,0.0,0.5,0.0,614.0,1.0,0.4245272577402076,0.0,0.05555555555555555,0.25,551.8055555555555,1.6388888888888888,0.5379950269774428,0.0,0.5,1.0,191.0,0.0,0.4620049730225572,0.0,0.0,1.0,240.0,1.0,0.38328316511855115,0.0,0.0,0.0,663.0,2.0
card_1a51a812791d0426cc91,state_ae25449134e15febfe06,sgv31_u02,4,M0+R0|M0+RS|MS+R0|MS+RS,M0+RS,0.6477291697335709,0.0,1.0,0.0,587.0,1.0,0.5738645848667855,0.0,0.16666666666666669,0.2222222222222222,537.2777777777778,1.5555555555555558,0.3522708302664292,0.0,0.5,0.5,198.0,0.0,0.3522708302664292,0.0,0.5,0.5,198.0,0.0,0.6477291697335709,0.0,0.0,0.0,646.0,2.0
card_1a9606ce9d1fb4f33f89,state_74b50f419f6657d20352,sgv31_u07,4,M0+R0|M0+RS|ME+R0|ME+RS,ME+R0,0.6089661924189973,0.0,0.0,1.0,223.0,1.0,0.3599521377024655,0.0,0.1111111111111111,0.25,512.0833333333334,1.6388888888888888,0.6781852670149336,0.0,1.0,1.0,199.0,0.0,0.6089661924189973,0.0,0.0,1.0,223.0,1.0,0.25094364424874477,0.0,0.0,0.0,612.0,2.0
card_1b58db84afe49d8e7baf,state_f62d16403abfc27b1503,sgv31_u02,4,M0+R0|M0+RS|ME+R0|ME+RS|MP+R0|MP+RS|MPE+R0|MPE+RS,MPE+RS,0.6103186005829383,0.5,0.0,0.0,673.0,3.0,0.5405831904597022,0.06944444444444445,0.3611111111111111,0.2222222222222222,541.75,2.0277777777777777,0.5244916823653769,0.0,1.0,1.0,196.0,0.0,0.4113441589168005,0.0,0.5,0.5,221.0,1.0,0.6103186005829383,0.5,0.0,0.0,673.0,3.0
card_1c175d25539d73037a7f,state_21d8da201b9776b3ea92,sgv31_u02,4,M0+R0|M0+RS|ME+R0|ME+RS|MP+R0|MP+RS|MPE+R0|MPE+RS|MPMS+R0|MPMS+RS|MPMSME+R0|MPMSME+RS|MS+R0|MS+RS|MSE+R0|MSE+RS,MPE+RS,0.5992787827724626,0.5,0.5,0.0,729.0,3.0,0.5440286035946285,0.05555555555555555,0.4027777777777778,0.2361111111111111,608.0277777777777,2.5,0.28308106934654076,0.0,0.5,1.0,205.0,0.0,0.5145529767536473,0.0,0.5,1.0,230.0,1.0,0.5780346519371787,0.5,0.0,0.0,779.0,4.0
card_1cd748e5c2b0dd52dc7d,state_993638bc6b25f482409f,sgv31_u12,4,M0+R0|M0+RS|ME+R0|ME+RS|MP+R0|MP+RS|MPE+R0|MPE+RS,MP+RS,0.5241249365959815,0.5,0.0,0.0,707.0,2.0,0.460778213326565,0.45833333333333337,0.2361111111111111,0.25,600.2222222222223,2.0277777777777777,0.5340627101732348,0.0,1.0,1.0,204.0,0.0,0.455928049772377,0.0,0.5,1.0,254.0,1.0,0.5362043855793146,0.5,0.0,0.0,748.0,3.0
card_1cf7aded6d89cff4207f,state_ec752d30cddf083ac393,sgv31_u02,4,M0+R0|M0+RS|ME+R0|ME+RS|MS+R0|MS+RS|MSE+R0|MSE+RS,MSE+R0,0.661221869381305,0.0,0.0,1.0,270.0,2.0,0.4341559496350511,0.0,0.1527777777777778,0.2222222222222222,585.8333333333333,2.3333333333333335,0.46576148073087403,0.0,1.0,0.5,195.0,0.0,0.6821350695021197,0.0,0.0,1.0,220.0,1.0,0.33967059584636855,0.0,0.0,0.0,712.0,3.0
card_1e72ea2f28a43ff30a2f,state_431317d6ea6bfd04d192,sgv31_u12,4,M0+R0|M0+RS|ME+R0|ME+RS,ME+R0,0.771205679933669,0.0,0.0,1.0,245.0,1.0,0.5376674555463429,0.0,0.1111111111111111,0.2361111111111111,569.4444444444443,1.6388888888888888,0.5,0.0,1.0,0.5,195.0,0.0,0.771205679933669,0.0,0.0,1.0,245.0,1.0,0.5,0.0,0.0,0.0,685.0,2.0
card_1ee26890b02e084e77b5,state_ea89f7e11c39b4614969,sgv31_u02,4,M0+R0|M0+RS|ME+R0|ME+RS|MP+R0|MP+RS|MPE+R0|MPE+RS,MP+R0,0.7329232849789601,0.0,0.5,1.0,219.0,1.0,0.37679145947433357,0.0,0.2638888888888889,0.25,541.6666666666666,2.0277777777777777,0.747124791593829,0.0,1.0,1.0,195.0,0.0,0.549116982175088,0.0,0.5,1.0,221.0,1.0,0.2530295967514227,0.0,0.0,0.0,659.0,3.0
card_20573076604be3ecbd47,state_ea89f7e11c39b4614969,sgv31_u02,4,M0+R0|M0+RS|ME+R0|ME+RS,M0+R0,0.6873181682420647,0.0,1.0,1.0,195.0,0.0,0.4872731555763452,0.0,0.1111111111111111,0.1388888888888889,534.4722222222222,1.6388888888888888,0.6873181682420647,0.0,1.0,1.0,195.0,0.0,0.3126818317579353,0.0,0.0,0.5,220.0,1.0,0.5406219418306134,0.0,0.0,0.0,643.0,2.0
card_21df9d841e5fb3312348,state_ec752d30cddf083ac393,sgv31_u02,4,M0+R0|M0+RS|MS+R0|MS+RS,MS+R0,0.42439180136663107,0.0,0.0,0.5,254.0,1.0,0.44323769309069644,0.0,0.19444444444444445,0.1527777777777778,574.0277777777778,1.5555555555555558,0.723145270250137,0.0,1.0,1.0,195.0,0.0,0.723145270250137,0.0,1.0,1.0,195.0,0.0,0.42807112701660105,0.0,0.0,0.0,696.0,2.0
card_21e0f6a6b11d5044f4fc,state_209068a86f266ee23d22,sgv31_u02,4,M0+R0|M0+RS|ME+R0|ME+RS|MP+R0|MP+RS|MPE+R0|MPE+RS|MPMS+R0|MPMS+RS|MPMSME+R0|MPMSME+RS|MS+R0|MS+RS|MSE+R0|MSE+RS,MPMS+RS,0.5498427549444205,0.5,0.0,0.0,758.0,3.0,0.6002693524276745,0.1111111111111111,0.18055555555555558,0.24999999999999997,603.0277777777778,2.5,0.24365642882802147,0.0,0.5,1.0,200.0,0.0,0.5195972746707452,0.0,0.5,1.0,225.0,1.0,0.7196218808089506,0.5,0.0,0.0,774.0,4.0
card_21f0ee45e6bf50e534f0,state_114df4e85de8d55af1c3,sgv31_u12,4,M0+R0|M0+RS|ME+R0|ME+RS|MS+R0|MS+RS|MSE+R0|MSE+RS,ME+RS,0.400961467801267,0.0,0.5,0.0,641.0,2.0,0.4466467313288939,0.0,0.18055555555555558,0.25,573.9166666666667,2.3333333333333335,0.4020152222133332,0.0,0.5,0.5,202.0,0.0,0.6635609094707736,0.0,0.5,1.0,252.0,1.0,0.40407434128952197,0.0,0.0,0.0,691.0,3.0
card_223524276371e8fce6db,state_e49c298ab0384e582221,sgv31_u12,4,M0+R0|M0+RS|MS+R0|MS+RS,MS+RS,0.42027387897110263,0.0,0.0,0.0,646.0,2.0,0.47342462632370097,0.0,0.19444444444444445,0.125,537.2777777777778,1.5555555555555558,0.42027387897110263,0.0,1.0,0.5,198.0,0.0,0.42027387897110263,0.0,1.0,0.5,198.0,0.0,0.42027387897110263,0.0,0.0,0.0,646.0,2.0
card_2244800bd34eaa0a1b5f,state_209068a86f266ee23d22,sgv31_u02,4,M0+R0|M0+RS|MS+R0|MS+RS,MS+RS,0.6477291697335709,0.0,0.0,0.0,695.0,2.0,0.5738645848667855,0.0,0.16666666666666669,0.25,574.5277777777778,1.5555555555555558,0.3522708302664292,0.0,0.5,1.0,200.0,0.0,0.3522708302664292,0.0,0.5,1.0,200.0,0.0,0.6477291697335709,0.0,0.0,0.0,695.0,2.0
card_22dd32b04f625e78dde8,state_ae7f3ffd140765e551c3,sgv31_u07,4,M0+R0|M0+RS|MS+R0|MS+RS,MS+RS,0.6089661924189973,0.0,0.0,0.0,687.0,2.0,0.5407943852963465,0.0,0.09722222222222222,0.25,567.8888888888889,1.5555555555555558,0.4619048963173243,0.0,0.5,1.0,199.0,0.0,0.4619048963173243,0.0,0.5,1.0,199.0,0.0,0.6089661924189973,0.0,0.0,0.0,687.0,2.0
card_231603063b37abdf6556,state_21d8da201b9776b3ea92,sgv31_u02,4,M0+R0|M0+RS|MP+R0|MP+RS|MPMS+R0|MPMS+RS|MS+R0|MS+RS,MPMS+RS,0.6042929032715281,0.5,0.0,0.0,763.0,3.0,0.5446244731677778,0.16666666666666666,0.3055555555555556,0.25,617.75,2.1388888888888884,0.2728394600308894,0.0,1.0,1.0,205.0,0.0,0.2728394600308894,0.0,1.0,1.0,205.0,0.0,0.6042929032715281,0.5,0.0,0.0,763.0,3.0
card_23354ccde6d19d1a8394,state_00c3587c75ac5a3cb1f7,sgv31_u12,4,M0+R0|M0+RS,M0+RS,0.5,0.0,1.0,0.0,590.0,1.0,0.5,0.0,1.0,0.125,492.75,0.75,0.5,0.0,1.0,0.5,201.0,0.0,0.5,0.0,1.0,0.5,201.0,0.0,0.5,0.0,1.0,0.0,590.0,1.0
card_23bd0361570226593b96,state_83e4918139d91a9ad380,sgv31_u12,4,M0+R0|M0+RS|ME+R0|ME+RS,ME+RS,0.5379950269774428,0.0,0.0,0.0,640.0,2.0,0.5233709472611662,0.0,0.09722222222222221,0.25,537.1944444444443,1.6388888888888888,0.38328316511855115,0.0,0.5,1.0,201.0,0.0,0.4620049730225572,0.0,0.0,1.0,251.0,1.0,0.5379950269774428,0.0,0.0,0.0,640.0,2.0
card_2446d08ca1edbe102b5d,state_83e4918139d91a9ad380,sgv31_u12,4,M0+R0|M0+RS|ME+R0|ME+RS,ME+RS,0.34823680940486074,0.0,0.0,0.0,614.0,2.0,0.4030401837864388,0.0,0.06944444444444445,0.2361111111111111,514.0833333333333,1.6388888888888888,0.6517631905951392,0.0,1.0,0.5,201.0,0.0,0.5,0.0,0.0,1.0,225.0,1.0,0.34823680940486074,0.0,0.0,0.0,614.0,2.0
card_2452585c0aa1ab25859c,state_e49c298ab0384e582221,sgv31_u12,4,M0+R0|M0+RS,M0+RS,0.27840624539964376,0.0,1.0,0.5,587.0,1.0,0.3892031226998219,0.0,1.0,0.5,489.75,0.75,0.7215937546003562,0.0,1.0,0.5,198.0,0.0,0.7215937546003562,0.0,1.0,0.5,198.0,0.0,0.27840624539964376,0.0,1.0,0.5,587.0,1.0
card_2457cd8383941cb43c86,state_e827464982b3493af56f,sgv31_u12,4,M0+R0|M0+RS|MP+R0|MP+RS|MPMS+R0|MPMS+RS|MS+R0|MS+RS,MS+RS,0.4226157535840813,0.0,0.0,0.0,684.0,2.0,0.506517912149987,0.2222222222222222,0.1111111111111111,0.25,603.1111111111111,2.1388888888888884,0.34923355086673114,0.0,1.0,1.0,197.0,0.0,0.34923355086673114,0.0,1.0,1.0,197.0,0.0,0.6509399147501246,0.5,0.0,0.0,746.0,3.0
card_259030dac197471d0c8a,state_b2a7dcff43fec8a6130b,sgv31_u07,4,M0+R0|M0+RS|ME+R0|ME+RS,ME+RS,0.6781852670149338,0.0,0.0,0.0,684.0,2.0,0.6124868833445205,0.0,0.1111111111111111,0.25,568.0,1.6388888888888888,0.2509436442487448,0.0,1.0,1.0,205.0,0.0,0.46190489631732423,0.0,0.0,1.0,232.0,1.0,0.6781852670149338,0.0,0.0,0.0,684.0,2.0
card_261632b7ea130c76cb68,state_791dc41cd3acb5be1c71,sgv31_u02,4,M0+R0|M0+RS|ME+R0|ME+RS,ME+RS,0.4619048963173242,0.0,0.0,0.0,628.0,2.0,0.49647213258056894,0.0,0.09722222222222221,0.25,525.8611111111111,1.6388888888888888,0.6089661924189973,0.0,0.5,1.0,205.0,0.0,0.6781852670149338,0.0,0.0,1.0,231.0,1.0,0.4619048963173242,0.0,0.0,0.0,628.0,2.0
card_2662ac0ac9929770aaf2,state_e827464982b3493af56f,sgv31_u12,4,M0+R0|M0+RS|ME+R0|ME+RS|MP+R0|MP+RS|MPE+R0|MPE+RS|MPMS+R0|MPMS+RS|MPMSME+R0|MPMSME+RS|MS+R0|MS+RS|MSE+R0|MSE+RS,MSE+RS,0.4867811649234511,0.5,0.0,0.0,725.0,3.0,0.46542030114041455,0.3194444444444444,0.09722222222222222,0.22222222222222224,612.1944444444445,2.5,0.5377896974787172,0.0,1.0,1.0,197.0,0.0,0.5092437170799636,0.0,0.0,1.0,247.0,1.0,0.638500381122633,0.5,0.0,0.0,787.0,4.0
card_27131df0b35ba70e40a6,state_74b50f419f6657d20352,sgv31_u07,4,M0+R0|M0+RS|ME+R0|ME+RS|MS+R0|MS+RS|MSE+R0|MSE+RS,MS+R0,0.5192891098197504,0.0,0.0,1.0,258.0,1.0,0.45436732343054015,0.0,0.18055555555555558,0.5694444444444444,549.25,2.3333333333333335,0.6063613500462174,0.0,1.0,0.5,199.0,0.0,0.6772526764501913,0.0,0.5,1.0,223.0,1.0,0.39534371857500805,0.0,0.0,0.5,662.0,3.0
card_280052f59c9c8758125f,state_ea89f7e11c39b4614969,sgv31_u02,4,M0+R0|M0+RS|ME+R0|ME+RS,M0+R0,0.6781852670149336,0.0,1.0,1.0,195.0,0.0,0.3395269576883443,0.0,0.1111111111111111,0.25,535.3611111111111,1.6388888888888888,0.6781852670149336,0.0,1.0,1.0,195.0,0.0,0.46190489631732423,0.0,0.0,1.0,221.0,1.0,0.25094364424874477,0.0,0.0,0.0,644.0,2.0
card_28135da1723e36acad03,state_44d7f5bd189b54ed3c78,sgv31_u02,4,M0+R0|M0+RS|ME+R0|ME+RS,ME+RS,0.6167168348814488,0.0,0.0,0.0,666.0,2.0,0.5539849836682795,0.0,0.09722222222222221,0.25,554.1111111111111,1.6388888888888888,0.4620049730225572,0.0,0.5,1.0,204.0,0.0,0.38328316511855115,0.0,0.0,1.0,230.0,1.0,0.6167168348814488,0.0,0.0,0.0,666.0,2.0
card_2821e9cb8618add1cb98,state_b2a7dcff43fec8a6130b,sgv31_u07,4,M0+R0|M0+RS|ME+R0|ME+RS|MP+R0|MP+RS|MPE+R0|MPE+RS,ME+RS,0.5409682295108075,0.0,0.5,0.0,684.0,2.0,0.5441991611605573,0.08333333333333333,0.25,0.25,598.9722222222223,2.0277777777777777,0.33324741062036084,0.0,0.5,1.0,205.0,0.0,0.5904765968450817,0.0,0.5,1.0,232.0,1.0,0.5420338185634366,0.0,0.0,0.0,746.0,3.0
card_28d96dcebad3761dd03d,state_ae7f3ffd140765e551c3,sgv31_u07,4,M0+R0|M0+RS|ME+R0|ME+RS,ME+RS,0.5379950269774428,0.0,0.0,0.0,662.0,2.0,0.5233709472611662,0.0,0.05555555555555555,0.25,550.0,1.6388888888888888,0.38328316511855115,0.0,0.5,1.0,199.0,0.0,0.4620049730225572,0.0,0.0,1.0,226.0,1.0,0.5379950269774428,0.0,0.0,0.0,662.0,2.0
card_293734bd8975ba8c3f31,state_ec752d30cddf083ac393,sgv31_u02,4,M0+R0|M0+RS|ME+R0|ME+RS|MP+R0|MP+RS|MPE+R0|MPE+RS,MPE+R0,0.43318938619461983,0.5,0.0,0.5,306.0,2.0,0.4573869470855606,0.18055555555555555,0.25,0.16666666666666666,597.7500000000001,2.0277777777777777,0.43318938619461983,0.0,1.0,0.5,195.0,0.0,0.6930488335017587,0.0,0.5,1.0,243.0,1.0,0.4374233405979244,0.0,0.0,0.0,748.0,3.0
card_2ba0e2514accfaab4bf0,state_9c25f20786bf2f1a2f27,sgv31_u07,4,M0+R0|M0+RS|ME+R0|ME+RS|MS+R0|MS+RS|MSE+R0|MSE+RS,MS+RS,0.7174467906850729,0.0,0.5,0.0,673.0,2.0,0.5547581062644844,0.0,0.18055555555555558,0.3194444444444444,570.0833333333334,2.3333333333333335,0.40471571858292343,0.0,1.0,1.0,191.0,0.0,0.47077425006136125,0.0,0.5,1.0,219.0,1.0,0.6586447612404884,0.0,0.0,0.0,692.0,3.0
card_2c05f91019294335cd4c,state_cb7cc7ad2ef8b6198142,sgv31_u07,4,M0+R0|M0+RS,M0+RS,0.7215937546003562,0.0,1.0,0.0,597.0,1.0,0.6107968773001781,0.0,1.0,0.25,498.25,0.75,0.27840624539964376,0.0,1.0,1.0,202.0,0.0,0.27840624539964376,0.0,1.0,1.0,202.0,0.0,0.7215937546003562,0.0,1.0,0.0,597.0,1.0
card_2c532a84890f1d321d54,state_922816649399c19c0dd3,sgv31_u07,4,M0+R0|M0+RS|MP+R0|MP+RS|MPMS+R0|MPMS+RS|MS+R0|MS+RS,MP+R0,0.3244246074453817,0.0,0.0,1.0,265.0,1.0,0.4947525081183264,0.0,0.2222222222222222,0.1527777777777778,543.8611111111111,2.1388888888888884,0.5771850228874553,0.0,1.0,0.5,194.0,0.0,0.5771850228874553,0.0,1.0,0.5,194.0,0.0,0.4886016376553446,0.0,0.0,0.0,668.0,3.0
card_2cdcd8d4e50f1a90dbd3,state_209068a86f266ee23d22,sgv31_u02,4,M0+R0|M0+RS,M0+RS,0.7215937546003562,0.0,1.0,0.0,636.0,1.0,0.6107968773001781,0.0,1.0,0.25,527.0,0.75,0.27840624539964376,0.0,1.0,1.0,200.0,0.0,0.27840624539964376,0.0,1.0,1.0,200.0,0.0,0.7215937546003562,0.0,1.0,0.0,636.0,1.0
card_2d1f9c3a3a0fb047ff20,state_a4596bf3de4f947e0bc6,sgv31_u07,4,M0+R0|M0+RS|ME+R0|ME+RS|MP+R0|MP+RS|MPE+R0|MPE+RS,ME+RS,0.6273331054770442,0.0,0.5,0.0,634.0,2.0,0.5510194914449656,0.0,0.3333333333333333,0.2222222222222222,560.9722222222223,2.0277777777777777,0.4364994418797094,0.0,0.5,1.0,203.0,0.0,0.25379332023361684,0.0,0.0,0.5,230.0,1.0,0.6870772599772014,0.0,0.0,0.0,696.0,3.0
card_2d45bad958ed9a920fb1,state_e6a77c2a14981797c6f7,sgv31_u07,4,M0+R0|M0+RS,M0+RS,0.7215937546003562,0.0,1.0,0.0,656.0,1.0,0.6107968773001781,0.0,1.0,0.25,543.0,0.75,0.27840624539964376,0.0,1.0,1.0,204.0,0.0,0.27840624539964376,0.0,1.0,1.0,204.0,0.0,0.7215937546003562,0.0,1.0,0.0,656.0,1.0
card_2df0224149ba173be884,state_0019c4af4878d3a28c92,sgv31_u12,4,M0+R0|M0+RS|ME+R0|ME+RS|MS+R0|MS+RS|MSE+R0|MSE+RS,MSE+RS,0.4437282183958626,0.0,0.0,0.0,710.0,3.0,0.4846967903502304,0.0,0.18055555555555558,0.25,586.6666666666667,2.3333333333333335,0.35880503948984804,0.0,0.5,1.0,203.0,0.0,0.3696488299084986,0.0,0.0,1.0,232.0,1.0,0.4437282183958626,0.0,0.0,0.0,710.0,3.0
card_2df683fb9496d75a8c89,state_744060e6f1dd48256c9d,sgv31_u02,4,M0+R0|M0+RS|ME+R0|ME+RS|MP+R0|MP+RS|MPE+R0|MPE+RS,ME+R0,0.535576796344965,0.0,0.5,0.5,230.0,1.0,0.5045739029759713,0.25,0.25,0.48611111111111105,550.75,2.0277777777777777,0.44243876265841864,0.0,1.0,0.5,205.0,0.0,0.535576796344965,0.0,0.5,0.5,230.0,1.0,0.48866515410241657,0.5,0.0,0.5,682.0,3.0
card_2e589214a14445c9dde1,state_ec752d30cddf083ac393,sgv31_u02,4,M0+R0|M0+RS|ME+R0|ME+RS|MP+R0|MP+RS|MPE+R0|MPE+RS|MPMS+R0|MPMS+RS|MPMSME+R0|MPMSME+RS|MS+R0|MS+RS|MSE+R0|MSE+RS,MSE+R0,0.7046213542692119,0.0,0.0,0.5,293.0,2.0,0.42550282125019423,0.1388888888888889,0.16666666666666669,0.18055555555555558,619.1388888888889,2.5,0.4538213826099731,0.0,1.0,1.0,195.0,0.0,0.7074275174065001,0.0,0.0,1.0,243.0,1.0,0.45578073923856766,0.5,0.0,0.0,798.0,4.0
card_2e99ddc03e1905f2a084,state_37f6eee27b0b713dea7e,sgv31_u12,4,M0+R0|M0+RS|ME+R0|ME+RS|MP+R0|MP+RS|MPE+R0|MPE+RS,MPE+RS,0.5575061969237414,0.5,0.0,0.0,741.0,3.0,0.47622273006312305,0.26388888888888884,0.2361111111111111,0.25,594.7222222222222,2.0277777777777777,0.5112792917475273,0.0,0.5,1.0,203.0,0.0,0.5681594772805939,0.0,0.5,1.0,227.0,1.0,0.5575061969237414,0.5,0.0,0.0,741.0,3.0
card_2ec17fdf563f55dacdb1,state_e6a77c2a14981797c6f7,sgv31_u07,4,M0+R0|M0+RS|MS+R0|MS+RS,MS+RS,0.571928872983399,0.0,0.0,0.0,708.0,2.0,0.5567623069093037,0.0,0.09722222222222222,0.25,584.8888888888889,1.5555555555555558,0.27685472974986314,0.0,0.5,1.0,204.0,0.0,0.27685472974986314,0.0,0.5,1.0,204.0,0.0,0.571928872983399,0.0,0.0,0.0,708.0,2.0
card_2ff0f49c4d82f8dbaff0,state_74b50f419f6657d20352,sgv31_u07,4,M0+R0|M0+RS|ME+R0|ME+RS|MP+R0|MP+RS|MPE+R0|MPE+RS,ME+R0,0.7254865366202721,0.0,0.5,1.0,226.0,1.0,0.43341801556348963,0.16666666666666669,0.3472222222222222,0.3055555555555556,545.7222222222223,2.0277777777777777,0.6463821645633864,0.0,0.5,0.5,199.0,0.0,0.7254865366202721,0.0,0.5,1.0,226.0,1.0,0.3553640993317134,0.5,0.0,0.5,677.0,3.0
card_305d97167ad09c350381,state_83e4918139d91a9ad380,sgv31_u12,4,M0+R0|M0+RS|ME+R0|ME+RS|MP+R0|MP+RS|MPE+R0|MPE+RS,ME+RS,0.4651846869619896,0.0,0.5,0.0,640.0,2.0,0.46999390538637525,0.09722222222222222,0.2361111111111111,0.20833333333333331,564.9722222222222,2.0277777777777777,0.5335797191165584,0.0,1.0,1.0,201.0,0.0,0.46736945010149394,0.0,0.5,0.5,251.0,1.0,0.5357627533030689,0.0,0.0,0.0,702.0,3.0
card_308c920c135e729aff91,state_ae7f3ffd140765e551c3,sgv31_u07,4,M0+R0|M0+RS|ME+R0|ME+RS|MP+R0|MP+RS|MPE+R0|MPE+RS|MPMS+R0|MPMS+RS|MPMSME+R0|MPMSME+RS|MS+R0|MS+RS|MSE+R0|MSE+RS,MPMS+RS,0.6138297606400928,0.5,0.5,0.0,749.0,3.0,0.5698374895034792,0.05555555555555555,0.4722222222222222,0.24999999999999997,598.2777777777778,2.5,0.4856557299276822,0.0,0.5,1.0,199.0,0.0,0.4224166843385718,0.0,0.5,1.0,226.0,1.0,0.6551169537451482,0.5,0.0,0.0,767.0,4.0
card_30b2ca63a0ca26c54608,state_44d7f5bd189b54ed3c78,sgv31_u02,4,M0+R0|M0+RS|MP+R0|MP+RS|MPMS+R0|MPMS+RS|MS+R0|MS+RS,MPMS+RS,0.7156706534659077,0.5,0.0,0.0,762.0,3.0,0.568614079241073,0.3194444444444444,0.2361111111111111,0.25,616.75,2.1388888888888884,0.4727848051033597,0.0,1.0,1.0,204.0,0.0,0.4727848051033597,0.0,1.0,1.0,204.0,0.0,0.7156706534659077,0.5,0.0,0.0,762.0,3.0
card_30d56d974f67af36c7a9,state_1219a18a48cc2c5d7190,sgv31_u02,4,M0+R0|M0+RS|MS+R0|MS+RS,MS+RS,0.5756081986333689,0.0,0.0,0.0,651.0,2.0,0.5170062288990803,0.0,0.16666666666666669,0.25,542.2777777777778,1.5555555555555558,0.5756081986333689,0.0,0.5,1.0,203.0,0.0,0.5756081986333689,0.0,0.5,1.0,203.0,0.0,0.5756081986333689,0.0,0.0,0.0,651.0,2.0
card_310343ef7e3056002e9e,state_cb7cc7ad2ef8b6198142,sgv31_u07,4,M0+R0|M0+RS|ME+R0|ME+RS,M0+RS,0.723145270250137,0.0,1.0,0.0,597.0,1.0,0.4501055516958054,0.0,0.1111111111111111,0.1388888888888889,519.5833333333334,1.6388888888888888,0.42439180136663107,0.0,1.0,1.0,202.0,0.0,0.42807112701660105,0.0,0.0,0.5,226.0,1.0,0.42439180136663107,0.0,0.0,0.0,621.0,2.0
card_3129444db28e4ba3bc52,state_b98fab2a906052355005,sgv31_u12,4,M0+R0|M0+RS|MP+R0|MP+RS,MP+RS,0.571928872983399,0.0,0.0,0.0,720.0,2.0,0.5571711208704113,0.09722222222222222,0.1527777777777778,0.25,588.3055555555555,1.4444444444444444,0.27685472974986314,0.0,0.5,1.0,209.0,0.0,0.27685472974986314,0.0,0.5,1.0,209.0,0.0,0.571928872983399,0.0,0.0,0.0,720.0,2.0
card_3162bacd188adab88078,state_993638bc6b25f482409f,sgv31_u12,4,M0+R0|M0+RS|MP+R0|MP+RS,MP+RS,0.4620049730225572,0.0,0.0,0.0,707.0,2.0,0.474290571744327,0.09722222222222222,0.3055555555555556,0.25,577.3055555555555,1.4444444444444444,0.6167168348814488,0.0,1.0,1.0,204.0,0.0,0.6167168348814488,0.0,1.0,1.0,204.0,0.0,0.4620049730225572,0.0,0.0,0.0,707.0,2.0
card_32294aecece5efc7b3b0,state_744060e6f1dd48256c9d,sgv31_u02,4,M0+R0|M0+RS|MS+R0|MS+RS,M0+R0,0.7490563557512552,0.0,0.5,1.0,205.0,0.0,0.397218655579381,0.0,0.16666666666666669,0.25,544.2777777777778,1.5555555555555558,0.7490563557512552,0.0,0.5,1.0,205.0,0.0,0.7490563557512552,0.0,0.5,1.0,205.0,0.0,0.3218147329850664,0.0,0.0,0.0,653.0,2.0
card_32d0ca5b29fe58b20b36,state_00c3587c75ac5a3cb1f7,sgv31_u12,4,M0+R0|M0+RS|ME+R0|ME+RS,ME+RS,0.5379950269774428,0.0,0.0,0.0,614.0,2.0,0.5448587058526788,0.0,0.06944444444444445,0.2361111111111111,514.0833333333333,1.6388888888888888,0.38328316511855115,0.0,1.0,0.5,201.0,0.0,0.6167168348814488,0.0,0.0,1.0,225.0,1.0,0.5379950269774428,0.0,0.0,0.0,614.0,2.0
card_331c6ca65fbc6ab84eb5,state_791dc41cd3acb5be1c71,sgv31_u02,4,M0+R0|M0+RS|MP+R0|MP+RS|MPMS+R0|MPMS+RS|MS+R0|MS+RS,MS+RS,0.43183931631409006,0.0,0.5,0.5,661.0,2.0,0.4901833569472764,0.05555555555555555,0.25,0.3611111111111111,588.4999999999999,2.1388888888888884,0.4448991572733235,0.0,1.0,1.0,205.0,0.0,0.4448991572733235,0.0,1.0,1.0,205.0,0.0,0.49001913420474297,0.0,0.0,0.0,724.0,3.0
card_3355531d67f19bfdfed7,state_0b70d054c551d8b6176d,sgv31_u07,4,M0+R0|M0+RS|ME+R0|ME+RS,ME+RS,0.31268183175793535,0.0,0.0,0.0,618.0,2.0,0.4190042553274498,0.0,0.09722222222222221,0.25,517.75,1.6388888888888888,0.45937805816938654,0.0,0.5,1.0,202.0,0.0,0.6873181682420647,0.0,0.0,1.0,229.0,1.0,0.31268183175793535,0.0,0.0,0.0,618.0,2.0
card_34496cbbceaad7256de6,state_e827464982b3493af56f,sgv31_u12,4,M0+R0|M0+RS|ME+R0|ME+RS,ME+RS,0.6781852670149338,0.0,0.0,0.0,657.0,2.0,0.6124868833445205,0.0,0.09722222222222221,0.25,545.3333333333334,1.6388888888888888,0.2509436442487448,0.0,0.5,1.0,197.0,0.0,0.46190489631732423,0.0,0.0,1.0,221.0,1.0,0.6781852670149338,0.0,0.0,0.0,657.0,2.0
card_355b20dbdce7e4437e80,state_75e80d9a998ba6811814,sgv31_u07,4,M0+R0|M0+RS,M0+RS,0.7215937546003562,0.0,1.0,0.0,591.0,1.0,0.6107968773001781,0.0,1.0,0.25,493.75,0.75,0.27840624539964376,0.0,1.0,1.0,202.0,0.0,0.27840624539964376,0.0,1.0,1.0,202.0,0.0,0.7215937546003562,0.0,1.0,0.0,591.0,1.0
card_355c777219350b4e1165,state_744060e6f1dd48256c9d,sgv31_u02,4,M0+R0|M0+RS|MP+R0|MP+RS,M0+R0,0.5406219418306134,0.0,1.0,1.0,205.0,0.0,0.5493373960513449,0.25,0.18055555555555555,0.25,546.75,1.4444444444444444,0.5406219418306134,0.0,1.0,1.0,205.0,0.0,0.5406219418306134,0.0,1.0,1.0,205.0,0.0,0.6873181682420647,0.5,0.0,0.0,666.0,2.0
card_3801086df9d542bc322e,state_0536c764ae504dadd718,sgv31_u02,4,M0+R0|M0+RS|MP+R0|MP+RS,MP+RS,0.6477291697335709,0.0,0.0,0.0,715.0,2.0,0.5738645848667854,0.09722222222222222,0.18055555555555555,0.25,584.0,1.4444444444444444,0.3522708302664292,0.0,1.0,1.0,207.0,0.0,0.3522708302664292,0.0,1.0,1.0,207.0,0.0,0.6477291697335709,0.0,0.0,0.0,715.0,2.0
card_380df760890724fc641a,state_922816649399c19c0dd3,sgv31_u07,4,M0+R0|M0+RS|ME+R0|ME+RS,ME+R0,0.5406219418306134,0.0,0.0,1.0,243.0,1.0,0.3986297794369704,0.0,0.1111111111111111,0.2361111111111111,502.30555555555554,1.6388888888888888,0.45937805816938654,0.0,1.0,0.5,194.0,0.0,0.5406219418306134,0.0,0.0,1.0,243.0,1.0,0.31268183175793535,0.0,0.0,0.0,596.0,2.0
card_3959094cb08546617a17,state_cb7cc7ad2ef8b6198142,sgv31_u07,4,M0+R0|M0+RS|ME+R0|ME+RS|MP+R0|MP+RS|MPE+R0|MPE+RS,MP+RS,0.532950367311265,0.0,0.5,0.0,668.0,2.0,0.47595956464986194,0.0,0.3611111111111111,0.16666666666666666,569.7222222222222,2.0277777777777777,0.4247251863233255,0.0,0.5,1.0,202.0,0.0,0.4258051390662049,0.0,0.5,1.0,251.0,1.0,0.6416998588235507,0.0,0.0,0.0,708.0,3.0
card_3aedf45b9fed5102acc4,state_993638bc6b25f482409f,sgv31_u12,4,M0+R0|M0+RS|ME+R0|ME+RS,ME+RS,0.5,0.0,0.0,0.0,665.0,2.0,0.5,0.0,0.1111111111111111,0.25,553.7777777777777,1.6388888888888888,0.5,0.0,1.0,1.0,204.0,0.0,0.5,0.0,0.0,1.0,233.0,1.0,0.5,0.0,0.0,0.0,665.0,2.0
card_3b27b70c5a03841ec9e8,state_209068a86f266ee23d22,sgv31_u02,4,M0+R0|M0+RS|ME+R0|ME+RS,ME+RS,0.6477291697335709,0.0,0.0,0.0,662.0,2.0,0.5738645848667854,0.0,0.1111111111111111,0.25,550.1111111111111,1.6388888888888888,0.3522708302664292,0.0,1.0,1.0,200.0,0.0,0.3522708302664292,0.0,0.0,1.0,226.0,1.0,0.6477291697335709,0.0,0.0,0.0,662.0,2.0
card_3dae81f7157d11798b61,state_b98fab2a906052355005,sgv31_u12,4,M0+R0|M0+RS|ME+R0|ME+RS,ME+RS,0.6477291697335709,0.5,0.0,0.0,699.0,2.0,0.5738645848667854,0.3333333333333333,0.1111111111111111,0.25,583.4444444444445,1.6388888888888888,0.3522708302664292,0.0,1.0,1.0,209.0,0.0,0.3522708302664292,0.0,0.0,1.0,259.0,1.0,0.6477291697335709,0.5,0.0,0.0,699.0,2.0
card_3daf5bd05563cfc2e4bc,state_7dbaca68286ab101e017,sgv31_u12,4,M0+R0|M0+RS|MP+R0|MP+RS|MPMS+R0|MPMS+RS|MS+R0|MS+RS,MPMS+R0,0.33641003143524867,0.0,0.0,1.0,264.0,2.0,0.5006257572851367,0.0,0.1111111111111111,0.2361111111111111,564.3333333333333,2.1388888888888884,0.49988188947740025,0.0,1.0,0.5,198.0,0.0,0.49988188947740025,0.0,1.0,0.5,198.0,0.0,0.629967195153174,0.0,0.0,0.0,687.0,3.0
card_3fb2cf4200d279483a6a,state_0fb87a7f11022c7303dc,sgv31_u07,4,M0+R0|M0+RS|ME+R0|ME+RS,ME+R0,0.42439180136663107,0.0,0.0,0.5,217.0,1.0,0.435143392602264,0.0,0.1111111111111111,0.1388888888888889,540.8888888888889,1.6388888888888888,0.723145270250137,0.0,1.0,1.0,189.0,0.0,0.42439180136663107,0.0,0.0,0.5,217.0,1.0,0.42807112701660105,0.0,0.0,0.0,653.0,2.0
card_411b763fa4ee6ccc8f73,state_cb7cc7ad2ef8b6198142,sgv31_u07,4,M0+R0|M0+RS|ME+R0|ME+RS,M0+RS,0.6873181682420647,0.0,0.5,0.0,597.0,1.0,0.3986297794369704,0.0,0.05555555555555555,0.25,541.8055555555555,1.6388888888888888,0.45937805816938654,0.0,0.5,1.0,202.0,0.0,0.5406219418306134,0.0,0.0,1.0,251.0,1.0,0.31268183175793535,0.0,0.0,0.0,646.0,2.0
card_4148af99e0fb823ecd8f,state_0019c4af4878d3a28c92,sgv31_u12,4,M0+R0|M0+RS|MP+R0|MP+RS,MP+RS,0.6477291697335709,0.0,0.0,0.0,710.0,2.0,0.5738645848667854,0.0,0.3055555555555556,0.25,579.3055555555555,1.4444444444444444,0.3522708302664292,0.0,1.0,1.0,203.0,0.0,0.3522708302664292,0.0,1.0,1.0,203.0,0.0,0.6477291697335709,0.0,0.0,0.0,710.0,2.0
card_436753b53925fcf1efdf,state_02b7e0543dbe15d01174,sgv31_u02,4,M0+R0|M0+RS|MP+R0|MP+RS,MP+R0,0.771205679933669,0.0,0.0,1.0,267.0,1.0,0.48493301778146286,0.25,0.3055555555555556,0.25,572.0,1.4444444444444444,0.5,0.0,1.0,1.0,195.0,0.0,0.5,0.0,1.0,1.0,195.0,0.0,0.5,0.5,0.0,0.0,703.0,2.0
card_4391eedc1fcadd2500dc,state_114df4e85de8d55af1c3,sgv31_u12,4,M0+R0|M0+RS|ME+R0|ME+RS,ME+RS,0.6477291697335709,0.0,0.0,0.0,641.0,2.0,0.5738645848667854,0.0,0.05555555555555555,0.25,538.1944444444445,1.6388888888888888,0.3522708302664292,0.0,0.5,1.0,202.0,0.0,0.3522708302664292,0.0,0.0,1.0,252.0,1.0,0.6477291697335709,0.0,0.0,0.0,641.0,2.0
card_44653f602929cbd778a9,state_984d0cfb9762b40773e3,sgv31_u12,4,M0+R0|M0+RS|MS+R0|MS+RS,MS+RS,0.5720345860688135,0.0,0.0,0.0,668.0,2.0,0.5480606987186509,0.0,0.09722222222222222,0.25,555.5277777777778,1.5555555555555558,0.28344454572025707,0.0,0.5,1.0,205.0,0.0,0.28344454572025707,0.0,0.5,1.0,205.0,0.0,0.5720345860688135,0.0,0.0,0.0,668.0,2.0
card_45c5b174ecb2a3ccbc7a,state_02b7e0543dbe15d01174,sgv31_u02,4,M0+R0|M0+RS|ME+R0|ME+RS,ME+R0,0.6167168348814488,0.0,0.0,1.0,220.0,1.0,0.5448587058526788,0.0,0.1111111111111111,0.25,544.2222222222222,1.6388888888888888,0.38328316511855115,0.0,1.0,1.0,195.0,0.0,0.6167168348814488,0.0,0.0,1.0,220.0,1.0,0.5379950269774428,0.0,0.0,0.0,656.0,2.0
card_461c8ea98e2027d56a3a,state_e6a77c2a14981797c6f7,sgv31_u07,4,M0+R0|M0+RS|ME+R0|ME+RS|MP+R0|MP+RS|MPE+R0|MPE+RS|MPMS+R0|MPMS+RS|MPMSME+R0|MPMSME+RS|MS+R0|MS+RS|MSE+R0|MSE+RS,MSE+RS,0.4933868128585879,0.0,0.5,0.0,726.0,3.0,0.4885626549202836,0.09722222222222221,0.48611111111111116,0.24999999999999997,615.2777777777778,2.5,0.5831989753119295,0.0,1.0,1.0,204.0,0.0,0.5130291630517034,0.0,0.5,1.0,231.0,1.0,0.744258586113487,0.0,0.0,0.0,788.0,4.0
card_4621f07ff18995c249fd,state_02b7e0543dbe15d01174,sgv31_u02,4,M0+R0|M0+RS|ME+R0|ME+RS|MP+R0|MP+RS|MPE+R0|MPE+RS|MPMS+R0|MPMS+RS|MPMSME+R0|MPMSME+RS|MS+R0|MS+RS|MSE+R0|MSE+RS,MPMS+R0,0.6490233562439051,0.5,0.5,1.0,317.0,2.0,0.4555168986098422,0.36111111111111116,0.4722222222222222,0.24999999999999997,614.6388888888889,2.5,0.39363864931202974,0.0,0.5,1.0,195.0,0.0,0.6768587488549563,0.0,0.5,1.0,243.0,1.0,0.243614675618268,0.5,0.0,0.0,792.0,4.0
card_4630f12a2bae912fb990,state_66edf1a4e7dfe66350a5,sgv31_u07,4,M0+R0|M0+RS|MP+R0|MP+RS|MPMS+R0|MPMS+RS|MS+R0|MS+RS,MPMS+RS,0.5761282218513186,0.5,0.0,0.0,754.0,3.0,0.513963117386828,0.25,0.1111111111111111,0.25,610.8611111111111,2.1388888888888884,0.35903994139071227,0.0,1.0,1.0,204.0,0.0,0.35903994139071227,0.0,1.0,1.0,204.0,0.0,0.5761282218513186,0.5,0.0,0.0,754.0,3.0
card_466a8505e34c0718f204,state_7dbaca68286ab101e017,sgv31_u12,4,M0+R0|M0+RS|ME+R0|ME+RS|MS+R0|MS+RS|MSE+R0|MSE+RS,MSE+R0,0.5880052651724675,0.0,0.0,0.5,264.0,2.0,0.5262760701445165,0.0,0.05555555555555555,0.18055555555555555,567.75,2.3333333333333335,0.4218970690723268,0.0,1.0,1.0,198.0,0.0,0.5776663568007419,0.0,0.0,1.0,222.0,1.0,0.5100305567152031,0.0,0.0,0.0,687.0,3.0
card_4832c972605901f96936,state_984d0cfb9762b40773e3,sgv31_u12,4,M0+R0|M0+RS|ME+R0|ME+RS,ME+RS,0.723145270250137,0.0,0.0,0.0,659.0,2.0,0.6236629841125786,0.0,0.05555555555555555,0.25,552.4444444444445,1.6388888888888888,0.42807112701660105,0.0,0.5,1.0,205.0,0.0,0.42439180136663107,0.0,0.0,1.0,255.0,1.0,0.723145270250137,0.0,0.0,0.0,659.0,2.0
card_484ce49d5476851fa5c1,state_37f6eee27b0b713dea7e,sgv31_u12,4,M0+R0|M0+RS|ME+R0|ME+RS,ME+RS,0.3522708302664292,0.0,0.0,0.0,684.0,2.0,0.42613541513321457,0.0,0.1111111111111111,0.25,567.7777777777778,1.6388888888888888,0.6477291697335709,0.0,1.0,1.0,203.0,0.0,0.6477291697335709,0.0,0.0,1.0,232.0,1.0,0.3522708302664292,0.0,0.0,0.0,684.0,2.0
card_49a5c8da1e4202db73d1,state_ea89f7e11c39b4614969,sgv31_u02,4,M0+R0|M0+RS|MS+R0|MS+RS,MS+R0,0.4620049730225572,0.0,0.0,1.0,254.0,1.0,0.5255576641473887,0.0,0.19444444444444445,0.2222222222222222,559.7777777777778,1.5555555555555558,0.38328316511855115,0.0,1.0,0.5,195.0,0.0,0.38328316511855115,0.0,1.0,0.5,195.0,0.0,0.5379950269774428,0.0,0.0,0.0,677.0,2.0
card_49d8f3b3b9f9a90652ba,state_984d0cfb9762b40773e3,sgv31_u12,4,M0+R0|M0+RS|ME+R0|ME+RS|MP+R0|MP+RS|MPE+R0|MPE+RS,MPE+RS,0.553459569501719,0.5,0.0,0.0,721.0,3.0,0.5607316697085334,0.16666666666666669,0.1527777777777778,0.25,580.2222222222222,2.0277777777777777,0.3807333811945545,0.0,0.5,1.0,205.0,0.0,0.3686527566227435,0.0,0.5,1.0,255.0,1.0,0.553459569501719,0.5,0.0,0.0,721.0,3.0
card_4b4d56903802ea41c37f,state_7dbaca68286ab101e017,sgv31_u12,4,M0+R0|M0+RS,M0+R0,0.7215937546003562,0.0,1.0,1.0,198.0,0.0,0.3892031226998219,0.0,1.0,0.25,515.25,0.75,0.7215937546003562,0.0,1.0,1.0,198.0,0.0,0.7215937546003562,0.0,1.0,1.0,198.0,0.0,0.27840624539964376,0.0,1.0,0.0,621.0,1.0
card_4b60911a88032ee15c15,state_74b50f419f6657d20352,sgv31_u07,4,M0+R0|M0+RS|ME+R0|ME+RS|MP+R0|MP+RS|MPE+R0|MPE+RS|MPMS+R0|MPMS+RS|MPMSME+R0|MPMSME+RS|MS+R0|MS+RS|MSE+R0|MSE+RS,MS+R0,0.5386197990759658,0.0,0.5,1.0,258.0,1.0,0.471637895370755,0.25,0.4444444444444444,0.4444444444444444,567.8888888888889,2.5,0.5624433743508976,0.0,0.5,1.0,199.0,0.0,0.5205924440468714,0.0,0.5,1.0,226.0,1.0,0.4401275020947077,0.0,0.0,0.0,727.0,4.0
card_4c8dc5216ccb75477d9f,state_922816649399c19c0dd3,sgv31_u07,4,M0+R0|M0+RS|MP+R0|MP+RS,MP+R0,0.6873181682420647,0.0,0.0,1.0,265.0,1.0,0.4506626039486551,0.0,0.3055555555555556,0.25,508.05555555555554,1.4444444444444444,0.45937805816938654,0.0,1.0,1.0,194.0,0.0,0.45937805816938654,0.0,1.0,1.0,194.0,0.0,0.31268183175793535,0.0,0.0,0.0,618.0,2.0
card_4ce9694313b27e59ba9c,state_1219a18a48cc2c5d7190,sgv31_u02,4,M0+R0|M0+RS|ME+R0|ME+RS,ME+RS,0.6477291697335709,0.0,0.0,0.0,618.0,2.0,0.5738645848667854,0.0,0.05555555555555555,0.25,517.8611111111111,1.6388888888888888,0.3522708302664292,0.0,0.5,1.0,203.0,0.0,0.3522708302664292,0.0,0.0,1.0,229.0,1.0,0.6477291697335709,0.0,0.0,0.0,618.0,2.0
card_4deaa58f2f6b17a76c61,state_9c25f20786bf2f1a2f27,sgv31_u07,4,M0+R0|M0+RS|ME+R0|ME+RS,M0+RS,0.6873181682420647,0.0,1.0,0.0,614.0,1.0,0.4923523685331753,0.0,0.09722222222222221,0.25,533.1388888888889,1.6388888888888888,0.3126818317579353,0.0,0.5,1.0,191.0,0.0,0.5406219418306134,0.0,0.0,1.0,219.0,1.0,0.45937805816938654,0.0,0.0,0.0,642.0,2.0
card_4f5ddbbebe6774e5c7d2,state_ae25449134e15febfe06,sgv31_u02,4,M0+R0|M0+RS|MP+R0|MP+RS,M0+RS,0.6477291697335709,0.0,1.0,0.0,587.0,1.0,0.5738645848667854,0.25,0.2777777777777778,0.25,539.75,1.4444444444444444,0.3522708302664292,0.0,0.5,1.0,198.0,0.0,0.3522708302664292,0.0,0.5,1.0,198.0,0.0,0.6477291697335709,0.5,0.0,0.0,659.0,2.0
card_4f7d11acb57f311b8087,state_74b50f419f6657d20352,sgv31_u07,4,M0+R0|M0+RS|MP+R0|MP+RS|MPMS+R0|MPMS+RS|MS+R0|MS+RS,MS+R0,0.5875912397702373,0.0,0.5,1.0,258.0,1.0,0.4887461156231485,0.0,0.2638888888888889,0.25,575.8611111111111,2.1388888888888884,0.6720848321282606,0.0,1.0,1.0,199.0,0.0,0.6720848321282606,0.0,1.0,1.0,199.0,0.0,0.5907126794795462,0.0,0.0,0.0,709.0,3.0
card_5013b4707b37cc365060,state_74b50f419f6657d20352,sgv31_u07,4,M0+R0|M0+RS|MS+R0|MS+RS,MS+R0,0.575608198633369,0.0,0.0,1.0,258.0,1.0,0.39283222733511713,0.0,0.09722222222222222,0.2222222222222222,538.2777777777778,1.5555555555555558,0.571928872983399,0.0,0.5,0.5,199.0,0.0,0.571928872983399,0.0,0.5,0.5,199.0,0.0,0.27685472974986314,0.0,0.0,0.0,647.0,2.0
card_5276e5cf58c3b947d926,state_922816649399c19c0dd3,sgv31_u07,4,M0+R0|M0+RS|MS+R0|MS+RS,M0+R0,0.6167168348814488,0.0,0.5,1.0,194.0,0.0,0.4744423358526115,0.0,0.16666666666666669,0.25,506.2777777777778,1.5555555555555558,0.6167168348814488,0.0,0.5,1.0,194.0,0.0,0.6167168348814488,0.0,0.5,1.0,194.0,0.0,0.4620049730225572,0.0,0.0,0.0,606.0,2.0
card_53147e5b53abf710d58b,state_f62d16403abfc27b1503,sgv31_u02,4,M0+R0|M0+RS,M0+RS,0.5,0.0,1.0,0.0,585.0,1.0,0.5,0.0,1.0,0.25,487.75,0.75,0.5,0.0,1.0,1.0,196.0,0.0,0.5,0.0,1.0,1.0,196.0,0.0,0.5,0.0,1.0,0.0,585.0,1.0
card_548039c8b6e282f92b31,state_21d8da201b9776b3ea92,sgv31_u02,4,M0+R0|M0+RS|ME+R0|ME+RS|MP+R0|MP+RS|MPE+R0|MPE+RS,MPE+RS,0.657914910353138,0.5,0.0,0.0,729.0,3.0,0.5045747205286047,0.16666666666666666,0.3333333333333333,0.25,586.0,2.0277777777777777,0.28223876650796953,0.0,0.5,1.0,205.0,0.0,0.4358024522345175,0.0,0.5,1.0,230.0,1.0,0.657914910353138,0.5,0.0,0.0,729.0,3.0
card_549e6126377dfd36c1fd,state_984d0cfb9762b40773e3,sgv31_u12,4,M0+R0|M0+RS|ME+R0|ME+RS|MS+R0|MS+RS|MSE+R0|MSE+RS,MSE+RS,0.5880378980632859,0.0,0.0,0.0,683.0,3.0,0.5421683247103832,0.0,0.1527777777777778,0.25,566.5,2.3333333333333335,0.4135724053471857,0.0,0.5,1.0,205.0,0.0,0.4362715031773624,0.0,0.5,1.0,229.0,1.0,0.5880378980632859,0.0,0.0,0.0,683.0,3.0
card_554e2db05781da72d4fd,state_00c3587c75ac5a3cb1f7,sgv31_u12,4,M0+R0|M0+RS|ME+R0|ME+RS|MS+R0|MS+RS|MSE+R0|MSE+RS,MSE+RS,0.4642171022806134,0.0,0.0,0.0,664.0,3.0,0.49960134301366466,0.0,0.1527777777777778,0.25,551.25,2.3333333333333335,0.3364419911351447,0.0,0.5,1.0,201.0,0.0,0.5240713987018176,0.0,0.5,1.0,225.0,1.0,0.4642171022806134,0.0,0.0,0.0,664.0,3.0
card_55adbc566277f7ab1ce7,state_75e80d9a998ba6811814,sgv31_u07,4,M0+R0|M0+RS|ME+R0|ME+RS,ME+RS,0.571928872983399,0.0,0.0,0.0,618.0,2.0,0.5648566073977359,0.0,0.05555555555555555,0.25,517.75,1.6388888888888888,0.27685472974986314,0.0,0.5,1.0,202.0,0.0,0.5756081986333689,0.0,0.0,1.0,229.0,1.0,0.571928872983399,0.0,0.0,0.0,618.0,2.0
card_56226d11cd65bed2859f,state_0b70d054c551d8b6176d,sgv31_u07,4,M0+R0|M0+RS|MP+R0|MP+RS,MP+RS,0.723145270250137,0.0,0.0,0.0,662.0,2.0,0.573972942788938,0.09722222222222222,0.18055555555555555,0.25,543.0555555555555,1.4444444444444444,0.42807112701660105,0.0,1.0,1.0,202.0,0.0,0.42807112701660105,0.0,1.0,1.0,202.0,0.0,0.723145270250137,0.0,0.0,0.0,662.0,2.0
card_5689ea4ec9332fef98c0,state_0536c764ae504dadd718,sgv31_u02,4,M0+R0|M0+RS|MP+R0|MP+RS|MPMS+R0|MPMS+RS|MS+R0|MS+RS,MP+RS,0.6476369116538591,0.0,0.5,0.0,715.0,2.0,0.5043259039245056,0.18055555555555555,0.25,0.25,619.75,2.1388888888888884,0.37138073047222836,0.0,0.5,1.0,207.0,0.0,0.37138073047222836,0.0,0.5,1.0,207.0,0.0,0.49927819171415067,0.5,0.0,0.0,765.0,3.0
card_56cf7c08d7d5e416f1e6,state_ae7f3ffd140765e551c3,sgv31_u07,4,M0+R0|M0+RS,M0+RS,0.5,0.0,1.0,0.0,635.0,1.0,0.5,0.0,1.0,0.25,526.0,0.75,0.5,0.0,1.0,1.0,199.0,0.0,0.5,0.0,1.0,1.0,199.0,0.0,0.5,0.0,1.0,0.0,635.0,1.0
card_56fa3af5fb27aa9f4f33,state_0019c4af4878d3a28c92,sgv31_u12,4,M0+R0|M0+RS|MS+R0|MS+RS,MS+RS,0.571928872983399,0.0,0.0,0.0,690.0,2.0,0.5567623069093037,0.0,0.09722222222222222,0.25,571.0833333333334,1.5555555555555558,0.27685472974986314,0.0,0.5,1.0,203.0,0.0,0.27685472974986314,0.0,0.5,1.0,203.0,0.0,0.571928872983399,0.0,0.0,0.0,690.0,2.0
card_5a43945768c4ad9e5e13,state_e49c298ab0384e582221,sgv31_u12,4,M0+R0|M0+RS|MP+R0|MP+RS,M0+RS,0.6781852670149338,0.0,0.5,0.0,587.0,1.0,0.4831248175395958,0.0,0.1527777777777778,0.25,539.0555555555555,1.4444444444444444,0.6089661924189973,0.0,0.5,1.0,198.0,0.0,0.6089661924189973,0.0,0.5,1.0,198.0,0.0,0.46190489631732423,0.0,0.0,0.0,658.0,2.0
card_5b2c6d092cf2d0841ab8,state_cb7cc7ad2ef8b6198142,sgv31_u07,4,M0+R0|M0+RS|MP+R0|MP+RS|MPMS+R0|MPMS+RS|MS+R0|MS+RS,MP+RS,0.3084671464509889,0.0,0.5,0.0,668.0,2.0,0.4864659731907151,0.0,0.25,0.25,583.3611111111111,2.1388888888888884,0.6272602963953174,0.0,0.5,1.0,202.0,0.0,0.6272602963953174,0.0,0.5,1.0,202.0,0.0,0.6313119730829803,0.0,0.0,0.0,718.0,3.0
card_5c23554a65c2ab1426eb,state_744060e6f1dd48256c9d,sgv31_u02,4,M0+R0|M0+RS,M0+R0,0.7215937546003562,0.0,1.0,1.0,205.0,0.0,0.3892031226998219,0.0,1.0,0.25,496.75,0.75,0.7215937546003562,0.0,1.0,1.0,205.0,0.0,0.7215937546003562,0.0,1.0,1.0,205.0,0.0,0.27840624539964376,0.0,1.0,0.0,594.0,1.0
card_5d26a97918e083ed8920,state_0536c764ae504dadd718,sgv31_u02,4,M0+R0|M0+RS|ME+R0|ME+RS,ME+RS,0.571928872983399,0.0,0.0,0.0,668.0,2.0,0.5648566073977359,0.0,0.1111111111111111,0.25,556.2222222222222,1.6388888888888888,0.27685472974986314,0.0,1.0,1.0,207.0,0.0,0.5756081986333689,0.0,0.0,1.0,232.0,1.0,0.571928872983399,0.0,0.0,0.0,668.0,2.0
card_5ded6b19035115f32425,state_791dc41cd3acb5be1c71,sgv31_u02,4,M0+R0|M0+RS|ME+R0|ME+RS|MP+R0|MP+RS|MPE+R0|MPE+RS,ME+RS,0.5644814258457342,0.0,0.5,0.0,627.0,2.0,0.5396229558798323,0.18055555555555555,0.25,0.25,556.75,2.0277777777777777,0.3912251164124747,0.0,0.5,1.0,205.0,0.0,0.4355185741542659,0.0,0.5,1.0,230.0,1.0,0.6087748835875254,0.0,0.0,0.0,690.0,3.0
card_5f81ac65ec305792ca1a,state_922816649399c19c0dd3,sgv31_u07,4,M0+R0|M0+RS|ME+R0|ME+RS,ME+R0,0.7490563557512552,0.0,0.0,1.0,222.0,1.0,0.468911153627555,0.0,0.1111111111111111,0.25,483.63888888888886,1.6388888888888888,0.5380951036826757,0.0,1.0,1.0,194.0,0.0,0.7490563557512552,0.0,0.0,1.0,222.0,1.0,0.3910338075810027,0.0,0.0,0.0,575.0,2.0
card_5fb340cf38ab942722a4,state_209068a86f266ee23d22,sgv31_u02,4,M0+R0|M0+RS|MP+R0|MP+RS|MPMS+R0|MPMS+RS|MS+R0|MS+RS,MPMS+RS,0.49931489875135426,0.0,0.0,0.0,758.0,3.0,0.5385150417704527,0.0,0.05555555555555555,0.25,612.75,2.1388888888888884,0.3778854238835621,0.0,0.5,1.0,200.0,0.0,0.3778854238835621,0.0,0.5,1.0,200.0,0.0,0.49931489875135426,0.0,0.0,0.0,758.0,3.0
card_603f2468ff4da91b808f,state_993638bc6b25f482409f,sgv31_u12,4,M0+R0|M0+RS|ME+R0|ME+RS,ME+RS,0.6167168348814488,0.5,0.0,0.0,686.0,2.0,0.5539849836682795,0.3333333333333333,0.1111111111111111,0.25,572.4444444444445,1.6388888888888888,0.4620049730225572,0.0,1.0,1.0,204.0,0.0,0.38328316511855115,0.0,0.0,1.0,254.0,1.0,0.6167168348814488,0.5,0.0,0.0,686.0,2.0
card_62281b604810ef2e513a,state_ae7f3ffd140765e551c3,sgv31_u07,4,M0+R0|M0+RS|MP+R0|MP+RS,MP+RS,0.5379950269774428,0.0,0.0,0.0,706.0,2.0,0.5343045316922781,0.0,0.3055555555555556,0.25,575.3055555555555,1.4444444444444444,0.38328316511855115,0.0,1.0,1.0,199.0,0.0,0.38328316511855115,0.0,1.0,1.0,199.0,0.0,0.5379950269774428,0.0,0.0,0.0,706.0,2.0
card_6323c88c95cbfd7b8246,state_ae25449134e15febfe06,sgv31_u02,4,M0+R0|M0+RS|ME+R0|ME+RS|MP+R0|MP+RS|MPE+R0|MPE+RS,M0+RS,0.6965874208649424,0.0,0.5,0.0,587.0,1.0,0.5503847792481031,0.06944444444444445,0.3055555555555556,0.25,543.75,2.0277777777777777,0.39441710193102064,0.0,1.0,1.0,198.0,0.0,0.3741922205322717,0.0,0.0,1.0,223.0,1.0,0.6064356815436999,0.5,0.0,0.0,675.0,3.0
card_6427108d48705601036f,state_791dc41cd3acb5be1c71,sgv31_u02,4,M0+R0|M0+RS|MS+R0|MS+RS,MS+RS,0.5,0.0,0.0,0.0,661.0,2.0,0.5,0.0,0.09722222222222222,0.1527777777777778,550.2777777777778,1.5555555555555558,0.5,0.0,0.5,1.0,205.0,0.0,0.5,0.0,0.5,1.0,205.0,0.0,0.5,0.0,0.0,0.0,661.0,2.0
card_6595b0d52fb6366849cf,state_0536c764ae504dadd718,sgv31_u02,4,M0+R0|M0+RS|ME+R0|ME+RS|MS+R0|MS+RS|MSE+R0|MSE+RS,MSE+RS,0.6300719314121281,0.0,0.0,0.0,719.0,3.0,0.5639638221862344,0.0,0.18055555555555558,0.25,594.1666666666667,2.3333333333333335,0.3703887462720979,0.0,0.5,1.0,207.0,0.0,0.5135411288503557,0.0,0.5,1.0,233.0,1.0,0.6300719314121281,0.0,0.0,0.0,719.0,3.0
card_67ac6e2716ca5434917d,state_1219a18a48cc2c5d7190,sgv31_u02,4,M0+R0|M0+RS,M0+RS,0.7215937546003562,0.0,1.0,0.0,592.0,1.0,0.6107968773001781,0.0,1.0,0.25,494.75,0.75,0.27840624539964376,0.0,1.0,1.0,203.0,0.0,0.27840624539964376,0.0,1.0,1.0,203.0,0.0,0.7215937546003562,0.0,1.0,0.0,592.0,1.0
card_6802dc317e19e3bbd407,state_37f6eee27b0b713dea7e,sgv31_u12,4,M0+R0|M0+RS|MP+R0|MP+RS,MP+RS,0.5,0.0,0.0,0.0,726.0,2.0,0.5,0.0,0.18055555555555555,0.25,591.3055555555555,1.4444444444444444,0.5,0.0,1.0,1.0,203.0,0.0,0.5,0.0,1.0,1.0,203.0,0.0,0.5,0.0,0.0,0.0,726.0,2.0
card_684d193353360c41eea6,state_114df4e85de8d55af1c3,sgv31_u12,4,M0+R0|M0+RS|MP+R0|MP+RS,M0+RS,0.723145270250137,0.0,0.5,0.0,591.0,1.0,0.4997955930194461,0.0,0.1527777777777778,0.2222222222222222,543.0555555555555,1.4444444444444444,0.42439180136663107,0.0,0.5,0.5,202.0,0.0,0.42439180136663107,0.0,0.5,0.5,202.0,0.0,0.42439180136663107,0.0,0.0,0.0,662.0,2.0
card_689ea47b08914335a027,state_83e4918139d91a9ad380,sgv31_u12,4,M0+R0|M0+RS|ME+R0|ME+RS|MS+R0|MS+RS|MSE+R0|MSE+RS,MSE+RS,0.6063613500462174,0.0,0.0,0.0,664.0,3.0,0.5566440939881833,0.0,0.18055555555555558,0.25,551.25,2.3333333333333335,0.39534371857500805,0.0,0.5,1.0,201.0,0.0,0.38547294808983895,0.0,0.5,1.0,225.0,1.0,0.6063613500462174,0.0,0.0,0.0,664.0,3.0
card_68f955c7d735ff6f740e,state_9c25f20786bf2f1a2f27,sgv31_u07,4,M0+R0|M0+RS|MP+R0|MP+RS,MP+RS,0.6781852670149338,0.0,0.0,0.0,685.0,2.0,0.5869202641265332,0.0,0.2777777777777778,0.25,557.5555555555555,1.4444444444444444,0.2509436442487448,0.0,0.5,1.0,191.0,0.0,0.2509436442487448,0.0,0.5,1.0,191.0,0.0,0.6781852670149338,0.0,0.0,0.0,685.0,2.0
card_6959a31ef9448f52023c,state_f62d16403abfc27b1503,sgv31_u02,4,M0+R0|M0+RS|MS+R0|MS+RS,MS+RS,0.7490563557512552,0.0,0.0,0.0,644.0,2.0,0.6264050406660595,0.0,0.09722222222222222,0.25,535.2777777777778,1.5555555555555558,0.32181473298506635,0.0,0.5,1.0,196.0,0.0,0.32181473298506635,0.0,0.5,1.0,196.0,0.0,0.7490563557512552,0.0,0.0,0.0,644.0,2.0
card_69b5e4106109acb299f1,state_744060e6f1dd48256c9d,sgv31_u02,4,M0+R0|M0+RS|ME+R0|ME+RS|MS+R0|MS+RS|MSE+R0|MSE+RS,ME+R0,0.6422784713400894,0.0,0.5,1.0,253.0,1.0,0.47932939031522426,0.06944444444444445,0.18055555555555558,0.25,575.25,2.3333333333333335,0.6302979326410811,0.0,0.5,1.0,205.0,0.0,0.6422784713400894,0.0,0.5,1.0,253.0,1.0,0.5030677062293251,0.0,0.0,0.0,692.0,3.0
card_6b0757641fa9e97f7eed,state_209068a86f266ee23d22,sgv31_u02,4,M0+R0|M0+RS|ME+R0|ME+RS,ME+RS,0.6517631905951392,0.0,0.0,0.0,661.0,2.0,0.5969598162135611,0.0,0.1111111111111111,0.25,549.2222222222222,1.6388888888888888,0.34823680940486074,0.0,1.0,1.0,200.0,0.0,0.5,0.0,0.0,1.0,225.0,1.0,0.6517631905951392,0.0,0.0,0.0,661.0,2.0
card_6b622db33644cb6f2260,state_7dbaca68286ab101e017,sgv31_u12,4,M0+R0|M0+RS|MS+R0|MS+RS,MS+R0,0.5379950269774428,0.0,0.0,1.0,249.0,1.0,0.4744423358526115,0.0,0.19444444444444445,0.25,556.3333333333334,1.5555555555555558,0.6167168348814488,0.0,1.0,1.0,198.0,0.0,0.6167168348814488,0.0,1.0,1.0,198.0,0.0,0.4620049730225572,0.0,0.0,0.0,672.0,2.0
card_6b98322505b6bc2a67d5,state_e827464982b3493af56f,sgv31_u12,4,M0+R0|M0+RS|ME+R0|ME+RS|MS+R0|MS+RS|MSE+R0|MSE+RS,MSE+RS,0.6361018917912221,0.5,0.0,0.0,699.0,3.0,0.5670969133701129,0.3194444444444444,0.05555555555555555,0.25,576.5,2.3333333333333335,0.4244214857977007,0.0,1.0,1.0,197.0,0.0,0.24340514686188808,0.0,0.0,1.0,221.0,1.0,0.6361018917912221,0.5,0.0,0.0,699.0,3.0
card_6b999bf2beaa0b8307e9,state_83e4918139d91a9ad380,sgv31_u12,4,M0+R0|M0+RS|MP+R0|MP+RS,M0+RS,0.42027387897110263,0.0,0.5,0.0,590.0,1.0,0.5088584578920997,0.0,0.18055555555555555,0.2222222222222222,542.0555555555555,1.4444444444444444,0.5797261210288974,0.0,1.0,0.5,201.0,0.0,0.5797261210288974,0.0,1.0,0.5,201.0,0.0,0.5797261210288974,0.0,0.0,0.0,661.0,2.0
card_6bc7d5d3c9ecad17aff9,state_00c3587c75ac5a3cb1f7,sgv31_u12,4,M0+R0|M0+RS|MS+R0|MS+RS,MS+RS,0.45937805816938654,0.0,0.0,0.0,649.0,2.0,0.5068338286136083,0.0,0.09722222222222222,0.25,540.2777777777778,1.5555555555555558,0.3126818317579353,0.0,0.5,1.0,201.0,0.0,0.3126818317579353,0.0,0.5,1.0,201.0,0.0,0.45937805816938654,0.0,0.0,0.0,649.0,2.0
card_6c5772f089d4551c6413,state_ae25449134e15febfe06,sgv31_u02,4,M0+R0|M0+RS|ME+R0|ME+RS|MP+R0|MP+RS|MPE+R0|MPE+RS|MPMS+R0|MPMS+RS|MPMSME+R0|MPMSME+RS|MS+R0|MS+RS|MSE+R0|MSE+RS,M0+RS,0.5908641129657235,0.0,0.5,0.0,587.0,1.0,0.5251931509959429,0.08333333333333333,0.45833333333333337,0.24999999999999997,565.7777777777778,2.5,0.39140986119376964,0.0,0.5,1.0,198.0,0.0,0.4260388722316772,0.0,0.5,1.0,223.0,1.0,0.5297601557463786,0.5,0.0,0.0,725.0,4.0
card_6c58f1cf94161205630c,state_37f6eee27b0b713dea7e,sgv31_u12,4,M0+R0|M0+RS,M0+RS,0.27840624539964376,0.0,1.0,0.0,655.0,1.0,0.3892031226998219,0.0,1.0,0.25,542.0,0.75,0.7215937546003562,0.0,1.0,1.0,203.0,0.0,0.7215937546003562,0.0,1.0,1.0,203.0,0.0,0.27840624539964376,0.0,1.0,0.0,655.0,1.0
card_6c6cec5d5d12d9567e28,state_74b50f419f6657d20352,sgv31_u07,4,M0+R0|M0+RS,M0+R0,0.7215937546003562,0.0,1.0,1.0,199.0,0.0,0.3892031226998219,0.0,1.0,0.25,490.75,0.75,0.7215937546003562,0.0,1.0,1.0,199.0,0.0,0.7215937546003562,0.0,1.0,1.0,199.0,0.0,0.27840624539964376,0.0,1.0,0.0,588.0,1.0
card_6c6e0734c4abe24e09ec,state_ec752d30cddf083ac393,sgv31_u02,4,M0+R0|M0+RS|ME+R0|ME+RS,ME+R0,0.7490563557512552,0.0,0.0,1.0,220.0,1.0,0.468911153627555,0.0,0.1111111111111111,0.25,548.7222222222222,1.6388888888888888,0.5380951036826757,0.0,1.0,1.0,195.0,0.0,0.7490563557512552,0.0,0.0,1.0,220.0,1.0,0.3910338075810027,0.0,0.0,0.0,662.0,2.0
card_6cd3ac52d02e8d0b5771,state_37f6eee27b0b713dea7e,sgv31_u12,4,M0+R0|M0+RS|MS+R0|MS+RS,MS+RS,0.5380951036826757,0.0,0.0,0.0,706.0,2.0,0.5409063347601386,0.0,0.09722222222222222,0.25,583.0833333333334,1.5555555555555558,0.3910338075810027,0.0,0.5,1.0,203.0,0.0,0.3910338075810027,0.0,0.5,1.0,203.0,0.0,0.5380951036826757,0.0,0.0,0.0,706.0,2.0
card_6d566adc4eda31305d8c,state_1219a18a48cc2c5d7190,sgv31_u02,4,M0+R0|M0+RS|ME+R0|ME+RS|MP+R0|MP+RS|MPE+R0|MPE+RS|MPMS+R0|MPMS+RS|MPMSME+R0|MPMSME+RS|MS+R0|MS+RS|MSE+R0|MSE+RS,ME+RS,0.45657087878006863,0.0,0.5,0.0,617.0,2.0,0.5057869444467661,0.12499999999999999,0.45833333333333337,0.24999999999999997,570.7777777777778,2.5,0.4914173539293919,0.0,0.5,1.0,203.0,0.0,0.3511061039722791,0.0,0.5,1.0,228.0,1.0,0.4691576700839998,0.0,0.0,0.0,730.0,4.0
card_6e62f70d56f118574fb4,state_a4596bf3de4f947e0bc6,sgv31_u07,4,M0+R0|M0+RS|MP+R0|MP+RS|MPMS+R0|MPMS+RS|MS+R0|MS+RS,M0+RS,0.6331568309990211,0.0,0.5,0.0,607.0,1.0,0.5061544649604327,0.0,0.25,0.25,591.1111111111111,2.1388888888888884,0.43268919605897815,0.0,0.5,1.0,203.0,0.0,0.43268919605897815,0.0,0.5,1.0,203.0,0.0,0.5671909585231051,0.0,0.0,0.0,728.0,3.0
card_712b68e9ff4b59ce1294,state_0b70d054c551d8b6176d,sgv31_u07,4,M0+R0|M0+RS|ME+R0|ME+RS,ME+RS,0.7165554542797429,0.0,0.0,0.0,640.0,2.0,0.6403307400654527,0.0,0.06944444444444445,0.25,537.3055555555555,1.6388888888888888,0.4279654139311864,0.0,1.0,1.0,202.0,0.0,0.5720345860688135,0.0,0.0,1.0,251.0,1.0,0.7165554542797429,0.0,0.0,0.0,640.0,2.0
card_717580fc0038ca097828,state_e827464982b3493af56f,sgv31_u12,4,M0+R0|M0+RS,M0+RS,0.5,0.0,1.0,0.0,633.0,1.0,0.5,0.0,1.0,0.25,524.0,0.75,0.5,0.0,1.0,1.0,197.0,0.0,0.5,0.0,1.0,1.0,197.0,0.0,0.5,0.0,1.0,0.0,633.0,1.0
card_726caa48e3cb43e03157,state_b2a7dcff43fec8a6130b,sgv31_u07,4,M0+R0|M0+RS|ME+R0|ME+RS|MS+R0|MS+RS|MSE+R0|MSE+RS,MSE+RS,0.6427579595439538,0.5,0.0,0.0,724.0,3.0,0.5625892631404088,0.25,0.18055555555555558,0.25,597.25,2.3333333333333335,0.3591272073866488,0.0,0.5,1.0,205.0,0.0,0.25430123879643857,0.0,0.5,1.0,229.0,1.0,0.6427579595439538,0.5,0.0,0.0,724.0,3.0
card_73856dc9c1fc41abd961,state_ec752d30cddf083ac393,sgv31_u02,4,M0+R0|M0+RS,M0+R0,0.5,0.0,1.0,1.0,195.0,0.0,0.5,0.0,1.0,0.25,526.5,0.75,0.5,0.0,1.0,1.0,195.0,0.0,0.5,0.0,1.0,1.0,195.0,0.0,0.5,0.0,1.0,0.0,637.0,1.0
card_74c6baf202a905fb3243,state_ae7f3ffd140765e551c3,sgv31_u07,4,M0+R0|M0+RS|ME+R0|ME+RS,ME+RS,0.6477291697335709,0.0,0.0,0.0,659.0,2.0,0.5738645848667854,0.0,0.1111111111111111,0.25,547.3333333333333,1.6388888888888888,0.3522708302664292,0.0,1.0,1.0,199.0,0.0,0.3522708302664292,0.0,0.0,1.0,223.0,1.0,0.6477291697335709,0.0,0.0,0.0,659.0,2.0
card_75b8a84d34eb5cd83e81,state_b98fab2a906052355005,sgv31_u12,4,M0+R0|M0+RS|ME+R0|ME+RS,ME+RS,0.6477291697335709,0.0,0.0,0.0,678.0,2.0,0.5738645848667854,0.0,0.05555555555555555,0.25,564.7777777777778,1.6388888888888888,0.3522708302664292,0.0,0.5,1.0,209.0,0.0,0.3522708302664292,0.0,0.0,1.0,238.0,1.0,0.6477291697335709,0.0,0.0,0.0,678.0,2.0
card_75b995661b8f6fc8911f,state_114df4e85de8d55af1c3,sgv31_u12,4,M0+R0|M0+RS|MS+R0|MS+RS,M0+RS,0.6477291697335709,0.0,0.5,0.0,591.0,1.0,0.5738645848667855,0.0,0.09722222222222222,0.25,541.2777777777778,1.5555555555555558,0.3522708302664292,0.0,0.5,1.0,202.0,0.0,0.3522708302664292,0.0,0.5,1.0,202.0,0.0,0.6477291697335709,0.0,0.0,0.0,650.0,2.0
card_768b25f635c3ae524e77,state_cb7cc7ad2ef8b6198142,sgv31_u07,4,M0+R0|M0+RS|ME+R0|ME+RS|MS+R0|MS+RS|MSE+R0|MSE+RS,M0+RS,0.5678247279481643,0.0,0.5,0.0,597.0,1.0,0.5765131770205074,0.0,0.18055555555555558,0.25,556.75,2.3333333333333335,0.40123124828022483,0.0,0.5,1.0,202.0,0.0,0.45687049923272616,0.0,0.5,1.0,226.0,1.0,0.6641007800033901,0.0,0.0,0.0,671.0,3.0
card_768fdc60183773180eab,state_83e4918139d91a9ad380,sgv31_u12,4,M0+R0|M0+RS|MP+R0|MP+RS|MPMS+R0|MPMS+RS|MS+R0|MS+RS,MS+RS,0.5349995288951439,0.0,0.5,0.0,649.0,2.0,0.5025073614555555,0.0,0.2361111111111111,0.16666666666666669,577.8611111111111,2.1388888888888884,0.5568951395180682,0.0,0.5,1.0,201.0,0.0,0.5568951395180682,0.0,0.5,1.0,201.0,0.0,0.5108032224414828,0.0,0.0,0.0,711.0,3.0
card_76c16a08197b6c59f04d,state_114df4e85de8d55af1c3,sgv31_u12,4,M0+R0|M0+RS|ME+R0|ME+RS,ME+RS,0.5380951036826757,0.0,0.0,0.0,620.0,2.0,0.5035278674194309,0.0,0.05555555555555555,0.25,519.5277777777777,1.6388888888888888,0.3910338075810027,0.0,0.5,1.0,202.0,0.0,0.3218147329850663,0.0,0.0,1.0,231.0,1.0,0.5380951036826757,0.0,0.0,0.0,620.0,2.0
card_7840308473f0b75fae15,state_0b70d054c551d8b6176d,sgv31_u07,4,M0+R0|M0+RS|MS+R0|MS+RS,MS+RS,0.6089661924189973,0.0,0.0,0.0,650.0,2.0,0.5407943852963465,0.0,0.09722222222222222,0.25,541.2777777777778,1.5555555555555558,0.4619048963173243,0.0,0.5,1.0,202.0,0.0,0.4619048963173243,0.0,0.5,1.0,202.0,0.0,0.6089661924189973,0.0,0.0,0.0,650.0,2.0
card_78d3de0633f03e455b5d,state_431317d6ea6bfd04d192,sgv31_u12,4,M0+R0|M0+RS,M0+R0,0.5,0.0,1.0,1.0,195.0,0.0,0.5,0.0,1.0,0.25,525.0,0.75,0.5,0.0,1.0,1.0,195.0,0.0,0.5,0.0,1.0,1.0,195.0,0.0,0.5,0.0,1.0,0.0,635.0,1.0
card_79d289bf1fc37df0d79f,state_44d7f5bd189b54ed3c78,sgv31_u02,4,M0+R0|M0+RS|ME+R0|ME+RS|MP+R0|MP+RS|MPE+R0|MPE+RS|MPMS+R0|MPMS+RS|MPMSME+R0|MPMSME+RS|MS+R0|MS+RS|MSE+R0|MSE+RS,MPMS+RS,0.721557469395799,0.5,0.0,0.0,762.0,3.0,0.5205159947589745,0.1388888888888889,0.1388888888888889,0.24999999999999997,607.0277777777777,2.5,0.28124792641928065,0.0,0.5,1.0,204.0,0.0,0.2858188499084431,0.0,0.5,1.0,229.0,1.0,0.7196144871962856,0.5,0.0,0.0,778.0,4.0
card_7a9f3dd4eff7257361a4,state_37f6eee27b0b713dea7e,sgv31_u12,4,M0+R0|M0+RS|MP+R0|MP+RS|MPMS+R0|MPMS+RS|MS+R0|MS+RS,MPMS+RS,0.5312940788466541,0.5,0.0,0.0,768.0,3.0,0.5168102481539972,0.26388888888888884,0.2777777777777778,0.25,621.1111111111111,2.1388888888888884,0.5334621799453747,0.0,0.5,1.0,203.0,0.0,0.5334621799453747,0.0,0.5,1.0,203.0,0.0,0.5312940788466541,0.5,0.0,0.0,768.0,3.0
card_7bf6e1e26c10ee2dd2f6,state_209068a86f266ee23d22,sgv31_u02,4,M0+R0|M0+RS|MP+R0|MP+RS,MP+RS,0.771205679933669,0.0,0.0,0.0,708.0,2.0,0.6205358577482973,0.0,0.18055555555555555,0.25,577.0,1.4444444444444444,0.22879432006633116,0.0,1.0,1.0,200.0,0.0,0.22879432006633116,0.0,1.0,1.0,200.0,0.0,0.771205679933669,0.0,0.0,0.0,708.0,2.0
card_7c12dcbe9ce71f50dcd3,state_02b7e0543dbe15d01174,sgv31_u02,4,M0+R0|M0+RS|ME+R0|ME+RS|MP+R0|MP+RS|MPE+R0|MPE+RS,MPE+R0,0.5847743266837675,0.5,0.0,1.0,306.0,2.0,0.5225803500962444,0.25,0.2361111111111111,0.25,593.25,2.0277777777777777,0.5225859122493355,0.0,1.0,1.0,195.0,0.0,0.6700577033746767,0.0,0.5,1.0,243.0,1.0,0.47622743081583874,0.5,0.0,0.0,742.0,3.0
card_7c7af22c04c3685217a8,state_ec752d30cddf083ac393,sgv31_u02,4,M0+R0|M0+RS|ME+R0|ME+RS,ME+R0,0.7490563557512552,0.0,0.0,1.0,243.0,1.0,0.468911153627555,0.0,0.1111111111111111,0.25,569.1666666666666,1.6388888888888888,0.5380951036826757,0.0,1.0,1.0,195.0,0.0,0.7490563557512552,0.0,0.0,1.0,243.0,1.0,0.3910338075810027,0.0,0.0,0.0,685.0,2.0
card_7d2582822ebf2174a2ab,state_1219a18a48cc2c5d7190,sgv31_u02,4,M0+R0|M0+RS|ME+R0|ME+RS,ME+RS,0.38328316511855115,0.0,0.0,0.0,617.0,2.0,0.4460150163317203,0.0,0.05555555555555555,0.25,516.9722222222222,1.6388888888888888,0.5379950269774428,0.0,0.5,1.0,203.0,0.0,0.6167168348814488,0.0,0.0,1.0,228.0,1.0,0.38328316511855115,0.0,0.0,0.0,617.0,2.0
card_7d61979ec411e47e4549,state_0019c4af4878d3a28c92,sgv31_u12,4,M0+R0|M0+RS|ME+R0|ME+RS,ME+RS,0.6477291697335709,0.0,0.0,0.0,667.0,2.0,0.5738645848667854,0.0,0.05555555555555555,0.25,554.8888888888888,1.6388888888888888,0.3522708302664292,0.0,0.5,1.0,203.0,0.0,0.3522708302664292,0.0,0.0,1.0,231.0,1.0,0.6477291697335709,0.0,0.0,0.0,667.0,2.0
card_7e1638704e024c4c33a0,state_ae25449134e15febfe06,sgv31_u02,4,M0+R0|M0+RS,M0+RS,0.7215937546003562,0.0,1.0,0.0,587.0,1.0,0.6107968773001781,0.0,1.0,0.25,489.75,0.75,0.27840624539964376,0.0,1.0,1.0,198.0,0.0,0.27840624539964376,0.0,1.0,1.0,198.0,0.0,0.7215937546003562,0.0,1.0,0.0,587.0,1.0
card_7e2fc2e5cc49d1dafd27,state_a4596bf3de4f947e0bc6,sgv31_u07,4,M0+R0|M0+RS|ME+R0|ME+RS|MS+R0|MS+RS|MSE+R0|MSE+RS,ME+RS,0.5741577830133313,0.0,0.5,0.0,631.0,2.0,0.6225739710986082,0.0,0.1527777777777778,0.25,564.5,2.3333333333333335,0.3567789131517317,0.0,0.5,1.0,203.0,0.0,0.3659540052299394,0.0,0.5,1.0,227.0,1.0,0.7595955388525988,0.0,0.0,0.0,681.0,3.0
card_7e734ee5170065c21c88,state_21d8da201b9776b3ea92,sgv31_u02,4,M0+R0|M0+RS|ME+R0|ME+RS|MS+R0|MS+RS|MSE+R0|MSE+RS,MSE+RS,0.5506133781392247,0.0,0.0,0.0,717.0,3.0,0.5386900745180863,0.0,0.18055555555555558,0.25,592.1666666666666,2.3333333333333335,0.2624657608987893,0.0,0.5,1.0,205.0,0.0,0.5320897483386469,0.0,0.5,1.0,231.0,1.0,0.5506133781392247,0.0,0.0,0.0,717.0,3.0
card_7e77da78db091868729d,state_00c3587c75ac5a3cb1f7,sgv31_u12,4,M0+R0|M0+RS|ME+R0|ME+RS|MP+R0|MP+RS|MPE+R0|MPE+RS,ME+RS,0.4425455016607951,0.0,0.5,0.0,640.0,2.0,0.4942472290617942,0.25,0.375,0.25,564.9722222222222,2.0277777777777777,0.5576755937274133,0.0,1.0,1.0,201.0,0.0,0.48879112194952246,0.0,0.5,1.0,251.0,1.0,0.511438886301735,0.5,0.0,0.0,702.0,3.0
card_7fa1fb14de07a92ff157,state_0fb87a7f11022c7303dc,sgv31_u07,4,M0+R0|M0+RS|ME+R0|ME+RS|MP+R0|MP+RS|MPE+R0|MPE+RS,MPE+R0,0.5743148354085277,0.0,0.0,1.0,253.0,2.0,0.4841790201277108,0.0,0.041666666666666664,0.25,562.6666666666667,2.0277777777777777,0.6052965531347088,0.0,1.0,1.0,189.0,0.0,0.6267998507720332,0.0,0.0,1.0,238.0,1.0,0.2711789625256153,0.0,0.0,0.0,689.0,3.0
card_7fdd1ae439ba67fadf23,state_37f6eee27b0b713dea7e,sgv31_u12,4,M0+R0|M0+RS|ME+R0|ME+RS|MS+R0|MS+RS|MSE+R0|MSE+RS,MSE+RS,0.46509725581651207,0.0,0.0,0.0,726.0,3.0,0.4906987990653319,0.0,0.1527777777777778,0.25,598.6666666666667,2.3333333333333335,0.3373741534020351,0.0,0.5,1.0,203.0,0.0,0.4677820763415306,0.0,0.0,1.0,232.0,1.0,0.46509725581651207,0.0,0.0,0.0,726.0,3.0
card_81ae0fa7fbc6ca87d9d8,state_114df4e85de8d55af1c3,sgv31_u12,4,M0+R0|M0+RS|MP+R0|MP+RS|MPMS+R0|MPMS+RS|MS+R0|MS+RS,M0+RS,0.5534907227078518,0.0,0.5,0.0,591.0,1.0,0.5530416954678475,0.0,0.25,0.25,578.8611111111111,2.1388888888888884,0.4465092772921482,0.0,0.5,1.0,202.0,0.0,0.4465092772921482,0.0,0.5,1.0,202.0,0.0,0.6192945860447223,0.0,0.0,0.0,712.0,3.0
card_82849e913ddd0a7e4e30,state_9c25f20786bf2f1a2f27,sgv31_u07,4,M0+R0|M0+RS|ME+R0|ME+RS|MP+R0|MP+RS|MPE+R0|MPE+RS|MPMS+R0|MPMS+RS|MPMSME+R0|MPMSME+RS|MS+R0|MS+RS|MSE+R0|MSE+RS,MPMS+RS,0.6776574844702009,0.5,0.5,0.0,735.0,3.0,0.49335281138650033,0.1111111111111111,0.45833333333333337,0.24999999999999997,601.2777777777778,2.5,0.35641076744093064,0.0,1.0,1.0,191.0,0.0,0.374175574952527,0.0,0.5,1.0,240.0,1.0,0.5544120840545304,0.5,0.0,0.0,775.0,4.0
card_837b8ec487e43cac6653,state_0fb87a7f11022c7303dc,sgv31_u07,4,M0+R0|M0+RS|ME+R0|ME+RS|MS+R0|MS+RS|MSE+R0|MSE+RS,MSE+R0,0.4089930231474404,0.0,0.0,1.0,260.0,2.0,0.5127382633944013,0.0,0.125,0.25,572.5833333333334,2.3333333333333335,0.54267142785288,0.0,1.0,1.0,189.0,0.0,0.6424991887945685,0.0,0.0,1.0,217.0,1.0,0.5894543560903288,0.0,0.0,0.0,696.0,3.0
card_84f603db7e8e40f048bf,state_f62d16403abfc27b1503,sgv31_u02,4,M0+R0|M0+RS|ME+R0|ME+RS|MP+R0|MP+RS|MPE+R0|MPE+RS|MPMS+R0|MPMS+RS|MPMSME+R0|MPMSME+RS|MS+R0|MS+RS|MSE+R0|MSE+RS,MSE+RS,0.534576712421692,0.0,0.5,0.0,660.0,3.0,0.5353466331293524,0.05555555555555555,0.48611111111111116,0.26388888888888884,563.7777777777778,2.5,0.33172273150586284,0.0,1.0,1.0,196.0,0.0,0.5511546292133127,0.0,0.5,1.0,221.0,1.0,0.6090566423079447,0.5,0.0,0.0,723.0,4.0
card_858781080d5fd051311e,state_f62d16403abfc27b1503,sgv31_u02,4,M0+R0|M0+RS|MP+R0|MP+RS,MP+RS,0.5,0.0,0.0,0.0,657.0,2.0,0.5,0.0,0.1527777777777778,0.25,537.75,1.4444444444444444,0.5,0.0,0.5,1.0,196.0,0.0,0.5,0.0,0.5,1.0,196.0,0.0,0.5,0.0,0.0,0.0,657.0,2.0
card_88c235349a02cf0c41bf,state_0019c4af4878d3a28c92,sgv31_u12,4,M0+R0|M0+RS|ME+R0|ME+RS|MP+R0|MP+RS|MPE+R0|MPE+RS|MPMS+R0|MPMS+RS|MPMSME+R0|MPMSME+RS|MS+R0|MS+RS|MSE+R0|MSE+RS,MSE+RS,0.5902035945584488,0.0,0.0,0.0,709.0,3.0,0.5521275149666284,0.19444444444444448,0.1388888888888889,0.24999999999999997,602.3055555555555,2.5,0.30226018884415085,0.0,0.5,1.0,203.0,0.0,0.43724125891001037,0.0,0.5,1.0,231.0,1.0,0.6824669882023795,0.5,0.0,0.0,771.0,4.0
card_89666e9882d644d7bcdc,state_209068a86f266ee23d22,sgv31_u02,4,M0+R0|M0+RS|ME+R0|ME+RS|MS+R0|MS+RS|MSE+R0|MSE+RS,MSE+RS,0.5744753486845877,0.0,0.0,0.0,712.0,3.0,0.5355961742258148,0.0,0.18055555555555558,0.25,587.1666666666666,2.3333333333333335,0.36643064712216983,0.0,0.5,1.0,200.0,0.0,0.3664306471221698,0.0,0.5,1.0,226.0,1.0,0.5744753486845877,0.0,0.0,0.0,712.0,3.0
card_89a6ea75d7f58a517d21,state_66edf1a4e7dfe66350a5,sgv31_u07,4,M0+R0|M0+RS|MS+R0|MS+RS,MS+RS,0.6477291697335709,0.0,0.0,0.0,692.0,2.0,0.5902789370594045,0.0,0.19444444444444445,0.25,572.8888888888889,1.5555555555555558,0.3522708302664292,0.0,1.0,1.0,204.0,0.0,0.3522708302664292,0.0,1.0,1.0,204.0,0.0,0.6477291697335709,0.0,0.0,0.0,692.0,2.0
card_8a86bfdbac51e250ea2b,state_993638bc6b25f482409f,sgv31_u12,4,M0+R0|M0+RS|ME+R0|ME+RS|MP+R0|MP+RS|MPE+R0|MPE+RS|MPMS+R0|MPMS+RS|MPMSME+R0|MPMSME+RS|MS+R0|MS+RS|MSE+R0|MSE+RS,MP+RS,0.5274797872092577,0.5,0.5,0.0,707.0,2.0,0.45675401126660675,0.38888888888888895,0.3194444444444444,0.24999999999999997,616.1944444444445,2.5,0.42766350759375593,0.0,0.5,1.0,204.0,0.0,0.35306428394306955,0.0,0.0,1.0,254.0,1.0,0.6329757514950195,0.0,0.0,0.0,790.0,4.0
card_8ac16289216c0acb8594,state_984d0cfb9762b40773e3,sgv31_u12,4,M0+R0|M0+RS|MP+R0|MP+RS|MPMS+R0|MPMS+RS|MS+R0|MS+RS,MPMS+RS,0.6516019010825078,0.5,0.0,0.0,730.0,3.0,0.528204114277514,0.16666666666666666,0.19444444444444445,0.25,593.1111111111111,2.1388888888888884,0.34795621297232976,0.0,0.5,1.0,205.0,0.0,0.34795621297232976,0.0,0.5,1.0,205.0,0.0,0.6516019010825078,0.5,0.0,0.0,730.0,3.0
card_8b98e6b0c1f344d46403,state_b2a7dcff43fec8a6130b,sgv31_u07,4,M0+R0|M0+RS|MP+R0|MP+RS|MPMS+R0|MPMS+RS|MS+R0|MS+RS,MP+RS,0.7475163790273233,0.0,0.5,0.0,728.0,2.0,0.5654624858092695,0.0,0.25,0.25,623.8611111111111,2.1388888888888884,0.28184936674157385,0.0,0.5,1.0,205.0,0.0,0.28184936674157385,0.0,0.5,1.0,205.0,0.0,0.6007354583315523,0.0,0.0,0.0,771.0,3.0
card_8b9c460e6bd7ada5c8b8,state_b98fab2a906052355005,sgv31_u12,4,M0+R0|M0+RS|MP+R0|MP+RS|MPMS+R0|MPMS+RS|MS+R0|MS+RS,MPMS+RS,0.4643951934442393,0.5,0.0,0.0,770.0,3.0,0.5219383981018166,0.25,0.25,0.25,624.1111111111111,2.1388888888888884,0.33841178620589296,0.0,0.5,1.0,209.0,0.0,0.33841178620589296,0.0,0.5,1.0,209.0,0.0,0.4643951934442393,0.5,0.0,0.0,770.0,3.0
card_8c2f4865685d1ad1d4f5,state_ec752d30cddf083ac393,sgv31_u02,4,M0+R0|M0+RS|MP+R0|MP+RS|MPMS+R0|MPMS+RS|MS+R0|MS+RS,MPMS+R0,0.46631505551955643,0.5,0.0,1.0,317.0,2.0,0.4814535880544773,0.08333333333333333,0.29166666666666663,0.25,612.25,2.1388888888888884,0.46631505551955643,0.0,1.0,1.0,195.0,0.0,0.46631505551955643,0.0,1.0,1.0,195.0,0.0,0.4684863756749141,0.0,0.0,0.0,759.0,3.0
card_8c8394e1537018c31ba0,state_0536c764ae504dadd718,sgv31_u02,4,M0+R0|M0+RS|MS+R0|MS+RS,MS+RS,0.6477291697335709,0.0,0.0,0.0,702.0,2.0,0.5738645848667855,0.0,0.09722222222222222,0.25,581.5277777777778,1.5555555555555558,0.3522708302664292,0.0,0.5,1.0,207.0,0.0,0.3522708302664292,0.0,0.5,1.0,207.0,0.0,0.6477291697335709,0.0,0.0,0.0,702.0,2.0
card_8dc28576919f5a1e971c,state_0fb87a7f11022c7303dc,sgv31_u07,4,M0+R0|M0+RS|ME+R0|ME+RS|MP+R0|MP+RS|MPE+R0|MPE+RS|MPMS+R0|MPMS+RS|MPMSME+R0|MPMSME+RS|MS+R0|MS+RS|MSE+R0|MSE+RS,MSE+R0,0.5114195848598183,0.0,0.0,1.0,281.0,2.0,0.40488388764831346,0.0,0.041666666666666664,0.3472222222222222,588.5,2.5,0.6802609392086362,0.0,1.0,1.0,189.0,0.0,0.6819252009359108,0.0,0.0,1.0,238.0,1.0,0.2865325018716389,0.0,0.0,0.0,732.0,4.0
card_8f015f5dc4f2c7221f2e,state_a4596bf3de4f947e0bc6,sgv31_u07,4,M0+R0|M0+RS|MS+R0|MS+RS,M0+RS,0.6873181682420647,0.0,0.5,0.0,607.0,1.0,0.41718613469549914,0.0,0.09722222222222222,0.25,553.5277777777778,1.5555555555555558,0.45937805816938654,0.0,0.5,1.0,203.0,0.0,0.45937805816938654,0.0,0.5,1.0,203.0,0.0,0.31268183175793535,0.0,0.0,0.0,666.0,2.0
card_8f09799675d8a0e0dbc8,state_993638bc6b25f482409f,sgv31_u12,4,M0+R0|M0+RS|MP+R0|MP+RS|MPMS+R0|MPMS+RS|MS+R0|MS+RS,MP+RS,0.3417425544123884,0.5,0.0,0.0,707.0,2.0,0.5100274169966752,0.3194444444444444,0.18055555555555555,0.25,607.1111111111111,2.1388888888888884,0.4259785814108547,0.0,0.5,1.0,204.0,0.0,0.4259785814108547,0.0,0.5,1.0,204.0,0.0,0.5126775972132339,0.5,0.0,0.0,749.0,3.0
card_8f555b296f55dc3de887,state_922816649399c19c0dd3,sgv31_u07,4,M0+R0|M0+RS|ME+R0|ME+RS|MP+R0|MP+RS|MPE+R0|MPE+RS|MPMS+R0|MPMS+RS|MPMSME+R0|MPMSME+RS|MS+R0|MS+RS|MSE+R0|MSE+RS,MPE+R0,0.5932695742442033,0.5,0.0,1.0,305.0,2.0,0.41206481799788475,0.1388888888888889,0.38888888888888895,0.24999999999999997,551.7777777777778,2.5,0.6744603782766847,0.0,1.0,1.0,194.0,0.0,0.3802673687689335,0.0,0.5,1.0,243.0,1.0,0.4975219586608847,0.0,0.0,0.0,708.0,4.0
card_901850ec10c2d4538d4d,state_0536c764ae504dadd718,sgv31_u02,4,M0+R0|M0+RS,M0+RS,0.7215937546003562,0.0,1.0,0.0,643.0,1.0,0.6107968773001781,0.0,1.0,0.25,534.0,0.75,0.27840624539964376,0.0,1.0,1.0,207.0,0.0,0.27840624539964376,0.0,1.0,1.0,207.0,0.0,0.7215937546003562,0.0,1.0,0.0,643.0,1.0
card_9057e0adebf7c03cd0ab,state_ea89f7e11c39b4614969,sgv31_u02,4,M0+R0|M0+RS|ME+R0|ME+RS|MS+R0|MS+RS|MSE+R0|MSE+RS,MS+R0,0.6363487020040515,0.0,0.0,1.0,254.0,1.0,0.4324165775321204,0.0,0.08333333333333333,0.25,571.5833333333334,2.3333333333333335,0.6260986786479564,0.0,1.0,1.0,195.0,0.0,0.615768514867722,0.0,0.5,1.0,220.0,1.0,0.3733953280652694,0.0,0.0,0.0,693.0,3.0
card_907a5b12252f423278b4,state_44d7f5bd189b54ed3c78,sgv31_u02,4,M0+R0|M0+RS|MP+R0|MP+RS,MP+RS,0.7490563557512552,0.5,0.0,0.0,712.0,2.0,0.6029649015473285,0.3472222222222222,0.3055555555555556,0.25,581.0,1.4444444444444444,0.32181473298506635,0.0,1.0,1.0,204.0,0.0,0.32181473298506635,0.0,1.0,1.0,204.0,0.0,0.7490563557512552,0.5,0.0,0.0,712.0,2.0
card_911933a79312d81fb7b2,state_44d7f5bd189b54ed3c78,sgv31_u02,4,M0+R0|M0+RS|ME+R0|ME+RS,ME+RS,0.7165554542797429,1.0,0.0,0.0,665.0,2.0,0.600248790017042,0.6666666666666666,0.1111111111111111,0.25,553.2222222222222,1.6388888888888888,0.4279654139311864,0.0,1.0,1.0,204.0,0.0,0.2834445457202571,0.0,0.0,1.0,229.0,1.0,0.7165554542797429,1.0,0.0,0.0,665.0,2.0
card_91d2b1cc50386cb643c2,state_0019c4af4878d3a28c92,sgv31_u12,4,M0+R0|M0+RS|ME+R0|ME+RS,ME+RS,0.5720345860688135,0.0,0.0,0.0,668.0,2.0,0.5841281802056468,0.0,0.1111111111111111,0.25,555.7777777777777,1.6388888888888888,0.2834445457202571,0.0,1.0,1.0,203.0,0.0,0.7165554542797429,0.0,0.0,1.0,232.0,1.0,0.5720345860688135,0.0,0.0,0.0,668.0,2.0
card_91f376b32a2c3d0fa854,state_b98fab2a906052355005,sgv31_u12,4,M0+R0|M0+RS|ME+R0|ME+RS|MP+R0|MP+RS|MPE+R0|MPE+RS|MPMS+R0|MPMS+RS|MPMSME+R0|MPMSME+RS|MS+R0|MS+RS|MSE+R0|MSE+RS,MSE+RS,0.5677703540257988,0.0,0.5,0.0,749.0,3.0,0.5293452084332926,0.08333333333333333,0.4722222222222222,0.24999999999999997,632.75,2.5,0.4814694833906262,0.0,0.5,1.0,209.0,0.0,0.34531468527910497,0.0,0.5,1.0,259.0,1.0,0.6397031178709524,0.5,0.0,0.0,811.0,4.0
card_945ace20aed9095b637a,state_75e80d9a998ba6811814,sgv31_u07,4,M0+R0|M0+RS|MP+R0|MP+RS|MPMS+R0|MPMS+RS|MS+R0|MS+RS,MS+RS,0.5989386248816571,0.0,0.5,0.0,650.0,2.0,0.5179882894460981,0.0,0.25,0.25,578.8611111111111,2.1388888888888884,0.3696143905935588,0.0,0.5,1.0,202.0,0.0,0.3696143905935588,0.0,0.5,1.0,202.0,0.0,0.49949568389368176,0.0,0.0,0.0,712.0,3.0
card_94c13b01e3b5de102a99,state_0b70d054c551d8b6176d,sgv31_u07,4,M0+R0|M0+RS|ME+R0|ME+RS|MS+R0|MS+RS|MSE+R0|MSE+RS,ME+RS,0.47521598477922083,0.0,0.5,0.0,640.0,2.0,0.6098102718636922,0.0,0.1527777777777778,0.25,573.0833333333333,2.3333333333333335,0.2796916242369822,0.0,0.5,1.0,202.0,0.0,0.5247840152207792,0.0,0.5,1.0,251.0,1.0,0.7203083757630179,0.0,0.0,0.0,690.0,3.0
card_967e65a154ac4a4a37bb,state_74b50f419f6657d20352,sgv31_u07,4,M0+R0|M0+RS|ME+R0|ME+RS,ME+R0,0.5379950269774428,0.0,0.0,1.0,226.0,1.0,0.4766290527388338,0.0,0.05555555555555555,0.25,514.75,1.6388888888888888,0.6167168348814488,0.0,0.5,1.0,199.0,0.0,0.5379950269774428,0.0,0.0,1.0,226.0,1.0,0.4620049730225572,0.0,0.0,0.0,615.0,2.0
card_9789caa9581d7ae2a160,state_431317d6ea6bfd04d192,sgv31_u12,4,M0+R0|M0+RS|ME+R0|ME+RS|MP+R0|MP+RS|MPE+R0|MPE+RS|MPMS+R0|MPMS+RS|MPMSME+R0|MPMSME+RS|MS+R0|MS+RS|MSE+R0|MSE+RS,MPMSME+R0,0.5285857201457277,0.0,0.0,1.0,349.0,3.0,0.4776046483595192,0.013888888888888888,0.05555555555555555,0.24999999999999997,613.1944444444445,2.5,0.571373617998757,0.0,1.0,1.0,195.0,0.0,0.6522886250654929,0.0,0.0,1.0,245.0,1.0,0.4894315129876065,0.0,0.0,0.0,789.0,4.0
card_9861136acf2299d4aa97,state_0536c764ae504dadd718,sgv31_u02,4,M0+R0|M0+RS|ME+R0|ME+RS|MP+R0|MP+RS|MPE+R0|MPE+RS,MP+RS,0.5006588199455876,0.0,0.0,0.0,715.0,2.0,0.4822192741248531,0.16666666666666666,0.22222222222222224,0.25,588.0,2.0277777777777777,0.37704226107016126,0.0,1.0,0.5,207.0,0.0,0.5107530946705984,0.0,0.0,1.0,232.0,1.0,0.4213857033306601,0.5,0.0,0.0,731.0,3.0
card_99b09fc60a3fdd89ac59,state_ae7f3ffd140765e551c3,sgv31_u07,4,M0+R0|M0+RS|ME+R0|ME+RS|MS+R0|MS+RS|MSE+R0|MSE+RS,MSE+RS,0.4012451014934563,0.5,0.0,0.0,702.0,3.0,0.4628019342538535,0.25,0.1527777777777778,0.25,579.25,2.3333333333333335,0.3991392274314802,0.0,0.5,1.0,199.0,0.0,0.4897291087552872,0.0,0.5,1.0,223.0,1.0,0.4012451014934563,0.5,0.0,0.0,702.0,3.0
card_9a2a231ff5fc37242c21,state_b2a7dcff43fec8a6130b,sgv31_u07,4,M0+R0|M0+RS|MP+R0|MP+RS,MP+RS,0.6781852670149338,0.0,0.0,0.0,728.0,2.0,0.5950903361321818,0.0,0.3055555555555556,0.25,593.3055555555555,1.4444444444444444,0.2509436442487448,0.0,1.0,1.0,205.0,0.0,0.2509436442487448,0.0,1.0,1.0,205.0,0.0,0.6781852670149338,0.0,0.0,0.0,728.0,2.0
card_9f3c3fd0959a8b3090a2,state_0b70d054c551d8b6176d,sgv31_u07,4,M0+R0|M0+RS|ME+R0|ME+RS|MP+R0|MP+RS|MPE+R0|MPE+RS,ME+RS,0.6374133558051318,0.0,0.5,0.0,618.0,2.0,0.5714366860896596,0.08333333333333333,0.3611111111111111,0.25,548.7222222222222,2.0277777777777777,0.37302144320601227,0.0,1.0,1.0,202.0,0.0,0.5574133445039096,0.0,0.5,1.0,229.0,1.0,0.626646687310586,0.0,0.0,0.0,680.0,3.0
card_9f88b7714f4b4f0a89b5,state_0fb87a7f11022c7303dc,sgv31_u07,4,M0+R0|M0+RS|MS+R0|MS+RS,MS+R0,0.6781852670149338,0.0,0.0,1.0,241.0,1.0,0.4828293109490941,0.0,0.19444444444444445,0.25,557.8888888888889,1.5555555555555558,0.6089661924189973,0.0,1.0,1.0,189.0,0.0,0.6089661924189973,0.0,1.0,1.0,189.0,0.0,0.4619048963173242,0.0,0.0,0.0,677.0,2.0
card_a1ada3d52b246cf45bc0,state_37f6eee27b0b713dea7e,sgv31_u12,4,M0+R0|M0+RS|ME+R0|ME+RS,ME+RS,0.723145270250137,0.0,0.0,0.0,679.0,2.0,0.6236629841125786,0.0,0.1111111111111111,0.25,563.3333333333333,1.6388888888888888,0.42807112701660105,0.0,1.0,1.0,203.0,0.0,0.42439180136663107,0.0,0.0,1.0,227.0,1.0,0.723145270250137,0.0,0.0,0.0,679.0,2.0
card_a252053e90fad0eb5332,state_9c25f20786bf2f1a2f27,sgv31_u07,4,M0+R0|M0+RS|MP+R0|MP+RS|MPMS+R0|MPMS+RS|MS+R0|MS+RS,MPMS+RS,0.4660190080280532,0.0,0.0,0.0,735.0,3.0,0.5265770470003996,0.0,0.29166666666666663,0.25,593.3611111111111,2.1388888888888884,0.33949710003183103,0.0,0.5,1.0,191.0,0.0,0.33949710003183103,0.0,0.5,1.0,191.0,0.0,0.4660190080280532,0.0,0.0,0.0,735.0,3.0
card_a25cb5ff5820e77c3419,state_922816649399c19c0dd3,sgv31_u07,4,M0+R0|M0+RS|ME+R0|ME+RS|MS+R0|MS+RS|MSE+R0|MSE+RS,ME+R0,0.7560162539232028,0.0,0.5,1.0,222.0,1.0,0.46082645932172533,0.0,0.1111111111111111,0.25,520.5833333333333,2.3333333333333335,0.5338926411798639,0.0,1.0,1.0,194.0,0.0,0.7560162539232028,0.0,0.5,1.0,222.0,1.0,0.4055318218040216,0.0,0.0,0.0,625.0,3.0
card_a295e29a58f9379da6a3,state_0019c4af4878d3a28c92,sgv31_u12,4,M0+R0|M0+RS,M0+RS,0.7215937546003562,0.0,1.0,0.0,639.0,1.0,0.6107968773001781,0.0,1.0,0.25,530.0,0.75,0.27840624539964376,0.0,1.0,1.0,203.0,0.0,0.27840624539964376,0.0,1.0,1.0,203.0,0.0,0.7215937546003562,0.0,1.0,0.0,639.0,1.0
card_a2b22c5d3ec8eb3d207e,state_9c25f20786bf2f1a2f27,sgv31_u07,4,M0+R0|M0+RS|ME+R0|ME+RS|MP+R0|MP+RS|MPE+R0|MPE+RS,MP+RS,0.5826380726615719,0.0,0.5,0.0,685.0,2.0,0.5191846426575066,0.0,0.3611111111111111,0.25,579.7222222222222,2.0277777777777777,0.4876636405169994,0.0,1.0,0.5,191.0,0.0,0.290283143867996,0.0,0.5,1.0,240.0,1.0,0.5740532979958777,0.0,0.0,0.0,725.0,3.0
card_a2fd96ea478e8c636922,state_e49c298ab0384e582221,sgv31_u12,4,M0+R0|M0+RS|ME+R0|ME+RS|MP+R0|MP+RS|MPE+R0|MPE+RS,ME+RS,0.5224967840242971,0.0,0.5,0.0,616.0,2.0,0.4991547685261526,0.08333333333333334,0.2361111111111111,0.25,546.2222222222223,2.0277777777777777,0.4431048604819318,0.0,0.5,1.0,198.0,0.0,0.4784574889935501,0.0,0.5,1.0,227.0,1.0,0.4891967775585172,0.5,0.0,0.0,678.0,3.0
card_a39ccac5b545ceef3412,state_ae25449134e15febfe06,sgv31_u02,4,M0+R0|M0+RS|ME+R0|ME+RS|MS+R0|MS+RS|MSE+R0|MSE+RS,M0+RS,0.762931793359044,0.0,0.5,0.0,587.0,1.0,0.492506561407548,0.0,0.18055555555555558,0.25,549.9166666666666,2.3333333333333335,0.446982353222802,0.0,0.5,1.0,198.0,0.0,0.4388189218251779,0.0,0.5,1.0,224.0,1.0,0.49142435626903136,0.0,0.0,0.0,663.0,3.0
card_a46d499964f9343fca1e,state_00c3587c75ac5a3cb1f7,sgv31_u12,4,M0+R0|M0+RS|MP+R0|MP+RS,M0+RS,0.31268183175793535,0.0,0.5,0.0,590.0,1.0,0.5411876056951532,0.0,0.18055555555555555,0.25,542.0555555555555,1.4444444444444444,0.5406219418306134,0.0,1.0,1.0,201.0,0.0,0.5406219418306134,0.0,1.0,1.0,201.0,0.0,0.6873181682420647,0.0,0.0,0.0,661.0,2.0
card_a59e007f27adec488b71,state_a4596bf3de4f947e0bc6,sgv31_u07,4,M0+R0|M0+RS|ME+R0|ME+RS|MP+R0|MP+RS|MPE+R0|MPE+RS|MPMS+R0|MPMS+RS|MPMSME+R0|MPMSME+RS|MS+R0|MS+RS|MSE+R0|MSE+RS,ME+RS,0.7065408297579175,0.0,0.5,0.0,634.0,2.0,0.5146572063371927,0.0,0.4722222222222222,0.24999999999999997,583.1388888888889,2.5,0.460265113094801,0.0,0.5,1.0,203.0,0.0,0.45785613187976687,0.0,0.5,1.0,230.0,1.0,0.565193870596198,0.5,0.0,0.0,746.0,4.0
card_a5d1078d4ef32a36481a,state_e6a77c2a14981797c6f7,sgv31_u07,4,M0+R0|M0+RS|ME+R0|ME+RS|MP+R0|MP+RS|MPE+R0|MPE+RS,MP+RS,0.36896558989737055,0.0,0.5,0.0,727.0,2.0,0.4990886258263025,0.0,0.3472222222222222,0.25,597.9722222222223,2.0277777777777777,0.6595564730000797,0.0,0.5,1.0,204.0,0.0,0.36896558989737055,0.0,0.5,1.0,231.0,1.0,0.5345807267828971,0.0,0.0,0.0,745.0,3.0
card_a78d2abba71294c76ffb,state_66edf1a4e7dfe66350a5,sgv31_u07,4,M0+R0|M0+RS|ME+R0|ME+RS|MP+R0|MP+RS|MPE+R0|MPE+RS|MPMS+R0|MPMS+RS|MPMSME+R0|MPMSME+RS|MS+R0|MS+RS|MSE+R0|MSE+RS,MSE+RS,0.6053575399281572,0.0,0.0,0.0,732.0,3.0,0.5640927122040025,0.16666666666666669,0.1388888888888889,0.24999999999999997,619.1666666666667,2.5,0.4564719739908728,0.0,1.0,1.0,204.0,0.0,0.2894312768382535,0.0,0.5,1.0,253.0,1.0,0.49470539399038405,0.0,0.0,0.0,794.0,4.0
card_a8d94912ef77e5282484,state_e827464982b3493af56f,sgv31_u12,4,M0+R0|M0+RS|ME+R0|ME+RS,ME+RS,0.5379950269774428,0.0,0.0,0.0,683.0,2.0,0.5233709472611662,0.0,0.1111111111111111,0.25,568.4444444444445,1.6388888888888888,0.38328316511855115,0.0,1.0,1.0,197.0,0.0,0.4620049730225572,0.0,0.0,1.0,247.0,1.0,0.5379950269774428,0.0,0.0,0.0,683.0,2.0
card_a958dce06cfe5145e4f4,state_83e4918139d91a9ad380,sgv31_u12,4,M0+R0|M0+RS|MS+R0|MS+RS,MS+RS,0.42439180136663107,0.0,0.0,0.0,649.0,2.0,0.4666007631435011,0.0,0.09722222222222222,0.2222222222222222,540.2777777777778,1.5555555555555558,0.42439180136663107,0.0,0.5,0.5,201.0,0.0,0.42439180136663107,0.0,0.5,0.5,201.0,0.0,0.42439180136663107,0.0,0.0,0.0,649.0,2.0
card_aa5696d90810bddbe4e9,state_83e4918139d91a9ad380,sgv31_u12,4,M0+R0|M0+RS,M0+RS,0.7215937546003562,0.0,1.0,0.0,590.0,1.0,0.6107968773001781,0.0,1.0,0.25,492.75,0.75,0.27840624539964376,0.0,1.0,1.0,201.0,0.0,0.27840624539964376,0.0,1.0,1.0,201.0,0.0,0.7215937546003562,0.0,1.0,0.0,590.0,1.0
card_aa5ddd8c35ed7adcfec5,state_cb7cc7ad2ef8b6198142,sgv31_u07,4,M0+R0|M0+RS|MP+R0|MP+RS,MP+RS,0.5797261210288974,0.0,0.0,0.0,668.0,2.0,0.5088584578920997,0.0,0.2777777777777778,0.1527777777777778,547.5555555555555,1.4444444444444444,0.5797261210288974,0.0,0.5,1.0,202.0,0.0,0.5797261210288974,0.0,0.5,1.0,202.0,0.0,0.5797261210288974,0.0,0.0,0.0,668.0,2.0
card_aae9cad47caaa23cddc4,state_66edf1a4e7dfe66350a5,sgv31_u07,4,M0+R0|M0+RS|MP+R0|MP+RS,MP+RS,0.6089661924189973,0.0,0.0,0.0,711.0,2.0,0.5484853935847838,0.09722222222222222,0.3055555555555556,0.25,580.3055555555555,1.4444444444444444,0.4619048963173243,0.0,1.0,1.0,204.0,0.0,0.4619048963173243,0.0,1.0,1.0,204.0,0.0,0.6089661924189973,0.0,0.0,0.0,711.0,2.0
card_ab77615c155a85bb494d,state_a4596bf3de4f947e0bc6,sgv31_u07,4,M0+R0|M0+RS|ME+R0|ME+RS,ME+RS,0.7490563557512552,0.0,0.0,0.0,631.0,2.0,0.6400478622975344,0.0,0.05555555555555555,0.1388888888888889,527.3333333333333,1.6388888888888888,0.32181473298506635,0.0,0.5,1.0,203.0,0.0,0.3910338075810027,0.0,0.0,0.5,227.0,1.0,0.7490563557512552,0.0,0.0,0.0,631.0,2.0
card_ac54be544021ec074fa5,state_993638bc6b25f482409f,sgv31_u12,4,M0+R0|M0+RS|MS+R0|MS+RS,M0+RS,0.571928872983399,0.0,0.5,0.0,636.0,1.0,0.5170062288990803,0.0,0.09722222222222222,0.25,569.0833333333334,1.5555555555555558,0.5756081986333689,0.0,0.5,1.0,204.0,0.0,0.5756081986333689,0.0,0.5,1.0,204.0,0.0,0.5756081986333689,0.0,0.0,0.0,687.0,2.0
card_acd27ab13e359c35471b,state_0536c764ae504dadd718,sgv31_u02,4,M0+R0|M0+RS|ME+R0|ME+RS|MP+R0|MP+RS|MPE+R0|MPE+RS|MPMS+R0|MPMS+RS|MPMSME+R0|MPMSME+RS|MS+R0|MS+RS|MSE+R0|MSE+RS,MSE+RS,0.5852295854090751,0.0,0.5,0.0,718.0,3.0,0.5238376336698803,0.23611111111111116,0.38888888888888895,0.24999999999999997,610.0277777777778,2.5,0.5521179887555392,0.0,0.5,1.0,207.0,0.0,0.4950329294060557,0.5,0.5,1.0,232.0,1.0,0.7054018593868542,0.5,0.0,0.0,781.0,4.0
card_acfef4020874985f5643,state_744060e6f1dd48256c9d,sgv31_u02,4,M0+R0|M0+RS|ME+R0|ME+RS,ME+R0,0.5379950269774428,0.0,0.0,1.0,230.0,1.0,0.4766290527388338,0.0,0.06944444444444445,0.5833333333333333,518.9722222222222,1.6388888888888888,0.6167168348814488,0.0,1.0,1.0,205.0,0.0,0.5379950269774428,0.0,0.0,1.0,230.0,1.0,0.4620049730225572,0.0,0.0,0.5,619.0,2.0
card_ad7798093eff3cb4f77e,state_74b50f419f6657d20352,sgv31_u07,4,M0+R0|M0+RS|MP+R0|MP+RS,M0+R0,0.571928872983399,0.0,1.0,1.0,199.0,0.0,0.42602705721106215,0.0,0.3055555555555556,0.25,540.0555555555555,1.4444444444444444,0.571928872983399,0.0,1.0,1.0,199.0,0.0,0.571928872983399,0.0,1.0,1.0,199.0,0.0,0.27685472974986314,0.0,0.0,0.0,659.0,2.0
card_ae0555117cb2130050c7,state_e6a77c2a14981797c6f7,sgv31_u07,4,M0+R0|M0+RS|MP+R0|MP+RS|MPMS+R0|MPMS+RS|MS+R0|MS+RS,MPMS+RS,0.696495383046005,0.5,0.0,0.0,770.0,3.0,0.5568284580849348,0.25,0.25,0.25,622.8611111111111,2.1388888888888884,0.36626970107606127,0.0,0.5,1.0,204.0,0.0,0.36626970107606127,0.0,0.5,1.0,204.0,0.0,0.696495383046005,0.5,0.0,0.0,770.0,3.0
card_af37f9492080bb44920a,state_0fb87a7f11022c7303dc,sgv31_u07,4,M0+R0|M0+RS,M0+R0,0.7215937546003562,0.0,1.0,1.0,189.0,0.0,0.3892031226998219,0.0,1.0,0.25,516.0,0.75,0.7215937546003562,0.0,1.0,1.0,189.0,0.0,0.7215937546003562,0.0,1.0,1.0,189.0,0.0,0.27840624539964376,0.0,1.0,0.0,625.0,1.0
card_b10a0f996598d0821e53,state_993638bc6b25f482409f,sgv31_u12,4,M0+R0|M0+RS|ME+R0|ME+RS|MS+R0|MS+RS|MSE+R0|MSE+RS,ME+RS,0.5584431525060803,0.0,0.5,0.0,665.0,2.0,0.49402563764141855,0.0,0.09722222222222222,0.25,584.6666666666666,2.3333333333333335,0.5457465824004626,0.0,0.5,1.0,204.0,0.0,0.3754837228659443,0.0,0.0,1.0,233.0,1.0,0.45446169392012437,0.0,0.0,0.0,707.0,3.0
card_b1712bec2151d77dc28f,state_a4596bf3de4f947e0bc6,sgv31_u07,4,M0+R0|M0+RS,M0+RS,0.7215937546003562,0.0,1.0,0.0,607.0,1.0,0.6107968773001781,0.0,1.0,0.25,506.0,0.75,0.27840624539964376,0.0,1.0,1.0,203.0,0.0,0.27840624539964376,0.0,1.0,1.0,203.0,0.0,0.7215937546003562,0.0,1.0,0.0,607.0,1.0
card_b23efcb08a0d0b9ba030,state_431317d6ea6bfd04d192,sgv31_u12,4,M0+R0|M0+RS|MP+R0|MP+RS,MP+R0,0.5,0.0,0.0,1.0,266.0,1.0,0.5,0.0,0.3055555555555556,0.25,574.3055555555555,1.4444444444444444,0.5,0.0,1.0,1.0,195.0,0.0,0.5,0.0,1.0,1.0,195.0,0.0,0.5,0.0,0.0,0.0,706.0,2.0
card_b35d36c51322735725b8,state_7dbaca68286ab101e017,sgv31_u12,4,M0+R0|M0+RS|ME+R0|ME+RS|MP+R0|MP+RS|MPE+R0|MPE+RS|MPMS+R0|MPMS+RS|MPMSME+R0|MPMSME+RS|MS+R0|MS+RS|MSE+R0|MSE+RS,MPMSME+R0,0.5544876432746881,0.0,0.0,1.0,305.0,3.0,0.48444666005215414,0.0,0.06944444444444445,0.24999999999999997,587.7777777777777,2.5,0.5364868172806039,0.0,1.0,1.0,198.0,0.0,0.5927915289732028,0.0,0.0,1.0,248.0,1.0,0.2786688330349536,0.0,0.0,0.0,728.0,4.0
card_b3b8eba861a3041dc9d4,state_431317d6ea6bfd04d192,sgv31_u12,4,M0+R0|M0+RS|ME+R0|ME+RS|MS+R0|MS+RS|MSE+R0|MSE+RS,MSE+R0,0.4960122974163212,0.0,0.0,1.0,261.0,2.0,0.5308205772823502,0.0,0.05555555555555555,0.25,577.5,2.3333333333333335,0.6266877144399813,0.0,1.0,1.0,195.0,0.0,0.5523686583499919,0.0,0.0,1.0,219.0,1.0,0.6307379861275029,0.0,0.0,0.0,701.0,3.0
card_b3c4764a3b4a142bc56f,state_f62d16403abfc27b1503,sgv31_u02,4,M0+R0|M0+RS|ME+R0|ME+RS|MS+R0|MS+RS|MSE+R0|MSE+RS,MSE+RS,0.5622520907751299,0.0,0.0,0.0,661.0,3.0,0.5490347604953911,0.0,0.18055555555555558,0.25,547.9166666666666,2.3333333333333335,0.31024036671828636,0.0,0.5,1.0,196.0,0.0,0.33944065278898833,0.0,0.5,1.0,222.0,1.0,0.5622520907751299,0.0,0.0,0.0,661.0,3.0
card_b48bb702268c46fa9821,state_02b7e0543dbe15d01174,sgv31_u02,4,M0+R0|M0+RS|ME+R0|ME+RS,ME+R0,0.6781852670149338,0.0,0.0,1.0,243.0,1.0,0.5904279606455267,0.0,0.09722222222222221,0.25,564.6666666666666,1.6388888888888888,0.4619048963173243,0.0,0.5,1.0,195.0,0.0,0.6781852670149338,0.0,0.0,1.0,243.0,1.0,0.6089661924189973,0.0,0.0,0.0,679.0,2.0
card_b50b0c0416d8589273dd,state_e49c298ab0384e582221,sgv31_u12,4,M0+R0|M0+RS|ME+R0|ME+RS|MP+R0|MP+RS|MPE+R0|MPE+RS|MPMS+R0|MPMS+RS|MPMSME+R0|MPMSME+RS|MS+R0|MS+RS|MSE+R0|MSE+RS,ME+RS,0.5183319798641839,0.0,0.5,0.0,616.0,2.0,0.5000503490534987,0.08333333333333333,0.38888888888888895,0.24999999999999997,568.3333333333333,2.5,0.4324031528028515,0.0,0.5,1.0,198.0,0.0,0.42649510278337527,0.0,0.5,1.0,227.0,1.0,0.4958219552714703,0.0,0.0,0.0,728.0,4.0
card_b80c4fecf148e465aa53,state_0019c4af4878d3a28c92,sgv31_u12,4,M0+R0|M0+RS|MP+R0|MP+RS|MPMS+R0|MPMS+RS|MS+R0|MS+RS,MPMS+RS,0.6599891491217349,0.5,0.0,0.0,752.0,3.0,0.5869349877265064,0.16666666666666666,0.19444444444444445,0.25,609.1111111111111,2.1388888888888884,0.22671875794969995,0.0,1.0,1.0,203.0,0.0,0.22671875794969995,0.0,1.0,1.0,203.0,0.0,0.6599891491217349,0.5,0.0,0.0,752.0,3.0
card_b963de53d31ed1d512d6,state_e827464982b3493af56f,sgv31_u12,4,M0+R0|M0+RS|ME+R0|ME+RS|MP+R0|MP+RS|MPE+R0|MPE+RS,ME+RS,0.6000796700031321,0.0,0.0,0.0,683.0,2.0,0.5122643250064058,0.1111111111111111,0.027777777777777776,0.25,596.2222222222222,2.0277777777777777,0.37906889726167364,0.0,1.0,1.0,197.0,0.0,0.46585707826279926,0.0,0.0,1.0,247.0,1.0,0.5553006934934495,0.0,0.0,0.0,745.0,3.0
card_ba02878d5aa8c0370440,state_b2a7dcff43fec8a6130b,sgv31_u07,4,M0+R0|M0+RS|ME+R0|ME+RS|MP+R0|MP+RS|MPE+R0|MPE+RS|MPMS+R0|MPMS+RS|MPMSME+R0|MPMSME+RS|MS+R0|MS+RS|MSE+R0|MSE+RS,MSE+RS,0.7004214973594874,0.0,0.5,0.0,727.0,3.0,0.5683695449936506,0.0,0.41666666666666674,0.24999999999999997,616.2777777777778,2.5,0.29999297472736136,0.0,1.0,1.0,205.0,0.0,0.5389773518036252,0.0,0.5,1.0,232.0,1.0,0.692780763793404,0.0,0.0,0.0,789.0,4.0
card_baea32bd4a29884c0abf,state_0b70d054c551d8b6176d,sgv31_u07,4,M0+R0|M0+RS|MP+R0|MP+RS|MPMS+R0|MPMS+RS|MS+R0|MS+RS,MS+RS,0.5866519116442463,0.0,0.5,0.0,650.0,2.0,0.5749560363490975,0.16666666666666666,0.2361111111111111,0.25,578.8611111111111,2.1388888888888884,0.4720908668438792,0.0,0.5,1.0,202.0,0.0,0.4720908668438792,0.0,0.5,1.0,202.0,0.0,0.7162880659051473,0.5,0.0,0.0,712.0,3.0
card_bb848a0506ee14e69bba,state_75e80d9a998ba6811814,sgv31_u07,4,M0+R0|M0+RS|ME+R0|ME+RS|MS+R0|MS+RS|MSE+R0|MSE+RS,MSE+RS,0.571326690254455,0.0,0.0,0.0,665.0,3.0,0.554519429417927,0.06944444444444445,0.05555555555555555,0.2222222222222222,552.25,2.3333333333333335,0.24450027945377514,0.0,0.5,1.0,202.0,0.0,0.4451035535114496,0.0,0.5,1.0,226.0,1.0,0.571326690254455,0.0,0.0,0.0,665.0,3.0
card_bba2b9726229f1eeedb0,state_cb7cc7ad2ef8b6198142,sgv31_u07,4,M0+R0|M0+RS|MS+R0|MS+RS,M0+RS,0.5379950269774428,0.0,0.5,0.0,597.0,1.0,0.5517982667820573,0.0,0.09722222222222222,0.25,545.7777777777778,1.5555555555555558,0.4620049730225572,0.0,0.5,1.0,202.0,0.0,0.4620049730225572,0.0,0.5,1.0,202.0,0.0,0.6167168348814488,0.0,0.0,0.0,656.0,2.0
card_bcfbcc77b12fc46c2bae,state_f62d16403abfc27b1503,sgv31_u02,4,M0+R0|M0+RS|MP+R0|MP+RS|MPMS+R0|MPMS+RS|MS+R0|MS+RS,MPMS+RS,0.6266250026287751,0.0,0.0,0.0,707.0,3.0,0.5633125013143875,0.0,0.29166666666666663,0.25,573.5,2.1388888888888884,0.373374997371225,0.0,0.5,1.0,196.0,0.0,0.373374997371225,0.0,0.5,1.0,196.0,0.0,0.6266250026287751,0.0,0.0,0.0,707.0,3.0
card_bd41e2a2fc736b677331,state_f62d16403abfc27b1503,sgv31_u02,4,M0+R0|M0+RS|ME+R0|ME+RS,ME+RS,0.5379950269774428,0.0,0.0,0.0,611.0,2.0,0.5233709472611662,0.0,0.05555555555555555,0.25,510.8611111111111,1.6388888888888888,0.38328316511855115,0.0,0.5,1.0,196.0,0.0,0.4620049730225572,0.0,0.0,1.0,222.0,1.0,0.5379950269774428,0.0,0.0,0.0,611.0,2.0
card_be360cf5c7f0ec6c2eb9,state_21d8da201b9776b3ea92,sgv31_u02,4,M0+R0|M0+RS|ME+R0|ME+RS,ME+RS,0.7490563557512552,0.0,0.0,0.0,666.0,2.0,0.6400478622975344,0.0,0.09722222222222221,0.25,554.2222222222222,1.6388888888888888,0.32181473298506635,0.0,0.5,1.0,205.0,0.0,0.3910338075810027,0.0,0.0,1.0,230.0,1.0,0.7490563557512552,0.0,0.0,0.0,666.0,2.0
card_bf6c493649ac0b943d36,state_a4596bf3de4f947e0bc6,sgv31_u07,4,M0+R0|M0+RS|MP+R0|MP+RS,M0+RS,0.6477291697335709,0.0,0.5,0.0,607.0,1.0,0.5738645848667854,0.0,0.1527777777777778,0.25,555.3055555555555,1.4444444444444444,0.3522708302664292,0.0,0.5,1.0,203.0,0.0,0.3522708302664292,0.0,0.5,1.0,203.0,0.0,0.6477291697335709,0.0,0.0,0.0,678.0,2.0
card_c20d5a1d3fef74935201,state_0536c764ae504dadd718,sgv31_u02,4,M0+R0|M0+RS|ME+R0|ME+RS,ME+RS,0.6781852670149338,0.0,0.0,0.0,669.0,2.0,0.6329120633586418,0.0,0.05555555555555555,0.25,557.1111111111111,1.6388888888888888,0.2509436442487448,0.0,0.5,1.0,207.0,0.0,0.6089661924189973,0.0,0.0,1.0,233.0,1.0,0.6781852670149338,0.0,0.0,0.0,669.0,2.0
card_c2e21e523ca1647b47cf,state_75e80d9a998ba6811814,sgv31_u07,4,M0+R0|M0+RS|MS+R0|MS+RS,MS+RS,0.6781852670149338,0.0,0.0,0.0,650.0,2.0,0.6027813444206191,0.0,0.09722222222222222,0.25,541.2777777777778,1.5555555555555558,0.2509436442487448,0.0,0.5,1.0,202.0,0.0,0.2509436442487448,0.0,0.5,1.0,202.0,0.0,0.6781852670149338,0.0,0.0,0.0,650.0,2.0
card_c303fa8fe975439a11a4,state_744060e6f1dd48256c9d,sgv31_u02,4,M0+R0|M0+RS|ME+R0|ME+RS|MP+R0|MP+RS|MPE+R0|MPE+RS|MPMS+R0|MPMS+RS|MPMSME+R0|MPMSME+RS|MS+R0|MS+RS|MSE+R0|MSE+RS,ME+R0,0.669022836052016,0.0,0.5,1.0,230.0,1.0,0.5080327601118637,0.1111111111111111,0.4305555555555556,0.24999999999999997,572.7777777777778,2.5,0.4124612052362923,0.0,0.5,1.0,205.0,0.0,0.669022836052016,0.0,0.5,1.0,230.0,1.0,0.4736904765891629,0.5,0.0,0.0,732.0,4.0
card_c3630f84cfe20393e01d,state_a4596bf3de4f947e0bc6,sgv31_u07,4,M0+R0|M0+RS|ME+R0|ME+RS,ME+RS,0.6477291697335709,0.0,0.0,0.0,634.0,2.0,0.5738645848667854,0.0,0.1111111111111111,0.25,530.0,1.6388888888888888,0.3522708302664292,0.0,1.0,1.0,203.0,0.0,0.3522708302664292,0.0,0.0,1.0,230.0,1.0,0.6477291697335709,0.0,0.0,0.0,634.0,2.0
card_c366635b17a148e9f377,state_744060e6f1dd48256c9d,sgv31_u02,4,M0+R0|M0+RS|MP+R0|MP+RS|MPMS+R0|MPMS+RS|MS+R0|MS+RS,M0+R0,0.7300784057993063,0.0,0.5,1.0,205.0,0.0,0.4040875415009318,0.0,0.1111111111111111,0.25,582.5,2.1388888888888884,0.7300784057993063,0.0,0.5,1.0,205.0,0.0,0.7300784057993063,0.0,0.5,1.0,205.0,0.0,0.3279731530702299,0.0,0.0,0.0,716.0,3.0
card_c39ce0b107e82276cea5,state_e827464982b3493af56f,sgv31_u12,4,M0+R0|M0+RS|MP+R0|MP+RS,MP+RS,0.5379950269774428,0.0,0.0,0.0,704.0,2.0,0.5343045316922781,0.0,0.3055555555555556,0.25,573.3055555555555,1.4444444444444444,0.38328316511855115,0.0,1.0,1.0,197.0,0.0,0.38328316511855115,0.0,1.0,1.0,197.0,0.0,0.5379950269774428,0.0,0.0,0.0,704.0,2.0
card_c54160a3229f0e618f68,state_744060e6f1dd48256c9d,sgv31_u02,4,M0+R0|M0+RS|ME+R0|ME+RS,ME+R0,0.6477291697335709,0.0,0.0,1.0,253.0,1.0,0.42613541513321457,0.3333333333333333,0.06944444444444445,0.25,539.4166666666666,1.6388888888888888,0.6477291697335709,0.0,1.0,1.0,205.0,0.0,0.6477291697335709,0.0,0.0,1.0,253.0,1.0,0.3522708302664292,0.5,0.0,0.0,642.0,2.0
card_c5866ef746cde9ddb2f1,state_b2a7dcff43fec8a6130b,sgv31_u07,4,M0+R0|M0+RS|ME+R0|ME+RS,ME+RS,0.6477291697335709,0.0,0.0,0.0,681.0,2.0,0.5738645848667854,0.0,0.09722222222222221,0.25,565.3333333333334,1.6388888888888888,0.3522708302664292,0.0,0.5,1.0,205.0,0.0,0.3522708302664292,0.0,0.0,1.0,229.0,1.0,0.6477291697335709,0.0,0.0,0.0,681.0,2.0
card_c72bc80e4a1340769f54,state_922816649399c19c0dd3,sgv31_u07,4,M0+R0|M0+RS|ME+R0|ME+RS|MP+R0|MP+RS|MPE+R0|MPE+RS,MPE+R0,0.7319188060207983,0.0,0.0,1.0,305.0,2.0,0.4980033141322935,0.0,0.05555555555555555,0.25,530.2222222222222,2.0277777777777777,0.5469534556406594,0.0,1.0,1.0,194.0,0.0,0.4884410835447695,0.0,0.5,1.0,243.0,1.0,0.4563241188598213,0.0,0.0,0.0,658.0,3.0
card_c7322edcd93c505a390b,state_ea89f7e11c39b4614969,sgv31_u02,4,M0+R0|M0+RS|ME+R0|ME+RS|MP+R0|MP+RS|MPE+R0|MPE+RS|MPMS+R0|MPMS+RS|MPMSME+R0|MPMSME+RS|MS+R0|MS+RS|MSE+R0|MSE+RS,MPMS+R0,0.5764833336437959,0.0,0.0,1.0,269.0,2.0,0.46535369581560804,0.0,0.4444444444444444,0.24999999999999997,573.0,2.5,0.632331685691739,0.0,1.0,1.0,195.0,0.0,0.5800838530763239,0.0,0.5,1.0,221.0,1.0,0.5316580229481294,0.0,0.0,0.0,709.0,4.0
card_c7e52b89842b19063e56,state_75e80d9a998ba6811814,sgv31_u07,4,M0+R0|M0+RS|MP+R0|MP+RS,M0+RS,0.6508241519760448,0.0,0.5,0.0,591.0,1.0,0.4832417608915506,0.0,0.1527777777777778,0.25,543.0555555555555,1.4444444444444444,0.3491758480239551,0.0,0.5,1.0,202.0,0.0,0.3491758480239551,0.0,0.5,1.0,202.0,0.0,0.3491758480239551,0.0,0.0,0.0,662.0,2.0
card_c842ea17190e84bba819,state_44d7f5bd189b54ed3c78,sgv31_u02,4,M0+R0|M0+RS|ME+R0|ME+RS|MS+R0|MS+RS|MSE+R0|MSE+RS,MSE+RS,0.6242940384066404,0.0,0.0,0.0,716.0,3.0,0.556807057119076,0.0,0.18055555555555558,0.25,591.1666666666666,2.3333333333333335,0.5010071468437495,0.0,1.0,1.0,204.0,0.0,0.32308242511474644,0.0,0.5,1.0,230.0,1.0,0.6242940384066404,0.0,0.0,0.0,716.0,3.0
card_c9c78a37b8cbcb42f67a,state_0019c4af4878d3a28c92,sgv31_u12,4,M0+R0|M0+RS|ME+R0|ME+RS|MP+R0|MP+RS|MPE+R0|MPE+RS,ME+RS,0.5638955996277327,0.0,0.5,0.0,667.0,2.0,0.4883918354080493,0.18055555555555555,0.25,0.25,585.7222222222222,2.0277777777777777,0.5310505638716982,0.0,0.5,1.0,203.0,0.0,0.30952677985705257,0.0,0.5,1.0,231.0,1.0,0.5331589444990763,0.5,0.0,0.0,729.0,3.0
card_cbe4676256d42b3546a6,state_114df4e85de8d55af1c3,sgv31_u12,4,M0+R0|M0+RS|ME+R0|ME+RS|MP+R0|MP+RS|MPE+R0|MPE+RS,ME+RS,0.6139049121266168,0.0,0.5,0.0,620.0,2.0,0.5433027811531557,0.1527777777777778,0.3333333333333333,0.25,550.2222222222222,2.0277777777777777,0.5222819777960787,0.0,1.0,1.0,202.0,0.0,0.32342045383005297,0.0,0.5,1.0,231.0,1.0,0.6045641818757517,0.5,0.0,0.0,682.0,3.0
card_cd2c948749bdd0d0a923,state_ae7f3ffd140765e551c3,sgv31_u07,4,M0+R0|M0+RS|MP+R0|MP+RS|MPMS+R0|MPMS+RS|MS+R0|MS+RS,MPMS+RS,0.6064356815436998,0.0,0.0,0.0,749.0,3.0,0.5494336667448364,0.0,0.25,0.25,605.8611111111111,2.1388888888888884,0.3944171019310206,0.0,1.0,1.0,199.0,0.0,0.3944171019310206,0.0,1.0,1.0,199.0,0.0,0.6064356815436998,0.0,0.0,0.0,749.0,3.0
card_cefc556f74049317f759,state_791dc41cd3acb5be1c71,sgv31_u02,4,M0+R0|M0+RS|ME+R0|ME+RS|MS+R0|MS+RS|MSE+R0|MSE+RS,MSE+RS,0.5445488723548515,0.0,0.0,0.0,678.0,3.0,0.4958170531394547,0.0,0.18055555555555558,0.25,562.9166666666666,2.3333333333333335,0.5868814028343922,0.0,0.5,1.0,205.0,0.0,0.6219302809400139,0.0,0.5,1.0,231.0,1.0,0.5445488723548515,0.0,0.0,0.0,678.0,3.0
card_cf4693e8109e130991f8,state_21d8da201b9776b3ea92,sgv31_u02,4,M0+R0|M0+RS|ME+R0|ME+RS,ME+RS,0.6781852670149338,0.0,0.0,0.0,667.0,2.0,0.6124868833445205,0.0,0.05555555555555555,0.25,555.1111111111111,1.6388888888888888,0.2509436442487448,0.0,0.5,1.0,205.0,0.0,0.46190489631732423,0.0,0.0,1.0,231.0,1.0,0.6781852670149338,0.0,0.0,0.0,667.0,2.0
card_cf5968316fcdc93609b3,state_83e4918139d91a9ad380,sgv31_u12,4,M0+R0|M0+RS|ME+R0|ME+RS|MP+R0|MP+RS|MPE+R0|MPE+RS|MPMS+R0|MPMS+RS|MPMSME+R0|MPMSME+RS|MS+R0|MS+RS|MSE+R0|MSE+RS,MSE+RS,0.5946811555113809,0.0,0.5,0.0,690.0,3.0,0.5402045091940635,0.06944444444444445,0.4722222222222222,0.22222222222222224,586.5,2.5,0.4579748783504028,0.0,0.5,1.0,201.0,0.0,0.5190564615226572,0.0,0.5,1.0,251.0,1.0,0.5416758681214732,0.5,0.0,0.0,752.0,4.0
card_cf5e1602df734a9d12a8,state_37f6eee27b0b713dea7e,sgv31_u12,4,M0+R0|M0+RS|ME+R0|ME+RS|MP+R0|MP+RS|MPE+R0|MPE+RS|MPMS+R0|MPMS+RS|MPMSME+R0|MPMSME+RS|MS+R0|MS+RS|MSE+R0|MSE+RS,MSE+RS,0.6471896338691268,0.5,0.5,0.0,721.0,3.0,0.5536750513788943,0.36111111111111116,0.48611111111111116,0.24999999999999997,611.4166666666667,2.5,0.36379697733399646,0.0,0.5,1.0,203.0,0.0,0.40294836245913845,0.0,0.5,1.0,227.0,1.0,0.629210911498426,0.5,0.0,0.0,783.0,4.0
card_d315e81b89ddcf22bfb1,state_1219a18a48cc2c5d7190,sgv31_u02,4,M0+R0|M0+RS|MP+R0|MP+RS|MPMS+R0|MPMS+RS|MS+R0|MS+RS,MS+RS,0.3765189877116584,0.0,0.5,0.0,651.0,2.0,0.47276744297653783,0.25,0.25,0.25,580.5,2.1388888888888884,0.5105739271822707,0.0,0.5,1.0,203.0,0.0,0.5105739271822707,0.0,0.5,1.0,203.0,0.0,0.42148312992209735,0.5,0.0,0.0,714.0,3.0
card_d3f45eee1f2b963cbf87,state_984d0cfb9762b40773e3,sgv31_u12,4,M0+R0|M0+RS|MP+R0|MP+RS,MP+RS,0.3491758480239551,0.5,0.0,0.0,680.0,2.0,0.4832417608915506,0.25,0.3055555555555556,0.25,557.3055555555555,1.4444444444444444,0.3491758480239551,0.0,1.0,1.0,205.0,0.0,0.3491758480239551,0.0,1.0,1.0,205.0,0.0,0.3491758480239551,0.5,0.0,0.0,680.0,2.0
card_d3f8ac2c215c234e157e,state_e6a77c2a14981797c6f7,sgv31_u07,4,M0+R0|M0+RS|ME+R0|ME+RS,ME+RS,0.5,0.0,0.0,0.0,680.0,2.0,0.5,0.0,0.1111111111111111,0.25,564.3333333333333,1.6388888888888888,0.5,0.0,1.0,1.0,204.0,0.0,0.5,0.0,0.0,1.0,228.0,1.0,0.5,0.0,0.0,0.0,680.0,2.0
card_d5fbd9a579f022e7f3dc,state_e49c298ab0384e582221,sgv31_u12,4,M0+R0|M0+RS|MP+R0|MP+RS|MPMS+R0|MPMS+RS|MS+R0|MS+RS,MS+RS,0.5317467111209881,0.0,0.5,0.5,646.0,2.0,0.5146734194841708,0.0,0.25,0.3611111111111111,574.8611111111111,2.1388888888888884,0.4324688271896111,0.0,0.5,1.0,198.0,0.0,0.4324688271896111,0.0,0.5,1.0,198.0,0.0,0.5665140131925505,0.0,0.0,0.0,708.0,3.0
card_d6b0489e99a30be25af4,state_ae25449134e15febfe06,sgv31_u02,4,M0+R0|M0+RS|ME+R0|ME+RS,M0+RS,0.5379950269774428,0.0,0.5,0.0,587.0,1.0,0.5539849836682795,0.0,0.05555555555555555,0.25,512.8611111111111,1.6388888888888888,0.4620049730225572,0.0,0.5,1.0,198.0,0.0,0.38328316511855115,0.0,0.0,1.0,224.0,1.0,0.6167168348814488,0.0,0.0,0.0,613.0,2.0
card_d7098bf1de880f5f4247,state_66edf1a4e7dfe66350a5,sgv31_u07,4,M0+R0|M0+RS|ME+R0|ME+RS,ME+RS,0.3522708302664292,0.0,0.0,0.0,664.0,2.0,0.42613541513321457,0.0,0.1111111111111111,0.25,552.3333333333333,1.6388888888888888,0.6477291697335709,0.0,1.0,1.0,204.0,0.0,0.6477291697335709,0.0,0.0,1.0,228.0,1.0,0.3522708302664292,0.0,0.0,0.0,664.0,2.0
card_d76a6fb9535993764d91,state_e49c298ab0384e582221,sgv31_u12,4,M0+R0|M0+RS|ME+R0|ME+RS,ME+RS,0.5,0.0,0.0,0.0,616.0,2.0,0.5,0.0,0.09722222222222221,0.25,515.5277777777777,1.6388888888888888,0.5,0.0,0.5,1.0,198.0,0.0,0.5,0.0,0.0,1.0,227.0,1.0,0.5,0.0,0.0,0.0,616.0,2.0
card_d78d6456e8d234485129,state_e49c298ab0384e582221,sgv31_u12,4,M0+R0|M0+RS|ME+R0|ME+RS|MS+R0|MS+RS|MSE+R0|MSE+RS,MS+RS,0.5099463049615207,0.0,0.5,0.0,646.0,2.0,0.417842564919054,0.06944444444444445,0.1527777777777778,0.25,569.9166666666666,2.3333333333333335,0.4525227597063916,0.0,0.5,1.0,198.0,0.0,0.464583160521344,0.0,0.5,1.0,248.0,1.0,0.2861375736818494,0.0,0.0,0.0,687.0,3.0
card_d7e0d6e5285cb6e275fe,state_114df4e85de8d55af1c3,sgv31_u12,4,M0+R0|M0+RS|ME+R0|ME+RS|MP+R0|MP+RS|MPE+R0|MPE+RS|MPMS+R0|MPMS+RS|MPMSME+R0|MPMSME+RS|MS+R0|MS+RS|MSE+R0|MSE+RS,ME+RS,0.5925383649421481,0.0,0.5,0.0,620.0,2.0,0.46638205636472563,0.0,0.4444444444444444,0.24999999999999997,572.3333333333333,2.5,0.3244878991031203,0.0,0.5,1.0,202.0,0.0,0.4723362676272566,0.0,0.5,1.0,231.0,1.0,0.6039288474384569,0.5,0.0,0.0,732.0,4.0
card_d924e5c74374b4ece944,state_00c3587c75ac5a3cb1f7,sgv31_u12,4,M0+R0|M0+RS|MP+R0|MP+RS|MPMS+R0|MPMS+RS|MS+R0|MS+RS,MS+RS,0.3136460266920854,0.0,0.5,0.0,649.0,2.0,0.5014406360941157,0.08333333333333333,0.2361111111111111,0.25,577.8611111111111,2.1388888888888884,0.43299648690902864,0.0,0.5,1.0,201.0,0.0,0.43299648690902864,0.0,0.5,1.0,201.0,0.0,0.566253259935886,0.0,0.0,0.0,711.0,3.0
card_da285a8ab4361a54c473,state_431317d6ea6bfd04d192,sgv31_u12,4,M0+R0|M0+RS|MS+R0|MS+RS,MS+R0,0.575608198633369,0.0,0.0,1.0,246.0,1.0,0.39283222733511713,0.0,0.19444444444444445,0.2222222222222222,566.0833333333334,1.5555555555555558,0.571928872983399,0.0,1.0,0.5,195.0,0.0,0.571928872983399,0.0,1.0,0.5,195.0,0.0,0.27685472974986314,0.0,0.0,0.0,686.0,2.0
card_da655b81ca12be5f8c91,state_1219a18a48cc2c5d7190,sgv31_u02,4,M0+R0|M0+RS|MP+R0|MP+RS,M0+RS,0.571928872983399,0.0,0.5,0.0,592.0,1.0,0.5165974149379725,0.0,0.1527777777777778,0.25,544.75,1.4444444444444444,0.5756081986333689,0.0,0.5,1.0,203.0,0.0,0.5756081986333689,0.0,0.5,1.0,203.0,0.0,0.5756081986333689,0.0,0.0,0.0,664.0,2.0
card_db56ccb73564970e560d,state_9c25f20786bf2f1a2f27,sgv31_u07,4,M0+R0|M0+RS,M0+RS,0.5,0.0,1.0,0.0,614.0,1.0,0.5,0.0,1.0,0.25,508.25,0.75,0.5,0.0,1.0,1.0,191.0,0.0,0.5,0.0,1.0,1.0,191.0,0.0,0.5,0.0,1.0,0.0,614.0,1.0
card_db826d809b43918b88b3,state_44d7f5bd189b54ed3c78,sgv31_u02,4,M0+R0|M0+RS,M0+RS,0.5,0.0,1.0,0.0,640.0,1.0,0.5,0.0,1.0,0.25,531.0,0.75,0.5,0.0,1.0,1.0,204.0,0.0,0.5,0.0,1.0,1.0,204.0,0.0,0.5,0.0,1.0,0.0,640.0,1.0
card_dbe5d6129a27651ff0d7,state_0fb87a7f11022c7303dc,sgv31_u07,4,M0+R0|M0+RS|ME+R0|ME+RS,ME+R0,0.5379950269774428,0.0,0.0,1.0,238.0,1.0,0.4766290527388338,0.0,0.1111111111111111,0.25,559.5555555555555,1.6388888888888888,0.6167168348814488,0.0,1.0,1.0,189.0,0.0,0.5379950269774428,0.0,0.0,1.0,238.0,1.0,0.4620049730225572,0.0,0.0,0.0,674.0,2.0
card_dcdf36893419e27da85c,state_ae25449134e15febfe06,sgv31_u02,4,M0+R0|M0+RS|ME+R0|ME+RS,M0+RS,0.42439180136663107,0.0,1.0,0.0,587.0,1.0,0.6236629841125786,0.0,0.09722222222222221,0.25,511.97222222222223,1.6388888888888888,0.42807112701660105,0.0,0.5,1.0,198.0,0.0,0.42439180136663107,0.0,0.0,1.0,223.0,1.0,0.723145270250137,0.0,0.0,0.0,612.0,2.0
card_dde96e73b530f40a680b,state_00c3587c75ac5a3cb1f7,sgv31_u12,4,M0+R0|M0+RS|ME+R0|ME+RS|MP+R0|MP+RS|MPE+R0|MPE+RS|MPMS+R0|MPMS+RS|MPMSME+R0|MPMSME+RS|MS+R0|MS+RS|MSE+R0|MSE+RS,MSE+RS,0.40273734244749854,0.0,0.5,0.0,690.0,3.0,0.44272214458447035,0.041666666666666664,0.45833333333333337,0.24999999999999997,586.5,2.5,0.4191512568890039,0.0,0.5,1.0,201.0,0.0,0.5289895288063852,0.0,0.5,1.0,251.0,1.0,0.6485995384474417,0.5,0.0,0.0,752.0,4.0
card_de771d2583a6299cc963,state_b98fab2a906052355005,sgv31_u12,4,M0+R0|M0+RS|MS+R0|MS+RS,MS+RS,0.6477291697335709,0.0,0.0,0.0,708.0,2.0,0.5738645848667855,0.0,0.125,0.25,586.5277777777778,1.5555555555555558,0.3522708302664292,0.0,1.0,1.0,209.0,0.0,0.3522708302664292,0.0,1.0,1.0,209.0,0.0,0.6477291697335709,0.0,0.0,0.0,708.0,2.0
card_e2c4a17135dea9a60e28,state_922816649399c19c0dd3,sgv31_u07,4,M0+R0|M0+RS,M0+R0,0.7215937546003562,0.0,1.0,1.0,194.0,0.0,0.3892031226998219,0.0,1.0,0.25,458.75,0.75,0.7215937546003562,0.0,1.0,1.0,194.0,0.0,0.7215937546003562,0.0,1.0,1.0,194.0,0.0,0.27840624539964376,0.0,1.0,0.0,547.0,1.0
card_e33036331ce6e2537267,state_e6a77c2a14981797c6f7,sgv31_u07,4,M0+R0|M0+RS|ME+R0|ME+RS|MS+R0|MS+RS|MSE+R0|MSE+RS,MSE+RS,0.5910233029057389,0.5,0.0,0.0,723.0,3.0,0.5657188642504738,0.3194444444444444,0.18055555555555558,0.25,596.25,2.3333333333333335,0.22957922496590813,0.0,0.5,1.0,204.0,0.0,0.46607630942020756,0.0,0.5,1.0,228.0,1.0,0.5910233029057389,0.5,0.0,0.0,723.0,3.0
card_e4109ecf313488bf77c5,state_0b70d054c551d8b6176d,sgv31_u07,4,M0+R0|M0+RS,M0+RS,0.27840624539964376,0.0,1.0,0.0,591.0,1.0,0.3892031226998219,0.0,1.0,0.25,493.75,0.75,0.7215937546003562,0.0,1.0,1.0,202.0,0.0,0.7215937546003562,0.0,1.0,1.0,202.0,0.0,0.27840624539964376,0.0,1.0,0.0,591.0,1.0
card_e56798b6825253c3270e,state_02b7e0543dbe15d01174,sgv31_u02,4,M0+R0|M0+RS,M0+R0,0.27840624539964376,0.0,1.0,1.0,195.0,0.0,0.6107968773001781,0.0,1.0,0.25,522.0,0.75,0.27840624539964376,0.0,1.0,1.0,195.0,0.0,0.27840624539964376,0.0,1.0,1.0,195.0,0.0,0.7215937546003562,0.0,1.0,0.0,631.0,1.0
card_e637c012fda39ab38b56,state_114df4e85de8d55af1c3,sgv31_u12,4,M0+R0|M0+RS,M0+RS,0.7215937546003562,0.0,0.5,0.0,591.0,1.0,0.6107968773001781,0.0,0.625,0.25,493.75,0.75,0.27840624539964376,0.0,1.0,1.0,202.0,0.0,0.27840624539964376,0.0,1.0,1.0,202.0,0.0,0.7215937546003562,0.0,0.5,0.0,591.0,1.0
card_e7492e1c3bc4729d7ded,state_e827464982b3493af56f,sgv31_u12,4,M0+R0|M0+RS|MS+R0|MS+RS,MS+RS,0.771205679933669,0.0,0.0,0.0,684.0,2.0,0.6506698221853717,0.0,0.19444444444444445,0.2222222222222222,565.0833333333334,1.5555555555555558,0.22879432006633116,0.0,1.0,0.5,197.0,0.0,0.22879432006633116,0.0,1.0,0.5,197.0,0.0,0.771205679933669,0.0,0.0,0.0,684.0,2.0
card_e7c1197aaf56a1f53d2f,state_ae7f3ffd140765e551c3,sgv31_u07,4,M0+R0|M0+RS|ME+R0|ME+RS|MP+R0|MP+RS|MPE+R0|MPE+RS,MP+RS,0.6495302776247396,0.0,0.0,0.0,706.0,2.0,0.4984805922157234,0.013888888888888888,0.2638888888888889,0.25,580.9722222222223,2.0277777777777777,0.4046383050400797,0.0,0.5,1.0,199.0,0.0,0.4602232282092129,0.0,0.5,1.0,226.0,1.0,0.6595840315479665,0.0,0.0,0.0,724.0,3.0
card_e977717aa390146a3262,state_ae25449134e15febfe06,sgv31_u02,4,M0+R0|M0+RS|MP+R0|MP+RS|MPMS+R0|MPMS+RS|MS+R0|MS+RS,M0+RS,0.6824826111478239,0.0,0.5,0.0,587.0,1.0,0.5217019973099342,0.0,0.25,0.1527777777777778,575.5,2.1388888888888884,0.46940012572284356,0.0,0.5,1.0,198.0,0.0,0.46940012572284356,0.0,0.5,1.0,198.0,0.0,0.467337723903358,0.0,0.0,0.0,709.0,3.0
card_e9a55129a14ce76bfd7c,state_e6a77c2a14981797c6f7,sgv31_u07,4,M0+R0|M0+RS|ME+R0|ME+RS,ME+RS,0.771205679933669,0.0,0.0,0.0,683.0,2.0,0.6732702955131773,0.0,0.09722222222222221,0.25,567.0,1.6388888888888888,0.22879432006633116,0.0,0.5,1.0,204.0,0.0,0.5,0.0,0.0,1.0,231.0,1.0,0.771205679933669,0.0,0.0,0.0,683.0,2.0
card_ea0e00b469773045fa0e,state_0fb87a7f11022c7303dc,sgv31_u07,4,M0+R0|M0+RS|MP+R0|MP+RS|MPMS+R0|MPMS+RS|MS+R0|MS+RS,MPMS+R0,0.588438795133772,0.0,0.0,1.0,256.0,2.0,0.454950107502323,0.0,0.1111111111111111,0.3611111111111111,565.8333333333333,2.1388888888888884,0.5209222496140911,0.0,1.0,1.0,189.0,0.0,0.5209222496140911,0.0,1.0,1.0,189.0,0.0,0.3458851165994027,0.0,0.0,0.0,692.0,3.0
card_ea50dd8e2c9aef93d588,state_984d0cfb9762b40773e3,sgv31_u12,4,M0+R0|M0+RS|ME+R0|ME+RS,ME+RS,0.6477291697335709,0.0,0.0,0.0,633.0,2.0,0.5738645848667854,0.0,0.1111111111111111,0.25,529.3333333333334,1.6388888888888888,0.3522708302664292,0.0,1.0,1.0,205.0,0.0,0.3522708302664292,0.0,0.0,1.0,229.0,1.0,0.6477291697335709,0.0,0.0,0.0,633.0,2.0
card_eb4f77aa9b8e1b037612,state_b98fab2a906052355005,sgv31_u12,4,M0+R0|M0+RS|ME+R0|ME+RS|MS+R0|MS+RS|MSE+R0|MSE+RS,MSE+RS,0.6473797390388817,0.5,0.0,0.0,728.0,3.0,0.5898891456806987,0.25,0.20833333333333337,0.25,601.6666666666667,2.3333333333333335,0.35231861529409264,0.0,0.5,1.0,209.0,0.0,0.35033301242914516,0.0,0.5,1.0,238.0,1.0,0.6473797390388817,0.5,0.0,0.0,728.0,3.0
card_edb88953f02d85e5fa90,state_00c3587c75ac5a3cb1f7,sgv31_u12,4,M0+R0|M0+RS|ME+R0|ME+RS,ME+RS,0.6517631905951392,0.0,0.0,0.0,640.0,2.0,0.5969598162135611,0.0,0.1111111111111111,0.2361111111111111,537.1944444444443,1.6388888888888888,0.34823680940486074,0.0,1.0,0.5,201.0,0.0,0.5,0.0,0.0,1.0,251.0,1.0,0.6517631905951392,0.0,0.0,0.0,640.0,2.0
card_efaa3d3a00c56f774286,state_ea89f7e11c39b4614969,sgv31_u02,4,M0+R0|M0+RS|MP+R0|MP+RS,MP+R0,0.3126818317579353,0.0,0.0,1.0,219.0,1.0,0.48413907320181104,0.0,0.3055555555555556,0.25,528.9166666666667,1.4444444444444444,0.6873181682420647,0.0,1.0,1.0,195.0,0.0,0.6873181682420647,0.0,1.0,1.0,195.0,0.0,0.5406219418306134,0.0,0.0,0.0,642.0,2.0
card_f119a34673f0cf096213,state_66edf1a4e7dfe66350a5,sgv31_u07,4,M0+R0|M0+RS|ME+R0|ME+RS|MP+R0|MP+RS|MPE+R0|MPE+RS,ME+RS,0.6756554067716689,0.0,0.0,0.0,689.0,2.0,0.5511102134819179,0.06944444444444445,0.027777777777777776,0.1527777777777778,602.4722222222223,2.0277777777777777,0.5419550979339268,0.0,1.0,1.0,204.0,0.0,0.5108214317977592,0.0,0.0,1.0,253.0,1.0,0.5834735276990918,0.5,0.0,0.0,751.0,3.0
card_f2a5408152b3d74d9bb2,state_431317d6ea6bfd04d192,sgv31_u12,4,M0+R0|M0+RS|ME+R0|ME+RS,ME+R0,0.575608198633369,0.0,0.0,1.0,219.0,1.0,0.37633701588742147,0.0,0.1111111111111111,0.2361111111111111,546.3333333333333,1.6388888888888888,0.571928872983399,0.0,1.0,0.5,195.0,0.0,0.575608198633369,0.0,0.0,1.0,219.0,1.0,0.27685472974986314,0.0,0.0,0.0,659.0,2.0
card_f2b600e10aff02a2fce5,state_02b7e0543dbe15d01174,sgv31_u02,4,M0+R0|M0+RS|MP+R0|MP+RS|MPMS+R0|MPMS+RS|MS+R0|MS+RS,MPMS+R0,0.5398833928918138,0.5,0.0,1.0,317.0,2.0,0.4076069415041878,0.1388888888888889,0.2361111111111111,0.25,607.75,2.1388888888888884,0.6332667226946859,0.0,1.0,1.0,195.0,0.0,0.6332667226946859,0.0,1.0,1.0,195.0,0.0,0.30577983975891926,0.0,0.0,0.0,753.0,3.0
card_f32f7fb070c6b6ef4e1d,state_75e80d9a998ba6811814,sgv31_u07,4,M0+R0|M0+RS|ME+R0|ME+RS,ME+RS,0.6781852670149338,0.0,0.0,0.0,615.0,2.0,0.6124868833445205,0.0,0.06944444444444445,0.25,515.0833333333334,1.6388888888888888,0.2509436442487448,0.0,1.0,1.0,202.0,0.0,0.46190489631732423,0.0,0.0,1.0,226.0,1.0,0.6781852670149338,0.0,0.0,0.0,615.0,2.0
card_f46b38cb9566399d5c6b,state_431317d6ea6bfd04d192,sgv31_u12,4,M0+R0|M0+RS|MP+R0|MP+RS|MPMS+R0|MPMS+RS|MS+R0|MS+RS,MPMS+R0,0.6417771711400727,0.0,0.0,1.0,308.0,2.0,0.4408857434976952,0.0,0.2222222222222222,0.29166666666666663,604.1111111111111,2.1388888888888884,0.6123566988151238,0.0,1.0,1.0,195.0,0.0,0.6123566988151238,0.0,1.0,1.0,195.0,0.0,0.44655807064680214,0.0,0.0,0.0,748.0,3.0
card_f5293bcd865c09bc32bb,state_ea89f7e11c39b4614969,sgv31_u02,4,M0+R0|M0+RS|MP+R0|MP+RS|MPMS+R0|MPMS+RS|MS+R0|MS+RS,MPMS+R0,0.3393767666265447,0.0,0.0,1.0,269.0,2.0,0.524822565270065,0.0,0.1111111111111111,0.25,567.3333333333333,2.1388888888888884,0.5979867710582927,0.0,1.0,1.0,195.0,0.0,0.5979867710582927,0.0,1.0,1.0,195.0,0.0,0.5959276245538939,0.0,0.0,0.0,692.0,3.0
card_f6762499d5cc96d4b0b6,state_7dbaca68286ab101e017,sgv31_u12,4,M0+R0|M0+RS|ME+R0|ME+RS,ME+R0,0.6873181682420647,0.0,0.0,1.0,222.0,1.0,0.5127268444236547,0.0,0.1111111111111111,0.2361111111111111,536.5833333333334,1.6388888888888888,0.3126818317579353,0.0,1.0,0.5,198.0,0.0,0.6873181682420647,0.0,0.0,1.0,222.0,1.0,0.45937805816938654,0.0,0.0,0.0,645.0,2.0
card_f6f970ff0b9415886937,state_21d8da201b9776b3ea92,sgv31_u02,4,M0+R0|M0+RS|MS+R0|MS+RS,MS+RS,0.6781852670149338,0.0,0.0,0.0,700.0,2.0,0.6027813444206191,0.0,0.19444444444444445,0.1527777777777778,579.5277777777778,1.5555555555555558,0.2509436442487448,0.0,1.0,1.0,205.0,0.0,0.2509436442487448,0.0,1.0,1.0,205.0,0.0,0.6781852670149338,0.0,0.0,0.0,700.0,2.0
card_f7193087bf5d37915fff,state_b98fab2a906052355005,sgv31_u12,4,M0+R0|M0+RS|ME+R0|ME+RS|MP+R0|MP+RS|MPE+R0|MPE+RS,ME+RS,0.6477354126024929,0.0,0.5,0.0,699.0,2.0,0.5618787580831719,0.19444444444444442,0.3472222222222222,0.25,611.2222222222222,2.0277777777777777,0.32167779396991963,0.0,0.5,1.0,209.0,0.0,0.3509772017185696,0.0,0.5,1.0,259.0,1.0,0.61541498722593,0.0,0.0,0.0,761.0,3.0
card_f727e66aa0215f940582,state_0b70d054c551d8b6176d,sgv31_u07,4,M0+R0|M0+RS|ME+R0|ME+RS|MP+R0|MP+RS|MPE+R0|MPE+RS|MPMS+R0|MPMS+RS|MPMSME+R0|MPMSME+RS|MS+R0|MS+RS|MSE+R0|MSE+RS,ME+RS,0.7225598323614091,0.0,0.5,0.0,618.0,2.0,0.5039583483139554,0.09722222222222222,0.4027777777777778,0.24999999999999997,570.8888888888889,2.5,0.41425611398291495,0.0,1.0,1.0,202.0,0.0,0.43512713901039674,0.0,0.5,1.0,229.0,1.0,0.6180396029410515,0.0,0.0,0.0,730.0,4.0
card_f8023c636a573ef32f98,state_ec752d30cddf083ac393,sgv31_u02,4,M0+R0|M0+RS|MP+R0|MP+RS,MP+R0,0.2768547297498632,0.5,0.0,1.0,267.0,1.0,0.5165974149379725,0.09722222222222222,0.3055555555555556,0.25,576.5,1.4444444444444444,0.5756081986333689,0.0,1.0,1.0,195.0,0.0,0.5756081986333689,0.0,1.0,1.0,195.0,0.0,0.5756081986333689,0.0,0.0,0.0,709.0,2.0
card_f81f16a387f15fd079c0,state_984d0cfb9762b40773e3,sgv31_u12,4,M0+R0|M0+RS,M0+RS,0.7215937546003562,0.0,1.0,0.0,609.0,1.0,0.6107968773001781,0.0,1.0,0.25,508.0,0.75,0.27840624539964376,0.0,1.0,1.0,205.0,0.0,0.27840624539964376,0.0,1.0,1.0,205.0,0.0,0.7215937546003562,0.0,1.0,0.0,609.0,1.0
card_f86d939c4c4ca3567c25,state_75e80d9a998ba6811814,sgv31_u07,4,M0+R0|M0+RS|ME+R0|ME+RS|MP+R0|MP+RS|MPE+R0|MPE+RS|MPMS+R0|MPMS+RS|MPMSME+R0|MPMSME+RS|MS+R0|MS+RS|MSE+R0|MSE+RS,MSE+RS,0.44358594567564313,0.0,0.5,0.0,668.0,3.0,0.4683811946076515,0.0,0.4722222222222222,0.2361111111111111,570.8888888888889,2.5,0.3995175616398117,0.0,0.5,1.0,202.0,0.0,0.6327410715338194,0.0,0.5,1.0,229.0,1.0,0.4447951612388773,0.5,0.0,0.0,730.0,4.0
card_f94ea5331adb46a655ad,state_791dc41cd3acb5be1c71,sgv31_u02,4,M0+R0|M0+RS|MP+R0|MP+RS,M0+RS,0.5379950269774428,0.0,0.5,0.0,602.0,1.0,0.474290571744327,0.09722222222222222,0.18055555555555555,0.25,552.75,1.4444444444444444,0.6167168348814488,0.0,1.0,1.0,205.0,0.0,0.6167168348814488,0.0,1.0,1.0,205.0,0.0,0.4620049730225572,0.0,0.0,0.0,674.0,2.0
card_fbeec20050dfd5e8d569,state_7dbaca68286ab101e017,sgv31_u12,4,M0+R0|M0+RS|MP+R0|MP+RS,MP+R0,0.4620049730225572,0.0,0.0,1.0,222.0,1.0,0.5343045316922781,0.0,0.3055555555555556,0.25,531.9166666666666,1.4444444444444444,0.38328316511855115,0.0,1.0,1.0,198.0,0.0,0.38328316511855115,0.0,1.0,1.0,198.0,0.0,0.5379950269774428,0.0,0.0,0.0,645.0,2.0
card_fcfc9434aa4d5be7039a,state_0fb87a7f11022c7303dc,sgv31_u07,4,M0+R0|M0+RS|MP+R0|MP+RS,MP+R0,0.42439180136663107,0.0,0.0,0.5,213.0,1.0,0.44282887912958857,0.0,0.3055555555555556,0.1527777777777778,532.6666666666666,1.4444444444444444,0.723145270250137,0.0,1.0,1.0,189.0,0.0,0.723145270250137,0.0,1.0,1.0,189.0,0.0,0.42807112701660105,0.0,0.0,0.0,649.0,2.0
card_fd7e3041bdbb3b77dfdb,state_7dbaca68286ab101e017,sgv31_u12,4,M0+R0|M0+RS|ME+R0|ME+RS,ME+R0,0.6477291697335709,0.0,0.0,0.5,248.0,1.0,0.42613541513321457,0.0,0.1111111111111111,0.1388888888888889,559.6944444444445,1.6388888888888888,0.6477291697335709,0.0,1.0,1.0,198.0,0.0,0.6477291697335709,0.0,0.0,0.5,248.0,1.0,0.3522708302664292,0.0,0.0,0.0,671.0,2.0
card_ff7ca0687e92a0553d2c,state_66edf1a4e7dfe66350a5,sgv31_u07,4,M0+R0|M0+RS|ME+R0|ME+RS,ME+RS,0.5379950269774428,0.0,0.0,0.0,689.0,2.0,0.5233709472611662,0.0,0.1111111111111111,0.25,574.5555555555555,1.6388888888888888,0.38328316511855115,0.0,1.0,1.0,204.0,0.0,0.4620049730225572,0.0,0.0,1.0,253.0,1.0,0.5379950269774428,0.0,0.0,0.0,689.0,2.0
