action,api_usd,arm,completion_token_ids,final_decode_ms,freeze_sha256,generation_ms,generation_setup_ms,generator_first_token_ms,input_ids_sha256,input_tokens,local_complete_ms,local_first_text_ms,local_first_token_ms,messages_sha256,natural_eos,ordinal,output_tokens,policy_ms,position,prompt_build_ms,reference_response_matches,repeat,request_id,response_sha256,response_text,retrieval_ms,scenario_id,seed,source_invocations,state_hydration_ms,tokenization_ms,turn_index,unit_id,user_id,warmup
MPMSME+RS,0,fixed_off,"[2181, 10578, 1093, 9298, 3842, 1578, 706, 75940, 709, 264, 2763, 315, 21958, 323, 1903, 499, 3488, 701, 21730, 5208, 13, 3011, 649, 387, 2216, 11292, 311, 21546, 13, 3053, 499, 3371, 757, 810, 922, 1148, 596, 1027, 2133, 1555, 701, 4059, 2533, 279, 13123, 30, 3639, 527, 1063, 315, 279, 11555, 323, 16024, 430, 617, 1027, 40986, 369, 499, 30, 128009]",0.11848192662000656,391eb62b5e02e9d7fc1641bfc3dc5e5a596f8ea76135eaa3fe1f3da77edf1b62,1929.3715110979974,0.04576193168759346,257.88975111208856,6ea14956e3e218c0ff81ad2c1b6f98ae4ec0d25e4716395eaa3a798bdca7d070,1618,2104.0586510207504,432.532706996426,432.45840910822153,5fe12dbe2cd69ca1c7c595d2d19cb0a5bc95797b7475cd6936d7726b8392d740,True,0,62,0.007070833817124367,0,0.0431588850915432,True,0,r0:state_7b616bddefee4a946561:fixed_off,010387abc807840d3e5e5a0978be0e2c9f03447df5475eee05761cc8628ce7b7,It sounds like seeing John again has stirred up a lot of emotions and made you question your healing progress. That can be really tough to navigate. Can you tell me more about what's been going through your mind since the encounter? What are some of the thoughts and feelings that have been arising for you?,170.25811411440372,p11:2,101,4,0.1121091190725565,4.102443112060428,3,state_7b616bddefee4a946561,p11,False
M0+R0,0,context_only,"[2181, 596, 6724, 4725, 311, 2733, 1093, 499, 3077, 4529, 264, 3094, 1203, 11, 5423, 994, 17011, 449, 264, 8346, 1093, 9298, 459, 506, 13, 1102, 3250, 956, 3152, 499, 2351, 539, 21730, 11, 719, 4856, 430, 499, 2351, 2103, 3318, 1555, 1063, 315, 279, 21958, 430, 527, 2103, 3118, 13, 3053, 499, 3371, 757, 810, 922, 1148, 499, 3152, 555, 330, 359, 40847, 16024, 323, 19459, 44969, 3639, 11951, 706, 1027, 5108, 709, 369, 499, 2533, 9298, 3842, 30, 128009]",0.143769895657897,391eb62b5e02e9d7fc1641bfc3dc5e5a596f8ea76135eaa3fe1f3da77edf1b62,2222.3675129935145,0.03496208228170872,69.29573602974415,a43db1ff72baa1d1ae4d1384eb5b52a4c6cd65c4c8c6b9b18e79c2ad83bfecd3,311,2223.7557228654623,70.57372201234102,70.54017600603402,df0255124b5883d0057c1dddfb91f0cce2c8df89d9d3a62b8f813d607a515702,True,1,81,0.006597023457288742,1,0.008631031960248947,,0,r0:state_7b616bddefee4a946561:context_only,6ba5710987c84b420006595037345556d295afb8b61e5d0d62fa68597b066911,"It's completely normal to feel like you've taken a step back, especially when faced with a trigger like seeing an ex. It doesn't mean you're not healing, but rather that you're still working through some of the emotions that are still present. Can you tell me more about what you mean by ""unresolved feelings and memories""? What specifically has been coming up for you since seeing John?",0.02995389513671398,p11:2,101,0,0.10997895151376724,1.0543169919401407,3,state_7b616bddefee4a946561,p11,False
MP+RS,0,pm_off,"[2181, 10578, 1093, 9298, 3842, 1578, 706, 75940, 709, 264, 2763, 315, 21958, 323, 19459, 505, 701, 3347, 5133, 13, 3011, 649, 387, 2216, 11292, 311, 21546, 11, 5423, 994, 499, 3463, 499, 4265, 1903, 5208, 304, 21730, 13, 3053, 499, 3371, 757, 810, 922, 1148, 596, 1027, 2133, 1555, 701, 4059, 323, 4851, 2533, 279, 13123, 30, 3639, 527, 1063, 315, 279, 11555, 323, 16024, 430, 617, 1027, 40986, 369, 499, 30, 128009]",0.19044103100895882,391eb62b5e02e9d7fc1641bfc3dc5e5a596f8ea76135eaa3fe1f3da77edf1b62,2084.1060939710587,0.042150961235165596,118.01937804557383,631e38f0a7ad6f755e9909fca88b701a56708f7b5fc98991fa452cd391b038b6,667,2268.711898010224,302.4926900397986,302.43474105373025,7157b3ebb7684f0abb69aa35ef5bacd5f1d4669419e34ebb4d26ffcd1eeab30a,True,2,74,6.793885957449675,2,0.03236113116145134,True,0,r0:state_7b616bddefee4a946561:pm_off,c56fb2c2c229661ce1144e8d0f16948ebda0b0a74e3863b54c8ea5dd7b717d7e,"It sounds like seeing John again has stirred up a lot of emotions and memories from your past relationship. That can be really tough to navigate, especially when you thought you'd made progress in healing. Can you tell me more about what's been going through your mind and heart since the encounter? What are some of the thoughts and feelings that have been arising for you?",175.39662797935307,p11:2,101,2,0.1161680556833744,2.0341689232736826,3,state_7b616bddefee4a946561,p11,False
MSE+RS,0,rule_off,"[2181, 10578, 1093, 9298, 3842, 1578, 706, 75940, 709, 264, 2763, 315, 21958, 323, 1903, 499, 3488, 701, 21730, 5208, 13, 3011, 649, 387, 2216, 11292, 311, 21546, 13, 3053, 499, 3371, 757, 810, 922, 1148, 596, 1027, 2133, 1555, 701, 4059, 2533, 279, 13123, 30, 3639, 527, 1063, 315, 279, 11555, 323, 16024, 430, 617, 1027, 40986, 369, 499, 30, 128009]",0.12454995885491371,391eb62b5e02e9d7fc1641bfc3dc5e5a596f8ea76135eaa3fe1f3da77edf1b62,1927.1395101677626,0.04182802513241768,257.25876400247216,88b6997a6b6b54fad531aaf864f31394226f099c98bd35cb1e678d86f95e0dee,1589,2104.6177451498806,434.6673800610006,434.61244902573526,4ec7758d0d800ad42649f8158de1409ede7e0e71a97eac07a4e89b48e9268f69,True,3,62,161.78707010112703,3,0.0334868673235178,True,0,r0:state_7b616bddefee4a946561:rule_off,010387abc807840d3e5e5a0978be0e2c9f03447df5475eee05761cc8628ce7b7,It sounds like seeing John again has stirred up a lot of emotions and made you question your healing progress. That can be really tough to navigate. Can you tell me more about what's been going through your mind since the encounter? What are some of the thoughts and feelings that have been arising for you?,11.63360895588994,p11:2,101,3,0.1439980696886778,3.713693004101515,3,state_7b616bddefee4a946561,p11,False
ME+R0,0,me_r0,"[2181, 10578, 1093, 9298, 3842, 1578, 706, 75940, 709, 264, 2763, 315, 21958, 323, 1903, 499, 3488, 701, 21730, 5208, 13, 3011, 649, 387, 2216, 11292, 13, 3053, 499, 3371, 757, 810, 922, 1148, 499, 2351, 16026, 311, 11322, 304, 3878, 315, 21730, 323, 7366, 389, 30, 3639, 1587, 430, 1427, 1093, 369, 499, 30, 128009]",0.10775914415717125,391eb62b5e02e9d7fc1641bfc3dc5e5a596f8ea76135eaa3fe1f3da77edf1b62,1679.3838848825544,0.035264063626527786,191.89229607582092,6a8fc3c1df280b7716761ab44f1f51cdcd2184a3ff692919e9da90f82ca1760f,1187,1685.2399881463498,197.69015116617084,197.64064019545913,db6229fac977d3ba449969166ed6a61b71dc3062dd55767bef14022484eeb0d3,True,4,56,0.0064300838857889175,4,0.014177989214658737,,0,r0:state_7b616bddefee4a946561:me_r0,16035850c3ca97f5f5e10dfcda3631027228770f6d27e1e65aad199e9cef2bb0,It sounds like seeing John again has stirred up a lot of emotions and made you question your healing progress. That can be really tough. Can you tell me more about what you're hoping to achieve in terms of healing and moving on? What does that look like for you?,2.8382630553096533,p11:2,101,1,0.11106906458735466,2.743139863014221,3,state_7b616bddefee4a946561,p11,False
MSE+RS,0,rule_off,"[40, 2846, 779, 16089, 499, 6612, 10882, 11821, 420, 449, 757, 13, 1102, 5097, 264, 2763, 315, 25775, 311, 25670, 323, 3237, 1057, 16024, 11, 5423, 994, 433, 4131, 311, 2555, 439, 4443, 439, 75040, 323, 3347, 12135, 13, 1102, 10578, 1093, 499, 2351, 8430, 264, 2766, 16075, 323, 36218, 922, 701, 3938, 11, 323, 430, 596, 6724, 49839, 13, 19418, 499, 1093, 311, 3137, 810, 922, 1148, 596, 1027, 2133, 389, 323, 1268, 499, 3077, 1027, 8430, 2533, 279, 13306, 30, 128009]",0.13058586046099663,391eb62b5e02e9d7fc1641bfc3dc5e5a596f8ea76135eaa3fe1f3da77edf1b62,2522.5548481103033,0.044413842260837555,259.4196810387075,7affc01621b53d8dec32ff4f07c8f416d632ba4dfab3fbc289e6f7475bb9ff27,1615,2760.6085250154138,497.3984051030129,497.342772083357,3f1f27c987326d554bd5e16c88eaa691928a122049018677b51a2cf52f3a7a9d,True,5,83,220.39699810557067,0,0.03742496483027935,True,0,r0:state_7f1f924ade7a1af6ae77:rule_off,fb1402c5d397984e3d2c60727722ff7aed7dd8ede6d448ee25c1f3fa1b812dc0,"I'm so glad you felt comfortable sharing this with me. It takes a lot of courage to acknowledge and express our feelings, especially when it comes to something as personal as loneliness and past relationships. It sounds like you're feeling a bit stuck and uncertain about your future, and that's completely understandable. Would you like to talk more about what's been going on and how you've been feeling since the wedding?",13.422240037471056,p6:2,303,3,0.11321203783154488,3.90880205668509,8,state_7f1f924ade7a1af6ae77,p6,False
MSE+RS,0,pm_off,"[40, 2846, 779, 16089, 499, 6612, 10882, 11821, 420, 449, 757, 13, 1102, 5097, 264, 2763, 315, 25775, 311, 25670, 323, 3237, 1057, 16024, 11, 5423, 994, 433, 4131, 311, 2555, 439, 4443, 439, 75040, 323, 3347, 12135, 13, 1102, 10578, 1093, 499, 2351, 8430, 264, 2766, 16075, 323, 36218, 922, 701, 3938, 11, 323, 430, 596, 6724, 49839, 13, 19418, 499, 1093, 311, 3137, 810, 922, 1148, 596, 1027, 2133, 389, 323, 1268, 499, 3077, 1027, 8430, 2533, 279, 13306, 30, 128009]",0.2053980715572834,391eb62b5e02e9d7fc1641bfc3dc5e5a596f8ea76135eaa3fe1f3da77edf1b62,2519.0238230861723,0.044558895751833916,259.7709991969168,7affc01621b53d8dec32ff4f07c8f416d632ba4dfab3fbc289e6f7475bb9ff27,1615,2759.6458841580898,500.26919902302325,500.18766219727695,3f1f27c987326d554bd5e16c88eaa691928a122049018677b51a2cf52f3a7a9d,True,6,83,7.15566286817193,1,0.0407160259783268,True,0,r0:state_7f1f924ade7a1af6ae77:pm_off,fb1402c5d397984e3d2c60727722ff7aed7dd8ede6d448ee25c1f3fa1b812dc0,"I'm so glad you felt comfortable sharing this with me. It takes a lot of courage to acknowledge and express our feelings, especially when it comes to something as personal as loneliness and past relationships. It sounds like you're feeling a bit stuck and uncertain about your future, and that's completely understandable. Would you like to talk more about what's been going on and how you've been feeling since the wedding?",229.12979312241077,p6:2,303,3,0.11001015082001686,3.935921937227249,8,state_7f1f924ade7a1af6ae77,p6,False
M0+R0,0,context_only,"[40, 2846, 779, 16089, 499, 2351, 8430, 10882, 3403, 311, 4430, 420, 449, 757, 13, 1102, 5097, 264, 2763, 315, 25775, 311, 25670, 323, 17302, 16024, 315, 75040, 323, 31398, 13, 1102, 10578, 1093, 499, 2351, 49183, 430, 499, 2351, 2103, 10168, 8800, 3347, 12135, 11, 323, 430, 596, 264, 2466, 3094, 13, 3053, 499, 3371, 757, 810, 922, 1148, 596, 1027, 2133, 389, 449, 499, 2533, 701, 13219, 596, 13306, 30, 3639, 527, 1063, 315, 279, 21958, 430, 617, 1027, 40986, 369, 499, 30, 128009]",0.13612397015094757,391eb62b5e02e9d7fc1641bfc3dc5e5a596f8ea76135eaa3fe1f3da77edf1b62,2387.334013124928,0.05748099647462368,86.5944130346179,6efc2a166d90f053db5284aa3a1f3233a389614032db68995b901d0644bb85b2,441,2389.746693195775,88.93660712055862,88.87096913531423,5a730eb2c3b9dd26b5b4a0d6fb17cb9e0ca37c96ef6436b83144595b86913e6a,True,7,86,0.010302988812327385,2,0.013960059732198715,,0,r0:state_7f1f924ade7a1af6ae77:context_only,f3cc16d184c035d516037434be2aaf2f710a36f9939d6fc0b8a120f7b6a32001,"I'm so glad you're feeling comfortable enough to share this with me. It takes a lot of courage to acknowledge and confront feelings of loneliness and isolation. It sounds like you're recognizing that you're still holding onto past relationships, and that's a big step. Can you tell me more about what's been going on with you since your sister's wedding? What are some of the emotions that have been arising for you?",0.05901302210986614,p6:2,303,0,0.1667700707912445,1.9690289627760649,8,state_7f1f924ade7a1af6ae77,p6,False
MPMSME+RS,0,fixed_off,"[40, 2846, 779, 16089, 499, 6612, 10882, 11821, 420, 449, 757, 13, 1102, 5097, 264, 2763, 315, 25775, 311, 25670, 323, 3237, 1057, 16024, 11, 5423, 994, 433, 4131, 311, 2555, 439, 4443, 439, 75040, 323, 3347, 12135, 13, 1102, 10578, 1093, 499, 2351, 8430, 264, 2766, 16075, 323, 36218, 922, 701, 3938, 11, 323, 430, 596, 6724, 49839, 13, 19418, 499, 1093, 311, 3137, 810, 922, 1148, 596, 1027, 2133, 389, 323, 1268, 499, 3077, 1027, 8430, 2533, 279, 13306, 30, 128009]",0.19085779786109924,391eb62b5e02e9d7fc1641bfc3dc5e5a596f8ea76135eaa3fe1f3da77edf1b62,2529.8799560405314,0.04481198266148567,260.59927698224783,71fe5808212d342d49a8dfa18b2ffb3c775b28dc199b74e6a10d0204b4b2fde7,1644,2776.651334017515,507.2381990030408,507.1797971613705,772ec45fb7f0f5dff90293202c09861d07a21e119a96f118524355d4effa2a7a,True,8,83,0.0069818925112485886,3,0.04219682887196541,True,0,r0:state_7f1f924ade7a1af6ae77:fixed_off,fb1402c5d397984e3d2c60727722ff7aed7dd8ede6d448ee25c1f3fa1b812dc0,"I'm so glad you felt comfortable sharing this with me. It takes a lot of courage to acknowledge and express our feelings, especially when it comes to something as personal as loneliness and past relationships. It sounds like you're feeling a bit stuck and uncertain about your future, and that's completely understandable. Would you like to talk more about what's been going on and how you've been feeling since the wedding?",242.4384991172701,p6:2,303,4,0.11270120739936829,3.9353291504085064,8,state_7f1f924ade7a1af6ae77,p6,False
ME+R0,0,me_r0,"[40, 2846, 779, 16089, 499, 6612, 10882, 11821, 420, 449, 757, 13, 1102, 5097, 264, 2763, 315, 25775, 311, 25670, 323, 3237, 16024, 315, 75040, 11, 5423, 1306, 264, 5199, 1567, 1093, 701, 13219, 596, 13306, 13, 1102, 10578, 1093, 499, 2351, 49183, 430, 499, 2351, 2103, 8863, 701, 3347, 12135, 323, 430, 596, 28987, 701, 3118, 13, 19418, 499, 1093, 311, 13488, 1148, 430, 596, 1093, 369, 499, 11, 323, 1148, 499, 1781, 2643, 387, 11190, 304, 7366, 4741, 30, 128009]",0.12449291534721851,391eb62b5e02e9d7fc1641bfc3dc5e5a596f8ea76135eaa3fe1f3da77edf1b62,2435.3130941744894,0.05545280873775482,227.9924221802503,d7ddc22b0eb7276d686d2feabff5cd66780782aadf1735e4b6da01475a3f8302,1297,2443.2531350757927,235.85608205758035,235.80797016620636,dd206dd7b8082a3af6128280e4ce1199b7d221e97aa086ea40285dbdcf9bb3ac,True,9,82,0.010916031897068024,4,0.01888279803097248,,0,r0:state_7f1f924ade7a1af6ae77:me_r0,26303f0230d969bf5f6381fcaf978080df37b0c379b4f5eb05d95384bb726945,"I'm so glad you felt comfortable sharing this with me. It takes a lot of courage to acknowledge and express feelings of loneliness, especially after a significant event like your sister's wedding. It sounds like you're recognizing that you're still processing your past relationships and that's affecting your present. Would you like to explore what that's like for you, and what you think might be helpful in moving forward?",3.9063971489667892,p6:2,303,1,0.1566070131957531,3.667292185127735,8,state_7f1f924ade7a1af6ae77,p6,False
MSE+RS,0,rule_off,"[40, 649, 5647, 279, 4785, 315, 12014, 499, 2351, 15691, 11, 5423, 994, 433, 4131, 311, 701, 3450, 596, 2512, 13, 1102, 596, 6724, 49839, 430, 499, 2351, 18290, 922, 279, 5536, 315, 264, 502, 2683, 389, 701, 3070, 30295, 13, 3053, 499, 3371, 757, 810, 922, 1148, 499, 1781, 1053, 1205, 311, 3621, 369, 499, 311, 2733, 810, 16913, 304, 701, 5597, 28846, 323, 2753, 38100, 922, 279, 4754, 16296, 30, 128009]",0.12467405758798122,391eb62b5e02e9d7fc1641bfc3dc5e5a596f8ea76135eaa3fe1f3da77edf1b62,2276.97570505552,0.04261801950633526,292.70559712313116,a27ef1c40e2eeb435fe5d6d9af4da0ce49304cd15876d0c0d513dcc8551b6be1,1759,2510.3969511110336,526.0598270688206,526.0021691210568,dba0745f7e86d5082f0aeb1d87b6e4b354e5067edd21d5971a15ae388e1d3180,True,10,73,218.60898402519524,0,0.038384925574064255,True,0,r0:state_e4cf97356c4208ddbc78:rule_off,f81cf446e7c472e60b0452152080aeac14e7e24d5dc04d00ff178a1ee51c08a4,"I can sense the weight of responsibility you're carrying, especially when it comes to your mom's care. It's completely understandable that you're worried about the impact of a new job on your family dynamics. Can you tell me more about what you think would need to happen for you to feel more confident in your decision-making and less anxious about the potential consequences?",10.272179963067174,p18:1,303,3,0.10944809764623642,4.224956966936588,8,state_e4cf97356c4208ddbc78,p18,False
MPMSME+RS,0,fixed_off,"[2181, 10578, 1093, 279, 59263, 323, 4754, 5536, 389, 701, 3070, 596, 2512, 527, 47826, 17345, 389, 701, 4059, 13, 3053, 499, 3371, 757, 810, 922, 1148, 596, 1027, 2133, 1555, 701, 11555, 31445, 30, 3639, 527, 1063, 315, 279, 3230, 10742, 499, 617, 922, 4737, 389, 420, 502, 3560, 30, 128009]",0.11122506111860275,391eb62b5e02e9d7fc1641bfc3dc5e5a596f8ea76135eaa3fe1f3da77edf1b62,1703.0751949641854,0.03953790292143822,296.57791112549603,720a2ccb7da8a3a4a56b0ffc1d4189a4afa068f17525a1f07ab33fa19226dee0,1789,2076.006015064195,669.4512160029262,669.3975061643869,7781d3d747ff9ee2d64a6303a30ba452684120c81585a0dc283bc04c68acffb7,True,11,52,0.006791902706027031,1,0.047032954171299934,True,0,r0:state_e4cf97356c4208ddbc78:fixed_off,731c4c360221c4e0364dfef8fc500eb47f7e238899fd80f690607967775237ec,It sounds like the commute and potential impact on your family's care are weighing heavily on your mind. Can you tell me more about what's been going through your thoughts lately? What are some of the specific concerns you have about taking on this new role?,368.52310807444155,p18:1,303,4,0.1108881551772356,4.092236049473286,8,state_e4cf97356c4208ddbc78,p18,False
MSE+RS,0,pm_off,"[40, 649, 5647, 279, 4785, 315, 12014, 499, 2351, 15691, 11, 5423, 994, 433, 4131, 311, 701, 3450, 596, 2512, 13, 1102, 596, 6724, 49839, 430, 499, 2351, 18290, 922, 279, 5536, 315, 264, 502, 2683, 389, 701, 3070, 30295, 13, 3053, 499, 3371, 757, 810, 922, 1148, 499, 1781, 1053, 1205, 311, 3621, 369, 499, 311, 2733, 810, 16913, 304, 701, 5597, 28846, 323, 2753, 38100, 922, 279, 4754, 16296, 30, 128009]",0.1279700081795454,391eb62b5e02e9d7fc1641bfc3dc5e5a596f8ea76135eaa3fe1f3da77edf1b62,2277.467492967844,0.04422501660883427,293.9859570469707,a27ef1c40e2eeb435fe5d6d9af4da0ce49304cd15876d0c0d513dcc8551b6be1,1759,2510.5245548766106,526.9619079772383,526.9150489475578,dba0745f7e86d5082f0aeb1d87b6e4b354e5067edd21d5971a15ae388e1d3180,True,12,73,7.219051010906696,2,0.037905992940068245,True,0,r0:state_e4cf97356c4208ddbc78:pm_off,f81cf446e7c472e60b0452152080aeac14e7e24d5dc04d00ff178a1ee51c08a4,"I can sense the weight of responsibility you're carrying, especially when it comes to your mom's care. It's completely understandable that you're worried about the impact of a new job on your family dynamics. Can you tell me more about what you think would need to happen for you to feel more confident in your decision-making and less anxious about the potential consequences?",221.4743869844824,p18:1,303,3,0.11036591604351997,4.0431569796055555,8,state_e4cf97356c4208ddbc78,p18,False
M0+R0,0,context_only,"[2181, 10578, 1093, 279, 4754, 5536, 389, 701, 3070, 323, 701, 3450, 596, 2512, 374, 264, 5199, 4747, 369, 499, 13, 3053, 499, 3371, 757, 810, 922, 1148, 596, 520, 18783, 369, 499, 304, 3878, 315, 701, 12135, 323, 701, 3450, 596, 1664, 33851, 30, 3639, 527, 1063, 315, 279, 3230, 24087, 477, 38145, 430, 527, 10043, 701, 18547, 922, 420, 5597, 30, 128009]",0.11983909644186497,391eb62b5e02e9d7fc1641bfc3dc5e5a596f8ea76135eaa3fe1f3da77edf1b62,1776.024813996628,0.03592204302549362,85.82126908004284,afbe8e9a2c8ef24432370127746dc1a8f6973ab88263f095e5670f60d8c10894,440,1777.7097690850496,87.4212549533695,87.38638507202268,aa6f0417570b2ae00191247e14df1c895ec30f99afda25047c1ab8c2be5fcd8b,True,13,64,0.007113907486200333,3,0.009426847100257874,,0,r0:state_e4cf97356c4208ddbc78:context_only,654bdfc4bd44d8572eee46e8340221075447ed005e42427767720bfb7c9f3bd5,It sounds like the potential impact on your family and your mom's care is a significant concern for you. Can you tell me more about what's at stake for you in terms of your relationships and your mom's well-being? What are some of the specific fears or worries that are driving your anxiety about this decision?,0.032354146242141724,p18:1,303,0,0.11592102237045765,1.3643780257552862,8,state_e4cf97356c4208ddbc78,p18,False
ME+R0,0,me_r0,"[40, 649, 5647, 279, 4785, 315, 12014, 499, 2351, 15691, 11, 539, 1120, 369, 701, 3450, 596, 2512, 11, 719, 1101, 369, 701, 3070, 596, 1664, 33851, 13, 1102, 596, 49839, 430, 279, 3463, 315, 264, 1317, 59263, 323, 3779, 26800, 389, 701, 12135, 374, 14718, 499, 5199, 18547, 13, 3053, 499, 3371, 757, 810, 922, 1148, 596, 10168, 499, 1203, 505, 13126, 1023, 2671, 11, 1093, 24919, 19303, 990, 28904, 477, 11125, 1862, 369, 701, 3450, 596, 2512, 11, 430, 2643, 61705, 1063, 315, 420, 8631, 30, 128009]",0.2137890551239252,391eb62b5e02e9d7fc1641bfc3dc5e5a596f8ea76135eaa3fe1f3da77edf1b62,2671.071704942733,0.03553810529410839,231.33794381283224,64af6daf068a8a06693821d53f304fa8de180f106e77a64f59bcecf2fce0526f,1401,2676.488457014784,236.59898689948022,236.54090682975948,9f27d52003afa99289c7ed13e0aba87100a2e66cfe1cf41a8a8fbd98fc63682e,True,14,89,0.007170019671320915,4,0.01574913039803505,,0,r0:state_e4cf97356c4208ddbc78:me_r0,9caae0939f26c82fae4dfc983d536330462a698e3812bbbb3aef9598178863b6,"I can sense the weight of responsibility you're carrying, not just for your mom's care, but also for your family's well-being. It's understandable that the thought of a long commute and added strain on your relationships is causing you significant anxiety. Can you tell me more about what's holding you back from considering other options, like exploring flexible work arrangements or seeking support for your mom's care, that might alleviate some of this stress?",1.9109079148620367,p18:1,303,1,0.11313287541270256,3.1204649712890387,8,state_e4cf97356c4208ddbc78,p18,False
M0+R0,0,context_only,"[2181, 10578, 1093, 499, 2351, 15691, 264, 8987, 4785, 315, 34951, 11, 323, 430, 596, 2216, 11292, 13, 3053, 499, 3371, 757, 810, 922, 1148, 596, 4920, 420, 8430, 315, 34951, 30, 2209, 433, 264, 8850, 315, 13490, 701, 10177, 596, 6666, 11, 477, 2555, 775, 11622, 30, 128009]",0.17705699428915977,391eb62b5e02e9d7fc1641bfc3dc5e5a596f8ea76135eaa3fe1f3da77edf1b62,1388.2783730514348,0.05510798655450344,86.83603000827134,d4fa418a2f95fe60296868a8ddcef37f8ac02dad4a84028c656e8c3ff8f9dfb2,436,1390.6347290612757,89.06210912391543,89.01532902382314,bcb4f1d1d6d9cc0928c59187dbefb5ed0ee1441aadeeef263ccce0110e2a9258,True,15,49,0.009422888979315758,0,0.013073906302452087,,0,r0:state_1bb2fbdd19dca1a22bdc:context_only,60d03f96dab7edcc680376eb21d2fe906ab07f35ee06a84c17d501a926867570,"It sounds like you're carrying a heavy weight of guilt, and that's really tough. Can you tell me more about what's behind this feeling of guilt? Is it a fear of losing your husband's attention, or something else entirely?",0.04557613283395767,p10:1,202,0,0.1668240875005722,1.8892940133810043,8,state_1bb2fbdd19dca1a22bdc,p10,False
MSE+RS,0,rule_off,"[40, 649, 5647, 279, 4785, 315, 34951, 499, 2351, 15691, 11, 323, 433, 596, 49839, 311, 2733, 430, 1648, 994, 499, 2351, 25051, 16337, 922, 701, 10177, 596, 7319, 19821, 13, 1102, 596, 1093, 499, 2351, 21830, 1990, 1694, 6380, 369, 1461, 323, 8430, 1093, 499, 2351, 34568, 287, 701, 1866, 3966, 13, 3053, 499, 3371, 757, 810, 922, 1148, 499, 1781, 1053, 3621, 422, 499, 1051, 311, 7373, 25670, 323, 4287, 701, 16024, 315, 16337, 11, 2085, 19971, 30, 128009]",0.13076490722596645,391eb62b5e02e9d7fc1641bfc3dc5e5a596f8ea76135eaa3fe1f3da77edf1b62,2530.8304100763053,0.06697303615510464,302.7954651042819,1767911b948e52cd6d3115ed9d5d0f7eab5451e9262220be18c31386199eda9b,1818,2806.2300090678036,578.1800581607968,578.0642991885543,bd05807668b081e43b2a3b6d50e3d3a22ff8cbe1deef91c585b68defb304b43c,True,16,81,254.14733099751174,1,0.060085905715823174,True,0,r0:state_1bb2fbdd19dca1a22bdc:rule_off,5d1b3429c2b9e61e78eef47d978fe439ff7365d38f02d6753692a0126b58d61e,"I can sense the weight of guilt you're carrying, and it's understandable to feel that way when you're experiencing relief about your husband's increased absence. It's like you're torn between being happy for him and feeling like you're betraying your own needs. Can you tell me more about what you think would happen if you were to fully acknowledge and accept your feelings of relief, without judgment?",15.312718925997615,p10:1,202,3,0.15889620408415794,5.5228290148079395,8,state_1bb2fbdd19dca1a22bdc,p10,False
ME+R0,0,me_r0,"[2181, 10578, 1093, 499, 2351, 15691, 264, 8987, 4785, 315, 34951, 323, 12014, 11, 8430, 1093, 499, 2351, 34568, 287, 701, 1866, 3966, 555, 8430, 51512, 922, 701, 10177, 596, 7319, 19821, 13, 3053, 499, 3371, 757, 810, 922, 1148, 499, 1781, 499, 2351, 10171, 311, 387, 8430, 4619, 30, 3639, 1587, 433, 3152, 311, 499, 311, 387, 264, 33445, 8427, 304, 420, 6671, 30, 128009]",0.12128404341638088,391eb62b5e02e9d7fc1641bfc3dc5e5a596f8ea76135eaa3fe1f3da77edf1b62,2027.3286991287023,0.03511388786137104,240.67248799838126,554a3f0f4a46b2859bd7d9d5f26849d060b1affde3e395245d7a88702a7b0861,1483,2033.2474729511887,246.52803782373667,246.46997777745128,86576f1d9d8b5fb0d49fba334c1c9a68c27e5ac80888749bf1e3f493e0466944,True,17,66,0.007372815161943436,2,0.014853198081254959,,0,r0:state_1bb2fbdd19dca1a22bdc:me_r0,001dce60a23bf39c38ddefb6cd67a34e33f08e8bf6aae4e18a34cb3fb1a41ac2,"It sounds like you're carrying a heavy weight of guilt and responsibility, feeling like you're betraying your own needs by feeling relieved about your husband's increased absence. Can you tell me more about what you think you're supposed to be feeling instead? What does it mean to you to be a supportive partner in this situation?",2.4374870117753744,p10:1,202,1,0.11516897939145565,3.1874938867986202,8,state_1bb2fbdd19dca1a22bdc,p10,False
MPMSME+RS,0,fixed_off,"[40, 649, 5647, 279, 4785, 315, 34951, 499, 2351, 15691, 2212, 8430, 51512, 922, 701, 10177, 596, 7319, 19821, 13, 1102, 596, 49839, 311, 2733, 420, 1648, 11, 5423, 994, 433, 596, 17791, 311, 701, 12876, 311, 1862, 1461, 13, 3053, 499, 3371, 757, 810, 922, 1148, 499, 1781, 433, 1053, 3152, 311, 36297, 387, 6380, 369, 813, 2450, 2085, 8430, 1093, 499, 2351, 34568, 287, 701, 1866, 3966, 30, 128009]",0.12733601033687592,391eb62b5e02e9d7fc1641bfc3dc5e5a596f8ea76135eaa3fe1f3da77edf1b62,2245.4437820706517,0.04481012001633644,304.48301788419485,904f28674dff9ed3dc073a0ec065c81fe61750e5608118c92c5fce756be676a7,1846,2468.138953205198,527.1315781865269,527.0508530084044,f7086cfe8b60ffe2801247e304b25dfe3eba03245b71f8bd6a2377d5b614b00f,True,18,71,0.006536953151226044,3,0.04617404192686081,True,0,r0:state_1bb2fbdd19dca1a22bdc:fixed_off,5c103d42217d964a1e5213e3f68ecec13626b2ee1f9849954976bfb41d880119,"I can sense the weight of guilt you're carrying around feeling relieved about your husband's increased absence. It's understandable to feel this way, especially when it's tied to your desire to support him. Can you tell me more about what you think it would mean to genuinely be happy for his success without feeling like you're betraying your own needs?",217.79516013339162,p10:1,202,4,0.11268304660916328,4.562470829114318,8,state_1bb2fbdd19dca1a22bdc,p10,False
MSE+RS,0,pm_off,"[40, 649, 5647, 279, 4785, 315, 34951, 499, 2351, 15691, 11, 323, 433, 596, 49839, 311, 2733, 430, 1648, 994, 499, 2351, 25051, 16337, 922, 701, 10177, 596, 7319, 19821, 13, 1102, 596, 1093, 499, 2351, 21830, 1990, 1694, 6380, 369, 1461, 323, 8430, 1093, 499, 2351, 34568, 287, 701, 1866, 3966, 13, 3053, 499, 3371, 757, 810, 922, 1148, 499, 1781, 1053, 3621, 422, 499, 1051, 311, 7373, 25670, 323, 4287, 701, 16024, 315, 16337, 11, 2085, 19971, 30, 128009]",0.1299378927797079,391eb62b5e02e9d7fc1641bfc3dc5e5a596f8ea76135eaa3fe1f3da77edf1b62,2521.9265080522746,0.048593850806355476,304.84156403690577,1767911b948e52cd6d3115ed9d5d0f7eab5451e9262220be18c31386199eda9b,1818,2751.429822994396,534.2822701204568,534.2149410862476,bd05807668b081e43b2a3b6d50e3d3a22ff8cbe1deef91c585b68defb304b43c,True,19,81,7.159483851864934,4,0.04200916737318039,True,0,r0:state_1bb2fbdd19dca1a22bdc:pm_off,5d1b3429c2b9e61e78eef47d978fe439ff7365d38f02d6753692a0126b58d61e,"I can sense the weight of guilt you're carrying, and it's understandable to feel that way when you're experiencing relief about your husband's increased absence. It's like you're torn between being happy for him and feeling like you're betraying your own needs. Can you tell me more about what you think would happen if you were to fully acknowledge and accept your feelings of relief, without judgment?",217.71749993786216,p10:1,202,3,0.11936319060623646,4.286427050828934,8,state_1bb2fbdd19dca1a22bdc,p10,False
ME+R0,0,me_r0,"[2181, 10578, 1093, 279, 4785, 315, 19347, 323, 7410, 311, 3449, 58982, 374, 2216, 4737, 264, 26936, 389, 701, 12410, 323, 25835, 13, 3053, 499, 3371, 757, 810, 922, 1148, 596, 1027, 2133, 1555, 701, 4059, 994, 499, 1781, 922, 701, 18000, 439, 264, 32185, 30, 3639, 527, 1063, 315, 279, 3230, 11555, 477, 659, 1824, 50308, 13978, 430, 2586, 709, 369, 499, 30, 128009]",0.1230807974934578,391eb62b5e02e9d7fc1641bfc3dc5e5a596f8ea76135eaa3fe1f3da77edf1b62,1942.0985581818968,0.03636791370809078,195.5309601034969,37d447c592dca5b896ba57b4fa2c6073b7637115711d97b788ea017d40579215,1242,1946.746262954548,200.09999815374613,200.05558407865465,f6aad6d4d1a2b4eb0ec92ccacc89c2171425c105769e612c77ba997f5cfb9703,True,20,65,0.0071981921792030334,0,0.014496035873889923,,0,r0:state_25d6bbe3f8761bf56b08:me_r0,015e9238aae8f36d0286cf6b392e0b154b70a696be6af5a22a21f27dc304a89a,It sounds like the weight of criticism and pressure to meet deadlines is really taking a toll on your confidence and motivation. Can you tell me more about what's been going through your mind when you think about your abilities as a researcher? What are some of the specific thoughts or self-criticisms that come up for you?,1.43814692273736,p17:1,101,1,0.11262297630310059,2.9157919343560934,3,state_25d6bbe3f8761bf56b08,p17,False
MPMSME+RS,0,fixed_off,"[2181, 10578, 1093, 279, 7410, 315, 279, 58982, 323, 279, 19347, 499, 3077, 4036, 706, 2216, 4529, 264, 26936, 389, 701, 12410, 439, 264, 32185, 13, 3053, 499, 3371, 757, 810, 922, 1148, 596, 1027, 2133, 1555, 701, 4059, 994, 499, 1781, 922, 701, 18000, 30, 3639, 527, 1063, 315, 279, 659, 1773, 5599, 1303, 11555, 430, 617, 1027, 50949, 709, 369, 499, 30, 128009]",0.18403795547783375,391eb62b5e02e9d7fc1641bfc3dc5e5a596f8ea76135eaa3fe1f3da77edf1b62,2035.4488100856543,0.04384503699839115,260.27416810393333,ad36f10b884f5870a47305fe399edda80a8355cd765da6125f7d2aeea17eda58,1611,2174.4390239473432,399.1447929292917,399.0803440101445,0386d72f701d781c89b9ab1247d26c1e96f1554aa0c677edb3b947716f6f1fa6,True,21,65,0.006708083674311638,1,0.042898813262581825,True,0,r0:state_25d6bbe3f8761bf56b08:fixed_off,b52d06c4ba5b5e3da3ef714e4d85a145af73718c91b365c7c93cd770a990629a,It sounds like the pressure of the deadlines and the criticism you've received has really taken a toll on your confidence as a researcher. Can you tell me more about what's been going through your mind when you think about your abilities? What are some of the self-doubting thoughts that have been popping up for you?,134.63700702413917,p17:1,101,4,0.11027487926185131,3.965442068874836,3,state_25d6bbe3f8761bf56b08,p17,False
M0+R0,0,context_only,"[2181, 10578, 1093, 499, 2351, 15691, 264, 8987, 23104, 1314, 1457, 13, 1102, 596, 6724, 4725, 311, 2733, 36218, 323, 7810, 1303, 701, 18000, 11, 5423, 994, 17011, 449, 19347, 323, 1579, 45525, 13, 3053, 499, 3371, 757, 810, 922, 1148, 596, 1027, 2133, 1555, 701, 4059, 994, 499, 1781, 922, 701, 3495, 323, 701, 18000, 439, 264, 32185, 30, 128009]",0.11831382289528847,391eb62b5e02e9d7fc1641bfc3dc5e5a596f8ea76135eaa3fe1f3da77edf1b62,1705.8051151689142,0.05421089008450508,71.13055814988911,b2475af49468149d3a0e383065c594560591e253a7ba0b41cac46df2a4e75c8f,306,1707.7600208576769,73.02148803137243,72.96715001575649,a1e20d58c2f8b789082004f0c53710b34ed537bf50502d2ba238549134fae1e3,True,22,61,0.01005898229777813,2,0.011659925803542137,,0,r0:state_25d6bbe3f8761bf56b08:context_only,1a432b35d3c16a60e32b0a071950d4235f0b00ed842278e3b473b9f95e57b513,"It sounds like you're carrying a heavy burden right now. It's completely normal to feel uncertain and doubting your abilities, especially when faced with criticism and high stakes. Can you tell me more about what's been going through your mind when you think about your research and your abilities as a researcher?",0.04002498462796211,p17:1,101,0,0.16492395661771297,1.555713126435876,3,state_25d6bbe3f8761bf56b08,p17,False
MSE+RS,0,rule_off,"[2181, 10578, 1093, 279, 7410, 315, 279, 58982, 323, 279, 19347, 499, 3077, 4036, 706, 2216, 66900, 701, 12410, 439, 264, 32185, 13, 3011, 649, 387, 264, 2216, 11292, 323, 13399, 1113, 3217, 13, 3053, 499, 3371, 757, 810, 922, 1148, 596, 1027, 2133, 1555, 701, 4059, 994, 499, 1781, 922, 701, 18000, 439, 264, 32185, 30, 128009]",0.11706911027431488,391eb62b5e02e9d7fc1641bfc3dc5e5a596f8ea76135eaa3fe1f3da77edf1b62,1835.5451938696206,0.043146079406142235,260.0561378058046,cb1d4a3112c88e9ad62ed85a036b02b26afc43e17e3c7a75d81dc10ddcccb038,1584,1974.6646389830858,399.1103188600391,399.0585138089955,da30767840c88eb949e3fa815ae142af757f3466657fce4873e1f4e9999a90d4,True,23,58,125.47839689068496,3,0.03395206294953823,True,0,r0:state_25d6bbe3f8761bf56b08:rule_off,5d92375cdd33b1c9f3c420ebc3686a712fb860e39d68c950ee2cf0664a2df70c,It sounds like the pressure of the deadlines and the criticism you've received has really shaken your confidence as a researcher. That can be a really tough and isolating experience. Can you tell me more about what's been going through your mind when you think about your abilities as a researcher?,9.536104975268245,p17:1,101,3,0.10960595682263374,3.801170038059354,3,state_25d6bbe3f8761bf56b08,p17,False
MP+RS,0,pm_off,"[4897, 10578, 17235, 11292, 13, 1102, 596, 912, 5895, 499, 2351, 8430, 38100, 323, 36218, 922, 701, 18000, 439, 264, 32185, 13, 1102, 596, 264, 2763, 311, 1935, 389, 11, 5423, 449, 279, 3779, 7410, 315, 58982, 323, 19347, 13, 3053, 499, 3371, 757, 810, 922, 1148, 596, 1027, 2133, 1555, 701, 4059, 994, 499, 2351, 8430, 420, 1648, 30, 128009]",0.11881417594850063,391eb62b5e02e9d7fc1641bfc3dc5e5a596f8ea76135eaa3fe1f3da77edf1b62,1728.6405018530786,0.044242013245821,106.70890496112406,fac288485e41e84bd8f606a8bfcfa1c4ec4d08fcf1238221ebc48d75ba0639d4,594,1866.8175800703466,244.81965601444244,244.76716900244355,8eca41166fffbc271ab45d2c25103f30121b9f2fff02c579bdc0c63ff9d945a3,True,24,61,5.9218499809503555,4,0.030566006898880005,True,0,r0:state_25d6bbe3f8761bf56b08:pm_off,5199b4d27bce85d2506cdaa44c25daf4f94d6b24fed8487161a9210dbd5b23de,"That sounds incredibly tough. It's no wonder you're feeling anxious and uncertain about your abilities as a researcher. It's a lot to take on, especially with the added pressure of deadlines and criticism. Can you tell me more about what's been going through your mind when you're feeling this way?",130.0146069843322,p17:1,101,2,0.11090608313679695,1.9360929727554321,3,state_25d6bbe3f8761bf56b08,p17,False
M0+R0,0,context_only,"[4897, 5097, 264, 2763, 315, 25775, 311, 25670, 323, 3663, 13, 1102, 10578, 1093, 499, 2351, 8430, 264, 5647, 315, 34104, 11, 719, 1101, 264, 12876, 311, 1935, 2512, 315, 6261, 323, 1304, 264, 6928, 2349, 13, 3053, 499, 3371, 757, 810, 922, 1148, 596, 10168, 499, 1203, 505, 4737, 430, 1176, 3094, 1139, 279, 2068, 30, 128009]",0.11776108294725418,391eb62b5e02e9d7fc1641bfc3dc5e5a596f8ea76135eaa3fe1f3da77edf1b62,1607.3141570668668,0.04707789048552513,71.98499306105077,9ad66d6cd32e23680a961c2fbc5708bcf6565c2ac1510804dbfd52888d7c18c6,315,1608.7535170372576,73.34275310859084,73.30659194849432,1de1584191f909c561af47b9bd635f651706bded114142ee3b91c3612d0a7b40,True,25,58,0.0071909744292497635,0,0.008032890036702156,,0,r0:state_4955ef7e024bd4351130:context_only,4ccf8d5dee4be3621fee9a91c41c52d89418e1717ff25ea6171e9792d9e14c84,"That takes a lot of courage to acknowledge and face. It sounds like you're feeling a sense of vulnerability, but also a desire to take care of yourself and make a positive change. Can you tell me more about what's holding you back from taking that first step into the program?",0.031915027648210526,p9:1,202,0,0.11324905790388584,1.114133046939969,3,state_4955ef7e024bd4351130,p9,False
ME+R0,0,me_r0,"[2181, 10578, 1093, 499, 2351, 8430, 264, 6651, 315, 21958, 922, 18667, 279, 4029, 39890, 2068, 482, 18547, 922, 1694, 304, 264, 1912, 6376, 11, 719, 1101, 264, 5647, 315, 26314, 311, 1935, 2512, 315, 701, 2890, 13, 3053, 499, 3371, 757, 810, 922, 1148, 596, 10168, 499, 1203, 505, 4737, 430, 1176, 3094, 30, 128009]",0.11633196845650673,391eb62b5e02e9d7fc1641bfc3dc5e5a596f8ea76135eaa3fe1f3da77edf1b62,1701.4643240254372,0.03684195689857006,181.11083912663162,7e782d782e0112660435c27fb782166c4c42fa679c278a6e35293948a4548320,1123,1706.731499871239,186.31989904679358,186.26168300397694,73c19f6571d5484f534a119d08b75828190d2d6b6c5e7086d9f5b431229213c0,True,26,56,0.0072498805820941925,1,0.012811971828341484,,0,r0:state_4955ef7e024bd4351130:me_r0,6a4b047b0c0f58b273f03807d90f9798185630a9a248b001bd9a18514f18ecda,"It sounds like you're feeling a mix of emotions about joining the community wellness program - anxiety about being in a group setting, but also a sense of determination to take care of your health. Can you tell me more about what's holding you back from taking that first step?",2.2951560094952583,p9:1,202,1,0.10569696314632893,2.6930870953947306,3,state_4955ef7e024bd4351130,p9,False
MPMS+RS,0,pm_off,"[2181, 10578, 1093, 499, 2351, 8430, 264, 2766, 43206, 555, 279, 4623, 315, 18667, 264, 1912, 11, 719, 1101, 49183, 430, 433, 1436, 387, 264, 2294, 6776, 369, 499, 311, 990, 389, 701, 3674, 74884, 32606, 323, 1935, 2512, 315, 701, 7106, 2890, 13, 3053, 499, 3371, 757, 810, 922, 1148, 596, 10168, 499, 1203, 505, 4737, 430, 1176, 3094, 30, 128009]",0.10807695798575878,391eb62b5e02e9d7fc1641bfc3dc5e5a596f8ea76135eaa3fe1f3da77edf1b62,1776.5941380057484,0.04536192864179611,127.5161209050566,20700f4db81125205ac21fd23258eeafe99d82b0ff8cbe278a62ad77d68226c2,703,1958.7797881104052,309.64638921432197,309.59369405172765,d93ee38113eb7cacdc813e7d84a95b262bcd015b6dffbe5c1684b383e2af9745,True,27,62,5.812095012515783,2,0.03277696669101715,True,0,r0:state_4955ef7e024bd4351130:pm_off,20d7d1eb241f8d484d533baec5255178900ca2a8624dfd3c322d88c4a544c6be,"It sounds like you're feeling a bit overwhelmed by the idea of joining a group, but also recognizing that it could be a great opportunity for you to work on your social anxieties and take care of your physical health. Can you tell me more about what's holding you back from taking that first step?",173.98871085606515,p9:1,202,3,0.10459520854055882,2.0940331742167473,3,state_4955ef7e024bd4351130,p9,False
MPMSME+RS,0,fixed_off,"[2181, 10578, 1093, 499, 2351, 8430, 264, 6651, 315, 21958, 922, 18667, 279, 4029, 39890, 2068, 13, 1102, 596, 49839, 311, 2733, 38100, 922, 1694, 304, 264, 1912, 6376, 11, 5423, 994, 499, 2351, 2736, 14892, 449, 3674, 74884, 32606, 13, 12522, 499, 6646, 7556, 311, 279, 2068, 44318, 477, 264, 5687, 4562, 922, 701, 10742, 30, 2435, 1253, 387, 3025, 311, 3085, 1063, 55713, 477, 1862, 311, 1520, 499, 2733, 810, 10882, 13, 128009]",0.12526917271316051,391eb62b5e02e9d7fc1641bfc3dc5e5a596f8ea76135eaa3fe1f3da77edf1b62,2283.643321832642,0.04226015880703926,243.4453519526869,44a69e6230d97aaf6476b18f00a94385123055037d8b00dc2d442f75bd2bf4fe,1502,2465.82921105437,425.59020686894655,425.5059720017016,8660fc97084b286e8cbfeeaf661020b66ba64561eebb7350c947c32f3ffcaa70,True,28,75,0.006996095180511475,3,0.03970786929130554,True,0,r0:state_4955ef7e024bd4351130:fixed_off,74fde4a91030960536e420ae1de5f3bc4212f4d8e71a37b4b382ad8f9cea617f,"It sounds like you're feeling a mix of emotions about joining the community wellness program. It's understandable to feel anxious about being in a group setting, especially when you're already dealing with social anxieties. Have you considered talking to the program organizers or a staff member about your concerns? They may be able to offer some accommodations or support to help you feel more comfortable.",178.34758199751377,p9:1,202,4,0.10847393423318863,3.5155999939888716,3,state_4955ef7e024bd4351130,p9,False
MSE+RS,0,rule_off,"[2181, 10578, 1093, 499, 2351, 8430, 264, 6651, 315, 21958, 922, 18667, 279, 4029, 39890, 2068, 13, 1102, 596, 49839, 311, 2733, 38100, 922, 1694, 304, 264, 1912, 6376, 11, 5423, 994, 499, 2351, 2736, 14892, 449, 1203, 6784, 323, 8631, 505, 990, 13, 3053, 499, 3371, 757, 810, 922, 1148, 596, 10168, 499, 1203, 505, 4737, 420, 3094, 30, 128009]",0.18424983136355877,391eb62b5e02e9d7fc1641bfc3dc5e5a596f8ea76135eaa3fe1f3da77edf1b62,1942.2299601137638,0.044048065319657326,241.2257508840412,ebb6f00ff84a4f5ce584fe21f4a8132b296883e2ac8ed0ce868899e59a4d4aa3,1476,2122.301610885188,421.17351084016263,421.1131518241018,67f9870be32e38f7ed0380c529b99b24016560a4c5f70e6bf042f8b1fac1f144,True,29,61,165.31998803839087,4,0.0302949920296669,True,0,r0:state_4955ef7e024bd4351130:rule_off,d0f7d4500238015f57ecadefef413345bd2f0f5e4185ed5b02ebecf4e607706c,"It sounds like you're feeling a mix of emotions about joining the community wellness program. It's understandable to feel anxious about being in a group setting, especially when you're already dealing with back pain and stress from work. Can you tell me more about what's holding you back from taking this step?",10.947109898552299,p9:1,202,3,0.10996498167514801,3.43599496409297,3,state_4955ef7e024bd4351130,p9,False
MSE+RS,0,rule_off,"[2181, 10578, 1093, 279, 38384, 1862, 1912, 706, 1027, 264, 2033, 35535, 3640, 20827, 369, 499, 11, 12967, 2225, 6981, 323, 7319, 51978, 13, 3053, 499, 3371, 757, 810, 922, 1148, 596, 1027, 1455, 17436, 369, 499, 304, 3878, 315, 279, 21958, 430, 617, 2586, 709, 30, 128009]",0.1129009760916233,391eb62b5e02e9d7fc1641bfc3dc5e5a596f8ea76135eaa3fe1f3da77edf1b62,1576.9793100189418,0.049032969400286674,263.10434099286795,29f5a90974a99d41a00bd05dd1b6f0e6476ceaaa598b1e358bcfdf5ea1d7d909,1626,1986.7293850984424,672.826040070504,672.741515096277,ba197871152eb59cce32296f31c882339f5bccb56cc89a7f207156776d6540b1,True,30,48,198.1796349864453,0,0.050241127610206604,True,0,r0:state_6a20132a23a99122e178:rule_off,be9425ddb137b0526c4ea0cdf9b08bd879e9f39ec3609b3ed7e05b34761935d3,"It sounds like the grief support group has been a double-edged sword for you, bringing both comfort and increased sadness. Can you tell me more about what's been most challenging for you in terms of the emotions that have come up?",206.4548258204013,p5:2,303,3,0.2691561821848154,4.634283017367125,3,state_6a20132a23a99122e178,p5,False
MPMSME+RS,0,fixed_off,"[2181, 10578, 1093, 279, 38384, 1862, 1912, 706, 1027, 264, 2033, 35535, 3640, 20827, 369, 499, 11, 12967, 709, 2225, 6981, 323, 7319, 51978, 13, 3053, 499, 3371, 757, 810, 922, 1148, 596, 1027, 1455, 17436, 369, 499, 304, 3878, 315, 8863, 701, 21958, 323, 69025, 922, 701, 7126, 30, 128009]",0.11350284330546856,391eb62b5e02e9d7fc1641bfc3dc5e5a596f8ea76135eaa3fe1f3da77edf1b62,1644.5886101573706,0.043042004108428955,263.99798202328384,a149cdd7f65789c8f861fdef9ae6180d436e6d73d4954db72115434451224349,1652,1810.0070930086076,429.35097496956587,429.30296203121543,40149b2a05b7cf3f2c1e203281e0b1513b7b6ef8e243817a47b47b4e62ee9826,True,31,51,0.007877824828028679,1,0.04295003600418568,True,0,r0:state_6a20132a23a99122e178:fixed_off,5209041576c5f5cf774007f70676e6f2ae23cad3afceddf0f17878bd8985d94a,"It sounds like the grief support group has been a double-edged sword for you, bringing up both comfort and increased sadness. Can you tell me more about what's been most challenging for you in terms of processing your emotions and regrets about your father?",161.22384113259614,p5:2,303,4,0.11197314597666264,3.875295864418149,3,state_6a20132a23a99122e178,p5,False
ME+R0,0,me_r0,"[2181, 10578, 1093, 499, 2351, 8430, 264, 6651, 315, 21958, 11, 323, 433, 596, 17339, 430, 433, 596, 264, 29551, 1030, 2352, 13, 1102, 596, 6366, 430, 499, 2351, 61708, 279, 6981, 315, 14392, 499, 2351, 539, 7636, 304, 701, 38384, 11, 323, 430, 596, 264, 6908, 3094, 13, 3053, 499, 3371, 757, 810, 922, 1148, 596, 1027, 5108, 709, 369, 499, 304, 3878, 315, 34951, 323, 4814, 5552, 311, 701, 7126, 30, 3639, 527, 1063, 315, 279, 3230, 19459, 477, 69025, 430, 617, 1027, 20884, 4628, 369, 499, 30, 128009]",0.12738490477204323,391eb62b5e02e9d7fc1641bfc3dc5e5a596f8ea76135eaa3fe1f3da77edf1b62,2655.5531099438667,0.03584800288081169,194.55222599208355,4f3ec12be3b758cbf7f7edbf5eda541d03c1b9b92b6b954e41809a972f73c7cd,1203,2660.738837905228,199.6612900402397,199.61056904867291,cecc8e89becad92b82a7fb2ae4a9265003ed0a85034d64b451ef78f2fed780f0,True,32,91,0.006287824362516403,2,0.014612916857004166,,0,r0:state_6a20132a23a99122e178:me_r0,02823a725c2c94c1f33acde1a7ede70c23cd5872ef9c0d8d20d79f9152b60642,"It sounds like you're feeling a mix of emotions, and it's okay that it's a rollercoaster. It's beautiful that you're acknowledging the comfort of knowing you're not alone in your grief, and that's a huge step. Can you tell me more about what's been coming up for you in terms of guilt and loss related to your father? What are some of the specific memories or regrets that have been surfacing for you?",2.1727820858359337,p5:2,303,1,0.10978803038597107,2.719024196267128,3,state_6a20132a23a99122e178,p5,False
MS+RS,0,pm_off,"[2181, 10578, 1093, 499, 2351, 25051, 264, 6651, 315, 21958, 11, 8430, 2225, 6981, 291, 555, 279, 3717, 449, 3885, 304, 279, 1912, 323, 43206, 555, 279, 21261, 315, 701, 1866, 16024, 13, 3053, 499, 3371, 757, 810, 922, 1148, 596, 1027, 1455, 17436, 369, 499, 304, 420, 1920, 30, 128009]",0.11466396972537041,391eb62b5e02e9d7fc1641bfc3dc5e5a596f8ea76135eaa3fe1f3da77edf1b62,1475.7750199642032,0.04490814171731472,123.7354357726872,2d90ccde6cb43a7526134bca7a445ef90f86909c486bc62eb4f65c5a935b9ee8,747,1642.1894489321858,290.07652192376554,290.03520077094436,f156c092c6c5d7f0dcb2dba0da57b465e1d2300ace8c9a41e3595005e2157db0,True,33,51,5.93239301815629,3,0.02842000685632229,True,0,r0:state_6a20132a23a99122e178:pm_off,1e6777b553620365075e81b647a322913e10c92d4059880d2d760ced91f9d63d,"It sounds like you're experiencing a mix of emotions, feeling both comforted by the connection with others in the group and overwhelmed by the intensity of your own feelings. Can you tell me more about what's been most challenging for you in this process?",158.0391749739647,p5:2,303,2,0.10903878137469292,2.145830076187849,3,state_6a20132a23a99122e178,p5,False
M0+R0,0,context_only,"[4897, 10578, 17235, 17436, 13, 1102, 596, 439, 422, 499, 2351, 60499, 264, 6485, 6651, 315, 21958, 11, 1405, 3717, 323, 6981, 527, 99892, 449, 6784, 323, 51978, 13, 3053, 499, 3371, 757, 810, 922, 1148, 596, 1027, 1455, 5107, 369, 499, 304, 11821, 701, 11704, 323, 16024, 30, 128009]",0.11408887803554535,391eb62b5e02e9d7fc1641bfc3dc5e5a596f8ea76135eaa3fe1f3da77edf1b62,1392.3564190045,0.03552716225385666,72.18873803503811,4b0ca11234f2dc56ea1c7ff758926d348ceb5e0c049b36a049faf7a2afe0a273,315,1393.7354269437492,73.49287089891732,73.45365709625185,6378ed42405354de8dffbf23ae6595ba559b08b8f71183ab8fb53867514dc65e,True,34,50,0.006471993401646614,4,0.008652918040752411,,0,r0:state_6a20132a23a99122e178:context_only,72bb2cf1ff8712d033665d2a1385c45c7ddf5f0107dd522464708854d46af0fe,"That sounds incredibly challenging. It's as if you're navigating a complex mix of emotions, where connection and comfort are intertwined with pain and sadness. Can you tell me more about what's been most difficult for you in sharing your experiences and feelings?",0.025806017220020294,p5:2,303,0,0.11162902228534222,1.0768319480121136,3,state_6a20132a23a99122e178,p5,False
MSE+RS,0,rule_off,"[40, 2846, 779, 16089, 499, 2351, 10032, 311, 4430, 701, 28970, 449, 757, 13, 1102, 5097, 264, 2763, 315, 25775, 311, 17113, 994, 584, 2351, 8430, 43206, 13, 3053, 499, 3371, 757, 810, 922, 1148, 596, 1027, 2133, 389, 449, 19475, 323, 1268, 499, 1781, 7366, 304, 3871, 2643, 5536, 701, 5133, 30, 128009]",0.11299410834908485,391eb62b5e02e9d7fc1641bfc3dc5e5a596f8ea76135eaa3fe1f3da77edf1b62,1724.8120398726314,0.0456799753010273,261.78950793109834,bf0e13be55e4c6fe3d2694ff854c3c294e4b40d1df6dff98fc2bfdcdb04797fb,1613,1945.728321094066,482.6515750028193,482.59279504418373,1806fb7fcd9e50c3e8e976185ece6f920afac8315beea4637723675c59e6386f,True,35,54,204.29399493150413,0,0.03936607390642166,True,0,r0:state_ea30f99985081e48c794:rule_off,a79b18d846bc2f14c3bbc2a3f2d6c8df54221dd442eb9a3e9400acb77d00c1f7,I'm so glad you're willing to share your struggles with me. It takes a lot of courage to admit when we're feeling overwhelmed. Can you tell me more about what's been going on with Matthew and how you think moving in together might impact your relationship?,12.392494129016995,p15:2,101,3,0.11248700320720673,3.9192650001496077,8,state_ea30f99985081e48c794,p15,False
MPMSME+RS,0,fixed_off,"[40, 649, 5647, 279, 4785, 315, 27924, 499, 2351, 15691, 13, 1102, 10578, 1093, 499, 2351, 8430, 43206, 555, 279, 7410, 311, 1304, 264, 5597, 922, 7366, 304, 449, 19475, 11, 323, 433, 596, 28987, 701, 7446, 2324, 13, 3053, 499, 3371, 757, 810, 922, 1148, 596, 10168, 499, 1203, 505, 8430, 16913, 304, 701, 5597, 28846, 1920, 30, 128009]",0.1154700294137001,391eb62b5e02e9d7fc1641bfc3dc5e5a596f8ea76135eaa3fe1f3da77edf1b62,1899.9755969271064,0.044070882722735405,263.9332669787109,43c8755a7b3a69e3a60004c5f73e66ca6e51acdff203fe161d2223413848e169,1640,2116.839593043551,480.7306712027639,480.68179306574166,108641015f85ef59adf50554bbdf94fdd81a9bba6443397e83765f404fe8c68e,True,36,60,0.007709953933954239,1,0.044171931222081184,True,0,r0:state_ea30f99985081e48c794:fixed_off,36630886db8660131b57b21cbc8318bd6d79e2e230beb4ebb4923ef508c06184,"I can sense the weight of uncertainty you're carrying. It sounds like you're feeling overwhelmed by the pressure to make a decision about moving in with Matthew, and it's affecting your daily life. Can you tell me more about what's holding you back from feeling confident in your decision-making process?",212.70109410397708,p15:2,101,4,0.1127501018345356,3.838729113340378,8,state_ea30f99985081e48c794,p15,False
ME+R0,0,me_r0,"[2181, 10578, 1093, 499, 2351, 8430, 2216, 43206, 323, 36218, 922, 701, 5597, 311, 3351, 304, 449, 19475, 13, 3053, 499, 3371, 757, 810, 922, 1148, 596, 10168, 499, 1203, 505, 8430, 16913, 922, 420, 3094, 30, 3639, 527, 1063, 315, 279, 3230, 10742, 477, 24087, 430, 527, 5108, 709, 369, 499, 30, 128009]",0.11083181016147137,391eb62b5e02e9d7fc1641bfc3dc5e5a596f8ea76135eaa3fe1f3da77edf1b62,1691.1109460052103,0.03696605563163757,231.2544130254537,625ad02a6821f03cafeba4d0d8cd872787fb5456e2f1bd4a0536a69acc870c69,1293,1697.2207888029516,237.33228188939393,237.2534240130335,ed9b483037ca6e67366463fe5716d7f05c92f1361a5316f4a798e8ce3f5ce7eb,True,37,54,0.0066838692873716354,2,0.015656929463148117,,0,r0:state_ea30f99985081e48c794:me_r0,4cc7ebc08e6a4dfb4ecf91dab06220fac90d2173bbf630652acca0d20c91c179,It sounds like you're feeling really overwhelmed and uncertain about your decision to move in with Matthew. Can you tell me more about what's holding you back from feeling confident about this step? What are some of the specific concerns or fears that are coming up for you?,2.948012202978134,p15:2,101,1,0.11460995301604271,2.8770819772034883,8,state_ea30f99985081e48c794,p15,False
MSE+RS,0,pm_off,"[40, 2846, 779, 16089, 499, 2351, 10032, 311, 4430, 701, 28970, 449, 757, 13, 1102, 5097, 264, 2763, 315, 25775, 311, 17113, 994, 584, 2351, 8430, 43206, 13, 3053, 499, 3371, 757, 810, 922, 1148, 596, 1027, 2133, 389, 449, 19475, 323, 1268, 499, 1781, 7366, 304, 3871, 2643, 5536, 701, 5133, 30, 128009]",0.11335196904838085,391eb62b5e02e9d7fc1641bfc3dc5e5a596f8ea76135eaa3fe1f3da77edf1b62,1727.2884570993483,0.0431498046964407,262.8853851929307,bf0e13be55e4c6fe3d2694ff854c3c294e4b40d1df6dff98fc2bfdcdb04797fb,1613,1952.4751969147474,488.021288998425,487.95877303928137,1806fb7fcd9e50c3e8e976185ece6f920afac8315beea4637723675c59e6386f,True,38,54,7.04287807457149,3,0.04120194353163242,True,0,r0:state_ea30f99985081e48c794:pm_off,a79b18d846bc2f14c3bbc2a3f2d6c8df54221dd442eb9a3e9400acb77d00c1f7,I'm so glad you're willing to share your struggles with me. It takes a lot of courage to admit when we're feeling overwhelmed. Can you tell me more about what's been going on with Matthew and how you think moving in together might impact your relationship?,213.9748630579561,p15:2,101,3,0.11175381951034069,3.8595411460846663,8,state_ea30f99985081e48c794,p15,False
M0+R0,0,context_only,"[2181, 10578, 1093, 279, 4785, 315, 420, 5597, 374, 2216, 18534, 1523, 389, 499, 11, 323, 433, 596, 28987, 701, 7446, 2324, 304, 5199, 5627, 13, 3053, 499, 3371, 757, 810, 922, 1148, 596, 3339, 499, 2733, 779, 36218, 922, 7366, 304, 449, 19475, 30, 3639, 527, 1063, 315, 279, 3230, 10742, 430, 527, 10494, 499, 709, 520, 3814, 30, 128009]",0.14478201046586037,391eb62b5e02e9d7fc1641bfc3dc5e5a596f8ea76135eaa3fe1f3da77edf1b62,1706.117797875777,0.03626011312007904,86.07314992696047,6682a336a4c0bad3c4b99f63338479f5fd2d45f6a65664a3edb8b550d25faa9e,424,1707.778523908928,87.63611200265586,87.58909394964576,121720234416e3fb88c31dde5e82260cca7036afb5cdc27107fdc86fe6924d36,True,39,61,0.006793998181819916,4,0.008511124178767204,,0,r0:state_ea30f99985081e48c794:context_only,5fa25bdcd8c3b3637ed8282cd43c1abaf5c813dea59d3bb6738f7f1ddd92d307,"It sounds like the weight of this decision is really bearing down on you, and it's affecting your daily life in significant ways. Can you tell me more about what's making you feel so uncertain about moving in with Matthew? What are some of the specific concerns that are keeping you up at night?",0.032590003684163094,p15:2,101,0,0.11169491335749626,1.3200938701629639,8,state_ea30f99985081e48c794,p15,False
M0+R0,0,context_only,"[2181, 10578, 1093, 499, 2351, 15691, 264, 8987, 2865, 1314, 1457, 11, 323, 433, 596, 6724, 49839, 311, 2733, 43206, 13, 1102, 596, 8056, 430, 499, 2351, 61708, 701, 3966, 323, 19762, 311, 5662, 704, 369, 1862, 13, 3053, 358, 3085, 499, 264, 14624, 2487, 323, 1063, 18726, 369, 1268, 584, 2643, 990, 3871, 311, 1505, 5627, 311, 10299, 701, 18547, 323, 636, 279, 1862, 499, 1205, 30, 128009]",0.1799019519239664,391eb62b5e02e9d7fc1641bfc3dc5e5a596f8ea76135eaa3fe1f3da77edf1b62,1939.1896440647542,0.04295399412512779,88.23447092436254,f707bba256cfafd7ca60fa68f8fb2283874a46955fcc34fd964b0d8768ef6fa2,448,1941.2176159676164,90.14849783852696,90.08254087530077,38991db46060a95b13ce4885a3dbbdfa459d37ed4180425520c844d2d8858ed7,True,40,69,0.008153030648827553,0,0.010917894542217255,,0,r0:state_8a5aced6bb31f46ccdee:context_only,cd51ad1580bb9381b2659d76e668a6fbcd5cb1304c0af44f26a9345e8bd73d9f,"It sounds like you're carrying a heavy load right now, and it's completely understandable to feel overwhelmed. It's amazing that you're acknowledging your needs and wanting to reach out for support. Can I offer you a listening ear and some suggestions for how we might work together to find ways to manage your anxiety and get the support you need?",0.03754394128918648,p14:1,101,0,0.14456198550760746,1.6039391048252583,8,state_8a5aced6bb31f46ccdee,p14,False
MSE+RS,0,pm_off,"[2181, 10578, 1093, 499, 2351, 8430, 2216, 43206, 323, 38100, 922, 701, 2890, 323, 701, 5845, 311, 2512, 369, 701, 8945, 13, 3011, 2011, 387, 17235, 11292, 369, 499, 13, 3053, 499, 3371, 757, 810, 922, 1148, 596, 1027, 2133, 389, 449, 701, 2890, 323, 1268, 499, 2351, 8430, 922, 433, 30, 128009]",0.11210097000002861,391eb62b5e02e9d7fc1641bfc3dc5e5a596f8ea76135eaa3fe1f3da77edf1b62,1706.138167064637,0.06612692959606647,262.2908791527152,cae20a28e43f6ed2d936cda0119d001ad3fc091686d01c8601132f33f5cdc088,1600,1978.2399509567767,534.3797360546887,534.280562074855,8503e13ea476d500f8c12ae1174a98c0429b0cea69d39d8e11c3cc4e64acc3d5,True,41,53,8.615463972091675,1,0.06388500332832336,True,0,r0:state_8a5aced6bb31f46ccdee:pm_off,60f6ecdddab07140db215dcc5928de56a10bd556ee38c306badb9461c821a4f3,It sounds like you're feeling really overwhelmed and anxious about your health and your ability to care for your baby. That must be incredibly tough for you. Can you tell me more about what's been going on with your health and how you're feeling about it?,258.23272904381156,p14:1,101,3,0.15337602235376835,4.858101950958371,8,state_8a5aced6bb31f46ccdee,p14,False
MPMSME+RS,0,fixed_off,"[2181, 10578, 1093, 499, 2351, 8430, 2216, 43206, 323, 38100, 922, 701, 2890, 323, 701, 5845, 311, 2512, 369, 701, 8945, 13, 3011, 2011, 387, 17235, 11292, 369, 499, 13, 3053, 499, 3371, 757, 810, 922, 1148, 596, 1027, 2133, 389, 449, 701, 2890, 11, 323, 1268, 499, 2351, 8430, 922, 18646, 701, 7446, 9256, 323, 4737, 2512, 315, 701, 8945, 30, 128009]",0.1135349739342928,391eb62b5e02e9d7fc1641bfc3dc5e5a596f8ea76135eaa3fe1f3da77edf1b62,1975.3057130146772,0.04329998046159744,262.9835749976337,675deeac931c67a2e55f0c96c0c65ba5b346d007a7dcc1c8f78d678cc5938323,1625,2189.1877818852663,476.8086129333824,476.75210889428854,cf2d660d9685f1eccda521ec630992824bd1e596f88f1a89b603d52e22c76a87,True,42,63,0.007055001333355904,2,0.04266202449798584,True,0,r0:state_8a5aced6bb31f46ccdee:fixed_off,f4e0be6c8c05745a9972a35be5441f671a1c55f6358306e02bb589152f7b5276,"It sounds like you're feeling really overwhelmed and anxious about your health and your ability to care for your baby. That must be incredibly tough for you. Can you tell me more about what's been going on with your health, and how you're feeling about managing your daily tasks and taking care of your baby?",209.77127202786505,p14:1,101,4,0.10858895257115364,3.7956559099256992,8,state_8a5aced6bb31f46ccdee,p14,False
ME+R0,0,me_r0,"[40, 2846, 779, 16089, 499, 2351, 8430, 10882, 3403, 311, 4430, 701, 28970, 449, 757, 13, 1102, 5097, 264, 2763, 315, 25775, 311, 17113, 994, 584, 2351, 539, 17339, 13, 358, 1390, 499, 311, 1440, 430, 358, 2846, 1618, 311, 9020, 323, 1862, 499, 11, 539, 1120, 3432, 11, 719, 15716, 499, 1205, 433, 13, 1102, 10578, 1093, 499, 2351, 8430, 2216, 43206, 449, 18547, 323, 8850, 922, 701, 2890, 323, 701, 5845, 311, 2512, 369, 701, 8945, 13, 3053, 499, 3371, 757, 810, 922, 1148, 596, 1027, 2133, 1555, 701, 4059, 31445, 30, 3639, 527, 1063, 315, 279, 3230, 24087, 323, 38145, 430, 527, 10494, 499, 709, 520, 3814, 30, 128009]",0.1386071089655161,391eb62b5e02e9d7fc1641bfc3dc5e5a596f8ea76135eaa3fe1f3da77edf1b62,3249.1035328712314,0.03510108217597008,198.41696182265878,e3a2c446a740afdc889af2343d14585a2b17b3fa4dca959e739ac092540217ae,1273,3254.567572148517,203.78795103169978,203.7423939909786,9e5ea323b9b77f4e31ed236e2509cab314a3132506ece31c8c7f96e745d58fa5,True,43,112,0.006713205948472023,3,0.015666941180825233,,0,r0:state_8a5aced6bb31f46ccdee:me_r0,3a1659a9da7d5f452bfa632e5dfbd3f901d9ee47bf0e1d4319bb6e6554ec74cc,"I'm so glad you're feeling comfortable enough to share your struggles with me. It takes a lot of courage to admit when we're not okay. I want you to know that I'm here to listen and support you, not just today, but whenever you need it. It sounds like you're feeling really overwhelmed with anxiety and fear about your health and your ability to care for your baby. Can you tell me more about what's been going through your mind lately? What are some of the specific fears and worries that are keeping you up at night?",2.3548880126327276,p14:1,101,1,0.1144979614764452,2.798564964905381,8,state_8a5aced6bb31f46ccdee,p14,False
MSE+RS,0,rule_off,"[2181, 10578, 1093, 499, 2351, 8430, 2216, 43206, 323, 38100, 922, 701, 2890, 323, 701, 5845, 311, 2512, 369, 701, 8945, 13, 3011, 2011, 387, 17235, 11292, 369, 499, 13, 3053, 499, 3371, 757, 810, 922, 1148, 596, 1027, 2133, 389, 449, 701, 2890, 323, 1268, 499, 2351, 8430, 922, 433, 30, 128009]",0.1164930872619152,391eb62b5e02e9d7fc1641bfc3dc5e5a596f8ea76135eaa3fe1f3da77edf1b62,1716.2804279942065,0.0431619118899107,261.67312916368246,cae20a28e43f6ed2d936cda0119d001ad3fc091686d01c8601132f33f5cdc088,1600,1935.6073001399636,480.9345221146941,480.8835082221776,8503e13ea476d500f8c12ae1174a98c0429b0cea69d39d8e11c3cc4e64acc3d5,True,44,53,204.0527299977839,4,0.035120872780680656,True,0,r0:state_8a5aced6bb31f46ccdee:rule_off,60f6ecdddab07140db215dcc5928de56a10bd556ee38c306badb9461c821a4f3,It sounds like you're feeling really overwhelmed and anxious about your health and your ability to care for your baby. That must be incredibly tough for you. Can you tell me more about what's been going on with your health and how you're feeling about it?,11.152425082400441,p14:1,101,3,0.10861107148230076,3.8183301221579313,8,state_8a5aced6bb31f46ccdee,p14,False
MSE+RS,0,pm_off,"[2181, 10578, 1093, 499, 2351, 3339, 1063, 2294, 5208, 389, 6968, 264, 3197, 311, 10519, 701, 470, 12313, 323, 14604, 20334, 2391, 279, 13306, 13, 3011, 596, 2216, 66388, 13, 358, 1781, 433, 596, 1101, 11364, 430, 499, 2351, 13126, 665, 35696, 279, 1520, 315, 3345, 4885, 369, 1862, 482, 3515, 264, 6573, 1862, 1887, 649, 1304, 264, 6908, 6811, 13, 3639, 656, 499, 1781, 922, 19261, 704, 311, 1124, 11951, 311, 3137, 922, 701, 23546, 323, 15174, 369, 11850, 29213, 21633, 477, 15082, 30, 128009]",0.20436104387044907,391eb62b5e02e9d7fc1641bfc3dc5e5a596f8ea76135eaa3fe1f3da77edf1b62,2678.0327858868986,0.04579802043735981,298.1245338451117,76102bb430f86840a1bdf05581e5f6c4d61437dc371213c60292d15b45ea546b,1757,2924.774266080931,544.722915161401,544.6616529952735,f450b26fd70e1cafcea3b332815148b527cff50d0c82da2adba3ec77cc1e8f77,True,45,86,7.209670962765813,0,0.039850128814578056,True,0,r0:state_1a8e1eb1d03cc9252b38:pm_off,0ba07c746e0bea29a2ba4676641f62a3fb057f35f2e111076eb23d622e2b8a41,It sounds like you're making some great progress on creating a plan to maintain your composure and emotional stability during the wedding. That's really empowering. I think it's also wonderful that you're considering enlisting the help of close friends for support - having a solid support system can make a huge difference. What do you think about reaching out to them specifically to talk about your boundaries and strategies for handling uncomfortable conversations or situations?,234.95154595002532,p2:2,101,3,0.114841153845191,4.175412934273481,8,state_1a8e1eb1d03cc9252b38,p2,False
MSE+RS,0,rule_off,"[2181, 10578, 1093, 499, 2351, 3339, 1063, 2294, 5208, 389, 6968, 264, 3197, 311, 10519, 701, 470, 12313, 323, 14604, 20334, 2391, 279, 13306, 13, 3011, 596, 2216, 66388, 13, 358, 1781, 433, 596, 1101, 11364, 430, 499, 2351, 13126, 665, 35696, 279, 1520, 315, 3345, 4885, 369, 1862, 482, 3515, 264, 6573, 1862, 1887, 649, 1304, 264, 6908, 6811, 13, 3639, 656, 499, 1781, 922, 19261, 704, 311, 1124, 11951, 311, 3137, 922, 701, 23546, 323, 15174, 369, 11850, 29213, 21633, 477, 15082, 30, 128009]",0.1446991227567196,391eb62b5e02e9d7fc1641bfc3dc5e5a596f8ea76135eaa3fe1f3da77edf1b62,2657.2749328333884,0.042850151658058167,297.27206099778414,76102bb430f86840a1bdf05581e5f6c4d61437dc371213c60292d15b45ea546b,1757,3058.1678899470717,698.0854708235711,698.0203189887106,f450b26fd70e1cafcea3b332815148b527cff50d0c82da2adba3ec77cc1e8f77,True,46,86,247.42695386521518,1,0.045558204874396324,True,0,r0:state_1a8e1eb1d03cc9252b38:rule_off,0ba07c746e0bea29a2ba4676641f62a3fb057f35f2e111076eb23d622e2b8a41,It sounds like you're making some great progress on creating a plan to maintain your composure and emotional stability during the wedding. That's really empowering. I think it's also wonderful that you're considering enlisting the help of close friends for support - having a solid support system can make a huge difference. What do you think about reaching out to them specifically to talk about your boundaries and strategies for handling uncomfortable conversations or situations?,148.944403976202,p2:2,101,3,0.14619599096477032,4.142295802012086,8,state_1a8e1eb1d03cc9252b38,p2,False
MPMSME+RS,0,fixed_off,"[2181, 10578, 1093, 499, 2351, 3339, 1063, 2294, 5208, 304, 6968, 264, 3197, 311, 10519, 701, 470, 12313, 323, 14604, 20334, 2391, 279, 13306, 13, 3011, 596, 2216, 66388, 13, 358, 1781, 433, 596, 1101, 11364, 430, 499, 2351, 13126, 665, 35696, 279, 1520, 315, 3345, 4885, 369, 1862, 482, 3515, 264, 6573, 1862, 1887, 649, 1304, 264, 6908, 6811, 13, 3639, 656, 499, 1781, 922, 19261, 704, 311, 1124, 11951, 311, 3137, 922, 701, 23546, 323, 15174, 369, 11850, 29213, 21633, 477, 15082, 30, 128009]",0.19905087538063526,391eb62b5e02e9d7fc1641bfc3dc5e5a596f8ea76135eaa3fe1f3da77edf1b62,2694.7372280992568,0.048955902457237244,299.5020179077983,1f862fbf8d20cadf10cffa680cc1828fe4a09156f0eaa13f4ac7c2eed3ce0418,1790,2939.7874909918755,544.4443239830434,544.3532299250364,8956071c8d5a669081c4f35b33699b414fb11df93f747c0e5b0e3fee032c2407,True,47,86,0.00723288394510746,2,0.049105146899819374,True,0,r0:state_1a8e1eb1d03cc9252b38:fixed_off,f2d11544332140474f756cee4b65efdf5211b7f18279314d83c8b405e2845a21,It sounds like you're making some great progress in creating a plan to maintain your composure and emotional stability during the wedding. That's really empowering. I think it's also wonderful that you're considering enlisting the help of close friends for support - having a solid support system can make a huge difference. What do you think about reaching out to them specifically to talk about your boundaries and strategies for handling uncomfortable conversations or situations?,239.90503302775323,p2:2,101,4,0.1155240461230278,4.725361010059714,8,state_1a8e1eb1d03cc9252b38,p2,False
M0+R0,0,context_only,"[4897, 10578, 1093, 264, 2294, 3094, 4741, 13, 1102, 596, 11364, 430, 499, 2351, 4737, 59314, 11193, 311, 63652, 701, 14604, 1664, 33851, 13, 20636, 264, 3197, 304, 2035, 649, 8659, 1520, 499, 2733, 810, 45445, 323, 10235, 13, 2650, 656, 499, 1781, 499, 3358, 1440, 994, 499, 3077, 9749, 264, 1695, 8335, 1990, 1694, 33445, 315, 701, 506, 596, 23871, 323, 4737, 2512, 315, 6261, 30, 128009]",0.1272391527891159,391eb62b5e02e9d7fc1641bfc3dc5e5a596f8ea76135eaa3fe1f3da77edf1b62,1909.8307529930025,0.05351402796804905,88.07312208227813,83ab443806b9eb455e9084045455d5a10e2758043f28d4b809d4159ea3264fec,439,1912.106144009158,90.28422087430954,90.2212739456445,fe67667367f1b76a2edd03924b20df520c2edc0505a5c00bc9bbac708670a761,True,48,68,0.009898794814944267,3,0.01313001848757267,,0,r0:state_1a8e1eb1d03cc9252b38:context_only,ab69b841bcc4c061eb098069226b7df8b231bfaff425b1f98ad3c1f075f63ea6,That sounds like a great step forward. It's wonderful that you're taking proactive measures to prioritize your emotional well-being. Having a plan in place can definitely help you feel more grounded and prepared. How do you think you'll know when you've established a good balance between being supportive of your ex's happiness and taking care of yourself?,0.05171610973775387,p2:2,101,0,0.16477401368319988,1.8551188986748457,8,state_1a8e1eb1d03cc9252b38,p2,False
ME+R0,0,me_r0,"[2181, 10578, 1093, 499, 2351, 3339, 1063, 2294, 5208, 304, 6968, 264, 3197, 311, 10519, 701, 470, 12313, 323, 14604, 20334, 2391, 279, 13306, 13, 3011, 5097, 264, 2763, 315, 25775, 323, 659, 66104, 2136, 13, 358, 2846, 16089, 499, 2351, 13126, 665, 35696, 279, 1520, 315, 3345, 4885, 369, 1862, 482, 3515, 264, 6573, 1862, 1887, 649, 1304, 264, 6908, 6811, 13, 3639, 656, 499, 1781, 374, 279, 1455, 17436, 961, 315, 31692, 23546, 323, 15174, 311, 5766, 29213, 21633, 477, 15082, 30, 128009]",0.1379630994051695,391eb62b5e02e9d7fc1641bfc3dc5e5a596f8ea76135eaa3fe1f3da77edf1b62,2556.7324720323086,0.03690086305141449,246.5528000611812,4482e9a7456ee180230ecdc381d639756b102ed4ca2875e835cd0a1e62f69c19,1430,2563.6564830783755,253.39833414182067,253.3388480078429,e342590245a3514dcfbb34a60bba4e494aae2259bdca64d7b6382733a7525186,True,49,85,0.005979789420962334,4,0.01677614636719227,,0,r0:state_1a8e1eb1d03cc9252b38:me_r0,56d59b79b27edc605d35471a804de66eb3522bc57b4240c3dbf65ec8bd856aeb,It sounds like you're making some great progress in creating a plan to maintain your composure and emotional stability during the wedding. That takes a lot of courage and self-awareness. I'm glad you're considering enlisting the help of close friends for support - having a solid support system can make a huge difference. What do you think is the most challenging part of establishing boundaries and strategies to avoid uncomfortable conversations or situations?,3.401360008865595,p2:2,101,1,0.11240714229643345,3.2126239966601133,8,state_1a8e1eb1d03cc9252b38,p2,False
MSE+RS,0,rule_off,"[2181, 10578, 1093, 279, 4785, 315, 9293, 420, 8577, 374, 2216, 18534, 1523, 389, 499, 13, 3053, 499, 3371, 757, 810, 922, 1148, 596, 10043, 701, 12876, 369, 4395, 311, 733, 39511, 30, 3639, 596, 279, 1455, 3062, 961, 315, 420, 8577, 369, 499, 30, 128009]",0.10885810479521751,391eb62b5e02e9d7fc1641bfc3dc5e5a596f8ea76135eaa3fe1f3da77edf1b62,1485.9709409065545,0.04369206726551056,247.048043878749,7a034aa542a6558c2fa3ef3ff7490095faebfd0fa6911065dc0857f373015a63,1453,1660.931522026658,421.97495396248996,421.8997668940574,e7cc0c913a811b304e43582a700903f8043eaf6a72d5764995d8edaaf45a7d6d,True,50,46,159.71655189059675,0,0.03404100425541401,True,0,r0:state_9e3983d41b32234f1cb8:rule_off,18705c491c6fc2c538bf2a7a50aea51b74511a1043cf4c50a65f07738950f7ec,It sounds like the weight of planning this trip is really bearing down on you. Can you tell me more about what's driving your desire for everything to go smoothly? What's the most important part of this trip for you?,11.501430068165064,p3:2,101,3,0.11630007065832615,3.439707914367318,3,state_9e3983d41b32234f1cb8,p3,False
M0+R0,0,context_only,"[2181, 10578, 1093, 279, 7410, 311, 1893, 264, 4832, 8577, 374, 4737, 264, 26936, 389, 701, 1664, 33851, 13, 1102, 596, 6724, 49839, 311, 1390, 311, 1304, 2771, 5127, 706, 264, 2294, 892, 11, 719, 433, 596, 1101, 3062, 311, 6227, 430, 433, 596, 17339, 422, 2574, 1541, 956, 733, 7041, 439, 13205, 13, 3053, 499, 3371, 757, 810, 922, 1148, 499, 1781, 1053, 3621, 422, 701, 4885, 3287, 956, 617, 264, 2294, 892, 30, 128009]",0.13210088945925236,391eb62b5e02e9d7fc1641bfc3dc5e5a596f8ea76135eaa3fe1f3da77edf1b62,2092.83101814799,0.034825876355171204,71.53283897787333,ca2deef3f6e77008cf6d02c0c2831cf04261abaca7e8e67c2604e5850d113c8f,311,2094.220965867862,72.82582181505859,72.79068580828607,35949ebf7f91f205ec76122052ba62d85c9e8a121239e23abead1e2cf884feb8,True,51,76,0.007200054824352264,1,0.008177012205123901,,0,r0:state_9e3983d41b32234f1cb8:context_only,6b895e7f32abb522e9b48e7bd0ccb8392c0e7f19af8d308e20085d888d4e19bb,"It sounds like the pressure to create a perfect trip is taking a toll on your well-being. It's completely understandable to want to make sure everyone has a great time, but it's also important to remember that it's okay if things don't go exactly as planned. Can you tell me more about what you think would happen if your friends didn't have a great time?",0.025883782655000687,p3:2,101,0,0.11234497651457787,1.0694151278585196,3,state_9e3983d41b32234f1cb8,p3,False
MPMSME+RS,0,fixed_off,"[2181, 10578, 1093, 279, 4785, 315, 9293, 420, 8577, 374, 2216, 18534, 1523, 389, 499, 13, 3053, 499, 3371, 757, 810, 922, 1148, 596, 10043, 701, 12876, 369, 4395, 311, 733, 39511, 30, 3639, 596, 279, 1455, 3062, 961, 315, 420, 8577, 369, 499, 30, 128009]",0.11142902076244354,391eb62b5e02e9d7fc1641bfc3dc5e5a596f8ea76135eaa3fe1f3da77edf1b62,1486.4667230285704,0.04344293847680092,241.746183950454,2457e3f9dad37660b45bb79859d87259d19cb57e9b7ee8df122dede0c1db79ab,1479,1663.8503370340914,419.075079029426,419.0183689352125,80833312092ece44b56a7718b8d3538de5defbf7d6aeccb93f8b030874f9ba52,True,52,46,0.0065050553530454636,2,0.04209508188068867,True,0,r0:state_9e3983d41b32234f1cb8:fixed_off,18705c491c6fc2c538bf2a7a50aea51b74511a1043cf4c50a65f07738950f7ec,It sounds like the weight of planning this trip is really bearing down on you. Can you tell me more about what's driving your desire for everything to go smoothly? What's the most important part of this trip for you?,173.5562530811876,p3:2,101,4,0.12083793990314007,3.5030508879572153,3,state_9e3983d41b32234f1cb8,p3,False
MP+RS,0,pm_off,"[2181, 10578, 1093, 279, 7410, 311, 3197, 264, 4832, 8577, 374, 4737, 264, 26936, 389, 499, 13, 3053, 499, 3371, 757, 810, 922, 1148, 12716, 499, 16267, 11, 323, 1268, 499, 1781, 499, 649, 33435, 430, 1139, 420, 8577, 311, 1304, 433, 810, 32180, 369, 5127, 30, 128009]",0.12929807417094707,391eb62b5e02e9d7fc1641bfc3dc5e5a596f8ea76135eaa3fe1f3da77edf1b62,1376.4685168862343,0.04409998655319214,105.2263870369643,96a999591c68c5cf2a475f903b4c176bb0a7e20e5366f9807791154d82477bcc,544,1555.6964869610965,284.3726349528879,284.3250590376556,8802998900bb584d7c3945bbaa8adf12b2dc116102e4e6295adbd6e2bd2b6d53,True,53,48,5.887896986678243,3,0.03053201362490654,True,0,r0:state_9e3983d41b32234f1cb8:pm_off,f709d809db6da53b03e698e279a47c02d0f7ea65fee9dffc9b7810769901dd39,"It sounds like the pressure to plan a perfect trip is taking a toll on you. Can you tell me more about what brings you joy, and how you think you can incorporate that into this trip to make it more enjoyable for everyone?",171.23273597098887,p3:2,101,2,0.11027301661670208,1.7931340262293816,3,state_9e3983d41b32234f1cb8,p3,False
ME+R0,0,me_r0,"[2181, 10578, 1093, 499, 2351, 15691, 264, 2763, 315, 4785, 389, 701, 28004, 11, 323, 433, 596, 912, 5895, 499, 2351, 8430, 38100, 922, 420, 8577, 13, 1102, 596, 2294, 430, 499, 2351, 61708, 701, 24087, 323, 19762, 311, 1304, 2771, 5127, 706, 264, 1695, 892, 13, 3053, 499, 3371, 757, 810, 922, 1148, 499, 1781, 1053, 1304, 420, 8577, 264, 2450, 11, 323, 1148, 499, 2351, 16026, 311, 11322, 555, 9293, 433, 30, 128009]",0.19483105279505253,391eb62b5e02e9d7fc1641bfc3dc5e5a596f8ea76135eaa3fe1f3da77edf1b62,2241.5226069279015,0.041672028601169586,194.85617498867214,089657ff298aa4aace7812449f0a4af4f4d83860d7dff8166fa2b2e8a67eaaa2,1179,2248.186410870403,201.40741695649922,201.32514787837863,38aee7925b8322a96898d8b03389c8ccca14c8118e055f1732689f6420c8cd49,True,54,75,0.007438939064741135,4,0.016349833458662033,,0,r0:state_9e3983d41b32234f1cb8:me_r0,a2f8ad2c00b204d4c2dd29fb2157ef5593b76fcfa48a4156e9fbcdfcf58c6e52,"It sounds like you're carrying a lot of weight on your shoulders, and it's no wonder you're feeling anxious about this trip. It's great that you're acknowledging your fears and wanting to make sure everyone has a good time. Can you tell me more about what you think would make this trip a success, and what you're hoping to achieve by planning it?",3.1930780969560146,p3:2,101,1,0.1234179362654686,3.0870160553604364,3,state_9e3983d41b32234f1cb8,p3,False
MPMSME+RS,0,fixed_off,"[40, 649, 5647, 1268, 22798, 420, 1920, 11321, 369, 499, 13, 1102, 596, 6724, 4725, 311, 2733, 85161, 555, 279, 4623, 315, 69027, 701, 2626, 596, 6020, 6373, 1887, 11, 5423, 994, 433, 596, 2555, 499, 3077, 28214, 449, 304, 279, 3347, 13, 19418, 499, 1093, 311, 3137, 810, 922, 1148, 596, 10168, 499, 1203, 505, 4737, 279, 1176, 3094, 11, 477, 374, 1070, 2555, 3230, 430, 596, 1027, 389, 701, 4059, 31445, 30, 128009]",0.13317400589585304,391eb62b5e02e9d7fc1641bfc3dc5e5a596f8ea76135eaa3fe1f3da77edf1b62,2339.6658778656274,0.06814999505877495,281.663715839386,e7d9a3d217614e52babad1ae1791070fa0dccf36a6e5bfb3e86eb6b7b31376e7,1674,2641.3669928442687,583.3533168770373,583.2316568121314,f4f48fa51899b755d7cd1dcf4580a95488d45963ee9152584c0e3df58119ea40,True,55,75,0.01096213236451149,0,0.08580507710576057,True,0,r0:state_1679d891d5425f37ea08:fixed_off,f41257aad2dca921bbabd5f44ba9940276785c004a7457d77831a4fb34a8b50f,"I can sense how overwhelming this process feels for you. It's completely normal to feel intimidated by the idea of restructuring your business's financial management system, especially when it's something you've struggled with in the past. Would you like to talk more about what's holding you back from taking the first step, or is there something specific that's been on your mind lately?",295.92547193169594,p7:1,101,4,0.1812158152461052,5.296336021274328,8,state_1679d891d5425f37ea08,p7,False
MSE+RS,0,pm_off,"[40, 649, 5647, 1268, 22798, 420, 1920, 11321, 369, 499, 13, 1102, 596, 6724, 4725, 311, 2733, 85161, 555, 279, 4623, 315, 69027, 701, 2626, 596, 6020, 6373, 1887, 11, 5423, 994, 433, 596, 2555, 499, 3077, 28214, 449, 304, 279, 3347, 13, 19418, 499, 1093, 311, 3137, 810, 922, 1148, 596, 10168, 499, 1203, 505, 4737, 279, 1176, 3094, 11, 477, 374, 1070, 2555, 3230, 430, 596, 1027, 389, 701, 4059, 31445, 30, 128009]",0.13323500752449036,391eb62b5e02e9d7fc1641bfc3dc5e5a596f8ea76135eaa3fe1f3da77edf1b62,2319.432536838576,0.04648813046514988,263.5957559105009,73855a5fd255428b5b5300a1aa30350b61b0d9eb4559b1425c69d074a9a546f1,1648,2570.4436239320785,514.5404529757798,514.4736079964787,60721e9f4cd4e7a924ceb40c8a8154ab26408687a437dc348413034d31199a8b,True,56,75,7.279196986928582,1,0.03700610250234604,True,0,r0:state_1679d891d5425f37ea08:pm_off,f41257aad2dca921bbabd5f44ba9940276785c004a7457d77831a4fb34a8b50f,"I can sense how overwhelming this process feels for you. It's completely normal to feel intimidated by the idea of restructuring your business's financial management system, especially when it's something you've struggled with in the past. Would you like to talk more about what's holding you back from taking the first step, or is there something specific that's been on your mind lately?",239.413945004344,p7:1,101,3,0.11596991680562496,3.985245944932103,8,state_1679d891d5425f37ea08,p7,False
MSE+RS,0,rule_off,"[40, 649, 5647, 1268, 22798, 420, 1920, 11321, 369, 499, 13, 1102, 596, 6724, 4725, 311, 2733, 85161, 555, 279, 4623, 315, 69027, 701, 2626, 596, 6020, 6373, 1887, 11, 5423, 994, 433, 596, 2555, 499, 3077, 28214, 449, 304, 279, 3347, 13, 19418, 499, 1093, 311, 3137, 810, 922, 1148, 596, 10168, 499, 1203, 505, 4737, 279, 1176, 3094, 11, 477, 374, 1070, 2555, 3230, 430, 596, 1027, 389, 701, 4059, 31445, 30, 128009]",0.1969898585230112,391eb62b5e02e9d7fc1641bfc3dc5e5a596f8ea76135eaa3fe1f3da77edf1b62,2320.518468040973,0.044116051867604256,264.5157868973911,73855a5fd255428b5b5300a1aa30350b61b0d9eb4559b1425c69d074a9a546f1,1648,2567.4696629866958,511.33010094054043,511.2699919845909,60721e9f4cd4e7a924ceb40c8a8154ab26408687a437dc348413034d31199a8b,True,57,75,230.7875668630004,2,0.03650202415883541,True,0,r0:state_1679d891d5425f37ea08:rule_off,f41257aad2dca921bbabd5f44ba9940276785c004a7457d77831a4fb34a8b50f,"I can sense how overwhelming this process feels for you. It's completely normal to feel intimidated by the idea of restructuring your business's financial management system, especially when it's something you've struggled with in the past. Would you like to talk more about what's holding you back from taking the first step, or is there something specific that's been on your mind lately?",11.869396083056927,p7:1,101,3,0.112106092274189,3.904517972841859,8,state_1679d891d5425f37ea08,p7,False
ME+R0,0,me_r0,"[2181, 10578, 1093, 279, 4623, 315, 69027, 701, 2626, 596, 6020, 6373, 1887, 374, 8430, 2216, 57697, 1314, 1457, 13, 3053, 499, 3371, 757, 810, 922, 1148, 596, 11951, 14718, 430, 8430, 315, 96848, 30, 2209, 433, 279, 3463, 315, 9455, 264, 6020, 31760, 11, 477, 374, 433, 810, 922, 279, 1920, 315, 10223, 701, 1510, 6067, 30, 128009]",0.11997297406196594,391eb62b5e02e9d7fc1641bfc3dc5e5a596f8ea76135eaa3fe1f3da77edf1b62,1846.2493498809636,0.05565606988966465,233.14781091175973,d69e9b246add0eb1ab6b0cad9fb85216f6c96e61db7fd9d5192b6b780ec04b09,1340,1853.4480889793485,240.30300811864436,240.22657703608274,56a5294f3c69bbc68113c43df22d5583438140b7f49960a2d91b8146bf0a9b75,True,58,59,0.009638024494051933,3,0.02161087468266487,,0,r0:state_1679d891d5425f37ea08:me_r0,aeff280d9b21e6f8beda72810fdffa81a9b466ac0e876301d6af78c6d9835df1,"It sounds like the idea of restructuring your business's financial management system is feeling really daunting right now. Can you tell me more about what's specifically causing that feeling of overwhelm? Is it the thought of finding a financial consultant, or is it more about the process of changing your current systems?",2.9460161458700895,p7:1,101,1,0.16629300080239773,3.8795520085841417,8,state_1679d891d5425f37ea08,p7,False
M0+R0,0,context_only,"[2181, 596, 6724, 4725, 311, 2733, 43206, 555, 279, 4623, 315, 69027, 701, 6020, 6373, 1887, 13, 1102, 596, 264, 2466, 49326, 11, 323, 433, 596, 5933, 311, 2733, 85161, 555, 279, 1920, 13, 2030, 1618, 596, 279, 3245, 25, 499, 3077, 2736, 4529, 264, 6908, 3094, 555, 61708, 279, 1205, 369, 2349, 323, 11125, 1862, 13, 3011, 5097, 264, 2763, 315, 25775, 13, 3639, 422, 584, 1464, 1523, 279, 1920, 1139, 9333, 11, 810, 71128, 7504, 30, 3639, 1053, 433, 1935, 369, 499, 311, 2733, 810, 16913, 323, 304, 2585, 439, 499, 3351, 4741, 30, 128009]",0.14274893328547478,391eb62b5e02e9d7fc1641bfc3dc5e5a596f8ea76135eaa3fe1f3da77edf1b62,2682.77262407355,0.03524497151374817,87.30082004331052,12a45d09bbee39e96d727dc9a4fb4cdb69d070a027a0b5f5429a2216f515880b,438,2684.5153209287673,88.9348320197314,88.90076796524227,d5b50025a63c2578211ce95136bd71f5a889276429b3a59e6c2e5852c0c33fc0,True,59,97,0.007594935595989227,4,0.00930088572204113,,0,r0:state_1679d891d5425f37ea08:context_only,78868f792d07ce6b8096f46e1b47cf81947de14f066096842feb04f8138d98f7,"It's completely normal to feel overwhelmed by the idea of restructuring your financial management system. It's a big undertaking, and it's natural to feel intimidated by the process. But here's the thing: you've already taken a huge step by acknowledging the need for change and seeking support. That takes a lot of courage. What if we break down the process into smaller, more manageable steps? What would it take for you to feel more confident and in control as you move forward?",0.03805896267294884,p7:1,101,0,0.11357804760336876,1.3961701188236475,8,state_1679d891d5425f37ea08,p7,False
ME+R0,0,me_r0,"[2181, 10578, 1093, 499, 2351, 8430, 264, 6651, 315, 21958, 482, 18547, 11, 96848, 11, 323, 7344, 1524, 264, 2766, 315, 23023, 922, 539, 28118, 1521, 6020, 11774, 31373, 13, 3053, 499, 3371, 757, 810, 922, 1148, 596, 10168, 499, 1203, 505, 4737, 1957, 1314, 1457, 30, 3639, 596, 279, 1176, 3094, 499, 1781, 499, 1205, 311, 1935, 311, 1212, 8430, 810, 304, 2585, 315, 701, 2626, 40382, 30, 128009]",0.1237459946423769,391eb62b5e02e9d7fc1641bfc3dc5e5a596f8ea76135eaa3fe1f3da77edf1b62,2078.4765069838613,0.03621191717684269,195.0402280781418,4bb4e621d958d60d09dfe4e2b8a663da61562878c1ad908f450f9ff6f5f28e24,1202,2083.6555599235,200.15238807536662,200.09553502313793,20148686c535ef3c333dbc45483e9720bf8ade0774800b9777f0bb3b67cf8ba4,True,60,70,0.006840098649263382,0,0.016750069335103035,,0,r0:state_f049f9aa281c155b885e:me_r0,4e5053064fad60e6461f0b0519da44cece33f3a1748e47ff70570e02542aa8b8,"It sounds like you're feeling a mix of emotions - anxiety, overwhelm, and maybe even a bit of regret about not addressing these financial challenges sooner. Can you tell me more about what's holding you back from taking action right now? What's the first step you think you need to take to start feeling more in control of your business finances?",2.0828470587730408,p7:1,101,1,0.10676286183297634,2.8058949392288923,3,state_f049f9aa281c155b885e,p7,False
MSE+RS,0,rule_off,"[2181, 10578, 1093, 279, 54675, 2216, 36014, 2574, 709, 369, 499, 11, 323, 433, 596, 49839, 311, 2733, 43206, 555, 279, 49803, 315, 1268, 653, 61212, 499, 527, 13, 1102, 5097, 264, 2763, 315, 25775, 311, 25670, 5789, 1405, 584, 1205, 16048, 11, 5423, 994, 433, 4131, 311, 1057, 2626, 13, 3053, 499, 3371, 757, 810, 922, 1148, 596, 1027, 2133, 1555, 701, 4059, 2533, 279, 54675, 30, 3639, 527, 1063, 315, 279, 3230, 10742, 477, 24087, 430, 527, 10494, 499, 709, 520, 3814, 30, 128009]",0.13056490570306778,391eb62b5e02e9d7fc1641bfc3dc5e5a596f8ea76135eaa3fe1f3da77edf1b62,2618.9591630827636,0.04263687878847122,263.04592913948,cf19429681294e37dcd563f70f0784047e9589cf43609d3ec9c33b1804344ce6,1610,2794.704059837386,438.7302449904382,438.6602609883994,691953a202f9184a390a50d98238dbd8c3b2e72b4beb2588a4e61339149f6e0e,True,61,86,160.84088501520455,1,0.03500189632177353,True,0,r0:state_f049f9aa281c155b885e:rule_off,bc66c0a4733aac0d166dd125a09867b919019d06c5e63d54708061d6268ea90f,"It sounds like the seminar really shook things up for you, and it's understandable to feel overwhelmed by the realization of how unprepared you are. It takes a lot of courage to acknowledge areas where we need improvement, especially when it comes to our business. Can you tell me more about what's been going through your mind since the seminar? What are some of the specific concerns or fears that are keeping you up at night?",10.67011198028922,p7:1,101,3,0.10704295709729195,3.9186531212180853,3,state_f049f9aa281c155b885e,p7,False
MP+RS,0,pm_off,"[2181, 10578, 1093, 13176, 1521, 50446, 706, 1027, 264, 11292, 15530, 311, 42276, 11, 5423, 1306, 14892, 449, 1063, 11292, 11774, 304, 701, 2626, 13, 1102, 596, 49839, 311, 2733, 43206, 11, 719, 433, 596, 2294, 430, 499, 2351, 61708, 279, 1205, 369, 2349, 13, 3053, 499, 3371, 757, 810, 922, 1148, 596, 10168, 499, 1203, 505, 4737, 1957, 1314, 1457, 30, 128009]",0.11947494931519032,391eb62b5e02e9d7fc1641bfc3dc5e5a596f8ea76135eaa3fe1f3da77edf1b62,1800.6878569722176,0.0427889171987772,119.42935409024358,8b89d71d9d65520f29e0ebb4f64bdbde58438c424bc15098cb7956de205aa0b4,663,1978.7709878291935,297.4354699254036,297.3930099979043,0f32b0e16b9a4365d5aa0c48267543d1ed6ba6eb2f654fa348105fdf3b3d9455,True,62,63,5.802629981189966,2,0.03083399496972561,True,0,r0:state_f049f9aa281c155b885e:pm_off,bfe818f2dc4d33fd3609f34c8ec49bb148bc59ba0fa6b6ff8b252edc8ea538f6,"It sounds like facing these realities has been a tough pill to swallow, especially after dealing with some tough challenges in your business. It's understandable to feel overwhelmed, but it's great that you're acknowledging the need for change. Can you tell me more about what's holding you back from taking action right now?",169.9681719765067,p7:1,101,2,0.10911398567259312,2.0101170521229506,3,state_f049f9aa281c155b885e,p7,False
MPMSME+RS,0,fixed_off,"[2181, 10578, 1093, 420, 6020, 9293, 54675, 2216, 36014, 2574, 709, 369, 499, 11, 323, 433, 596, 49839, 311, 2733, 43206, 555, 279, 49803, 315, 1268, 653, 61212, 499, 527, 13, 1102, 5097, 264, 2763, 315, 25775, 311, 25670, 5789, 1405, 584, 1205, 16048, 11, 5423, 994, 433, 4131, 311, 1057, 2626, 323, 40382, 13, 3053, 499, 3371, 757, 810, 922, 1148, 596, 1027, 2133, 1555, 701, 4059, 2533, 279, 54675, 30, 3639, 527, 1063, 315, 279, 3230, 10742, 477, 24087, 430, 527, 10494, 499, 709, 520, 3814, 30, 128009]",0.13500708155333996,391eb62b5e02e9d7fc1641bfc3dc5e5a596f8ea76135eaa3fe1f3da77edf1b62,2733.5726669989526,0.042076921090483665,263.3541040122509,614521cf926f1f2d0646107e7851ff97802201aa671024bb09204981412f6f17,1636,3040.2209430467337,569.9237098451704,569.8673729784787,d95396e455e4bd8e54f443d7f9f4349cd8df5559352eefa698ffe726ee59c746,True,63,90,0.007571186870336533,3,0.04486599937081337,True,0,r0:state_f049f9aa281c155b885e:fixed_off,ee0449dd43452b3c62eb51d6d6c043a0ab65501fbd03153f197e9d09bb968c93,"It sounds like this financial planning seminar really shook things up for you, and it's understandable to feel overwhelmed by the realization of how unprepared you are. It takes a lot of courage to acknowledge areas where we need improvement, especially when it comes to our business and finances. Can you tell me more about what's been going through your mind since the seminar? What are some of the specific concerns or fears that are keeping you up at night?",302.5034270249307,p7:1,101,4,0.11279783211648464,3.802530001848936,3,state_f049f9aa281c155b885e,p7,False
M0+R0,0,context_only,"[2181, 10578, 1093, 499, 2351, 8430, 264, 6651, 315, 21958, 482, 23023, 11, 96848, 11, 323, 264, 5647, 315, 12014, 13, 3011, 649, 387, 264, 8987, 23104, 311, 6920, 13, 3053, 499, 3371, 757, 810, 922, 1148, 596, 10168, 499, 1203, 505, 4737, 1957, 1314, 1457, 30, 3639, 596, 279, 1176, 3094, 499, 1781, 499, 1205, 311, 1935, 11, 323, 1148, 596, 3339, 433, 2653, 311, 1212, 30, 128009]",0.2021300606429577,391eb62b5e02e9d7fc1641bfc3dc5e5a596f8ea76135eaa3fe1f3da77edf1b62,1908.968476811424,0.03568106330931187,71.59703993238509,9d195ac3f7a6a78ec16f5ef8ebde0e0333228683a383385a1389919c75fd9e02,309,1910.4360179044306,72.89696182124317,72.86245096474886,32740abee10cc65240ee0e5ecd21ef039a0ce7884c2806dbbcda7bd4f9d439ca,True,64,69,0.0063979532569646835,4,0.008250121027231216,,0,r0:state_f049f9aa281c155b885e:context_only,decd6306edff02d4b730c56f99524d2f168acb94eea00221f0fb4bee2c0e26c2,"It sounds like you're feeling a mix of emotions - regret, overwhelm, and a sense of responsibility. That can be a heavy burden to carry. Can you tell me more about what's holding you back from taking action right now? What's the first step you think you need to take, and what's making it hard to start?",0.024762935936450958,p7:1,101,0,0.10855402797460556,1.081764930859208,3,state_f049f9aa281c155b885e,p7,False
MPE+RS,0,pm_off,"[2181, 10578, 1093, 499, 2351, 8430, 264, 6651, 315, 21958, 922, 279, 58384, 11, 323, 430, 596, 12756, 49839, 13, 1472, 2351, 12304, 311, 51136, 449, 1274, 11, 719, 1101, 18290, 922, 1268, 2574, 690, 387, 449, 1063, 4885, 499, 1047, 264, 16054, 704, 449, 13, 3053, 499, 3371, 757, 810, 922, 1148, 596, 10168, 499, 1203, 505, 19261, 704, 311, 37979, 30, 128009]",0.17739995382726192,391eb62b5e02e9d7fc1641bfc3dc5e5a596f8ea76135eaa3fe1f3da77edf1b62,1951.7761890310794,0.06397394463419914,198.2769810128957,a5c7d56aa464ba417485b810071d13fdf338f9a1bbf01de94c59c76239d844e4,1249,2161.213794024661,407.6269450597465,407.5371860526502,1db80449a6c78da5df5359acccdd6b344a934df0462fed1799f238893450450c,True,65,64,7.124615833163261,0,0.05829706788063049,True,0,r0:state_653f2779410b1620f004:pm_off,2f7a33ab78912406e6f821b66fd1d0dce913b3373c2913429d9356c786f000fa,"It sounds like you're feeling a mix of emotions about the reunion, and that's totally understandable. You're excited to reconnect with people, but also worried about how things will be with some friends you had a falling out with. Can you tell me more about what's holding you back from reaching out to apologize?",197.88429397158325,p13:1,202,3,0.14731218107044697,3.9817120414227247,3,state_653f2779410b1620f004,p13,False
ME+R0,0,me_r0,"[2181, 10578, 1093, 499, 2351, 8430, 264, 6651, 315, 21958, 922, 279, 58384, 11, 323, 433, 596, 5933, 311, 617, 10742, 922, 51136, 287, 449, 1274, 505, 701, 3347, 13, 1102, 5097, 264, 2763, 315, 25775, 311, 2980, 19261, 704, 311, 37979, 11, 5423, 422, 499, 2351, 18290, 922, 8736, 2362, 34254, 13, 3053, 499, 3371, 757, 810, 922, 1148, 596, 10168, 499, 1203, 505, 19261, 704, 311, 701, 4333, 30, 3639, 527, 1063, 315, 279, 69867, 430, 527, 3339, 499, 71560, 30, 128009]",0.12612901628017426,391eb62b5e02e9d7fc1641bfc3dc5e5a596f8ea76135eaa3fe1f3da77edf1b62,2436.4239340648055,0.051990849897265434,171.7649542260915,55b19c206aade3cab6459d10c932db367ce43a45951b6b3e8171686447b8710a,992,2442.7095169667155,177.99783195368946,177.92440811172128,12c3177528a974a909a4c40593324ac0cdedf3da8e9c74cd873d89dffce3e062,True,66,84,0.009637093171477318,1,0.02022203989326954,,0,r0:state_653f2779410b1620f004:me_r0,3a4451b63cfab860aafca1f15796c82eebee286238a572412b38f98f4b862387,"It sounds like you're feeling a mix of emotions about the reunion, and it's natural to have concerns about reconnecting with people from your past. It takes a lot of courage to consider reaching out to apologize, especially if you're worried about opening old wounds. Can you tell me more about what's holding you back from reaching out to your friend? What are some of the uncertainties that are making you hesitant?",2.8850839007645845,p13:1,202,1,0.14976994134485722,3.042750060558319,3,state_653f2779410b1620f004,p13,False
MPMSME+RS,0,fixed_off,"[2181, 10578, 1093, 499, 2351, 8430, 264, 6651, 315, 21958, 922, 279, 58384, 11, 323, 430, 596, 12756, 49839, 13, 1472, 2351, 12304, 311, 51136, 449, 1274, 11, 719, 1101, 18290, 922, 1268, 2574, 690, 387, 449, 1063, 4885, 499, 1047, 264, 16054, 704, 449, 13, 3053, 499, 3371, 757, 810, 922, 1148, 596, 10168, 499, 1203, 505, 19261, 704, 311, 37979, 30, 128009]",0.12591411359608173,391eb62b5e02e9d7fc1641bfc3dc5e5a596f8ea76135eaa3fe1f3da77edf1b62,1968.8146309927106,0.042416853830218315,231.99448711238801,97439e65dedfedb94e85e8aaeb6e68a1564e8d08650a38908469c5667e43cfb6,1324,2133.459458127618,396.56464708968997,396.5134001336992,7caeae4d3e120b509d51c6c4c056e34a21897bd450cf36ca9828178a4c7e2598,True,67,64,0.00643986277282238,2,0.039686914533376694,True,0,r0:state_653f2779410b1620f004:fixed_off,2f7a33ab78912406e6f821b66fd1d0dce913b3373c2913429d9356c786f000fa,"It sounds like you're feeling a mix of emotions about the reunion, and that's totally understandable. You're excited to reconnect with people, but also worried about how things will be with some friends you had a falling out with. Can you tell me more about what's holding you back from reaching out to apologize?",161.1886981409043,p13:1,202,4,0.10450417175889015,3.137167077511549,3,state_653f2779410b1620f004,p13,False
MSE+RS,0,rule_off,"[2181, 10578, 1093, 499, 2351, 8430, 264, 6651, 315, 21958, 922, 279, 58384, 11, 323, 430, 596, 12756, 49839, 13, 1472, 2351, 12304, 311, 51136, 449, 1274, 11, 719, 1101, 18290, 922, 1268, 2574, 690, 387, 449, 1063, 4885, 499, 1047, 264, 16054, 704, 449, 13, 3053, 499, 3371, 757, 810, 922, 1148, 596, 10168, 499, 1203, 505, 19261, 704, 311, 37979, 30, 128009]",0.11946004815399647,391eb62b5e02e9d7fc1641bfc3dc5e5a596f8ea76135eaa3fe1f3da77edf1b62,1959.6882259938866,0.04385109059512615,230.7059089653194,c31246552263a5ef20fdfef975a8cc9ecb17d8e8313e0e4ab8fdcf4b48b85c85,1299,2125.945758074522,396.9004510436207,396.8439809978008,bba109b5e0b16f9afb7dd5f015633c9204b6528fc1699c9adeb6583b34711210,True,68,64,151.9605868961662,3,0.03215484321117401,True,0,r0:state_653f2779410b1620f004:rule_off,2f7a33ab78912406e6f821b66fd1d0dce913b3373c2913429d9356c786f000fa,"It sounds like you're feeling a mix of emotions about the reunion, and that's totally understandable. You're excited to reconnect with people, but also worried about how things will be with some friends you had a falling out with. Can you tell me more about what's holding you back from reaching out to apologize?",10.940139181911945,p13:1,202,3,0.1097540371119976,3.0515859834849834,3,state_653f2779410b1620f004,p13,False
M0+R0,0,context_only,"[2181, 10578, 1093, 499, 2351, 8430, 264, 2766, 16075, 1990, 19762, 311, 51136, 323, 1694, 36218, 922, 1268, 311, 21546, 1884, 3347, 26885, 13, 3053, 499, 3371, 757, 810, 922, 1148, 596, 10168, 499, 1203, 505, 19261, 704, 311, 37979, 30, 128009]",0.1095370389521122,391eb62b5e02e9d7fc1641bfc3dc5e5a596f8ea76135eaa3fe1f3da77edf1b62,1179.751971969381,0.0349550973623991,72.26737891323864,aeec760d850be9e5630b76dde53c9790c66cbc4e8b7a2d8988aaa3811f5ccdc1,314,1181.1117639299482,73.54916189797223,73.51763383485377,537ff7a6659383e9456af5ad160e37df0d3700b16980199fa6429c46108b53b5,True,69,42,0.00581890344619751,4,0.007529044523835182,,0,r0:state_653f2779410b1620f004:context_only,fb81bbee5d1cb9d9a1da5c78b78db255259dbb3382ce4d532cbe364447834252,It sounds like you're feeling a bit stuck between wanting to reconnect and being uncertain about how to navigate those past conflicts. Can you tell me more about what's holding you back from reaching out to apologize?,0.024398090317845345,p13:1,202,0,0.11041993275284767,1.067133853211999,3,state_653f2779410b1620f004,p13,False
MSE+R0,0,pm_off,"[2181, 10578, 1093, 499, 2351, 3815, 264, 2294, 2683, 315, 4737, 2512, 315, 6261, 11, 5423, 449, 33862, 323, 10374, 892, 449, 60626, 13, 1102, 596, 11364, 430, 499, 2351, 61708, 279, 12939, 315, 8335, 304, 701, 2324, 11, 5423, 449, 279, 13306, 9293, 323, 990, 8631, 13, 20474, 11, 433, 596, 17339, 311, 539, 617, 682, 279, 11503, 1314, 1457, 11, 323, 433, 596, 17339, 311, 2610, 369, 1520, 994, 499, 1205, 433, 13, 3639, 422, 11, 4619, 315, 21760, 389, 1268, 311, 5603, 279, 58384, 477, 701, 4333, 11, 499, 1051, 311, 5357, 389, 1148, 499, 649, 2585, 304, 420, 4545, 30, 3639, 2678, 7504, 649, 499, 1935, 311, 63652, 701, 1866, 1664, 33851, 323, 4774, 279, 58384, 11, 15851, 315, 1148, 8741, 449, 701, 4333, 30, 128009]",0.15200511552393436,391eb62b5e02e9d7fc1641bfc3dc5e5a596f8ea76135eaa3fe1f3da77edf1b62,3782.075132941827,0.034569064155220985,232.45094087906182,32fba793faba4bfbc161e63b21496100357734361a626408d028ef643d4c3952,1365,3797.3260381259024,247.6028490345925,247.54984094761312,74b92941a6e544945d513abc1791793676f26edb852517b72f42ea3f2a2b9447,True,70,130,7.01647181995213,0,0.01734611578285694,True,0,r0:state_1de690d6e150d375223f:pm_off,dd951da9faafd6faae51d4c0f35aa46c813795a3393320f3deb6da51f2b05f70,"It sounds like you're doing a great job of taking care of yourself, especially with meditation and spending time with Buddy. It's wonderful that you're acknowledging the importance of balance in your life, especially with the wedding planning and work stress. Remember, it's okay to not have all the answers right now, and it's okay to ask for help when you need it. What if, instead of focusing on how to approach the reunion or your friend, you were to focus on what you can control in this moment? What small steps can you take to prioritize your own well-being and enjoy the reunion, regardless of what happens with your friend?",4.822880029678345,p13:1,202,2,0.11989311315119267,3.0877399258315563,8,state_1de690d6e150d375223f,p13,False
M0+R0,0,context_only,"[2181, 10578, 1093, 499, 2351, 4737, 1063, 11364, 7504, 311, 10299, 701, 8631, 11, 323, 433, 596, 2294, 430, 60626, 374, 8405, 1063, 6981, 13, 1102, 596, 6724, 49839, 430, 499, 2351, 2103, 20558, 11, 5423, 449, 279, 3779, 8631, 315, 13306, 9293, 323, 3347, 18547, 13, 3053, 499, 3371, 757, 810, 922, 1148, 596, 1027, 52605, 1884, 22743, 8951, 31445, 30, 128009]",0.16302010044455528,391eb62b5e02e9d7fc1641bfc3dc5e5a596f8ea76135eaa3fe1f3da77edf1b62,1762.1931158937514,0.038975151255726814,86.43990382552147,49c80764479b8551916177f1301e3ef28de215c5fc9c4b086d3f4b87f19f5e60,420,1763.9596019871533,88.09191500768065,88.04336981847882,83176590ad9d4f7521ce0ef0fe16f75ccf745264c805838e65e06489f5e5ea34,True,71,63,0.0062480103224515915,1,0.008876901119947433,,0,r0:state_1de690d6e150d375223f:context_only,c80cda5e65101d121fb5e62124ff36e42b1d2b0930252eadea8af5dca6ac2b02,"It sounds like you're taking some wonderful steps to manage your stress, and it's great that Buddy is providing some comfort. It's completely understandable that you're still struggling, especially with the added stress of wedding planning and past anxiety. Can you tell me more about what's been triggering those panic attacks lately?",0.0399069394916296,p13:1,202,0,0.11090096086263657,1.3985580299049616,8,state_1de690d6e150d375223f,p13,False
ME+R0,0,me_r0,"[2181, 10578, 1093, 499, 2351, 3815, 264, 2294, 2683, 315, 4737, 2512, 315, 6261, 11, 5423, 449, 33862, 323, 10374, 892, 449, 60626, 13, 1102, 596, 11364, 430, 499, 2351, 61708, 279, 12939, 315, 8335, 304, 701, 2324, 11, 5423, 449, 279, 13306, 9293, 323, 990, 8631, 13, 20474, 11, 433, 596, 17339, 311, 539, 617, 682, 279, 11503, 1314, 1457, 11, 323, 433, 596, 17339, 311, 2610, 369, 1520, 994, 499, 1205, 433, 13, 3639, 422, 584, 1464, 1523, 701, 10742, 1139, 9333, 11, 71128, 7504, 30, 1226, 1436, 13488, 5627, 311, 5603, 279, 58384, 11, 323, 1101, 4358, 15174, 369, 18646, 701, 18547, 323, 8631, 304, 279, 4545, 13, 19418, 430, 2733, 11190, 311, 499, 30, 128009]",0.20450796000659466,391eb62b5e02e9d7fc1641bfc3dc5e5a596f8ea76135eaa3fe1f3da77edf1b62,3496.7131069861352,0.048652058467268944,198.77742300741374,e064cd223c2c5f5eacad547df53d7300928f36b51b4fb04b349bce20277567ab,1280,3504.3070069514215,206.23551402240992,206.1668150126934,df1c06e12f48ef3ca11457ee0c4c8f716f15ed836055e072ff7a09dfefa8a240,True,72,119,0.00947900116443634,2,0.019903993234038353,,0,r0:state_1de690d6e150d375223f:me_r0,c0ea5cacbd6a2b5cced169b0c0dc926ddad1ff653962e54410ac24b6337c0df8,"It sounds like you're doing a great job of taking care of yourself, especially with meditation and spending time with Buddy. It's wonderful that you're acknowledging the importance of balance in your life, especially with the wedding planning and work stress. Remember, it's okay to not have all the answers right now, and it's okay to ask for help when you need it. What if we break down your concerns into smaller, manageable steps? We could explore ways to approach the reunion, and also discuss strategies for managing your anxiety and stress in the moment. Would that feel helpful to you?",3.579423064365983,p13:1,202,1,0.13904785737395287,3.5928860306739807,8,state_1de690d6e150d375223f,p13,False
MSE+RS,0,rule_off,"[2181, 10578, 1093, 499, 2351, 3815, 264, 2294, 2683, 315, 4737, 2512, 315, 6261, 11, 5423, 449, 33862, 323, 10374, 892, 449, 60626, 13, 2650, 656, 499, 1781, 499, 1436, 3881, 1063, 315, 1884, 659, 41206, 15174, 311, 279, 6671, 449, 701, 4333, 505, 279, 3347, 30, 128009]",0.11667702347040176,391eb62b5e02e9d7fc1641bfc3dc5e5a596f8ea76135eaa3fe1f3da77edf1b62,1579.6763359103352,0.06325007416307926,261.42515800893307,c5fc10fa544fa365aaa511eb683ef72789ab53f7d8cf870d4c74603b9b80379d,1579,1869.5900379680097,551.3061510864645,551.2221830431372,c670dbe54d148e619c376311aa0962369ae376a3d73e8ebdd6a2f21a1728d3ff,True,73,48,268.88587698340416,3,0.054728006944060326,True,0,r0:state_1de690d6e150d375223f:rule_off,aaabd5d5ade2f514281df4dcd899b30c35aba73e4c70ab73f20ed824fd35e046,"It sounds like you're doing a great job of taking care of yourself, especially with meditation and spending time with Buddy. How do you think you could apply some of those self-care strategies to the situation with your friend from the past?",15.882581938058138,p13:1,202,3,0.1406960655003786,4.76989196613431,8,state_1de690d6e150d375223f,p13,False
MPMSME+RS,0,fixed_off,"[2181, 10578, 1093, 499, 2351, 3815, 264, 2294, 2683, 315, 4737, 2512, 315, 6261, 11, 5423, 449, 33862, 323, 10374, 892, 449, 60626, 13, 2650, 656, 499, 1781, 499, 1436, 3881, 1063, 315, 1884, 659, 41206, 15174, 311, 279, 6671, 449, 701, 4333, 505, 279, 3347, 30, 128009]",0.1118178479373455,391eb62b5e02e9d7fc1641bfc3dc5e5a596f8ea76135eaa3fe1f3da77edf1b62,1563.1363971624523,0.042975880205631256,262.4935070052743,79f0fc07d0c4d74ecc1c4a34222051828faaae5e78f30dc77ec1f348414f5528,1604,1799.0220310166478,498.31398320384324,498.2673230115324,cb5652fd7a817e97e84f309597bb902b3ff7478d01205f7ce40ffc68e65823d4,True,74,48,0.006204936653375626,4,0.04299497231841087,True,0,r0:state_1de690d6e150d375223f:fixed_off,aaabd5d5ade2f514281df4dcd899b30c35aba73e4c70ab73f20ed824fd35e046,"It sounds like you're doing a great job of taking care of yourself, especially with meditation and spending time with Buddy. How do you think you could apply some of those self-care strategies to the situation with your friend from the past?",231.7688181065023,p13:1,202,4,0.1131261233240366,3.799695987254381,8,state_1de690d6e150d375223f,p13,False
ME+R0,0,me_r0,"[2181, 10578, 1093, 499, 2351, 4737, 264, 2466, 3094, 555, 13126, 18667, 264, 4029, 1912, 11, 323, 430, 5097, 264, 2763, 315, 25775, 13, 3639, 656, 499, 1781, 374, 279, 1455, 57697, 961, 315, 420, 3217, 369, 499, 1314, 1457, 30, 2209, 433, 279, 8850, 315, 1694, 45487, 11, 477, 2555, 775, 30, 128009]",0.14674384146928787,391eb62b5e02e9d7fc1641bfc3dc5e5a596f8ea76135eaa3fe1f3da77edf1b62,1700.5495720077306,0.034768134355545044,230.92831601388752,c3d948e14655b3f93ce3bebc0cab15368b7d1df60c22d14521758f4f1b17e44d,1301,1706.5590019337833,236.8458779528737,236.79100209847093,1221e162ecefec38b3c6dfb2cda5804cb73a88893ba5eb6009279cab47bbd308,True,75,54,0.0070480164140462875,0,0.015089055523276329,,0,r0:state_5995d11f3914014f832f:me_r0,aaf63351f8d582b4bd5d836f615b0564133987302b3bc050ecb506da5ddbc57c,"It sounds like you're taking a big step by considering joining a community group, and that takes a lot of courage. What do you think is the most daunting part of this experience for you right now? Is it the fear of being judged, or something else?",2.752839820459485,p12:2,202,1,0.11197710409760475,2.940963953733444,8,state_5995d11f3914014f832f,p12,False
MSE+RS,0,rule_off,"[4897, 10578, 1093, 264, 2216, 13548, 3094, 11, 13126, 18667, 264, 2254, 4029, 1912, 13, 1102, 596, 2294, 430, 499, 2351, 7422, 922, 4737, 1957, 311, 3449, 502, 1274, 323, 9407, 701, 3674, 12960, 13, 3639, 596, 1027, 10168, 499, 1203, 505, 4737, 279, 1828, 3094, 323, 19261, 704, 311, 279, 1912, 30, 128009]",0.17833011224865913,391eb62b5e02e9d7fc1641bfc3dc5e5a596f8ea76135eaa3fe1f3da77edf1b62,1756.0069910250604,0.04325993359088898,265.5699220485985,e28b21b5ef51128d9165b77aba3da75825bff48eb3903da7ee174e0fa4a386ca,1658,1997.7274329867214,507.1764749009162,507.11203389801085,a74da35eb04ddc58b91a49687e23f04bd9d00509cdb27ddc2f7b599e4fd759cd,True,76,54,225.81090102903545,1,0.03554602153599262,True,0,r0:state_5995d11f3914014f832f:rule_off,cb571c4200a628ebdb1a0423129054a19040e680374a57c9c2e3df6a7018b645,"That sounds like a really exciting step, considering joining a local community group. It's great that you're thinking about taking action to meet new people and expand your social circle. What's been holding you back from taking the next step and reaching out to the group?",11.563263135030866,p12:2,202,3,0.1450458075851202,3.9440959226340055,8,state_5995d11f3914014f832f,p12,False
M0+R0,0,context_only,"[4897, 10578, 1093, 264, 2294, 3094, 7119, 4737, 1957, 323, 4857, 701, 3674, 13537, 13, 1102, 596, 6724, 4725, 311, 2733, 38100, 922, 433, 11, 719, 6227, 430, 5127, 8638, 15038, 11, 323, 433, 596, 17339, 311, 1304, 21294, 13, 3639, 596, 832, 2678, 3245, 499, 1436, 656, 311, 10772, 6261, 369, 18667, 279, 4029, 1912, 11, 1093, 45243, 279, 1912, 596, 7640, 477, 7556, 311, 4423, 889, 596, 2736, 264, 4562, 30, 128009]",0.13380800373852253,391eb62b5e02e9d7fc1641bfc3dc5e5a596f8ea76135eaa3fe1f3da77edf1b62,2076.959942933172,0.05269399844110012,88.57429097406566,800e6a03014149c4fe358890599c654e24e8851760ea28b78e74cdd2ae7e1664,447,2079.305473016575,90.88386106304824,90.78601305373013,9659de57756423c6d43760b35611dee141b83cc27ffb33b03d80487bc5220ad5,True,77,74,0.009900890290737152,2,0.013168901205062866,,0,r0:state_5995d11f3914014f832f:context_only,d35018f62474903b0df5a74762e46e4e0177aa812bd82365e0cc1d7898177bb3,"That sounds like a great step towards taking action and building your social connections. It's completely normal to feel anxious about it, but remember that everyone starts somewhere, and it's okay to make mistakes. What's one small thing you could do to prepare yourself for joining the community group, like researching the group's activities or talking to someone who's already a member?",0.053666066378355026,p12:2,202,0,0.16412814147770405,1.9181640818715096,8,state_5995d11f3914014f832f,p12,False
MSE+RS,0,pm_off,"[4897, 10578, 1093, 264, 2216, 13548, 3094, 11, 13126, 18667, 264, 2254, 4029, 1912, 13, 1102, 596, 2294, 430, 499, 2351, 7422, 922, 4737, 1957, 311, 3449, 502, 1274, 323, 9407, 701, 3674, 12960, 13, 3639, 596, 1027, 10168, 499, 1203, 505, 4737, 279, 1828, 3094, 323, 19261, 704, 311, 279, 1912, 30, 128009]",0.11049001477658749,391eb62b5e02e9d7fc1641bfc3dc5e5a596f8ea76135eaa3fe1f3da77edf1b62,1735.1442680228502,0.05191704258322716,265.17301611602306,e28b21b5ef51128d9165b77aba3da75825bff48eb3903da7ee174e0fa4a386ca,1658,1992.0443310402334,522.0259530469775,521.9625891186297,a74da35eb04ddc58b91a49687e23f04bd9d00509cdb27ddc2f7b599e4fd759cd,True,78,54,7.300856057554483,3,0.05089305341243744,True,0,r0:state_5995d11f3914014f832f:pm_off,cb571c4200a628ebdb1a0423129054a19040e680374a57c9c2e3df6a7018b645,"That sounds like a really exciting step, considering joining a local community group. It's great that you're thinking about taking action to meet new people and expand your social circle. What's been holding you back from taking the next step and reaching out to the group?",245.2275389805436,p12:2,202,3,0.11207698844373226,4.046290880069137,8,state_5995d11f3914014f832f,p12,False
MPMSME+RS,0,fixed_off,"[4897, 10578, 1093, 264, 2216, 13548, 3094, 11, 13126, 18667, 264, 2254, 4029, 1912, 13, 1102, 596, 2294, 430, 499, 2351, 7422, 922, 4737, 1957, 311, 3449, 502, 1274, 323, 9407, 701, 3674, 12960, 13, 3639, 596, 1027, 10168, 499, 1203, 505, 4737, 279, 1828, 3094, 323, 19261, 704, 311, 279, 1912, 30, 128009]",0.11060899123549461,391eb62b5e02e9d7fc1641bfc3dc5e5a596f8ea76135eaa3fe1f3da77edf1b62,1746.950225904584,0.04251301288604736,280.3698640782386,9d959a4fbf27b24aeb6f0e40b5def7479c1ba44a9519b9a1e21dda28fa11a3de,1684,1983.402804005891,516.7723030317575,516.7118331883103,dcdf6b407d3785ed780be9914a3e1b93cfb98f0f98337002d419a3a86163bda8,True,79,54,0.0068659428507089615,4,0.04387483932077885,True,0,r0:state_5995d11f3914014f832f:fixed_off,cb571c4200a628ebdb1a0423129054a19040e680374a57c9c2e3df6a7018b645,"That sounds like a really exciting step, considering joining a local community group. It's great that you're thinking about taking action to meet new people and expand your social circle. What's been holding you back from taking the next step and reaching out to the group?",232.17773321084678,p12:2,202,4,0.1080450601875782,3.962937043979764,8,state_5995d11f3914014f832f,p12,False
MSE+RS,0,pm_off,"[2181, 10578, 1093, 24096, 279, 38384, 1862, 1912, 706, 1027, 264, 2216, 6928, 3217, 369, 499, 11, 323, 433, 596, 2294, 430, 499, 2351, 9455, 264, 5647, 315, 4029, 323, 14604, 4984, 13, 3639, 527, 1063, 3230, 2574, 430, 499, 3077, 9687, 477, 4529, 3201, 505, 279, 1912, 430, 499, 1781, 617, 1027, 11190, 369, 499, 30, 128009]",0.11690403334796429,391eb62b5e02e9d7fc1641bfc3dc5e5a596f8ea76135eaa3fe1f3da77edf1b62,1837.6228930428624,0.04389183595776558,263.14778719097376,4abd0a6ad9c25b518c629f01222c6d60d94beec4bced953b8e71aef1650e5248,1636,2082.0493730716407,507.51484418287873,507.4573631864041,32f89b6747ecfee107334b9ad3ee1bf3ede5d9a50805aaf594f6a82559437d11,True,80,58,7.231696974486113,0,0.03882497549057007,True,0,r0:state_ed94ec62c6728002740f:pm_off,4fdc0986d0df60e0edfe85c7fecdedfd46b4ddb112b8a2bf72ce0b53cd71fa73,"It sounds like attending the grief support group has been a really positive experience for you, and it's great that you're finding a sense of community and emotional release. What are some specific things that you've learned or taken away from the group that you think have been helpful for you?",233.00546500831842,p5:2,202,3,0.10893517173826694,3.880762029439211,8,state_ed94ec62c6728002740f,p5,False
M0+R0,0,context_only,"[4897, 596, 11364, 311, 6865, 430, 279, 38384, 1862, 1912, 706, 1027, 264, 6928, 3217, 369, 499, 13, 1102, 596, 8056, 1268, 11821, 1057, 7493, 323, 21583, 449, 3885, 889, 3619, 649, 1520, 603, 1920, 1057, 21958, 323, 1505, 264, 5647, 315, 4029, 13, 2650, 706, 420, 3217, 1027, 10695, 499, 311, 2733, 810, 8599, 311, 701, 21958, 323, 701, 7126, 596, 5044, 30, 128009]",0.12424704618752003,391eb62b5e02e9d7fc1641bfc3dc5e5a596f8ea76135eaa3fe1f3da77edf1b62,1809.4949470832944,0.03584381192922592,86.87440608628094,e6ffd3ab89c7558145ebc1eaadf3edbc20c373c2dd3513f746f4bea713a058bd,440,1811.1757261212915,88.46396417357028,88.43093807809055,78d17f5a8410dc9cf41dbabf1b5d6f6f1d017be44814805e728c0f2042dec2b9,True,81,65,0.006547197699546814,1,0.008748844265937805,,0,r0:state_ed94ec62c6728002740f:context_only,efa9200e73cafb656a6b6a27c9a0b640cf09a93009ebd665a16369e494af58ca,That's wonderful to hear that the grief support group has been a positive experience for you. It's amazing how sharing our stories and connecting with others who understand can help us process our emotions and find a sense of community. How has this experience been helping you to feel more connected to your emotions and your father's memory?,0.03636698238551617,p5:2,202,0,0.11259899474680424,1.3564261607825756,8,state_ed94ec62c6728002740f,p5,False
MPMSME+RS,0,fixed_off,"[2181, 10578, 1093, 24096, 279, 38384, 1862, 1912, 706, 1027, 264, 2216, 6928, 3217, 369, 499, 11, 323, 433, 596, 2294, 430, 499, 2351, 9455, 6981, 304, 11821, 701, 16024, 449, 3885, 889, 3619, 1148, 499, 2351, 2133, 1555, 13, 2650, 706, 433, 1027, 311, 6865, 3885, 6, 7493, 323, 11704, 11, 323, 311, 1518, 430, 499, 2351, 539, 7636, 304, 701, 16024, 315, 34951, 323, 4814, 30, 128009]",0.18083094619214535,391eb62b5e02e9d7fc1641bfc3dc5e5a596f8ea76135eaa3fe1f3da77edf1b62,2159.572135191411,0.04295189864933491,264.4939359743148,d453b30121bb43086d1bba3d8d8b3bfe8df7caef887ea905363baeec3be7f863,1662,2393.980670021847,498.77908104099333,498.7216398585588,91c2e970d10eaabb192efd4a43526515e8adb40cdffdee2039ae3a3cdd385de1,True,82,69,0.006966991350054741,2,0.04568719305098057,True,0,r0:state_ed94ec62c6728002740f:fixed_off,adf07efdbdc0c1b4a332ae35065c3e30ef3f59fe7a1f6991d47fe981b03427bc,"It sounds like attending the grief support group has been a really positive experience for you, and it's great that you're finding comfort in sharing your feelings with others who understand what you're going through. How has it been to hear others' stories and experiences, and to see that you're not alone in your feelings of guilt and loss?",230.0371159799397,p5:2,202,4,0.10838289745151997,3.986598923802376,8,state_ed94ec62c6728002740f,p5,False
MSE+RS,0,rule_off,"[2181, 10578, 1093, 24096, 279, 38384, 1862, 1912, 706, 1027, 264, 2216, 6928, 3217, 369, 499, 11, 323, 433, 596, 2294, 430, 499, 2351, 9455, 264, 5647, 315, 4029, 323, 14604, 4984, 13, 3639, 527, 1063, 3230, 2574, 430, 499, 3077, 9687, 477, 4529, 3201, 505, 279, 1912, 430, 499, 1781, 617, 1027, 11190, 369, 499, 30, 128009]",0.11360505595803261,391eb62b5e02e9d7fc1641bfc3dc5e5a596f8ea76135eaa3fe1f3da77edf1b62,1857.2943310718983,0.05016708746552467,263.82940798066556,4abd0a6ad9c25b518c629f01222c6d60d94beec4bced953b8e71aef1650e5248,1636,2318.290778202936,724.8208741657436,724.7122500557452,32f89b6747ecfee107334b9ad3ee1bf3ede5d9a50805aaf594f6a82559437d11,True,83,58,263.63892294466496,3,0.053309137001633644,True,0,r0:state_ed94ec62c6728002740f:rule_off,4fdc0986d0df60e0edfe85c7fecdedfd46b4ddb112b8a2bf72ce0b53cd71fa73,"It sounds like attending the grief support group has been a really positive experience for you, and it's great that you're finding a sense of community and emotional release. What are some specific things that you've learned or taken away from the group that you think have been helpful for you?",192.45543493889272,p5:2,202,3,0.16320915892720222,4.521798808127642,8,state_ed94ec62c6728002740f,p5,False
ME+R0,0,me_r0,"[2181, 10578, 1093, 279, 38384, 1862, 1912, 706, 1027, 264, 6220, 3634, 369, 499, 311, 1920, 701, 21958, 323, 4667, 449, 3885, 889, 3619, 1148, 499, 2351, 2133, 1555, 13, 3011, 596, 264, 6908, 3094, 304, 5196, 13, 3053, 499, 3371, 757, 810, 922, 1148, 596, 1027, 11190, 369, 499, 304, 279, 1912, 11, 323, 1148, 499, 3077, 1027, 3025, 311, 1935, 3201, 505, 279, 11704, 323, 26793, 315, 3885, 30, 128009]",0.1233881339430809,391eb62b5e02e9d7fc1641bfc3dc5e5a596f8ea76135eaa3fe1f3da77edf1b62,2186.7144859861583,0.034125056117773056,231.81934794411063,8386386778a3e5501879ead923abdbd2c2f8beb1b0dc7dc3c92d12e87c955802,1307,2192.6028840243816,237.65822499990463,237.58435784839094,62957eff5cb71978e6cccd1881ed31b68dfe5c6a5665d8bccce6cb504ca6802f,True,84,72,0.007117865607142448,4,0.01563597470521927,,0,r0:state_ed94ec62c6728002740f:me_r0,6cf5a48f166c33735cde66eed9c097ae81c4bc72ddb115d1464be37dbee9b0d0,"It sounds like the grief support group has been a safe space for you to process your emotions and connect with others who understand what you're going through. That's a huge step in itself. Can you tell me more about what's been helpful for you in the group, and what you've been able to take away from the experiences and insights of others?",2.693972084671259,p5:2,202,1,0.10862504132091999,2.905533881857991,8,state_ed94ec62c6728002740f,p5,False
MSE+RS,0,rule_off,"[2181, 10578, 1093, 499, 2351, 60499, 264, 2216, 11292, 323, 14604, 892, 304, 701, 5133, 449, 52179, 13, 578, 34104, 323, 659, 44107, 1191, 499, 2351, 25051, 649, 387, 2225, 26175, 323, 41316, 6147, 11, 439, 499, 2351, 42687, 810, 922, 6261, 323, 701, 23546, 13, 3053, 499, 3371, 757, 810, 922, 1148, 596, 1027, 2133, 389, 304, 701, 4059, 323, 4851, 439, 499, 3077, 1027, 3515, 1521, 5107, 21633, 30, 128009]",0.12321001850068569,391eb62b5e02e9d7fc1641bfc3dc5e5a596f8ea76135eaa3fe1f3da77edf1b62,2198.4125890303403,0.042486004531383514,241.92677112296224,d6a49e98bbf4ceedecc36a037bd087ce551edd3ae9d5c8128799d997be051827,1464,2366.856175940484,410.2948571089655,410.24714801460505,b25ba303fef593525243bfc69721a7fb16d2274a5ac79480d22f3738bd7bd1a0,True,85,72,155.22590093314648,0,0.03516185097396374,True,0,r0:state_95842d5fdb802835301d:rule_off,322214e789f15ef3dbd8c634b68ae14314a0030ced528af0eb0d951569ab3459,"It sounds like you're navigating a really tough and emotional time in your relationship with Jenny. The vulnerability and self-reflection you're experiencing can be both painful and enlightening, as you're discovering more about yourself and your boundaries. Can you tell me more about what's been going on in your mind and heart as you've been having these difficult conversations?",9.462771005928516,p17:2,202,3,0.10860711336135864,3.44544998370111,3,state_95842d5fdb802835301d,p17,False
M0+R0,0,context_only,"[2181, 10578, 1093, 499, 2351, 60499, 264, 2216, 11292, 719, 13893, 87435, 892, 13, 1102, 596, 6724, 4725, 311, 2733, 36218, 323, 3488, 3508, 499, 649, 64508, 701, 12062, 13, 3053, 499, 3371, 757, 810, 922, 1148, 596, 1027, 2133, 389, 304, 1884, 14269, 994, 499, 1212, 34685, 3508, 499, 649, 1304, 433, 990, 30, 128009]",0.11708401143550873,391eb62b5e02e9d7fc1641bfc3dc5e5a596f8ea76135eaa3fe1f3da77edf1b62,1554.1401240043342,0.0335469376295805,70.8914240822196,e0a76b687c0ec57a14130cb6977506b9e2036a3438da30f609306128445ea0ef,304,1555.49730011262,72.16575904749334,72.13151617906988,22310398935286e13b50a130a61bab718ef595bd217fd86f842f3bb4555a3c43,True,86,56,0.0061409082263708115,1,0.00827503390610218,,0,r0:state_95842d5fdb802835301d:context_only,c6b85de8e3a4cd58673f7216f05e545d5707f249b0e01fbfdaa5f4ade9ba1ff3,It sounds like you're navigating a really tough but potentially transformative time. It's completely normal to feel uncertain and question whether you can reconcile your differences. Can you tell me more about what's been going on in those moments when you start questioning whether you can make it work?,0.024378998205065727,p17:2,202,0,0.10931515134871006,1.0584350675344467,3,state_95842d5fdb802835301d,p17,False
MPE+RS,0,pm_off,"[2181, 10578, 1093, 499, 2351, 60499, 264, 2216, 6485, 323, 14604, 3634, 1314, 1457, 13, 1472, 2351, 90834, 449, 279, 27924, 315, 701, 5133, 449, 52179, 11, 323, 433, 596, 12967, 709, 264, 2763, 315, 4860, 922, 701, 1866, 9764, 11, 23546, 11, 323, 1148, 499, 1390, 369, 701, 3938, 13, 3053, 499, 3371, 757, 810, 922, 1148, 596, 1027, 2133, 389, 304, 701, 4059, 323, 4851, 439, 499, 3077, 1027, 3318, 1555, 1521, 21633, 3871, 30, 128009]",0.12712692841887474,391eb62b5e02e9d7fc1641bfc3dc5e5a596f8ea76135eaa3fe1f3da77edf1b62,2354.2519009206444,0.043508131057024,233.15546987578273,0f6fa2e0be87864858bf177346b2b511396e449fde38df6ef3ac5a935fd70aac,1407,2523.8401379901916,402.674559969455,402.61658001691103,b2d9fa92f6358f3e476e7f6e3775f3645cab30beb7c0aafe2989859a0849bce2,True,87,78,5.728207994252443,2,0.03963918425142765,True,0,r0:state_95842d5fdb802835301d:pm_off,23aecef5a98facd23d4153bb6c00499de6f4bef70ccd99ef25d0f5f1f2929bfa,"It sounds like you're navigating a really complex and emotional space right now. You're grappling with the uncertainty of your relationship with Jenny, and it's bringing up a lot of questions about your own identity, boundaries, and what you want for your future. Can you tell me more about what's been going on in your mind and heart as you've been working through these conversations together?",160.1291848346591,p17:2,202,3,0.11141016148030758,3.4091598354279995,3,state_95842d5fdb802835301d,p17,False
ME+R0,0,me_r0,"[2181, 10578, 1093, 499, 2351, 60499, 264, 2216, 6485, 323, 14604, 3634, 1314, 1457, 13, 1102, 596, 8056, 430, 499, 2351, 1694, 779, 10978, 449, 6261, 323, 52179, 922, 701, 16024, 323, 10742, 13, 3053, 499, 3371, 757, 810, 922, 1148, 596, 1027, 1455, 17436, 369, 499, 304, 1521, 21633, 30, 3639, 527, 1063, 315, 279, 3230, 24087, 477, 40017, 430, 617, 1027, 5108, 709, 369, 499, 30, 128009]",0.12143002822995186,391eb62b5e02e9d7fc1641bfc3dc5e5a596f8ea76135eaa3fe1f3da77edf1b62,2040.706547908485,0.037400051951408386,179.30229799821973,15002bc15dbcae23185cf469a8fee56ff2225b0b437d27a89e65948f4b3a6b95,1096,2044.9970150366426,183.522614184767,183.4713350981474,21b7fc581c3936773d96d9772f05fb6d4b50a0f2ab168ea0a34ad89011f38e83,True,88,69,0.006626127287745476,3,0.014002900570631027,,0,r0:state_95842d5fdb802835301d:me_r0,ffe177aed88f4c68739477c20971169c3668a6d8caadc58a91d775b867185f86,It sounds like you're navigating a really complex and emotional space right now. It's amazing that you're being so honest with yourself and Jenny about your feelings and concerns. Can you tell me more about what's been most challenging for you in these conversations? What are some of the specific fears or doubts that have been coming up for you?,1.4052079059183598,p17:2,202,1,0.10869605466723442,2.5971040595322847,3,state_95842d5fdb802835301d,p17,False
MPMSME+RS,0,fixed_off,"[2181, 10578, 1093, 499, 2351, 60499, 264, 2216, 11292, 323, 14604, 892, 304, 701, 5133, 449, 52179, 13, 1472, 2351, 8430, 20134, 323, 36218, 922, 701, 3938, 3871, 11, 323, 430, 596, 264, 2763, 311, 6920, 13, 3053, 499, 3371, 757, 810, 922, 1148, 596, 1027, 2133, 389, 304, 701, 4059, 323, 4851, 439, 499, 3077, 1027, 3318, 1555, 1521, 16024, 304, 21961, 42316, 30, 128009]",0.11854991316795349,391eb62b5e02e9d7fc1641bfc3dc5e5a596f8ea76135eaa3fe1f3da77edf1b62,2040.3316810261458,0.043029896914958954,242.93869105167687,1b9944e145b55ba0b1c5739d80c3a754ad9826ee28dbd19e007ea358e6c3a0be,1491,2204.0459448471665,406.58966498449445,406.53440495952964,ca51a565057ffddcfba2e2de34a3d545564a96a21b4a01bbdda888f83b0a2c12,True,89,66,0.00675395131111145,4,0.04093092866241932,True,0,r0:state_95842d5fdb802835301d:fixed_off,79c125a25b444c7f061e41c632e13f9af0012654ef54d80894ea38f0e8649a1a,"It sounds like you're navigating a really tough and emotional time in your relationship with Jenny. You're feeling vulnerable and uncertain about your future together, and that's a lot to carry. Can you tell me more about what's been going on in your mind and heart as you've been working through these feelings in couples counseling?",159.92865501902997,p17:2,202,4,0.10789395309984684,3.4684501588344574,3,state_95842d5fdb802835301d,p17,False
MPMSME+RS,0,fixed_off,"[2181, 10578, 1093, 499, 2351, 8430, 264, 2766, 43206, 449, 44463, 701, 7076, 9021, 323, 4443, 2324, 11, 323, 430, 596, 14718, 1063, 18547, 922, 701, 3938, 13, 3053, 499, 3371, 757, 810, 922, 1148, 596, 1027, 389, 701, 4059, 994, 433, 4131, 311, 701, 7076, 9021, 30, 3639, 527, 1063, 315, 279, 2574, 430, 527, 8430, 36218, 477, 25420, 311, 499, 1314, 1457, 30, 128009]",0.1202649436891079,391eb62b5e02e9d7fc1641bfc3dc5e5a596f8ea76135eaa3fe1f3da77edf1b62,2098.9769271109253,0.04521687515079975,297.50554100610316,484ff35b96f1e325edb44b66e52802dc43c28dfd5f60a8592a5b5bb40f58dcae,1752,2320.900710998103,519.3912999238819,519.3090599495918,43a2dab2acb21c7b219c1cd2e2abdd4efe9544b1f78a6a15a432e938d0029857,True,90,66,0.006918096914887428,0,0.044994056224823,True,0,r0:state_f7b7aecac7e1b57f3f2a:fixed_off,81e841bcf906c479f0bb7ec2099d57982d2cc73bb3027a728a0fcadc01245e83,"It sounds like you're feeling a bit overwhelmed with balancing your career goals and personal life, and that's causing some anxiety about your future. Can you tell me more about what's been on your mind when it comes to your career goals? What are some of the things that are feeling uncertain or unclear to you right now?",217.41664689034224,p17:3,202,4,0.11032097972929478,4.179422045126557,8,state_f7b7aecac7e1b57f3f2a,p17,False
MSE+RS,0,rule_off,"[2181, 10578, 1093, 499, 2351, 8430, 264, 2766, 43206, 449, 44463, 701, 7076, 9021, 323, 4443, 2324, 13, 3053, 499, 3371, 757, 810, 922, 1148, 596, 1027, 389, 701, 4059, 994, 433, 4131, 311, 701, 3938, 6787, 30, 3639, 527, 1063, 315, 279, 2574, 430, 527, 14718, 499, 18547, 922, 539, 1694, 3025, 311, 617, 2225, 30, 128009]",0.1876640599220991,391eb62b5e02e9d7fc1641bfc3dc5e5a596f8ea76135eaa3fe1f3da77edf1b62,1903.0224839225411,0.04434515722095966,282.48596703633666,cfa1cbf9def322f722156a26f3c9fc730d880448d0c6ec34c02d7372da6a26b8,1725,2136.313104070723,515.6431801151484,515.5889231245965,29862211ffa45a6acd3111179727f220998a62b0f8e9a63065e17b2deb097ae6,True,91,58,218.68649683892727,1,0.03781309351325035,True,0,r0:state_f7b7aecac7e1b57f3f2a:rule_off,7fb68e9a10508a5721bf6b933e5ed92a581036b8ecbace519c7a8af9505e9295,It sounds like you're feeling a bit overwhelmed with balancing your career goals and personal life. Can you tell me more about what's been on your mind when it comes to your future plans? What are some of the things that are causing you anxiety about not being able to have both?,10.108764050528407,p17:3,202,3,0.10946509428322315,4.116071853786707,8,state_f7b7aecac7e1b57f3f2a,p17,False
MSE+RS,0,pm_off,"[2181, 10578, 1093, 499, 2351, 8430, 264, 2766, 43206, 449, 44463, 701, 7076, 9021, 323, 4443, 2324, 13, 3053, 499, 3371, 757, 810, 922, 1148, 596, 1027, 389, 701, 4059, 994, 433, 4131, 311, 701, 3938, 6787, 30, 3639, 527, 1063, 315, 279, 2574, 430, 527, 14718, 499, 18547, 922, 539, 1694, 3025, 311, 617, 2225, 30, 128009]",0.11519994586706161,391eb62b5e02e9d7fc1641bfc3dc5e5a596f8ea76135eaa3fe1f3da77edf1b62,1863.9365651179105,0.04319194704294205,282.4694390874356,cfa1cbf9def322f722156a26f3c9fc730d880448d0c6ec34c02d7372da6a26b8,1725,2198.258209042251,616.726994048804,616.6758830659091,29862211ffa45a6acd3111179727f220998a62b0f8e9a63065e17b2deb097ae6,True,92,58,24.08467815257609,2,0.04089507274329662,True,0,r0:state_f7b7aecac7e1b57f3f2a:pm_off,7fb68e9a10508a5721bf6b933e5ed92a581036b8ecbace519c7a8af9505e9295,It sounds like you're feeling a bit overwhelmed with balancing your career goals and personal life. Can you tell me more about what's been on your mind when it comes to your future plans? What are some of the things that are causing you anxiety about not being able to have both?,305.8550979476422,p17:3,202,3,0.19851396791636944,3.98406689055264,8,state_f7b7aecac7e1b57f3f2a,p17,False
M0+R0,0,context_only,"[4897, 10578, 1093, 264, 8987, 23104, 311, 6920, 13, 1102, 596, 6724, 4725, 311, 2733, 38100, 922, 44463, 2204, 13878, 315, 701, 2324, 13, 3053, 499, 3371, 757, 810, 922, 1148, 596, 1027, 40876, 499, 922, 539, 1694, 3025, 311, 617, 2225, 264, 50698, 7076, 323, 264, 50698, 4443, 2324, 30, 128009]",0.11179991997778416,391eb62b5e02e9d7fc1641bfc3dc5e5a596f8ea76135eaa3fe1f3da77edf1b62,1464.3602990545332,0.03533996641635895,86.63634513504803,3e1dfa5cdb8c25767a37c6af531eaebbea401ad3f02bcc284706d165f06db5e5,432,1466.0366659518331,88.23550096713006,88.20091211237013,5dbaee0a0a59f4f6ff67c4c52dc0ef98334f9d8279667332ab358797d5ad460f,True,93,52,0.006098998710513115,3,0.00950484536588192,,0,r0:state_f7b7aecac7e1b57f3f2a:context_only,f1e6a78f9817e2718a4ba0c07d004301d427eed0e7c304cff617c1194540c5bc,That sounds like a heavy burden to carry. It's completely normal to feel anxious about balancing different aspects of your life. Can you tell me more about what's been worrying you about not being able to have both a fulfilling career and a fulfilling personal life?,0.037957215681672096,p17:3,202,0,0.11211493983864784,1.3635510113090277,8,state_f7b7aecac7e1b57f3f2a,p17,False
ME+R0,0,me_r0,"[2181, 10578, 1093, 499, 2351, 8430, 264, 2766, 43206, 449, 44463, 701, 7076, 9021, 323, 4443, 2324, 11, 323, 430, 596, 14718, 1063, 18547, 922, 701, 3938, 13, 3053, 499, 3371, 757, 810, 922, 1148, 596, 10043, 420, 8430, 315, 539, 1694, 3025, 311, 617, 2225, 30, 3639, 527, 1063, 315, 279, 3230, 10742, 477, 24087, 430, 527, 5108, 709, 369, 499, 30, 128009]",0.11812802404165268,391eb62b5e02e9d7fc1641bfc3dc5e5a596f8ea76135eaa3fe1f3da77edf1b62,1980.3214988205582,0.036020996049046516,245.749267982319,f3d2d84bb71497d3a8704759e63cf4d426d9e2d71cfe30cd00e9ae29a7047068,1412,1985.5435388162732,250.90100499801338,250.85317995399237,17a32366d5a2962eca3115f5617ac91f15a7f9df563956b48b342adf69b05e4a,True,94,64,0.00671902671456337,4,0.016744015738368034,,0,r0:state_f7b7aecac7e1b57f3f2a:me_r0,ba848627b3323b62d1d6f39294d3124f9d3312aa4c58771657e08125ca651fe9,"It sounds like you're feeling a bit overwhelmed with balancing your career goals and personal life, and that's causing some anxiety about your future. Can you tell me more about what's driving this feeling of not being able to have both? What are some of the specific concerns or fears that are coming up for you?",1.752826850861311,p17:3,202,1,0.10836590081453323,3.1832351814955473,8,state_f7b7aecac7e1b57f3f2a,p17,False
MPE+RS,0,pm_off,"[2181, 10578, 1093, 499, 2351, 8430, 264, 6651, 315, 21958, 922, 420, 502, 2683, 6776, 482, 28361, 922, 279, 4754, 369, 2731, 990, 26928, 8335, 323, 17632, 449, 701, 4443, 9021, 11, 719, 1101, 27924, 323, 47291, 2711, 922, 9564, 701, 1510, 2128, 323, 3560, 13, 3053, 499, 3371, 757, 810, 922, 1148, 596, 10168, 499, 1203, 505, 3339, 264, 5597, 30, 128009]",0.12065703049302101,391eb62b5e02e9d7fc1641bfc3dc5e5a596f8ea76135eaa3fe1f3da77edf1b62,1954.6835960354656,0.04368508234620094,243.68211603723466,6f54695bff6a4cc11de9bf873c54d25f21614bcf89ad210641bfa7804c9d18ff,1520,2140.7356690615416,429.686059942469,429.6135320328176,f4273149a1da9cab42d87522c8b23b15b5e9a1b39350577fb0b0e166182c01a1,True,95,63,6.011656019836664,0,0.038814032450318336,True,0,r0:state_167ce1f68daa5eb1e2fe:pm_off,dbe57006eb19174e7fe613a25eba6ed6b92b469737f57fd2946f546e86a7c91a,"It sounds like you're feeling a mix of emotions about this new job opportunity - excitement about the potential for better work-life balance and alignment with your personal goals, but also uncertainty and apprehension about leaving your current team and role. Can you tell me more about what's holding you back from making a decision?",176.11111095175147,p12:3,303,3,0.10749604552984238,3.6186538636684418,3,state_167ce1f68daa5eb1e2fe,p12,False
M0+R0,0,context_only,"[2181, 10578, 1093, 499, 3077, 8040, 264, 3831, 5647, 315, 56062, 11, 902, 374, 2216, 85684, 13, 1102, 596, 6724, 4725, 311, 3488, 701, 18000, 323, 2733, 36218, 922, 701, 7076, 1853, 11, 5423, 994, 17011, 449, 19347, 323, 8631, 13, 3053, 499, 3371, 757, 810, 922, 1148, 596, 10168, 499, 1203, 505, 8430, 16913, 922, 420, 502, 6776, 30, 128009]",0.1789410598576069,391eb62b5e02e9d7fc1641bfc3dc5e5a596f8ea76135eaa3fe1f3da77edf1b62,1712.351500056684,0.036837998777627945,72.51558708958328,d9cefcebcaba2029a38a33f3c4464e6aae5ab79dc4de9ee49c409fad4eb14ee8,317,1713.8930291403085,73.92037310637534,73.87817511335015,dcc2896df65be867213cf2e6b62b67f41ddd0f1bfd2dbc8711e993b9d115edca,True,96,61,0.006473856046795845,1,0.009370967745780945,,0,r0:state_167ce1f68daa5eb1e2fe:context_only,faf1ee849df4e9c3ef136a36316d12c84c1f22ec10438a40e88e566cb2c99bea,"It sounds like you've developed a strong sense of resilience, which is really admirable. It's completely normal to question your abilities and feel uncertain about your career path, especially when faced with criticism and stress. Can you tell me more about what's holding you back from feeling confident about this new opportunity?",0.03262306563556194,p12:3,303,0,0.11640018783509731,1.1608819477260113,3,state_167ce1f68daa5eb1e2fe,p12,False
MPMSME+RS,0,fixed_off,"[2181, 10578, 1093, 499, 2351, 8430, 264, 6651, 315, 21958, 922, 420, 502, 2683, 6776, 482, 28361, 922, 279, 4754, 369, 2731, 990, 26928, 8335, 11, 719, 1101, 27924, 323, 18547, 922, 9564, 701, 1510, 2128, 323, 3560, 13, 3053, 499, 3371, 757, 810, 922, 1148, 596, 10168, 499, 1203, 505, 8430, 810, 16913, 922, 420, 5597, 30, 128009]",0.18004490993916988,391eb62b5e02e9d7fc1641bfc3dc5e5a596f8ea76135eaa3fe1f3da77edf1b62,1899.3502529338002,0.06360607221722603,262.81079300679266,9ff7d796cd817d383c5bc02ffea3fb7b49d0316953ce09ed34333b80fafd95d6,1612,2147.300837794319,510.7002907898277,510.58133295737207,76c3d6cb74e60c69cef236afa5b9c6e891bb0a4eb4a867165a0b7aedd05f8106,True,97,59,0.00982312485575676,2,0.06751390174031258,True,0,r0:state_167ce1f68daa5eb1e2fe:fixed_off,5f5f1ebe28585e869325fb769d806070a8d8456e538057ef4f22319cf21f97b3,"It sounds like you're feeling a mix of emotions about this new job opportunity - excitement about the potential for better work-life balance, but also uncertainty and anxiety about leaving your current team and role. Can you tell me more about what's holding you back from feeling more confident about this decision?",242.52080195583403,p12:3,303,4,0.14668586663901806,4.96210902929306,3,state_167ce1f68daa5eb1e2fe,p12,False
MSE+RS,0,rule_off,"[2181, 10578, 1093, 499, 2351, 8430, 264, 6651, 315, 21958, 922, 420, 502, 2683, 6776, 482, 28361, 922, 279, 4754, 369, 2731, 990, 26928, 8335, 11, 719, 1101, 27924, 323, 18547, 922, 9564, 701, 1510, 2128, 323, 3560, 13, 3053, 499, 3371, 757, 810, 922, 1148, 596, 10168, 499, 1203, 505, 3339, 264, 5597, 30, 128009]",0.11366582475602627,391eb62b5e02e9d7fc1641bfc3dc5e5a596f8ea76135eaa3fe1f3da77edf1b62,1792.903603054583,0.0635739415884018,261.1387830693275,3057a0d48c3e05f576c1d1a177b493f541a951496213dce71abcdd8c2a522a3a,1585,2016.319994814694,484.54654798842967,484.4415090046823,bdbd58deb60415704aab244bece0697e1a16bd850cd3c0bdb0fb11d261e2bd3d,True,98,56,203.23509210720658,3,0.06162002682685852,True,0,r0:state_167ce1f68daa5eb1e2fe:rule_off,eaa785c38b34c807e0de1db7b6b1ad675dd2a6f265ebd4041f039fea88e38fdd,"It sounds like you're feeling a mix of emotions about this new job opportunity - excitement about the potential for better work-life balance, but also uncertainty and anxiety about leaving your current team and role. Can you tell me more about what's holding you back from making a decision?",14.847703976556659,p12:3,303,3,0.1503918319940567,4.94434405118227,3,state_167ce1f68daa5eb1e2fe,p12,False
ME+R0,0,me_r0,"[2181, 10578, 1093, 499, 2351, 8430, 264, 6651, 315, 21958, 922, 420, 502, 2683, 6776, 11, 323, 430, 596, 6724, 4725, 13, 1102, 596, 2294, 430, 499, 2351, 4737, 279, 892, 311, 8881, 389, 701, 16024, 323, 2980, 1148, 596, 1888, 369, 701, 7076, 323, 4443, 6650, 13, 3053, 499, 3371, 757, 810, 922, 1148, 596, 10168, 499, 1203, 505, 3339, 264, 5597, 30, 2209, 433, 279, 27924, 315, 279, 9320, 1920, 11, 477, 2555, 775, 11622, 30, 128009]",0.18967199139297009,391eb62b5e02e9d7fc1641bfc3dc5e5a596f8ea76135eaa3fe1f3da77edf1b62,2351.0105358436704,0.035596080124378204,197.39904394373298,e523a3a4c17ac7995ee6d5c97c1693cccf40aeb92e124f74de5adc52bb4fbe9b,1263,2356.5782548394054,202.83361384645104,202.77709094807506,a782abd80ec7777f6b5f13e6288c96154db11f5212507078b4749f1a57cd1fee,True,99,79,0.007585855200886726,4,0.016022007912397385,,0,r0:state_167ce1f68daa5eb1e2fe:me_r0,0ac0af89097d648cbcb908dfdaecb69a2aae3a821c888045b920f8622dce2d4a,"It sounds like you're feeling a mix of emotions about this new job opportunity, and that's completely normal. It's great that you're taking the time to reflect on your feelings and consider what's best for your career and personal growth. Can you tell me more about what's holding you back from making a decision? Is it the uncertainty of the transition process, or something else entirely?",2.2677499800920486,p12:3,303,1,0.11294498108327389,2.9381480999290943,3,state_167ce1f68daa5eb1e2fe,p12,False
ME+R0,0,me_r0,"[40, 649, 5647, 279, 4785, 315, 44696, 2968, 323, 6996, 315, 2585, 304, 701, 2324, 1314, 1457, 13, 1102, 10578, 1093, 499, 2351, 8430, 43206, 11, 32647, 11, 323, 33630, 11, 539, 1120, 449, 701, 8427, 596, 990, 9899, 11, 719, 1101, 449, 279, 5536, 433, 596, 3515, 389, 701, 8244, 1664, 33851, 13, 3053, 499, 3371, 757, 810, 922, 1148, 499, 1781, 1053, 1520, 499, 2733, 810, 304, 2585, 323, 15528, 304, 420, 6671, 30, 128009]",0.12692110612988472,391eb62b5e02e9d7fc1641bfc3dc5e5a596f8ea76135eaa3fe1f3da77edf1b62,2337.641465011984,0.0499580055475235,233.47647418268025,8732152bee94b9730833bbe540b0bad407431e9a553f50094c979fa3d386e2e9,1339,2344.434530939907,240.22213695570827,240.1426190044731,99f0502b63b1a0cce0dcabe0f2ff920a8afc40e60558512fe4e7d03c095880d8,True,100,77,0.009153969585895538,0,0.021099112927913666,,0,r0:state_5ef2ff288425670c81ce:me_r0,e0a0f717ef4ebe593d3e18717b056dacbb0e64e78e5b1ebe1b1a207b62defe49,"I can sense the weight of unpredictability and lack of control in your life right now. It sounds like you're feeling overwhelmed, stressed, and frustrated, not just with your partner's work schedule, but also with the impact it's having on your overall well-being. Can you tell me more about what you think would help you feel more in control and stable in this situation?",2.669184934347868,p14:2,101,1,0.15119090676307678,3.7655578926205635,8,state_5ef2ff288425670c81ce,p14,False
MSE+RS,0,pm_off,"[40, 649, 5647, 1268, 22798, 323, 35711, 420, 6671, 374, 369, 499, 13, 1102, 10578, 1093, 499, 2351, 8430, 264, 6996, 315, 2585, 323, 20334, 304, 701, 2162, 2324, 11, 902, 374, 28987, 701, 7106, 323, 14604, 1664, 33851, 13, 3053, 499, 3371, 757, 810, 922, 1148, 499, 1781, 1053, 1520, 499, 2733, 810, 304, 2585, 323, 15528, 304, 420, 6671, 30, 128009]",0.17277500592172146,391eb62b5e02e9d7fc1641bfc3dc5e5a596f8ea76135eaa3fe1f3da77edf1b62,2011.706659104675,0.04180287942290306,280.7818129658699,803872110af781fff1159a61cce0433b7b01a0fcb42fcdb3f6333e716324ac8f,1701,2392.6339419558644,661.5976428147405,661.5363208111376,510320a3bf897d624c7169874a7c855c297f6c6d9c59fd8de8b70b31369c6a97,True,101,63,7.2167920880019665,1,0.044994987547397614,True,0,r0:state_5ef2ff288425670c81ce:pm_off,206120b74b220a7478fd7b55b57900b061826d28e3e53226588514d66b8052af,"I can sense how overwhelming and frustrating this situation is for you. It sounds like you're feeling a lack of control and stability in your home life, which is affecting your physical and emotional well-being. Can you tell me more about what you think would help you feel more in control and stable in this situation?",369.3535670172423,p14:2,101,3,0.10962691158056259,3.9877239614725113,8,state_5ef2ff288425670c81ce,p14,False
MSE+RS,0,rule_off,"[40, 649, 5647, 1268, 22798, 323, 35711, 420, 6671, 374, 369, 499, 13, 1102, 10578, 1093, 499, 2351, 8430, 264, 6996, 315, 2585, 323, 20334, 304, 701, 2162, 2324, 11, 902, 374, 28987, 701, 7106, 323, 14604, 1664, 33851, 13, 3053, 499, 3371, 757, 810, 922, 1148, 499, 1781, 1053, 1520, 499, 2733, 810, 304, 2585, 323, 15528, 304, 420, 6671, 30, 128009]",0.13942713849246502,391eb62b5e02e9d7fc1641bfc3dc5e5a596f8ea76135eaa3fe1f3da77edf1b62,2016.1947498563677,0.06374320946633816,281.83322097174823,803872110af781fff1159a61cce0433b7b01a0fcb42fcdb3f6333e716324ac8f,1701,2303.390624001622,568.9875218085945,568.8896679785103,510320a3bf897d624c7169874a7c855c297f6c6d9c59fd8de8b70b31369c6a97,True,102,63,266.4043651893735,2,0.06554205901920795,True,0,r0:state_5ef2ff288425670c81ce:rule_off,206120b74b220a7478fd7b55b57900b061826d28e3e53226588514d66b8052af,"I can sense how overwhelming and frustrating this situation is for you. It sounds like you're feeling a lack of control and stability in your home life, which is affecting your physical and emotional well-being. Can you tell me more about what you think would help you feel more in control and stable in this situation?",15.169646823778749,p14:2,101,3,0.1598508097231388,5.193298915401101,8,state_5ef2ff288425670c81ce,p14,False
M0+R0,0,context_only,"[2181, 10578, 1093, 499, 2351, 8430, 2216, 61508, 323, 20558, 311, 2567, 709, 449, 279, 18651, 315, 701, 2162, 2324, 13, 1102, 596, 6724, 49839, 430, 499, 2351, 8430, 43206, 13, 3053, 499, 3371, 757, 810, 922, 1148, 499, 1781, 1053, 1205, 311, 2349, 304, 2015, 369, 499, 311, 2733, 810, 304, 2585, 323, 15528, 30, 128009]",0.1521219965070486,391eb62b5e02e9d7fc1641bfc3dc5e5a596f8ea76135eaa3fe1f3da77edf1b62,1614.2347499262542,0.040847109630703926,87.52834377810359,0b108c5eccab33f3151f6cf98210e0e0776f0baba5c7e1ac4adc76665ecfcef6,440,1616.1999250762165,89.39675311557949,89.34139693155885,39b3099c0680e36bffaa5bbfbd7d0a26405056876db43e189c6e2b9548b0ec9c,True,103,57,0.008491799235343933,3,0.010746065527200699,,0,r0:state_5ef2ff288425670c81ce:context_only,0f5068561f5a7554a8aae01f05887fe381f24c3139e0fb3b6d87b34fdeb833b1,It sounds like you're feeling really drained and struggling to keep up with the demands of your home life. It's completely understandable that you're feeling overwhelmed. Can you tell me more about what you think would need to change in order for you to feel more in control and stable?,0.040800077840685844,p14:2,101,0,0.1322091557085514,1.5799589455127716,8,state_5ef2ff288425670c81ce,p14,False
MPMSME+RS,0,fixed_off,"[40, 649, 5647, 1268, 22798, 323, 35711, 420, 6671, 374, 369, 499, 13, 1102, 10578, 1093, 499, 2351, 8430, 264, 6996, 315, 2585, 323, 20334, 304, 701, 2162, 2324, 11, 902, 374, 28987, 701, 7106, 323, 14604, 1664, 33851, 13, 3053, 499, 3371, 757, 810, 922, 1148, 499, 1781, 1053, 1520, 499, 2733, 810, 304, 2585, 323, 15528, 304, 420, 6671, 30, 128009]",0.11766399256885052,391eb62b5e02e9d7fc1641bfc3dc5e5a596f8ea76135eaa3fe1f3da77edf1b62,2016.8787599541247,0.06162794306874275,285.1036540232599,695cd3d149ad8a92790d5aec8505b9c9000f65092d6d04432211d25b2531ad87,1726,2301.1324440594763,569.3264100700617,569.2396741360426,faa807751fac6ab0a8ab2e2e9d4e6e196fd2d1a08e382b8efdfadeb86eccad52,True,104,63,0.009086914360523224,4,0.06619398482143879,True,0,r0:state_5ef2ff288425670c81ce:fixed_off,206120b74b220a7478fd7b55b57900b061826d28e3e53226588514d66b8052af,"I can sense how overwhelming and frustrating this situation is for you. It sounds like you're feeling a lack of control and stability in your home life, which is affecting your physical and emotional well-being. Can you tell me more about what you think would help you feel more in control and stable in this situation?",278.7045531440526,p14:2,101,4,0.1368951052427292,5.157663021236658,8,state_5ef2ff288425670c81ce,p14,False
MSE+RS,0,rule_off,"[2181, 10578, 1093, 11821, 701, 4443, 3446, 922, 38464, 323, 1202, 5536, 389, 701, 14604, 11774, 374, 264, 20134, 719, 13548, 6776, 369, 499, 13, 3639, 527, 1063, 315, 279, 3230, 14269, 477, 11704, 505, 701, 38464, 11879, 430, 499, 1781, 1053, 387, 1455, 23222, 311, 4430, 449, 279, 7090, 10430, 30, 128009]",0.1836989540606737,391eb62b5e02e9d7fc1641bfc3dc5e5a596f8ea76135eaa3fe1f3da77edf1b62,1715.6323539093137,0.04325713962316513,260.4989118408412,1c38fe7057f9f268802565fd008b3622c29bdcd12491f96a71e65b379938f84d,1593,1887.883750954643,432.63226794078946,432.5666099321097,c4444f52f79cf7b2df5802be3c58bba3949c8b7c13e121637d59e6882e1d40a7,True,105,53,157.05574513413012,0,0.035011908039450645,True,0,r0:state_171ecc90e75224aaa806:rule_off,166d8654526c0da46106f3929d2e9b3e47df4355439c6afff4f7068516fa737a,It sounds like sharing your personal story about hiking and its impact on your emotional challenges is a vulnerable but exciting opportunity for you. What are some of the specific moments or experiences from your hiking journey that you think would be most meaningful to share with the panel discussion?,10.998300043866038,p4:1,101,3,0.10952097363770008,3.825862891972065,3,state_171ecc90e75224aaa806,p4,False
MPMS+RS,0,pm_off,"[2181, 10578, 1093, 11821, 701, 4443, 3446, 922, 38464, 323, 1202, 5536, 389, 701, 14604, 11774, 374, 264, 20134, 719, 1101, 66388, 3217, 369, 499, 13, 3639, 527, 1063, 315, 279, 3230, 24087, 477, 38145, 430, 2586, 709, 369, 499, 994, 7422, 922, 11821, 420, 961, 315, 701, 3446, 389, 279, 7090, 30, 128009]",0.12273900210857391,391eb62b5e02e9d7fc1641bfc3dc5e5a596f8ea76135eaa3fe1f3da77edf1b62,1555.4670910350978,0.05295197479426861,121.16473913192749,2e40cce6ba5817ea479e10dc96e2ae1848cd5e1696f323d8d8117643b59a5f9c,680,1765.9666179679334,331.5934780985117,331.5415270626545,f3d8ba9fbb881047ff39900e0726280acd4591b1d21af51ddb71160b0933d04b,True,106,54,7.334260968491435,1,0.04620896652340889,True,0,r0:state_171ecc90e75224aaa806:pm_off,ee1026e526dee5de6f09b7a401fa09755fd342cdb8c103f98b92327e38961138,It sounds like sharing your personal story about hiking and its impact on your emotional challenges is a vulnerable but also empowering experience for you. What are some of the specific fears or worries that come up for you when thinking about sharing this part of your story on the panel?,200.37718815729022,p4:1,101,3,0.16380799934267998,2.402369864284992,3,state_171ecc90e75224aaa806,p4,False
MPMSME+RS,0,fixed_off,"[2181, 10578, 1093, 11821, 701, 4443, 3446, 922, 38464, 323, 1202, 5536, 389, 701, 14604, 11774, 374, 264, 20134, 719, 13548, 6776, 369, 499, 13, 3639, 527, 1063, 315, 279, 3230, 24087, 477, 38145, 430, 2586, 709, 369, 499, 994, 7422, 922, 11821, 420, 961, 315, 6261, 449, 3885, 30, 128009]",0.11868705041706562,391eb62b5e02e9d7fc1641bfc3dc5e5a596f8ea76135eaa3fe1f3da77edf1b62,1645.3728859778494,0.04550791345536709,262.5574010889977,a6d4301d6d02c2d5b2247618da6ab98b8b5dfe7a3ce4463f1bde895e4fa93de4,1625,1818.5478069353849,435.6754729524255,435.61363499611616,383bd34788c6570c5ba393d8aafbc652ad73c931eafd00792eb1268d76596fab,True,107,51,0.008563045412302017,2,0.046801986172795296,True,0,r0:state_171ecc90e75224aaa806:fixed_off,948470ce4ae4289ccb4d5b9a875871ece548bf876275bfbf17bdb6c086bc5a83,It sounds like sharing your personal story about hiking and its impact on your emotional challenges is a vulnerable but exciting opportunity for you. What are some of the specific fears or worries that come up for you when thinking about sharing this part of yourself with others?,168.93705097027123,p4:1,101,4,0.11198199354112148,3.906327998265624,3,state_171ecc90e75224aaa806,p4,False
ME+R0,0,me_r0,"[2181, 10578, 1093, 11821, 701, 3446, 323, 11704, 449, 279, 38464, 6469, 706, 1027, 264, 2216, 8147, 1648, 369, 499, 311, 1920, 323, 3139, 13, 3639, 527, 1063, 315, 279, 3230, 24087, 477, 38145, 430, 2586, 709, 369, 499, 994, 7422, 922, 11821, 701, 4443, 3446, 449, 3885, 30, 128009]",0.1177019439637661,391eb62b5e02e9d7fc1641bfc3dc5e5a596f8ea76135eaa3fe1f3da77edf1b62,1542.8523940499872,0.03649713471531868,198.66279303096235,22cd2a337c6716f3d7219daf0219c7da5b84a6e89f545d3810d6c688259fbdd4,1268,1548.5685230232775,204.31626494973898,204.2612200602889,23c0f1388f5735c76cfed99b9694490feac0f80f3179bd62cca99fffa4852a75,True,108,50,0.0076249707490205765,3,0.013772863894701004,,0,r0:state_171ecc90e75224aaa806:me_r0,885650ff38295ada40bc7fcb7bb8de7faccc99ecc4c7fbca6c0934d88b44d7eb,It sounds like sharing your story and experiences with the hiking club has been a really powerful way for you to process and grow. What are some of the specific fears or worries that come up for you when thinking about sharing your personal story with others?,2.4825420696288347,p4:1,101,1,0.11106301099061966,2.9469269793480635,3,state_171ecc90e75224aaa806,p4,False
M0+R0,0,context_only,"[4897, 10578, 17235, 8147, 323, 20134, 13, 1102, 596, 6366, 430, 499, 3077, 1766, 264, 1648, 311, 5613, 701, 21958, 1139, 2555, 6928, 323, 2324, 71260, 2923, 287, 13, 3639, 596, 832, 3245, 499, 2351, 1455, 16026, 311, 636, 4028, 311, 279, 10877, 994, 499, 4430, 701, 3446, 30, 128009]",0.12554507702589035,391eb62b5e02e9d7fc1641bfc3dc5e5a596f8ea76135eaa3fe1f3da77edf1b62,1397.4831320811063,0.03694789484143257,72.1909471321851,75689c64197d5718ff82e7199c50134625dd08a7040c735f4f1c728973ec7cb3,314,1398.9078409504145,73.53772688657045,73.49011092446744,a21c88b5965c73de76373103f9fb590fc29ac95a56b6b4c7489d65cc601e30d4,True,109,50,0.007288996130228043,4,0.00837189145386219,,0,r0:state_171ecc90e75224aaa806:context_only,1c18a15e547a08c71e88c3cec8c52563855cf90fb703271d49e4c39a9365de3e,That sounds incredibly powerful and vulnerable. It's beautiful that you've found a way to channel your emotions into something positive and life-affirming. What's one thing you're most hoping to get across to the audience when you share your story?,0.026990193873643875,p4:1,101,0,0.11013681069016457,1.1094280052930117,3,state_171ecc90e75224aaa806,p4,False
MSE+RS,0,rule_off,"[40, 649, 5647, 1268, 20134, 499, 2351, 8430, 922, 11821, 701, 4443, 3446, 304, 4156, 315, 264, 8294, 10877, 13, 1102, 596, 6724, 4725, 311, 2733, 38100, 922, 1694, 45487, 477, 18290, 922, 1268, 3885, 690, 6013, 13, 20474, 430, 701, 3446, 706, 907, 323, 649, 31740, 3885, 304, 264, 23222, 1648, 13, 3639, 422, 499, 1051, 311, 5357, 389, 279, 6928, 5536, 499, 3987, 311, 1304, 11, 4856, 1109, 279, 4754, 19347, 30, 128009]",0.13396888971328735,391eb62b5e02e9d7fc1641bfc3dc5e5a596f8ea76135eaa3fe1f3da77edf1b62,2330.0399009604007,0.048277201130986214,264.9938177783042,91f1ccc9366583bef006795404a91ecc5466b71b6f7259ca7ebfc346472aeb25,1646,2581.6260429564863,516.5351640898734,516.4459908846766,8eac42f6dcc4dde4fd277a45f1a3ab1a1eac187678cedf83c300234249f3681e,True,110,75,233.9693601243198,0,0.03996212035417557,True,0,r0:state_0d7417c0bca2b3ba0921:rule_off,f8b2d4bdbabe3b92557e73c640385a0630820873f94832cb269a3479ee9701ff,"I can sense how vulnerable you're feeling about sharing your personal story in front of a larger audience. It's completely normal to feel anxious about being judged or worried about how others will respond. Remember that your story has value and can inspire others in a meaningful way. What if you were to focus on the positive impact you hope to make, rather than the potential criticism?",13.005548855289817,p4:1,303,3,0.11804793030023575,4.27097687497735,8,state_0d7417c0bca2b3ba0921,p4,False
MPMSME+RS,0,fixed_off,"[40, 649, 5647, 1268, 38100, 499, 527, 922, 11821, 701, 4443, 3446, 304, 4156, 315, 264, 8294, 10877, 13, 1102, 596, 6724, 4725, 311, 2733, 430, 1648, 11, 323, 433, 5097, 264, 2763, 315, 25775, 311, 387, 10032, 311, 4430, 701, 11704, 449, 3885, 13, 20474, 430, 499, 2351, 539, 7636, 304, 420, 8430, 11, 323, 1690, 1274, 617, 7946, 34512, 660, 586, 12365, 323, 11821, 872, 7493, 449, 3885, 13, 3639, 656, 499, 1781, 1053, 1520, 499, 2733, 810, 520, 14553, 449, 279, 4623, 315, 11821, 701, 3446, 30, 128009]",0.20740111358463764,391eb62b5e02e9d7fc1641bfc3dc5e5a596f8ea76135eaa3fe1f3da77edf1b62,2817.9491099435836,0.04612002521753311,280.2492859773338,33b5b24199622c82f147232fca6e9ed6b10905f7408128970992ee9838d881c1,1678,3057.56306508556,519.7289639618248,519.6558400057256,e7bfa0bed5f077b22f413db0ecea03371a0be5cb3a4da702f75b15c3898dde9a,True,111,91,0.007905997335910797,1,0.043223146349191666,True,0,r0:state_0d7417c0bca2b3ba0921:fixed_off,2df31bbe5d2678f089223266cc2fa5076a08ac56be610b3da86c2e6a70fbec73,"I can sense how anxious you are about sharing your personal story in front of a larger audience. It's completely normal to feel that way, and it takes a lot of courage to be willing to share your experiences with others. Remember that you're not alone in this feeling, and many people have successfully navigated public speaking and sharing their stories with others. What do you think would help you feel more at ease with the idea of sharing your story?",235.17031292431056,p4:1,303,4,0.11505302973091602,4.0239389054477215,8,state_0d7417c0bca2b3ba0921,p4,False
M0+R0,0,context_only,"[2181, 5097, 264, 2763, 315, 25775, 311, 4430, 701, 4443, 3446, 11, 323, 433, 596, 6724, 4725, 311, 2733, 38100, 922, 1268, 3885, 2643, 14085, 13, 20474, 430, 279, 7090, 10430, 374, 459, 6776, 311, 4430, 701, 11704, 323, 4667, 449, 3885, 889, 1253, 387, 2133, 1555, 4528, 2574, 13, 1472, 2351, 539, 7636, 304, 420, 11, 323, 1690, 1274, 617, 7946, 6222, 872, 7493, 304, 586, 5110, 13, 19418, 499, 1093, 311, 3137, 810, 922, 1148, 596, 10168, 499, 1203, 505, 8430, 810, 16913, 922, 11821, 701, 3446, 30, 128009]",0.14478503726422787,391eb62b5e02e9d7fc1641bfc3dc5e5a596f8ea76135eaa3fe1f3da77edf1b62,2543.4268929529935,0.052903080359101295,87.32826402410865,c52594f4ac12c4c812d4ca629ccda8e8546347236da29063fc1f5e9ecec918da,439,2545.7465269137174,89.56097392365336,89.5031129475683,93e3362d9e390d841b6f6355fe1c9208075c9908de9bde703c565d30572c2eca,True,112,91,0.009014969691634178,2,0.013564946129918098,,0,r0:state_0d7417c0bca2b3ba0921:context_only,210fa8bf80ea0337a5c6cb8f961dba4119e554ea98906761e8e891f2711825ff,"It takes a lot of courage to share your personal story, and it's completely normal to feel anxious about how others might react. Remember that the panel discussion is an opportunity to share your experiences and connect with others who may be going through similar things. You're not alone in this, and many people have successfully shared their stories in public settings. Would you like to talk more about what's holding you back from feeling more confident about sharing your story?",0.05322718061506748,p4:1,303,0,0.16307691112160683,1.8830618355423212,8,state_0d7417c0bca2b3ba0921,p4,False
MSE+RS,0,pm_off,"[40, 649, 5647, 1268, 20134, 499, 2351, 8430, 922, 11821, 701, 4443, 3446, 304, 4156, 315, 264, 8294, 10877, 13, 1102, 596, 6724, 4725, 311, 2733, 38100, 922, 1694, 45487, 477, 18290, 922, 1268, 3885, 690, 6013, 13, 20474, 430, 701, 3446, 706, 907, 323, 649, 31740, 3885, 304, 264, 23222, 1648, 13, 3639, 422, 499, 1051, 311, 5357, 389, 279, 6928, 5536, 499, 3987, 311, 1304, 11, 4856, 1109, 279, 4754, 19347, 30, 128009]",0.18911901861429214,391eb62b5e02e9d7fc1641bfc3dc5e5a596f8ea76135eaa3fe1f3da77edf1b62,2332.8261030837893,0.04405202344059944,264.11515194922686,91f1ccc9366583bef006795404a91ecc5466b71b6f7259ca7ebfc346472aeb25,1646,2579.162525013089,510.32509794458747,510.2624548599124,8eac42f6dcc4dde4fd277a45f1a3ab1a1eac187678cedf83c300234249f3681e,True,113,75,7.381004048511386,3,0.0416850671172142,True,0,r0:state_0d7417c0bca2b3ba0921:pm_off,f8b2d4bdbabe3b92557e73c640385a0630820873f94832cb269a3479ee9701ff,"I can sense how vulnerable you're feeling about sharing your personal story in front of a larger audience. It's completely normal to feel anxious about being judged or worried about how others will respond. Remember that your story has value and can inspire others in a meaningful way. What if you were to focus on the positive impact you hope to make, rather than the potential criticism?",234.52245187945664,p4:1,303,3,0.11292099952697754,4.045188892632723,8,state_0d7417c0bca2b3ba0921,p4,False
ME+R0,0,me_r0,"[40, 649, 5647, 279, 4785, 315, 18547, 323, 659, 1773, 5599, 83, 499, 2351, 15691, 922, 11821, 701, 4443, 3446, 304, 4156, 315, 264, 8294, 10877, 13, 1102, 596, 6724, 4725, 311, 2733, 420, 1648, 11, 323, 358, 1390, 499, 311, 1440, 430, 499, 2351, 539, 7636, 13, 9176, 1274, 617, 6222, 872, 7493, 323, 11704, 449, 3885, 11, 323, 433, 596, 3629, 264, 8147, 1648, 311, 4667, 449, 3885, 323, 31740, 6928, 2349, 13, 19418, 499, 1093, 311, 3137, 810, 922, 1148, 596, 10168, 499, 1203, 505, 8430, 810, 16913, 922, 11821, 701, 3446, 30, 128009]",0.20819413475692272,391eb62b5e02e9d7fc1641bfc3dc5e5a596f8ea76135eaa3fe1f3da77edf1b62,2892.1864489093423,0.05147093906998634,233.07253513485193,ac284e95c498415420ea21174411a74233fafbd81b312bfa97e56eb5f02ec909,1330,2899.951013037935,240.7363229431212,240.62890512868762,423d0b0ea959b994a0881c74f8ebc3ba920dde3c721fd60f81619265ce4db969,True,114,97,0.010926974937319756,4,0.020722858607769012,,0,r0:state_0d7417c0bca2b3ba0921:me_r0,4250c98407451bcc77d5a2b6245ba8ce4934d1fe099acf9d3babf99e975671c1,"I can sense the weight of anxiety and self-doubt you're carrying about sharing your personal story in front of a larger audience. It's completely normal to feel this way, and I want you to know that you're not alone. Many people have shared their stories and experiences with others, and it's often a powerful way to connect with others and inspire positive change. Would you like to talk more about what's holding you back from feeling more confident about sharing your story?",3.3749660942703485,p4:1,303,1,0.16177305951714516,3.936510067433119,8,state_0d7417c0bca2b3ba0921,p4,False
MSE+RS,0,rule_off,"[2181, 10578, 1093, 499, 2351, 8430, 264, 6651, 315, 21958, 482, 16337, 11, 3987, 11, 323, 1101, 18547, 922, 279, 3938, 13, 1102, 596, 6724, 4725, 311, 2733, 43206, 994, 60499, 6485, 12135, 323, 4443, 17078, 13, 3053, 499, 3371, 757, 810, 922, 1148, 596, 1027, 389, 701, 4059, 31445, 11, 323, 1148, 596, 1027, 279, 1455, 17436, 961, 315, 44463, 701, 1866, 3966, 449, 701, 3070, 596, 17078, 30, 128009]",0.12478581629693508,391eb62b5e02e9d7fc1641bfc3dc5e5a596f8ea76135eaa3fe1f3da77edf1b62,2213.1988960318267,0.06291596218943596,265.9046580083668,4b3f9e15f28f8c3c723c67207cb6f7a8a5a328d343b1682118dec93e782abe21,1655,2425.5720030050725,478.2758990768343,478.1529791653156,9c4bd2e66f3fdd6970ff2583f672a049af5d2209124d085e73799c755c4727e7,True,115,71,189.97036712244153,0,0.059443991631269455,True,0,r0:state_73e829c020bc7f1a0ced:rule_off,5b79b59127e7817538dd546c35ab944d3696265bffb9ae720e1724f7ecfc6ad8,"It sounds like you're feeling a mix of emotions - relief, hope, and also anxiety about the future. It's completely normal to feel overwhelmed when navigating complex relationships and personal expectations. Can you tell me more about what's been on your mind lately, and what's been the most challenging part of balancing your own needs with your family's expectations?",16.834967071190476,p1:1,101,3,0.14904001727700233,5.1715869922190905,3,state_73e829c020bc7f1a0ced,p1,False
MPMSME+RS,0,fixed_off,"[2181, 10578, 1093, 499, 2351, 8430, 264, 6651, 315, 21958, 482, 16337, 11, 3987, 11, 323, 1101, 27924, 922, 279, 3938, 13, 1102, 596, 6724, 4725, 311, 2733, 43206, 555, 279, 14604, 23965, 315, 60499, 701, 12135, 323, 4443, 6650, 13, 3053, 499, 3371, 757, 810, 922, 1148, 596, 1027, 389, 701, 4059, 31445, 11, 323, 1148, 596, 1027, 279, 1455, 17436, 961, 315, 44463, 701, 98304, 17078, 449, 701, 1866, 3966, 30, 128009]",0.12552901171147823,391eb62b5e02e9d7fc1641bfc3dc5e5a596f8ea76135eaa3fe1f3da77edf1b62,2299.6890591457486,0.0438059214502573,279.86158314161,1738b14e5841694109342a4e63f19f44fc23cf421ea39d58728a6faa0d1ec3ce,1680,2469.504490029067,449.6280269231647,449.55148501321673,808818326b9e4aec8487779928f176df15961e3b7be987f1607c6174b1b40966,True,116,74,0.007285038009285927,1,0.044054118916392326,True,0,r0:state_73e829c020bc7f1a0ced:fixed_off,e114a303d412b99bc647d5518ca546d805ee269812ed546050359fa2dd0e77d5,"It sounds like you're feeling a mix of emotions - relief, hope, and also uncertainty about the future. It's completely normal to feel overwhelmed by the emotional complexity of navigating your relationships and personal growth. Can you tell me more about what's been on your mind lately, and what's been the most challenging part of balancing your familial expectations with your own needs?",165.3868060093373,p1:1,101,4,0.10800780728459358,4.099942976608872,3,state_73e829c020bc7f1a0ced,p1,False
MPMS+RS,0,pm_off,"[2181, 10578, 1093, 499, 2351, 8430, 264, 6651, 315, 21958, 482, 16337, 11, 3987, 11, 323, 1101, 18547, 922, 279, 3938, 13, 3011, 596, 264, 2216, 4725, 2077, 311, 264, 2466, 10652, 1093, 279, 832, 499, 1047, 449, 701, 6699, 13, 3053, 499, 3371, 757, 810, 922, 1148, 596, 40876, 499, 922, 20958, 420, 8830, 323, 19994, 837, 311, 6261, 30, 128009]",0.12099486775696278,391eb62b5e02e9d7fc1641bfc3dc5e5a596f8ea76135eaa3fe1f3da77edf1b62,1766.2157290615141,0.04267087206244469,118.22348809801042,fe0736adb2d468f1b5032bb8882c724f77efb3b192a29bbc7da647e94fc23492,644,2066.271551884711,418.20275387726724,418.1583160534501,0bad7e9d62a9a0bfaaf49639955820dc77f28951fe8729c8b4807cb2cb66b427,True,117,62,5.867339903488755,2,0.03829482011497021,True,0,r0:state_73e829c020bc7f1a0ced:pm_off,93efa74b00fdb4c72dd85575bc73713bee63b978f15502426539d7a9a39ae338,"It sounds like you're feeling a mix of emotions - relief, hope, and also anxiety about the future. That's a really normal response to a big conversation like the one you had with your parents. Can you tell me more about what's worrying you about maintaining this understanding and staying true to yourself?",291.86227614991367,p1:1,101,3,0.10827998630702496,2.015966223552823,3,state_73e829c020bc7f1a0ced,p1,False
ME+R0,0,me_r0,"[2181, 10578, 1093, 499, 2351, 8430, 264, 6651, 315, 21958, 482, 16337, 11, 3987, 11, 323, 1101, 18547, 922, 279, 3938, 13, 1102, 596, 6724, 4725, 311, 2733, 43206, 555, 279, 23965, 315, 44463, 701, 1866, 3966, 449, 279, 17078, 315, 3885, 13, 3053, 499, 3371, 757, 810, 922, 1148, 596, 1027, 389, 701, 4059, 31445, 11, 323, 1148, 3230, 10742, 527, 3339, 499, 2733, 38100, 922, 279, 3938, 30, 128009]",0.12208987027406693,391eb62b5e02e9d7fc1641bfc3dc5e5a596f8ea76135eaa3fe1f3da77edf1b62,2156.2224391382188,0.03547500818967819,231.6237729974091,a04438c5031d3a32110d15a064e63aead941e0b4e6f4d40a07bc9416b3c3615f,1358,2163.1655199453235,238.5046121198684,238.44476393423975,0eeb722beab5cb15c924fb3f1e879c07e0b95dd4416020e4594755c956553ce5,True,118,71,0.007240800186991692,3,0.015072058886289597,,0,r0:state_73e829c020bc7f1a0ced:me_r0,207d714186ec55906d55dafba3b393053e27f67c04c5a6e24eefd9f3b6613961,"It sounds like you're feeling a mix of emotions - relief, hope, and also anxiety about the future. It's completely normal to feel overwhelmed by the complexity of balancing your own needs with the expectations of others. Can you tell me more about what's been on your mind lately, and what specific concerns are making you feel anxious about the future?",3.465660149231553,p1:1,101,1,0.10972213931381702,3.1878207810223103,3,state_73e829c020bc7f1a0ced,p1,False
M0+R0,0,context_only,"[2181, 10578, 1093, 499, 2351, 8430, 264, 6651, 315, 21958, 482, 16337, 11, 3987, 11, 323, 1101, 18547, 922, 279, 9987, 13, 3011, 596, 6724, 4725, 13, 1102, 596, 1093, 499, 2351, 60499, 264, 502, 25911, 11, 323, 433, 596, 17339, 311, 1935, 701, 892, 311, 7216, 2574, 704, 13, 3053, 499, 3371, 757, 810, 922, 1148, 596, 40876, 499, 922, 3938, 39510, 30, 3639, 527, 1063, 3230, 26350, 477, 10742, 430, 527, 389, 701, 4059, 30, 128009]",0.1307849306613207,391eb62b5e02e9d7fc1641bfc3dc5e5a596f8ea76135eaa3fe1f3da77edf1b62,2140.9718601498753,0.03523798659443855,71.78377313539386,8022d4604e376d1741ededde0b6844e5f849a4563182c52c103c9c4b2eb1a8b7,313,2142.354914918542,73.07806401513517,73.03604297339916,1d04d11a8ce152a4c3e2fd0694e4c03ebf67788197d4d59b42c3c7dd5632cfdb,True,119,78,0.006858957931399345,4,0.008201925083994865,,0,r0:state_73e829c020bc7f1a0ced:context_only,850887bc59dbf8ffd206e45a9e7cab671b965a164f6a44856ca392cc98f49833,"It sounds like you're feeling a mix of emotions - relief, hope, and also anxiety about the unknown. That's completely normal. It's like you're navigating a new terrain, and it's okay to take your time to figure things out. Can you tell me more about what's worrying you about future tensions? What are some specific scenarios or concerns that are on your mind?",0.02473406493663788,p1:1,101,0,0.10765297338366508,1.0695839300751686,3,state_73e829c020bc7f1a0ced,p1,False
M0+R0,0,context_only,"[2181, 10578, 1093, 499, 2351, 15691, 264, 5647, 315, 65875, 323, 264, 12876, 311, 53875, 264, 6928, 3217, 369, 35266, 11, 1418, 1101, 8430, 43206, 555, 279, 3779, 28423, 13, 3011, 596, 264, 2763, 311, 2980, 13, 3053, 499, 3371, 757, 810, 922, 1148, 596, 40876, 499, 922, 44463, 279, 6896, 596, 3966, 449, 701, 6484, 42356, 30, 128009]",0.1263250596821308,391eb62b5e02e9d7fc1641bfc3dc5e5a596f8ea76135eaa3fe1f3da77edf1b62,1633.771353866905,0.03373599611222744,71.37459004297853,d419d91cb0cecc99bbd2c1c57b1133b9bef15c0a011978fdae2396da86d571f9,311,1635.1622838992625,72.67407397739589,72.63919501565397,a0512fb705154d292f14007c5ed22614a30bdd59c6ff28684782a6c244ed3c7f,True,120,59,0.006035901606082916,0,0.008659902960062027,,0,r0:state_ce63694b53376eb98c5b:context_only,df6a5bdc4aef3ebf6fb8b0de936bb4b05947a728d78a514535fba8c73382d510,"It sounds like you're carrying a sense of nostalgia and a desire to recreate a positive experience for Emily, while also feeling overwhelmed by the added responsibilities. That's a lot to consider. Can you tell me more about what's worrying you about balancing the pet's needs with your existing commitments?",0.024791108444333076,p5:1,303,0,0.10682293213903904,1.0845591314136982,3,state_ce63694b53376eb98c5b,p5,False
MSE+RS,0,pm_off,"[2181, 10578, 1093, 499, 2351, 8430, 264, 6651, 315, 21958, 922, 3794, 264, 6896, 369, 35266, 482, 28361, 369, 279, 4754, 7720, 11, 719, 1101, 18547, 922, 279, 3779, 12014, 323, 892, 15507, 13, 1472, 2351, 18290, 922, 44463, 279, 6896, 596, 3966, 449, 701, 6484, 42356, 11, 323, 433, 596, 5933, 311, 2733, 430, 1648, 13, 3053, 499, 3371, 757, 810, 922, 1148, 596, 10168, 499, 1203, 505, 7373, 56501, 420, 4623, 30, 128009]",0.1568170264363289,391eb62b5e02e9d7fc1641bfc3dc5e5a596f8ea76135eaa3fe1f3da77edf1b62,2335.46303701587,0.04408787935972214,260.8460660558194,3365c6e2e7b0b62f469f3c3a918aa43bbf5e1e625c62fe19662b110511a06c7b,1582,2505.343515891582,430.6229038629681,430.5697279050946,d979bc44be8f15549ed4e3201a8b198665124068cfc8ece208610dbbd76c25d7,True,121,75,5.837603937834501,1,0.037460122257471085,True,0,r0:state_ce63694b53376eb98c5b:pm_off,8153aacc0a65eaa36223dd1078291824ccc23bb4bda048a8d92a51434a9a6be5,"It sounds like you're feeling a mix of emotions about getting a pet for Emily - excitement for the potential benefits, but also anxiety about the added responsibility and time commitment. You're worried about balancing the pet's needs with your existing commitments, and it's natural to feel that way. Can you tell me more about what's holding you back from fully embracing this idea?",159.8429640289396,p5:1,303,3,0.10608392767608166,3.8554619532078505,3,state_ce63694b53376eb98c5b,p5,False
ME+R0,0,me_r0,"[2181, 10578, 1093, 499, 2351, 8430, 264, 6651, 315, 21958, 922, 3794, 264, 6896, 369, 35266, 13, 1952, 832, 1450, 11, 499, 2351, 12304, 922, 279, 4754, 7720, 369, 1077, 11, 719, 389, 279, 1023, 1450, 11, 499, 2351, 18290, 922, 4737, 389, 279, 3779, 12014, 13, 3053, 499, 3371, 757, 810, 922, 1148, 596, 10168, 499, 1203, 505, 7373, 56501, 420, 4623, 30, 3639, 527, 1063, 315, 279, 3230, 10742, 499, 617, 922, 18646, 701, 892, 323, 3339, 2771, 4395, 8640, 39511, 30, 128009]",0.12570200487971306,391eb62b5e02e9d7fc1641bfc3dc5e5a596f8ea76135eaa3fe1f3da77edf1b62,2512.4766370281577,0.054694944992661476,195.24726108647883,3da5dda52b891bb920f8073da6abc94c207c9526d618dd57f99288600936bb45,1204,2518.8732189126313,201.60925178788602,201.51814096607268,7fb318ab88b91925c7de712cb53da092e03596f236e5eb46575a69a8dbe9323d,True,122,85,0.009067123755812645,2,0.021066982299089432,,0,r0:state_ce63694b53376eb98c5b:me_r0,67d953fb0da747e2285cde29b985865c703f2e0a36c0d69d0af2c79d785d8fb4,"It sounds like you're feeling a mix of emotions about getting a pet for Emily. On one hand, you're excited about the potential benefits for her, but on the other hand, you're worried about taking on the added responsibility. Can you tell me more about what's holding you back from fully embracing this idea? What are some of the specific concerns you have about managing your time and making sure everything runs smoothly?",2.379331970587373,p5:1,303,1,0.13893982395529747,3.6677790340036154,3,state_ce63694b53376eb98c5b,p5,False
MPMSME+RS,0,fixed_off,"[2181, 10578, 1093, 499, 2351, 8430, 264, 6651, 315, 21958, 922, 3794, 264, 6896, 369, 35266, 13, 1952, 832, 1450, 11, 499, 2351, 12304, 922, 279, 4754, 7720, 369, 1077, 2890, 323, 23871, 11, 719, 389, 279, 1023, 1450, 11, 499, 2351, 18290, 922, 4737, 389, 279, 3779, 12014, 323, 18646, 701, 892, 13750, 13, 3053, 499, 3371, 757, 810, 922, 1148, 596, 1027, 2133, 1555, 701, 4059, 994, 499, 1781, 922, 420, 30, 128009]",0.12371083721518517,391eb62b5e02e9d7fc1641bfc3dc5e5a596f8ea76135eaa3fe1f3da77edf1b62,2325.773652177304,0.04427880048751831,263.5091100819409,f90b97acacfec76b12b6887bb0d3ba4256c2a175b4be09175d033857d720094d,1608,2488.3984939660877,426.06719792820513,426.0102410335094,138422e108dafb59a5a896958ffaf3761dbd43c1b502c820fa457f1414afd536,True,123,75,0.007224036380648613,3,0.0441698357462883,True,0,r0:state_ce63694b53376eb98c5b:fixed_off,fcc646681aedfea39755cc89eae65bcb41cfe1dc394502c2ff9b714a95d24f39,"It sounds like you're feeling a mix of emotions about getting a pet for Emily. On one hand, you're excited about the potential benefits for her health and happiness, but on the other hand, you're worried about taking on the added responsibility and managing your time effectively. Can you tell me more about what's been going through your mind when you think about this?",158.3884081337601,p5:1,303,4,0.10895892046391964,3.908091224730015,3,state_ce63694b53376eb98c5b,p5,False
MSE+RS,0,rule_off,"[2181, 10578, 1093, 499, 2351, 8430, 264, 6651, 315, 21958, 922, 3794, 264, 6896, 369, 35266, 482, 28361, 369, 279, 4754, 7720, 11, 719, 1101, 18547, 922, 279, 3779, 12014, 323, 892, 15507, 13, 1472, 2351, 18290, 922, 44463, 279, 6896, 596, 3966, 449, 701, 6484, 42356, 11, 323, 433, 596, 5933, 311, 2733, 430, 1648, 13, 3053, 499, 3371, 757, 810, 922, 1148, 596, 10168, 499, 1203, 505, 7373, 56501, 420, 4623, 30, 128009]",0.12427591718733311,391eb62b5e02e9d7fc1641bfc3dc5e5a596f8ea76135eaa3fe1f3da77edf1b62,2309.4782140105963,0.044940970838069916,261.33779902011156,3365c6e2e7b0b62f469f3c3a918aa43bbf5e1e625c62fe19662b110511a06c7b,1582,2474.742865888402,426.5491580590606,426.4781749807298,d979bc44be8f15549ed4e3201a8b198665124068cfc8ece208610dbbd76c25d7,True,124,75,150.37743700668216,4,0.036003999412059784,True,0,r0:state_ce63694b53376eb98c5b:rule_off,8153aacc0a65eaa36223dd1078291824ccc23bb4bda048a8d92a51434a9a6be5,"It sounds like you're feeling a mix of emotions about getting a pet for Emily - excitement for the potential benefits, but also anxiety about the added responsibility and time commitment. You're worried about balancing the pet's needs with your existing commitments, and it's natural to feel that way. Can you tell me more about what's holding you back from fully embracing this idea?",10.561682982370257,p5:1,303,3,0.10732607915997505,4.012984922155738,3,state_ce63694b53376eb98c5b,p5,False
MSE+RS,0,rule_off,"[2181, 10578, 1093, 51136, 287, 449, 8766, 706, 75940, 709, 264, 2763, 315, 21958, 369, 499, 11, 323, 433, 596, 49839, 430, 499, 2351, 8430, 36218, 323, 27207, 13, 1102, 596, 2867, 430, 499, 2103, 2512, 922, 1461, 17693, 11, 323, 430, 596, 264, 2466, 961, 315, 3249, 420, 374, 779, 17436, 369, 499, 13, 3053, 499, 3371, 757, 810, 922, 1148, 499, 2351, 16026, 311, 636, 704, 315, 420, 6671, 11, 323, 1148, 499, 2351, 16984, 315, 30, 128009]",0.12674392201006413,391eb62b5e02e9d7fc1641bfc3dc5e5a596f8ea76135eaa3fe1f3da77edf1b62,2466.289632022381,0.04344596527516842,281.77751787006855,1b379efa264dfcbf7fa16885774afae6553a653183361ce4381e0f6b0ee8087f,1703,2721.3708020281047,536.7938040290028,536.7319439537823,8489d8fda7da13b194ded8235db69a0500050dd9513bfcb66c2d6d1e6cf69a91,True,125,80,237.55131009966135,0,0.037665944546461105,True,0,r0:state_2c520491a6f996b397f7:rule_off,0af1e6a1fb66203330b77e13d40ea78835ed3d661d77a8e56acd38382eb87601,"It sounds like reconnecting with Bill has stirred up a lot of emotions for you, and it's understandable that you're feeling uncertain and scared. It's clear that you still care about him deeply, and that's a big part of why this is so challenging for you. Can you tell me more about what you're hoping to get out of this situation, and what you're afraid of?",13.049356872215867,p16:2,202,3,0.11207303032279015,4.160574171692133,8,state_2c520491a6f996b397f7,p16,False
ME+R0,0,me_r0,"[2181, 10578, 1093, 51136, 287, 449, 8766, 706, 75940, 709, 264, 2763, 315, 21958, 323, 19459, 505, 701, 3347, 5133, 13, 1102, 596, 49839, 430, 499, 2351, 8430, 36218, 323, 7344, 1524, 264, 2697, 27207, 922, 1148, 420, 3445, 369, 499, 13, 3053, 499, 3371, 757, 810, 922, 1148, 596, 1027, 2133, 1555, 701, 4059, 2533, 499, 1766, 704, 568, 8813, 704, 311, 499, 30, 3639, 527, 1063, 315, 279, 11555, 323, 16024, 430, 617, 1027, 40986, 369, 499, 30, 128009]",0.12851995415985584,391eb62b5e02e9d7fc1641bfc3dc5e5a596f8ea76135eaa3fe1f3da77edf1b62,2432.308883871883,0.03527803346514702,233.04014396853745,d47bbf8dd09b3350d227e5fbf1ea42ac11c3d953251e91b1f293d9813b2c89c9,1393,2439.078054856509,239.7349108941853,239.6807949990034,df8bde7b20f3ce6ba6585e32eaeb343a42fe52612ede7151567965ee34777081,True,126,81,0.007353955879807472,1,0.015313969925045967,,0,r0:state_2c520491a6f996b397f7:me_r0,2de0ce9f0105da85de91647dfb3c71d61be6ded4496fa3ee6a2a1d1466685523,It sounds like reconnecting with Bill has stirred up a lot of emotions and memories from your past relationship. It's understandable that you're feeling uncertain and maybe even a little scared about what this means for you. Can you tell me more about what's been going through your mind since you found out he reached out to you? What are some of the thoughts and feelings that have been arising for you?,3.337075002491474,p16:2,202,1,0.11596293188631535,3.1296671368181705,8,state_2c520491a6f996b397f7,p16,False
MPMSME+RS,0,fixed_off,"[2181, 10578, 1093, 51136, 287, 449, 8766, 706, 75940, 709, 264, 2763, 315, 21958, 323, 27924, 369, 499, 13, 1102, 596, 49839, 430, 499, 2351, 8430, 264, 6651, 315, 16024, 11, 5423, 2728, 701, 3925, 3871, 13, 3053, 499, 3371, 757, 810, 922, 1148, 596, 1027, 2133, 1555, 701, 4059, 2533, 499, 6755, 505, 1461, 30, 3639, 527, 1063, 315, 279, 11555, 323, 16024, 430, 617, 1027, 40986, 369, 499, 30, 128009]",0.12216204777359962,391eb62b5e02e9d7fc1641bfc3dc5e5a596f8ea76135eaa3fe1f3da77edf1b62,2263.01935990341,0.04483410157263279,295.4761409200728,e04d4da2910451da88f83ef3b9ffcb79ad99ce17f1694fe25ecb3afd2cd2a266,1733,2510.4162690695375,542.799327056855,542.7508880384266,d5977dc88f48650eca62060b490dfb0dee0514ffcf892e81659677d01ecc3273,True,127,72,0.007485039532184601,2,0.04605087451636791,True,0,r0:state_2c520491a6f996b397f7:fixed_off,e050d541580ebd034f8a9ac8cba0e8deea597acc9febff34e2ab7fe29af4c39b,"It sounds like reconnecting with Bill has stirred up a lot of emotions and uncertainty for you. It's understandable that you're feeling a mix of feelings, especially given your history together. Can you tell me more about what's been going through your mind since you heard from him? What are some of the thoughts and feelings that have been arising for you?",242.875857045874,p16:2,202,4,0.11169700883328915,4.18882304802537,8,state_2c520491a6f996b397f7,p16,False
M0+R0,0,context_only,"[2181, 10578, 1093, 279, 3347, 5133, 449, 8766, 10187, 264, 3361, 2035, 304, 701, 4851, 11, 323, 430, 596, 3339, 420, 1510, 6671, 1524, 810, 6485, 13, 1102, 596, 6724, 49839, 430, 499, 2351, 20558, 311, 21546, 701, 21958, 11, 5423, 2728, 279, 3925, 499, 6222, 3871, 13, 3053, 499, 3371, 757, 810, 922, 1148, 596, 1027, 2133, 1555, 701, 4059, 2533, 279, 13123, 449, 8766, 30, 128009]",0.12970389798283577,391eb62b5e02e9d7fc1641bfc3dc5e5a596f8ea76135eaa3fe1f3da77edf1b62,1894.0931351389736,0.03551389090716839,86.75785711966455,e0a40f9313e56fabcfe817f5463253e0191f8517e46b75ced9a743f610fd5e52,442,1895.7722808700055,88.35211396217346,88.30729895271361,7ea4cdf7f88df72b8d4f685f3a0c725d5b8e07b8a25e0439a620b9f39c3606b1,True,128,68,0.006434973329305649,3,0.00971299596130848,,0,r0:state_2c520491a6f996b397f7:context_only,d0c9a8a260c693f831827346c99dd162d10b95500356f699a92224cd58e76e4a,"It sounds like the past relationship with Bill holds a special place in your heart, and that's making this current situation even more complex. It's completely understandable that you're struggling to navigate your emotions, especially given the history you shared together. Can you tell me more about what's been going through your mind since the encounter with Bill?",0.03325892612338066,p16:2,202,0,0.11258595623075962,1.3519350904971361,8,state_2c520491a6f996b397f7,p16,False
MPE+RS,0,pm_off,"[2181, 10578, 1093, 51136, 287, 449, 8766, 706, 75940, 709, 264, 2763, 315, 21958, 323, 19459, 505, 701, 3347, 5133, 13, 1102, 596, 49839, 430, 499, 2351, 8430, 36218, 323, 27207, 922, 1148, 420, 3445, 369, 499, 13, 3053, 499, 3371, 757, 810, 922, 1148, 596, 1027, 2133, 1555, 701, 4059, 2533, 499, 6755, 505, 1461, 30, 3639, 527, 1063, 315, 279, 11555, 323, 16024, 430, 617, 1027, 40986, 369, 499, 30, 128009]",0.12173899449408054,391eb62b5e02e9d7fc1641bfc3dc5e5a596f8ea76135eaa3fe1f3da77edf1b62,2257.922864984721,0.04687998443841934,264.78355191648006,bdef0761bfbdf4a4706dcb1e103e6ceeac219261fb24a9e7f369e0feb2e0855b,1649,2515.5466529540718,522.3436718806624,522.2856008913368,87d257ef09c0a7cdaa7b26fc62cf35d86bca5f32149f246b1d3e049cdd6f76b2,True,129,73,7.220013067126274,4,0.04362897016108036,True,0,r0:state_2c520491a6f996b397f7:pm_off,04dd053d0a4587d4f5bdd3b1763d8e7b57eeb638342cb19ea42224a10b0dfe06,It sounds like reconnecting with Bill has stirred up a lot of emotions and memories from your past relationship. It's understandable that you're feeling uncertain and scared about what this means for you. Can you tell me more about what's been going through your mind since you heard from him? What are some of the thoughts and feelings that have been arising for you?,246.04631797410548,p16:2,202,3,0.11369097046554089,4.031518008559942,8,state_2c520491a6f996b397f7,p16,False
MPMSME+RS,0,fixed_off,"[40, 649, 5647, 279, 4785, 315, 12014, 499, 2351, 15691, 11, 323, 433, 596, 6724, 49839, 311, 2733, 43206, 555, 279, 7410, 311, 2804, 1664, 13, 1102, 10578, 1093, 499, 2351, 2216, 20558, 311, 8335, 701, 7978, 449, 4737, 2512, 315, 701, 7106, 323, 10723, 2890, 13, 3053, 499, 3371, 757, 810, 922, 1148, 596, 1027, 2133, 389, 449, 701, 4007, 9899, 30, 3639, 527, 1063, 315, 279, 2574, 430, 527, 3339, 433, 2653, 369, 499, 311, 1505, 264, 8335, 30, 128009]",0.1288370694965124,391eb62b5e02e9d7fc1641bfc3dc5e5a596f8ea76135eaa3fe1f3da77edf1b62,2550.1836710609496,0.04728301428258419,298.12936508096755,9bcd8b6bdcb15372a0581093fe3d4c41eb470bb0f05e7f75189c8cc85cbc256d,1761,2789.623821154237,537.4885490164161,537.4406781047583,6c546324901878ab565a538cb478156b30541db161c1afdd83b8e0e2b117e58d,True,130,82,0.007878057658672333,0,0.04337797872722149,True,0,r0:state_db22d2c498fc000886f2:fixed_off,1fd823f942074491a718a0f133497313b118e5182c0cc5fe6f043da14b3c02e4,"I can sense the weight of responsibility you're carrying, and it's completely understandable to feel overwhelmed by the pressure to perform well. It sounds like you're really struggling to balance your studies with taking care of your physical and mental health. Can you tell me more about what's been going on with your study schedule? What are some of the things that are making it hard for you to find a balance?",234.96155184693635,p11:1,303,4,0.11052610352635384,4.14069602265954,8,state_db22d2c498fc000886f2,p11,False
MSE+RS,0,pm_off,"[40, 649, 5647, 279, 4785, 315, 12014, 499, 2351, 15691, 11, 323, 433, 596, 6724, 49839, 311, 2733, 43206, 555, 279, 7410, 311, 2804, 1664, 13, 1102, 10578, 1093, 499, 2351, 2216, 20558, 311, 8335, 701, 7978, 449, 4737, 2512, 315, 701, 7106, 323, 10723, 2890, 13, 3053, 499, 3371, 757, 810, 922, 1148, 596, 1027, 2133, 389, 449, 701, 4007, 9899, 30, 3639, 527, 1063, 3230, 11774, 499, 2351, 13176, 11, 323, 1268, 656, 499, 1781, 499, 649, 1212, 311, 1304, 1063, 34074, 311, 63652, 701, 1664, 33851, 30, 128009]",0.13174000196158886,391eb62b5e02e9d7fc1641bfc3dc5e5a596f8ea76135eaa3fe1f3da77edf1b62,2816.6225040331483,0.05360599607229233,296.99255316518247,688d37c5dc5495cf13d2dd993add8aaa16fc5d0b24514219845d94ea5ee3efa2,1732,3060.403954004869,540.699141100049,540.6422631349415,626071569a29226dce405704c916dc9c12310f41b8830a386ff958ede0b73787,True,131,91,7.237503072246909,1,0.04118378274142742,True,0,r0:state_db22d2c498fc000886f2:pm_off,c6a22e9f862809d1cf33513cb3e06212e15fe26fd3134d3a3afd26dc72afb72c,"I can sense the weight of responsibility you're carrying, and it's completely understandable to feel overwhelmed by the pressure to perform well. It sounds like you're really struggling to balance your studies with taking care of your physical and mental health. Can you tell me more about what's been going on with your study schedule? What are some specific challenges you're facing, and how do you think you can start to make some adjustments to prioritize your well-being?",232.0236940868199,p11:1,303,3,0.10692700743675232,4.186796024441719,8,state_db22d2c498fc000886f2,p11,False
MSE+RS,0,rule_off,"[40, 649, 5647, 279, 4785, 315, 12014, 499, 2351, 15691, 11, 323, 433, 596, 6724, 49839, 311, 2733, 43206, 555, 279, 7410, 311, 2804, 1664, 13, 1102, 10578, 1093, 499, 2351, 2216, 20558, 311, 8335, 701, 7978, 449, 4737, 2512, 315, 701, 7106, 323, 10723, 2890, 13, 3053, 499, 3371, 757, 810, 922, 1148, 596, 1027, 2133, 389, 449, 701, 4007, 9899, 30, 3639, 527, 1063, 3230, 11774, 499, 2351, 13176, 11, 323, 1268, 656, 499, 1781, 499, 649, 1212, 311, 1304, 1063, 34074, 311, 63652, 701, 1664, 33851, 30, 128009]",0.13326387852430344,391eb62b5e02e9d7fc1641bfc3dc5e5a596f8ea76135eaa3fe1f3da77edf1b62,2794.8461330961436,0.04456681199371815,296.7648070771247,688d37c5dc5495cf13d2dd993add8aaa16fc5d0b24514219845d94ea5ee3efa2,1732,3035.8928348869085,537.7273049671203,537.6782449893653,626071569a29226dce405704c916dc9c12310f41b8830a386ff958ede0b73787,True,132,91,224.4080868549645,2,0.036741141229867935,True,0,r0:state_db22d2c498fc000886f2:rule_off,c6a22e9f862809d1cf33513cb3e06212e15fe26fd3134d3a3afd26dc72afb72c,"I can sense the weight of responsibility you're carrying, and it's completely understandable to feel overwhelmed by the pressure to perform well. It sounds like you're really struggling to balance your studies with taking care of your physical and mental health. Can you tell me more about what's been going on with your study schedule? What are some specific challenges you're facing, and how do you think you can start to make some adjustments to prioritize your well-being?",12.139247031882405,p11:1,303,3,0.11091306805610657,4.173883004114032,8,state_db22d2c498fc000886f2,p11,False
ME+R0,0,me_r0,"[40, 2846, 779, 16089, 499, 2733, 10882, 11821, 420, 449, 757, 13, 1102, 10578, 1093, 499, 2351, 15691, 264, 8987, 23104, 449, 44463, 701, 7978, 323, 4737, 2512, 315, 701, 7106, 323, 10723, 2890, 13, 3053, 499, 3371, 757, 810, 922, 1148, 596, 1027, 2133, 389, 449, 701, 4007, 9899, 30, 3639, 527, 1063, 3230, 11774, 499, 2351, 13176, 11, 323, 1268, 656, 499, 1781, 499, 649, 1212, 311, 1304, 1063, 34074, 311, 63652, 701, 1664, 33851, 30, 128009]",0.1266980543732643,391eb62b5e02e9d7fc1641bfc3dc5e5a596f8ea76135eaa3fe1f3da77edf1b62,2377.9798559844494,0.041457824409008026,232.1579810231924,51b4e4b9d926634eb7e60aa722dc896d9315b67de6b8ee0c5c9784acfed8651d,1317,2384.510027943179,238.61259990371764,238.56145492754877,5100a3d0f8b87ac9d2f53f4ff8ca1e884cc9f4245005b5d61f961d8e590ac1cd,True,133,79,0.0062461476773023605,3,0.0189892016351223,,0,r0:state_db22d2c498fc000886f2:me_r0,ca977dd6be032d45a5879068c6d4d98e9e42f308a7b8e1e9eb69cfacbe0e1d6b,"I'm so glad you feel comfortable sharing this with me. It sounds like you're carrying a heavy burden with balancing your studies and taking care of your physical and mental health. Can you tell me more about what's been going on with your study schedule? What are some specific challenges you're facing, and how do you think you can start to make some adjustments to prioritize your well-being?",3.0120688024908304,p11:1,303,1,0.11213193647563457,3.2125799916684628,8,state_db22d2c498fc000886f2,p11,False
M0+R0,0,context_only,"[2181, 10578, 1093, 499, 2351, 15691, 264, 8987, 2865, 1314, 1457, 11, 323, 433, 596, 8056, 430, 499, 2351, 61708, 279, 12939, 315, 4737, 2512, 315, 6261, 65904, 682, 420, 7410, 13, 20474, 11, 701, 1664, 33851, 374, 539, 8821, 505, 701, 14584, 2450, 482, 433, 596, 3604, 264, 16996, 961, 315, 433, 13, 3053, 499, 3371, 757, 810, 922, 1148, 264, 24770, 9899, 1053, 1427, 1093, 369, 499, 11, 323, 1148, 2678, 7504, 499, 1781, 499, 1436, 1935, 3432, 311, 1212, 45777, 4954, 701, 2890, 30, 128009]",0.21575391292572021,391eb62b5e02e9d7fc1641bfc3dc5e5a596f8ea76135eaa3fe1f3da77edf1b62,2480.193506926298,0.03366195596754551,87.5169679056853,40987e4cbf0c538d4e915f2e7f3fa78bfc55b54710edc7a2528a2d2040e5c4e9,444,2481.9803899154067,89.12989497184753,89.08809698186815,3e82a52ab9801ceb6b6a6eef9a9a2193c33eb9300a9abe1e3e86c0538bf8e3ec,True,134,88,0.006612157449126244,4,0.009903917089104652,,0,r0:state_db22d2c498fc000886f2:context_only,97e2c166661640e6920ba6ee27ae936e80d1914f501ecbaf03fb8d3388be8f19,"It sounds like you're carrying a heavy load right now, and it's amazing that you're acknowledging the importance of taking care of yourself amidst all this pressure. Remember, your well-being is not separate from your academic success - it's actually a crucial part of it. Can you tell me more about what a balanced schedule would look like for you, and what small steps you think you could take today to start prioritizing your health?",0.03511994145810604,p11:1,303,0,0.10891095735132694,1.3769201468676329,8,state_db22d2c498fc000886f2,p11,False
MSE+RS,0,rule_off,"[2181, 10578, 1093, 279, 13123, 449, 30750, 706, 75940, 709, 264, 2763, 315, 21958, 323, 40017, 922, 701, 5133, 449, 35266, 13, 1102, 596, 6724, 4725, 311, 2733, 36218, 323, 43206, 994, 17011, 449, 16907, 16024, 505, 279, 3347, 13, 4718, 5208, 304, 8486, 287, 323, 1912, 15419, 374, 264, 61300, 311, 701, 15507, 311, 4443, 6650, 323, 14604, 2890, 13, 3053, 499, 3371, 757, 810, 922, 1148, 596, 1027, 2133, 1555, 701, 4059, 2533, 9298, 30750, 1578, 30, 3639, 527, 1063, 315, 279, 3230, 11555, 323, 16024, 430, 617, 1027, 40986, 369, 499, 30, 128009]",0.13796985149383545,391eb62b5e02e9d7fc1641bfc3dc5e5a596f8ea76135eaa3fe1f3da77edf1b62,2929.911790182814,0.04894984886050224,264.81312001124024,6156d4fc2be5138cceeac0b54306a013f8924390faa4f789d279c857fd98b117,1653,3399.9763359315693,734.8171239718795,734.7396959085017,0fcbbb5b893c09f3facae40f6f071233fcf12b8b63bb2abebb6bc0a470ad22c9,True,135,96,259.4045898877084,0,0.058609992265701294,True,0,r0:state_2f772b1e6c2c8aab174c:rule_off,7b93f81f7a96c5e116fb2cf7fdd7dfc5762b872cce20298cb779349f2730715c,It sounds like the encounter with Jennifer has stirred up a lot of emotions and doubts about your relationship with Emily. It's completely normal to feel uncertain and overwhelmed when faced with unexpected feelings from the past. Your progress in journaling and group therapy is a testament to your commitment to personal growth and emotional health. Can you tell me more about what's been going through your mind since seeing Jennifer again? What are some of the specific thoughts and feelings that have been arising for you?,205.57063212618232,p8:2,202,3,0.15338603407144547,4.690408008173108,8,state_2f772b1e6c2c8aab174c,p8,False
M0+R0,0,context_only,"[2181, 10578, 1093, 499, 3077, 1027, 3815, 1063, 2294, 990, 389, 6261, 11, 323, 433, 596, 16358, 430, 499, 3077, 1027, 3025, 311, 1304, 5208, 1555, 8486, 287, 323, 1912, 15419, 13, 4452, 11, 433, 596, 1101, 2867, 430, 420, 3293, 13123, 449, 30750, 706, 75940, 709, 1063, 81261, 21958, 13, 3053, 499, 3371, 757, 810, 922, 1148, 499, 3152, 555, 330, 336, 41964, 22722, 1, 323, 1148, 499, 2351, 16026, 311, 11322, 304, 3878, 315, 8430, 810, 15528, 323, 9966, 304, 701, 21958, 30, 128009]",0.14852709136903286,391eb62b5e02e9d7fc1641bfc3dc5e5a596f8ea76135eaa3fe1f3da77edf1b62,2393.644894938916,0.035534147173166275,86.84914698824286,de0a29e03319923ae925a102cfff3bebc55913ce4580133d88a6211ddefb468a,439,2395.31346806325,88.40440097264946,88.36919302120805,8e7f329ff2154649e45a9fdbe70ebd1d84eedef71b32c4989156ce04a63d47f8,True,136,86,0.006504124030470848,1,0.008911127224564552,,0,r0:state_2f772b1e6c2c8aab174c:context_only,94585e6ee3483f64d8693173e373fa66cb3860d654dc6150118d1a8cc5414309,"It sounds like you've been doing some great work on yourself, and it's impressive that you've been able to make progress through journaling and group therapy. However, it's also clear that this recent encounter with Jennifer has stirred up some unresolved emotions. Can you tell me more about what you mean by ""emotional closure"" and what you're hoping to achieve in terms of feeling more stable and secure in your emotions?",0.03115483559668064,p8:2,202,0,0.1103309914469719,1.327610807493329,8,state_2f772b1e6c2c8aab174c,p8,False
ME+R0,0,me_r0,"[2181, 10578, 1093, 499, 3077, 1027, 3815, 1063, 2294, 990, 389, 701, 4443, 6650, 323, 14604, 2890, 11, 323, 433, 596, 16358, 430, 499, 3077, 1027, 3025, 311, 1304, 5208, 1555, 8486, 287, 323, 1912, 15419, 16079, 13, 4452, 11, 433, 596, 2867, 430, 279, 16907, 13123, 449, 30750, 706, 7263, 709, 1063, 81261, 21958, 323, 40017, 922, 701, 5133, 449, 35266, 13, 3053, 499, 3371, 757, 810, 922, 1148, 596, 1027, 2133, 1555, 701, 4059, 2533, 9298, 30750, 1578, 30, 3639, 527, 1063, 315, 279, 3230, 11555, 323, 16024, 430, 617, 1027, 40986, 369, 499, 30, 128009]",0.14454801566898823,391eb62b5e02e9d7fc1641bfc3dc5e5a596f8ea76135eaa3fe1f3da77edf1b62,2922.8778891265392,0.037207966670393944,231.7125159315765,ca0e848a131e8c84074f451c2d18b753597c760f6fa5573ee93e5bed93a36029,1324,2930.4699981585145,239.2470759805292,239.16007694788277,e3e67c9a1b82098625eb12a2239985d2cb552ee9e0d71c974f92e4344f136c27,True,137,98,0.007346039637923241,2,0.016164034605026245,,0,r0:state_2f772b1e6c2c8aab174c:me_r0,db7ca3e000cb81f33b80e2ec6beb8b253f7274f475f0026f09cae635c234b250,"It sounds like you've been doing some great work on your personal growth and emotional health, and it's impressive that you've been able to make progress through journaling and group therapy sessions. However, it's clear that the unexpected encounter with Jennifer has brought up some unresolved emotions and doubts about your relationship with Emily. Can you tell me more about what's been going through your mind since seeing Jennifer again? What are some of the specific thoughts and feelings that have been arising for you?",4.23448602668941,p8:2,202,1,0.1123619731515646,3.039994975551963,8,state_2f772b1e6c2c8aab174c,p8,False
MPMSME+RS,0,fixed_off,"[2181, 10578, 1093, 279, 13123, 449, 30750, 706, 75940, 709, 264, 2763, 315, 21958, 323, 40017, 922, 701, 5133, 449, 35266, 13, 1102, 596, 6724, 4725, 311, 2733, 36218, 323, 43206, 994, 17011, 449, 16907, 16024, 505, 279, 3347, 13, 4718, 5208, 304, 8486, 287, 323, 1912, 15419, 374, 264, 61300, 311, 701, 15507, 311, 4443, 6650, 323, 14604, 2890, 13, 3053, 499, 3371, 757, 810, 922, 1148, 596, 10168, 499, 1203, 505, 8430, 810, 3738, 922, 701, 21958, 323, 701, 5133, 449, 35266, 30, 128009]",0.13051112182438374,391eb62b5e02e9d7fc1641bfc3dc5e5a596f8ea76135eaa3fe1f3da77edf1b62,2635.2407820522785,0.044411979615688324,280.07563413120806,b2d0b416cadaf21519c7a3a4c37f8cc56936f3c4d27c2e2a0d7e8f736d33c389,1677,2870.3421622049063,515.108697116375,515.0465031620115,76ccd841cb59c73aeb753e1df5ea1e151a5842839e2a0c54f9f644468fc0858f,True,138,86,0.0076498836278915405,3,0.04524621181190014,True,0,r0:state_2f772b1e6c2c8aab174c:fixed_off,e6db0595038dd7ed12ac4105fc533d6b8acdf7f64acb2b2b7a8c5822f995e75e,It sounds like the encounter with Jennifer has stirred up a lot of emotions and doubts about your relationship with Emily. It's completely normal to feel uncertain and overwhelmed when faced with unexpected feelings from the past. Your progress in journaling and group therapy is a testament to your commitment to personal growth and emotional health. Can you tell me more about what's holding you back from feeling more certain about your emotions and your relationship with Emily?,230.7798219844699,p8:2,202,4,0.11402112431824207,3.9797178469598293,8,state_2f772b1e6c2c8aab174c,p8,False
MSE+RS,0,pm_off,"[2181, 10578, 1093, 279, 13123, 449, 30750, 706, 75940, 709, 264, 2763, 315, 21958, 323, 40017, 922, 701, 5133, 449, 35266, 13, 1102, 596, 6724, 4725, 311, 2733, 36218, 323, 43206, 994, 17011, 449, 16907, 16024, 505, 279, 3347, 13, 4718, 5208, 304, 8486, 287, 323, 1912, 15419, 374, 264, 61300, 311, 701, 15507, 311, 4443, 6650, 323, 14604, 2890, 13, 3053, 499, 3371, 757, 810, 922, 1148, 596, 1027, 2133, 1555, 701, 4059, 2533, 9298, 30750, 1578, 30, 3639, 527, 1063, 315, 279, 3230, 11555, 323, 16024, 430, 617, 1027, 40986, 369, 499, 30, 128009]",0.154576962813735,391eb62b5e02e9d7fc1641bfc3dc5e5a596f8ea76135eaa3fe1f3da77edf1b62,2933.2696788478643,0.04658102989196777,264.64859396219254,6156d4fc2be5138cceeac0b54306a013f8924390faa4f789d279c857fd98b117,1653,3170.0216899625957,501.3299980200827,501.24602811411023,0fcbbb5b893c09f3facae40f6f071233fcf12b8b63bb2abebb6bc0a470ad22c9,True,139,96,7.220306899398565,4,0.0402708537876606,True,0,r0:state_2f772b1e6c2c8aab174c:pm_off,7b93f81f7a96c5e116fb2cf7fdd7dfc5762b872cce20298cb779349f2730715c,It sounds like the encounter with Jennifer has stirred up a lot of emotions and doubts about your relationship with Emily. It's completely normal to feel uncertain and overwhelmed when faced with unexpected feelings from the past. Your progress in journaling and group therapy is a testament to your commitment to personal growth and emotional health. Can you tell me more about what's been going through your mind since seeing Jennifer again? What are some of the specific thoughts and feelings that have been arising for you?,225.15972214750946,p8:2,202,3,0.11286907829344273,4.017684143036604,8,state_2f772b1e6c2c8aab174c,p8,False
MSE+RS,0,rule_off,"[2181, 10578, 1093, 499, 2351, 8430, 2216, 16075, 323, 36218, 922, 1268, 311, 5603, 701, 14561, 11, 323, 430, 596, 14718, 264, 2763, 315, 18547, 369, 499, 13, 3053, 499, 3371, 757, 810, 922, 1148, 499, 2351, 16026, 311, 636, 704, 315, 420, 10652, 449, 701, 14561, 30, 3639, 527, 701, 9021, 369, 18899, 701, 14584, 5178, 11, 323, 1148, 656, 499, 1781, 1053, 1304, 420, 10652, 6992, 369, 499, 30, 128009]",0.12358603999018669,391eb62b5e02e9d7fc1641bfc3dc5e5a596f8ea76135eaa3fe1f3da77edf1b62,2199.1160409525037,0.045969849452376366,241.15053797140718,8eaace596c12f3213b0959913e28177014a48d05e7ec71ac6ac8931c710c5a1c,1472,2363.81908506155,405.78784607350826,405.72999604046345,bc7dd4c381164bac3f4d052f55068db630625657c425cb49e0a88db5a10b55bf,True,140,72,149.02305486612022,0,0.03660004585981369,True,0,r0:state_7d11611fe82cb51f423b:rule_off,1d951ee3dfd7bcb4480f00aa6ff1b1b2250087cbb6c0f4d369fa473085c31fee,"It sounds like you're feeling really stuck and uncertain about how to approach your professor, and that's causing a lot of anxiety for you. Can you tell me more about what you're hoping to get out of this conversation with your professor? What are your goals for improving your academic performance, and what do you think would make this conversation successful for you?",11.778999119997025,p2:3,202,3,0.11855317279696465,3.576281014829874,3,state_7d11611fe82cb51f423b,p2,False
MPMSME+RS,0,fixed_off,"[2181, 10578, 1093, 499, 2351, 8430, 2216, 16075, 323, 36218, 922, 1268, 311, 5603, 701, 14561, 11, 323, 430, 596, 14718, 264, 2763, 315, 18547, 369, 499, 13, 3053, 499, 3371, 757, 810, 922, 1148, 499, 2351, 16026, 311, 636, 704, 315, 420, 10652, 449, 701, 14561, 30, 3639, 527, 701, 9021, 369, 18899, 701, 14584, 5178, 11, 323, 1148, 656, 499, 1781, 1053, 1304, 420, 10652, 6992, 369, 499, 30, 128009]",0.18617208115756512,391eb62b5e02e9d7fc1641bfc3dc5e5a596f8ea76135eaa3fe1f3da77edf1b62,2216.6795539669693,0.044591957703232765,244.27360203117132,18e0812cbcc3efec9bef41205b3ac18e22cc4a7687dee1225dd3c142f66ccf6e,1505,2381.18299189955,408.6531409993768,408.59086788259447,552924c69d4317d0ce21d00a49ec747073781db6483cb83d9f4f08e2b6c369c0,True,141,72,0.00713602639734745,1,0.042626867070794106,True,0,r0:state_7d11611fe82cb51f423b:fixed_off,1d951ee3dfd7bcb4480f00aa6ff1b1b2250087cbb6c0f4d369fa473085c31fee,"It sounds like you're feeling really stuck and uncertain about how to approach your professor, and that's causing a lot of anxiety for you. Can you tell me more about what you're hoping to get out of this conversation with your professor? What are your goals for improving your academic performance, and what do you think would make this conversation successful for you?",160.47621611505747,p2:3,202,4,0.1086618285626173,3.6380330566316843,3,state_7d11611fe82cb51f423b,p2,False
MPE+RS,0,pm_off,"[2181, 10578, 1093, 499, 2351, 8430, 2216, 36218, 922, 1268, 311, 5603, 701, 14561, 11, 323, 430, 596, 3339, 499, 38100, 13, 3053, 499, 3371, 757, 810, 922, 1148, 499, 2351, 16026, 311, 636, 704, 315, 420, 10652, 449, 701, 14561, 30, 3639, 527, 701, 9021, 369, 18899, 701, 28711, 11, 323, 1148, 656, 499, 1781, 1053, 1304, 420, 10652, 6992, 369, 499, 30, 128009]",0.1274500973522663,391eb62b5e02e9d7fc1641bfc3dc5e5a596f8ea76135eaa3fe1f3da77edf1b62,2004.860867979005,0.06847199983894825,234.75337913259864,5bad16a430a3fadbfbd6b5fd6d350164b1db3875b4eef561c462bf273e67bcc6,1403,2213.0760331638157,442.93453404679894,442.84109422005713,ff885b3de0dbd56083f2d1d338c94b5d565d660b3ddab1a9cc9166dda3713383,True,142,65,7.0395939983427525,2,0.06400910206139088,True,0,r0:state_7d11611fe82cb51f423b:pm_off,34c12a36cfc557299170b271009e7c25858e448f8256bf7c8c82fde8a84c7cbe,"It sounds like you're feeling really uncertain about how to approach your professor, and that's making you anxious. Can you tell me more about what you're hoping to get out of this conversation with your professor? What are your goals for improving your grades, and what do you think would make this conversation successful for you?",196.35381898842752,p2:3,202,3,0.15323213301599026,4.40858886577189,3,state_7d11611fe82cb51f423b,p2,False
ME+R0,0,me_r0,"[2181, 10578, 1093, 499, 2351, 8430, 264, 2763, 315, 7410, 323, 27924, 922, 19261, 704, 311, 701, 14561, 11, 323, 430, 596, 49839, 2728, 701, 3347, 11704, 13, 3053, 499, 3371, 757, 810, 922, 1148, 499, 2351, 16026, 311, 636, 704, 315, 420, 10652, 449, 701, 14561, 30, 3639, 527, 701, 9021, 369, 18899, 701, 28711, 11, 323, 1268, 656, 499, 1781, 701, 14561, 649, 1520, 499, 11322, 1884, 9021, 30, 128009]",0.1279090065509081,391eb62b5e02e9d7fc1641bfc3dc5e5a596f8ea76135eaa3fe1f3da77edf1b62,2128.102387068793,0.038694124668836594,193.39206302538514,7457953f665a94f485dadb52c6dcec44b43d2e75b1745c08ab25474d138df82e,1159,2133.784021018073,199.0254749543965,198.94578796811402,468453085c1c9a8496b143986ba33fc2eac16c0365cbcd4730ea9e532fbef2a8,True,143,72,0.007362104952335358,3,0.015015015378594398,,0,r0:state_7d11611fe82cb51f423b:me_r0,fdf538eec939da434855f92f5b40237ace81d35a83803990fe8374bff1f962f4,"It sounds like you're feeling a lot of pressure and uncertainty about reaching out to your professor, and that's understandable given your past experiences. Can you tell me more about what you're hoping to get out of this conversation with your professor? What are your goals for improving your grades, and how do you think your professor can help you achieve those goals?",2.6740748435258865,p2:3,202,1,0.10913191363215446,2.7094469405710697,3,state_7d11611fe82cb51f423b,p2,False
M0+R0,0,context_only,"[2181, 10578, 1093, 499, 3077, 1027, 15691, 264, 2763, 315, 27924, 323, 8631, 2212, 420, 6671, 13, 3053, 499, 3371, 757, 810, 922, 1148, 596, 10168, 499, 1203, 505, 19261, 704, 311, 701, 14561, 1457, 30, 3639, 596, 279, 12047, 39585, 15398, 430, 596, 40876, 499, 30, 128009]",0.11141505092382431,391eb62b5e02e9d7fc1641bfc3dc5e5a596f8ea76135eaa3fe1f3da77edf1b62,1333.9576069265604,0.037155114114284515,71.87810190953314,8d4eabbb814587670c6038a3dd2c91b7b9df35cc35cdac90459fbe66315ec575,312,1335.442726034671,73.29770992510021,73.25180596671999,8bf8adf67ab6ba4d0d2e960b31b2bbbfd1544f5192cf685594fc718fdd9cc339,True,144,48,0.006604008376598358,4,0.008327886462211609,,0,r0:state_7d11611fe82cb51f423b:context_only,524f1cc1b32b7672e33ef11b8d6b007a337ee148fedea7e6ded1831bf024e663,It sounds like you've been carrying a lot of uncertainty and stress around this situation. Can you tell me more about what's holding you back from reaching out to your professor now? What's the worst-case scenario that's worrying you?,0.024833017960190773,p2:3,202,0,0.10594702325761318,1.1908370070159435,3,state_7d11611fe82cb51f423b,p2,False
ME+R0,0,me_r0,"[2181, 10578, 1093, 420, 16907, 13123, 449, 7762, 706, 2216, 66900, 499, 709, 13, 1102, 596, 1093, 499, 3077, 1027, 4295, 449, 264, 12330, 315, 21958, 430, 499, 3463, 499, 4265, 2736, 15590, 13, 3053, 499, 3371, 757, 810, 922, 1148, 499, 2351, 8430, 1314, 1457, 30, 3639, 596, 279, 1455, 22798, 477, 26175, 20356, 430, 596, 5108, 709, 369, 499, 30, 128009]",0.1159869134426117,391eb62b5e02e9d7fc1641bfc3dc5e5a596f8ea76135eaa3fe1f3da77edf1b62,1895.0907390099019,0.034563010558485985,180.382892023772,a2289ea2b9d99e1099708276d3aca4df3f8035d11eb9ddb25c1ca0e7ef67d2ff,1118,1900.6505040451884,185.92001497745514,185.82667014561594,20a273c0059760d0916d84072badb73eb86d1b295052e89d52ebac1e6ece15a2,True,145,63,0.006917165592312813,0,0.012937001883983612,,0,r0:state_addd9cc6e8fd4ccb6c2b:me_r0,e94303f3f69d1c240ebe9f1f2e818871474f32fd9f5331477d484a4f30bba98e,It sounds like this unexpected encounter with Jack has really shaken you up. It's like you've been hit with a wave of emotions that you thought you'd already processed. Can you tell me more about what you're feeling right now? What's the most overwhelming or painful emotion that's coming up for you?,2.629555994644761,p6:1,303,1,0.10869395919144154,2.651110989972949,3,state_addd9cc6e8fd4ccb6c2b,p6,False
MPMSME+RS,0,fixed_off,"[2181, 10578, 1093, 9298, 7762, 1578, 706, 75940, 709, 264, 2763, 315, 21958, 323, 16024, 499, 3463, 499, 4265, 7882, 3347, 13, 3053, 499, 3371, 757, 810, 922, 1148, 596, 1027, 2133, 1555, 701, 4059, 2533, 279, 13123, 30, 3639, 527, 1063, 315, 279, 11555, 323, 21958, 430, 617, 1027, 40986, 369, 499, 30, 128009]",0.11122389696538448,391eb62b5e02e9d7fc1641bfc3dc5e5a596f8ea76135eaa3fe1f3da77edf1b62,1735.0930259563029,0.043126055970788,243.33478696644306,a4b675e4993b7c8c1af0e1faf1d64658c3430ca96e49de90ff0982aa10217cd6,1509,1916.8563238345087,425.05081300623715,424.98686094768345,5171c5c9bcc1bd326e50851ed91cf26bbdf01abc4101259d03007f40a89d6967,True,146,55,0.006454996764659882,1,0.03901589661836624,True,0,r0:state_addd9cc6e8fd4ccb6c2b:fixed_off,b8c6aa1bc9e152595362a20e8021f8e42fae1615daed95bbd857f48bd3c48f11,It sounds like seeing Jack again has stirred up a lot of emotions and feelings you thought you'd moved past. Can you tell me more about what's been going through your mind since the encounter? What are some of the thoughts and emotions that have been arising for you?,177.92843095958233,p6:1,303,4,0.10145502164959908,3.5335910506546497,3,state_addd9cc6e8fd4ccb6c2b,p6,False
M0+R0,0,context_only,"[2181, 10578, 1093, 499, 2351, 8430, 264, 2766, 1093, 499, 2351, 16075, 1990, 1403, 24800, 482, 279, 832, 1405, 499, 3463, 499, 4265, 7882, 389, 11, 323, 279, 832, 1405, 279, 2362, 21958, 323, 16024, 527, 2103, 1633, 1790, 3118, 13, 3011, 649, 387, 264, 2216, 29213, 323, 31715, 2035, 311, 387, 13, 3053, 499, 3371, 757, 810, 922, 1148, 596, 1027, 2133, 1555, 701, 4059, 323, 4851, 2533, 9298, 7762, 30, 128009]",0.19680103287100792,391eb62b5e02e9d7fc1641bfc3dc5e5a596f8ea76135eaa3fe1f3da77edf1b62,2028.344132937491,0.03382307477295399,71.99084502644837,b5c0b4d6680db58a4fadfec8d6827e651b22ea8ff23a3e3b49e64838d580707e,312,2029.7839099075645,73.26999492943287,73.23382096365094,9535e2314b401be61ce48d4af9eba0a6b388a38ebb08ca529e596647d65fd061,True,147,73,0.006885966286063194,2,0.00838213600218296,,0,r0:state_addd9cc6e8fd4ccb6c2b:context_only,9e409a60b10ca0ddd182ae0897966e8d49727d0c6293ddc040b9e8ff1d53006e,"It sounds like you're feeling a bit like you're stuck between two worlds - the one where you thought you'd moved on, and the one where the old emotions and feelings are still very much present. That can be a really uncomfortable and confusing place to be. Can you tell me more about what's been going through your mind and heart since seeing Jack?",0.02640392631292343,p6:1,303,0,0.10810396634042263,1.0593768674880266,3,state_addd9cc6e8fd4ccb6c2b,p6,False
MSE+RS,0,rule_off,"[2181, 10578, 1093, 9298, 7762, 1578, 706, 75940, 709, 264, 2763, 315, 21958, 323, 16024, 499, 3463, 499, 4265, 7882, 3347, 13, 3053, 499, 3371, 757, 810, 922, 1148, 596, 1027, 2133, 1555, 701, 4059, 2533, 279, 13123, 30, 3639, 527, 1063, 315, 279, 11555, 323, 21958, 430, 617, 1027, 40986, 369, 499, 30, 128009]",0.17228699289262295,391eb62b5e02e9d7fc1641bfc3dc5e5a596f8ea76135eaa3fe1f3da77edf1b62,1751.8717600032687,0.06502005271613598,242.35030100680888,b249481069328b7b4cbb5e516d03390423d8bf9625eecb1d0c3385a897ec4d10,1480,1983.2299479749054,473.63609191961586,473.5362019855529,24673abdf0a5e05a2586a9516605b1362edab281809acc64da52c4110aca47ed,True,148,55,210.31675697304308,3,0.057165976613759995,True,0,r0:state_addd9cc6e8fd4ccb6c2b:rule_off,b8c6aa1bc9e152595362a20e8021f8e42fae1615daed95bbd857f48bd3c48f11,It sounds like seeing Jack again has stirred up a lot of emotions and feelings you thought you'd moved past. Can you tell me more about what's been going through your mind since the encounter? What are some of the thoughts and emotions that have been arising for you?,15.96382400020957,p6:1,303,3,0.1491738948971033,4.633960081264377,3,state_addd9cc6e8fd4ccb6c2b,p6,False
MPE+RS,0,pm_off,"[2181, 10578, 1093, 9298, 7762, 1578, 706, 2216, 75940, 709, 1063, 2362, 21958, 323, 1903, 499, 2733, 1093, 499, 2351, 539, 439, 62320, 439, 499, 3463, 13, 3053, 499, 3371, 757, 810, 922, 1148, 596, 1027, 2133, 1555, 701, 4059, 2533, 499, 5602, 1461, 30, 3639, 527, 1063, 315, 279, 11555, 323, 16024, 430, 617, 1027, 50949, 709, 369, 499, 30, 128009]",0.1896421890705824,391eb62b5e02e9d7fc1641bfc3dc5e5a596f8ea76135eaa3fe1f3da77edf1b62,1934.0002108365297,0.04802411422133446,245.36109901964664,fdcdcebe002ec4329844152e89acd4b8ee90d1d5c7f5ac1cd2c2fdb077f8ae03,1423,2157.79794100672,469.02659186162055,468.9691870007664,b158b62b5520fa703d5332ad2097d879087547135c59e2bc9893959d7b7abcdb,True,149,62,7.116180146113038,4,0.04308996722102165,True,0,r0:state_addd9cc6e8fd4ccb6c2b:pm_off,8e9ebb8612f4ed21b1ce2d2b601ac11bfaf74552d82eab74241d507c2ead391b,It sounds like seeing Jack again has really stirred up some old emotions and made you feel like you're not as healed as you thought. Can you tell me more about what's been going through your mind since you saw him? What are some of the thoughts and feelings that have been popping up for you?,212.38634595647454,p6:1,303,3,0.1500728540122509,3.8643749430775642,3,state_addd9cc6e8fd4ccb6c2b,p6,False
MSE+RS,0,rule_off,"[2181, 10578, 1093, 499, 2351, 8430, 2216, 21830, 1990, 420, 2683, 6776, 323, 279, 1205, 311, 1935, 2512, 315, 701, 10723, 2890, 13, 3053, 499, 3371, 757, 810, 922, 1148, 596, 10168, 499, 1203, 505, 8430, 16913, 304, 701, 5597, 28846, 1920, 30, 3639, 527, 1063, 315, 279, 330, 12840, 12, 22589, 1, 430, 527, 10494, 499, 709, 520, 3814, 30, 128009]",0.1755780540406704,391eb62b5e02e9d7fc1641bfc3dc5e5a596f8ea76135eaa3fe1f3da77edf1b62,1966.0611120052636,0.06598606705665588,260.24639303795993,e1d6e2c6663a14924a62c8447a299484b66bc161d729fd1b8dbb33c142f5b422,1569,2245.7605549134314,539.8573328275234,539.7702578920871,a8934456fa6e6741f05fba0334434f90bc5205d20e9f85c4b2376c0c5c2ee86c,True,150,62,257.9687552060932,0,0.0640740618109703,True,0,r0:state_8448ef50b692441367a2:rule_off,bc575e7a4b2fa5bdd7b2f997caa52880b1351dc49eb51058aa869ff442f43f17,"It sounds like you're feeling really torn between this job opportunity and the need to take care of your mental health. Can you tell me more about what's holding you back from feeling confident in your decision-making process? What are some of the ""what-ifs"" that are keeping you up at night?",16.09246782027185,p15:1,303,3,0.16589579172432423,5.1666859071701765,8,state_8448ef50b692441367a2,p15,False
M0+R0,0,context_only,"[2181, 10578, 1093, 499, 2351, 15691, 264, 8987, 4785, 315, 27924, 323, 8850, 922, 1148, 596, 1888, 369, 499, 1314, 1457, 13, 3053, 499, 3371, 757, 810, 922, 1148, 596, 10043, 420, 8850, 315, 3339, 279, 5076, 5873, 30, 3639, 527, 1063, 315, 279, 4754, 16296, 430, 527, 40876, 499, 279, 1455, 30, 128009]",0.1759540755301714,391eb62b5e02e9d7fc1641bfc3dc5e5a596f8ea76135eaa3fe1f3da77edf1b62,1532.9629878979176,0.0528399832546711,87.54087495617568,d064f0f88766ec52a50e9a503a0720afdb4ad2ead08625f3f3ec49f9bca707fd,440,1535.2425868622959,89.70262389630079,89.64451984502375,dddcb89807cbf16670c15ec580c8bbf1d246283367b614010573d6d7ce8a5425,True,151,54,0.00902893953025341,1,0.01296098344027996,,0,r0:state_8448ef50b692441367a2:context_only,ef0abf86c6ca3662f1878f01475c2c38fa3f7842df22c2714b226d9824f43397,It sounds like you're carrying a heavy weight of uncertainty and fear about what's best for you right now. Can you tell me more about what's driving this fear of making the wrong choice? What are some of the potential consequences that are worrying you the most?,0.05113310180604458,p15:1,303,0,0.16142195090651512,1.8162599299103022,8,state_8448ef50b692441367a2,p15,False
MPMSME+RS,0,fixed_off,"[2181, 10578, 1093, 499, 2351, 8430, 2216, 21830, 1990, 420, 2683, 6776, 323, 4737, 2512, 315, 701, 10723, 2890, 13, 3053, 499, 3371, 757, 810, 922, 1148, 596, 10168, 499, 1203, 505, 8430, 16913, 304, 701, 5597, 28846, 1920, 30, 3639, 527, 1063, 315, 279, 330, 12840, 12, 22589, 1, 430, 527, 10494, 499, 709, 520, 3814, 30, 128009]",0.1848861575126648,391eb62b5e02e9d7fc1641bfc3dc5e5a596f8ea76135eaa3fe1f3da77edf1b62,1883.3219928201288,0.06717001087963581,261.86714391224086,cb7f95746ec8f13a871f0c1d3b15e3e750a2251a8145c36efdcdf32c3b4b8805,1597,2159.087070962414,537.517286837101,537.4473358970135,d7c5e64ff492e7606bd1a32d5eb6dd0eb5c66b8fcfb6b561dd4e82bfd64e7e7e,True,152,59,0.009351177141070366,2,0.07732794620096684,True,0,r0:state_8448ef50b692441367a2:fixed_off,c6da76ef365ea7a1a86e8ab076a9ca609a98f8d701f716d50d6ad4974bedb4f9,"It sounds like you're feeling really torn between this job opportunity and taking care of your mental health. Can you tell me more about what's holding you back from feeling confident in your decision-making process? What are some of the ""what-ifs"" that are keeping you up at night?",270.2001070138067,p15:1,303,4,0.1585118006914854,5.067724036052823,8,state_8448ef50b692441367a2,p15,False
MSE+R0,0,pm_off,"[40, 2846, 1618, 311, 9020, 323, 1862, 499, 13, 1102, 10578, 1093, 499, 2351, 8430, 2216, 21830, 1990, 279, 2683, 3085, 323, 279, 1205, 369, 264, 10723, 2890, 1464, 13, 3053, 499, 3371, 757, 810, 922, 1148, 596, 10168, 499, 1203, 505, 3339, 264, 5597, 30, 3639, 527, 1063, 315, 279, 3230, 10742, 477, 24087, 430, 527, 10494, 499, 709, 520, 3814, 30, 128009]",0.18138298764824867,391eb62b5e02e9d7fc1641bfc3dc5e5a596f8ea76135eaa3fe1f3da77edf1b62,1991.8051350396127,0.049615977331995964,232.0453990250826,2015ed4f1fa5b2dead2712992038e40b65f779984663dbc8b0d244cb120d9b7d,1329,2010.0693861022592,250.2111920621246,250.12826710008085,cdebc5f0268a660903937dac9bbbecec5e3167ce786512c12099fada6ab60e9a,True,153,64,8.637303952127695,3,0.024493783712387085,True,0,r0:state_8448ef50b692441367a2:pm_off,7b0e57f5a1e8c3e928e34833b468d964b765b83ad0aa4bee471659384c4b9470,I'm here to listen and support you. It sounds like you're feeling really torn between the job offer and the need for a mental health break. Can you tell me more about what's holding you back from making a decision? What are some of the specific concerns or fears that are keeping you up at night?,5.344566190615296,p15:1,303,2,0.1609970349818468,3.8658911362290382,8,state_8448ef50b692441367a2,p15,False
ME+R0,0,me_r0,"[2181, 10578, 1093, 499, 2351, 15691, 264, 2763, 315, 4785, 389, 701, 28004, 1314, 1457, 13, 1102, 596, 6724, 49839, 311, 2733, 9338, 6702, 922, 420, 2683, 3085, 323, 279, 1205, 369, 264, 10723, 2890, 1464, 13, 3053, 499, 3371, 757, 810, 922, 1148, 596, 10168, 499, 1203, 505, 3339, 264, 5597, 30, 3639, 527, 1063, 315, 279, 3230, 10742, 477, 24087, 430, 527, 10494, 499, 709, 520, 3814, 30, 128009]",0.1284000463783741,391eb62b5e02e9d7fc1641bfc3dc5e5a596f8ea76135eaa3fe1f3da77edf1b62,2128.1351698562503,0.05427119322121143,196.55815395526588,1818e64482dff32bdc9bbf6127319c75cf1a524c5645ac172755ee581f042aea,1232,2135.5036839377135,203.90340103767812,203.79826799035072,1e902641af3699a51d9dcf44b2abbe57fedb7f3d2fc2b4b439f28eda5b13ed21,True,154,71,0.008994946256279945,4,0.024093082174658775,,0,r0:state_8448ef50b692441367a2:me_r0,9d6b69856cad95bfc30786e5e094a673066d9a9409f9e64153d164663088368f,It sounds like you're carrying a lot of weight on your shoulders right now. It's completely understandable to feel conflicted about this job offer and the need for a mental health break. Can you tell me more about what's holding you back from making a decision? What are some of the specific concerns or fears that are keeping you up at night?,3.3224220387637615,p15:1,303,1,0.1577208749949932,3.6726118996739388,8,state_8448ef50b692441367a2,p15,False
MSE+RS,0,rule_off,"[2181, 10578, 1093, 24096, 279, 7076, 6762, 574, 264, 2216, 66388, 3217, 369, 499, 13, 1472, 2351, 8430, 810, 38650, 922, 701, 3938, 323, 12304, 922, 279, 24525, 430, 5398, 449, 701, 2819, 13, 3639, 527, 1063, 315, 279, 3230, 10708, 477, 19647, 430, 2216, 14980, 704, 311, 499, 11, 323, 1268, 656, 499, 1781, 814, 2643, 387, 264, 1695, 5052, 369, 499, 30, 128009]",0.18319510854780674,391eb62b5e02e9d7fc1641bfc3dc5e5a596f8ea76135eaa3fe1f3da77edf1b62,2057.7597417868674,0.04099821671843529,259.68908378854394,e6ad5d12fbd0ee5566d5a522af5023e1caf6709d5f482aa4fe31da1a9068e8e6,1569,2367.22723999992,569.0469399560243,568.9733868930489,f4fba6cf06e37e83cc711b9543e2b88fcd69fa9063b0b04869878cb53bbb9fe7,True,155,65,157.69568784162402,0,0.04261615686118603,True,0,r0:state_93a4cfa6c9b5fe214d3a:rule_off,198a9f1c722af62ad4821ca539098252018ad4dcffe41057bda5e705924271b7,"It sounds like attending the career fair was a really empowering experience for you. You're feeling more hopeful about your future and excited about the possibilities that align with your values. What are some of the specific opportunities or industries that really stood out to you, and how do you think they might be a good fit for you?",147.59451895952225,p6:2,101,3,0.10638008825480938,3.8041018415242434,3,state_93a4cfa6c9b5fe214d3a,p6,False
M0+R0,0,context_only,"[4897, 10578, 17235, 34929, 1113, 13, 1102, 596, 8056, 1268, 264, 3254, 3217, 649, 6541, 1057, 13356, 323, 31402, 635, 1057, 11939, 13, 3639, 374, 433, 922, 1521, 502, 10708, 430, 29280, 988, 449, 499, 11, 323, 1268, 656, 499, 1781, 814, 2643, 5398, 449, 701, 2819, 323, 58522, 30, 128009]",0.11288700625300407,391eb62b5e02e9d7fc1641bfc3dc5e5a596f8ea76135eaa3fe1f3da77edf1b62,1426.151406019926,0.051541952416300774,72.44729599915445,6a5710c9a7afd3805be1a01815f02b1e0081d8f35a50718ab1a3cb858ae8ffa7,315,1428.0496609862894,74.29479691199958,74.23266395926476,3de909f0f504798f0697833c851cc13db2ff24aecc809b912a4f660498cc1976,True,156,51,0.009168172255158424,1,0.012811040505766869,,0,r0:state_93a4cfa6c9b5fe214d3a:context_only,e679b86a2ef91b280117adbab80c66cc67f6117a368d3b9d665fea7d305546fd,"That sounds incredibly liberating. It's amazing how a single experience can shift our perspective and reignite our passion. What is it about these new opportunities that resonates with you, and how do you think they might align with your values and aspirations?",0.036147888749837875,p6:2,101,0,0.1536498311907053,1.5220490749925375,3,state_93a4cfa6c9b5fe214d3a,p6,False
MPMSME+RS,0,fixed_off,"[2181, 10578, 1093, 24096, 279, 7076, 6762, 574, 264, 2216, 66388, 3217, 369, 499, 13, 1472, 2351, 8430, 810, 38650, 922, 701, 3938, 323, 12304, 922, 279, 24525, 430, 5398, 449, 701, 2819, 13, 3639, 527, 1063, 315, 279, 3230, 10708, 477, 19647, 430, 2216, 14980, 704, 311, 499, 11, 323, 1268, 656, 499, 1781, 814, 2643, 387, 264, 1695, 5052, 369, 499, 30, 128009]",0.18729898147284985,391eb62b5e02e9d7fc1641bfc3dc5e5a596f8ea76135eaa3fe1f3da77edf1b62,2038.2849290035665,0.04428601823747158,261.0906569752842,0ba4611ed69dfee8759df7169cf129a1a0931df066f11b3c65a25f35627bbaaa,1599,2207.1501028258353,429.82261697761714,429.7685318160802,7d61466f31da8887cca6492b43321596731ff38bd4d9339a1a35a8e767728e8e,True,157,65,0.007668044418096542,2,0.04258006811141968,True,0,r0:state_93a4cfa6c9b5fe214d3a:fixed_off,198a9f1c722af62ad4821ca539098252018ad4dcffe41057bda5e705924271b7,"It sounds like attending the career fair was a really empowering experience for you. You're feeling more hopeful about your future and excited about the possibilities that align with your values. What are some of the specific opportunities or industries that really stood out to you, and how do you think they might be a good fit for you?",164.45127688348293,p6:2,101,4,0.1096848864108324,4.0223789401352406,3,state_93a4cfa6c9b5fe214d3a,p6,False
MP+RS,0,pm_off,"[2181, 10578, 1093, 24096, 279, 7076, 6762, 574, 264, 2216, 6928, 3217, 369, 499, 11, 323, 433, 596, 2294, 430, 499, 2351, 8430, 62935, 323, 38650, 922, 701, 3938, 13, 1102, 596, 8056, 1268, 7170, 682, 433, 5097, 374, 264, 502, 13356, 477, 264, 15541, 315, 20343, 311, 6541, 1057, 40543, 323, 1825, 709, 502, 24525, 13, 3639, 527, 1063, 315, 279, 3230, 10708, 477, 19647, 430, 2216, 14980, 704, 311, 499, 3432, 30, 128009]",0.20338105969130993,391eb62b5e02e9d7fc1641bfc3dc5e5a596f8ea76135eaa3fe1f3da77edf1b62,2166.427344083786,0.07042405195534229,120.3271399717778,b903766d5c692c46c34399fe93ea8c47070fca9a968e1fdc5255e93678c37844,673,2380.184113048017,333.96764495410025,333.8805278763175,01a48d27b3375ea6babdb232f2243bbfb8528c7ba79348a0364168dca9b97430,True,158,75,7.500933017581701,3,0.054655130952596664,True,0,r0:state_93a4cfa6c9b5fe214d3a:pm_off,3ba2bc3bb33e1badb891ac7573ac89eb7e96434d9bab2430a480b8129b72b151,"It sounds like attending the career fair was a really positive experience for you, and it's great that you're feeling empowered and hopeful about your future. It's amazing how sometimes all it takes is a new perspective or a spark of inspiration to shift our mindset and open up new possibilities. What are some of the specific opportunities or industries that really stood out to you today?",202.87045184522867,p6:2,101,2,0.18491898663342,2.872004872187972,3,state_93a4cfa6c9b5fe214d3a,p6,False
ME+R0,0,me_r0,"[2181, 10578, 1093, 24096, 279, 7076, 6762, 574, 264, 2216, 66388, 3217, 369, 499, 13, 1472, 2351, 8430, 810, 38650, 323, 12304, 922, 279, 24525, 430, 527, 704, 1070, 13, 3053, 499, 3371, 757, 810, 922, 1148, 11951, 29280, 660, 449, 499, 922, 279, 10708, 499, 9687, 922, 30, 3639, 527, 1063, 315, 279, 1401, 2819, 477, 13878, 430, 499, 2351, 3411, 369, 304, 264, 502, 7076, 1853, 30, 128009]",0.16906112432479858,391eb62b5e02e9d7fc1641bfc3dc5e5a596f8ea76135eaa3fe1f3da77edf1b62,2109.389533987269,0.05224696360528469,194.67677315697074,d5b0214c43ed1f15f595f8e0e73604fb104cd1991bb679bc683e8d6d093745dd,1168,2116.359162144363,201.5724522061646,201.47734018974006,1fd5c2a68616c92e87dd73865f85eac2ef4748c38270977cf8dd66b7092df851,True,159,70,0.012422911822795868,4,0.02088584005832672,,0,r0:state_93a4cfa6c9b5fe214d3a:me_r0,a74ce5c268038e8a6ddfd101b1fc13b68840e3e99b135801205dc1249f23948b,It sounds like attending the career fair was a really empowering experience for you. You're feeling more hopeful and excited about the possibilities that are out there. Can you tell me more about what specifically resonated with you about the opportunities you learned about? What are some of the key values or aspects that you're looking for in a new career path?,3.0226821545511484,p6:2,101,1,0.15590712428092957,3.536422038450837,3,state_93a4cfa6c9b5fe214d3a,p6,False
ME+R0,0,me_r0,"[2181, 10578, 1093, 499, 2351, 15691, 264, 8987, 2865, 1314, 1457, 11, 323, 433, 596, 912, 5895, 499, 2351, 8430, 43206, 13, 1102, 596, 8056, 430, 499, 2351, 61708, 279, 7410, 499, 2351, 10917, 389, 6261, 11, 323, 430, 499, 2351, 4560, 311, 1505, 5627, 311, 8335, 701, 7978, 449, 4737, 2512, 315, 701, 7106, 323, 10723, 2890, 13, 3053, 499, 3371, 757, 810, 922, 1148, 596, 1027, 2133, 1555, 701, 4059, 994, 499, 2351, 21078, 35447, 520, 3814, 11, 40876, 922, 279, 40786, 30, 3639, 527, 1063, 315, 279, 11555, 430, 527, 93378, 2212, 304, 701, 2010, 30, 128009]",0.21402002312242985,391eb62b5e02e9d7fc1641bfc3dc5e5a596f8ea76135eaa3fe1f3da77edf1b62,2953.0536660458893,0.056063057854771614,195.34701691009104,0f9a5e3d4ad6ce36eaa0162bd1f41a9d25ed13c3d2b7a37434672827d058e229,1178,2959.6801770385355,201.89224905334413,201.75950787961483,13227810420053e112bc439177ba68a82efb2130bb288e6007d770d3eea52aac,True,160,100,0.00837794505059719,0,0.0178429763764143,,0,r0:state_b34bb1d28ab722e83dc6:me_r0,c1aab1b3a601ac5013cb9be77dea08f49e5a1e82db50169591d9bfc8d80fa44a,"It sounds like you're carrying a heavy load right now, and it's no wonder you're feeling overwhelmed. It's amazing that you're acknowledging the pressure you're putting on yourself, and that you're trying to find ways to balance your studies with taking care of your physical and mental health. Can you tell me more about what's been going through your mind when you're lying awake at night, worrying about the exams? What are some of the thoughts that are swirling around in your head?",2.7077540289610624,p11:1,303,1,0.16747508198022842,3.4549778793007135,3,state_b34bb1d28ab722e83dc6,p11,False
MSE+RS,0,rule_off,"[2181, 10578, 1093, 499, 2351, 15691, 264, 8987, 2865, 1314, 1457, 11, 323, 433, 596, 6724, 49839, 311, 2733, 43206, 13, 1102, 596, 8056, 430, 499, 2351, 61708, 701, 28970, 323, 19762, 311, 1505, 264, 1648, 311, 8335, 701, 7978, 449, 4737, 2512, 315, 6261, 13, 3053, 499, 3371, 757, 810, 922, 1148, 596, 1027, 3318, 369, 499, 779, 3117, 11, 1093, 701, 502, 4007, 12823, 323, 279, 4007, 1912, 30, 3639, 596, 1027, 279, 1455, 11190, 369, 499, 304, 18646, 701, 8631, 323, 18547, 30, 128009]",0.19594188779592514,391eb62b5e02e9d7fc1641bfc3dc5e5a596f8ea76135eaa3fe1f3da77edf1b62,2663.3314799983054,0.04540407098829746,259.9084419198334,517cd7a4612748e1b88b2c10b266a6319cd5be9edc081cd5b844af286dbfa72e,1577,2852.911830879748,449.3543349672109,449.2928509134799,4167481920d16d77f804d70ed11c99ed04202e4f7a18f087b73c98933371bc57,True,161,87,173.91858296468854,1,0.03688689321279526,True,0,r0:state_b34bb1d28ab722e83dc6:rule_off,e68dac34c19ffb461d7094a1675805e3a6ff1b5522b23a6e20e138efd8a5d601,"It sounds like you're carrying a heavy load right now, and it's completely understandable to feel overwhelmed. It's amazing that you're acknowledging your struggles and wanting to find a way to balance your studies with taking care of yourself. Can you tell me more about what's been working for you so far, like your new study techniques and the study group? What's been the most helpful for you in managing your stress and anxiety?",11.43372617661953,p11:1,303,3,0.15512993559241295,3.7946789525449276,3,state_b34bb1d28ab722e83dc6,p11,False
M0+R0,0,context_only,"[2181, 10578, 1093, 499, 2351, 15691, 264, 8987, 4785, 315, 12014, 323, 31293, 11, 539, 1120, 369, 6261, 11, 719, 1101, 369, 701, 3070, 13, 3011, 649, 387, 264, 2216, 11292, 23104, 311, 11984, 13, 3053, 499, 3371, 757, 810, 922, 1148, 596, 2133, 1555, 701, 4059, 994, 499, 2351, 21078, 35447, 520, 3814, 11, 40876, 922, 279, 40786, 30, 128009]",0.11950614862143993,391eb62b5e02e9d7fc1641bfc3dc5e5a596f8ea76135eaa3fe1f3da77edf1b62,1704.1054898872972,0.051754992455244064,72.25149287842214,4a2615e04921f0afdb1335a7c2ddf353603a61cb079ff12e52f11b64f0fbce8a,308,1705.994114978239,74.08448797650635,74.02061182074249,394d365570be0d23422aed29fe4f94048fb081b3f2c68646c2088b0fd323a687,True,162,61,0.010037096217274666,2,0.012095784768462181,,0,r0:state_b34bb1d28ab722e83dc6:context_only,45160306aa5248409945decb80f8b0b508a43388774f340b700bcbac60b32a4b,"It sounds like you're carrying a heavy weight of responsibility and expectation, not just for yourself, but also for your family. That can be a really tough burden to bear. Can you tell me more about what's going through your mind when you're lying awake at night, worrying about the exams?",0.0357010867446661,p11:1,303,0,0.15186681412160397,1.5076631680130959,3,state_b34bb1d28ab722e83dc6,p11,False
MSE+RS,0,pm_off,"[2181, 10578, 1093, 499, 2351, 15691, 264, 8987, 2865, 1314, 1457, 11, 323, 433, 596, 6724, 49839, 311, 2733, 43206, 13, 1102, 596, 8056, 430, 499, 2351, 61708, 701, 28970, 323, 19762, 311, 1505, 264, 1648, 311, 8335, 701, 7978, 449, 4737, 2512, 315, 6261, 13, 3053, 499, 3371, 757, 810, 922, 1148, 596, 1027, 3318, 369, 499, 779, 3117, 11, 1093, 701, 502, 4007, 12823, 323, 279, 4007, 1912, 30, 3639, 596, 1027, 279, 1455, 11190, 369, 499, 304, 18646, 701, 8631, 323, 18547, 30, 128009]",0.13071182183921337,391eb62b5e02e9d7fc1641bfc3dc5e5a596f8ea76135eaa3fe1f3da77edf1b62,2636.9440511334687,0.044798944145441055,260.8114711474627,517cd7a4612748e1b88b2c10b266a6319cd5be9edc081cd5b844af286dbfa72e,1577,2812.705421820283,436.492086853832,436.4421300124377,4167481920d16d77f804d70ed11c99ed04202e4f7a18f087b73c98933371bc57,True,163,87,5.834568990394473,3,0.037204939872026443,True,0,r0:state_b34bb1d28ab722e83dc6:pm_off,e68dac34c19ffb461d7094a1675805e3a6ff1b5522b23a6e20e138efd8a5d601,"It sounds like you're carrying a heavy load right now, and it's completely understandable to feel overwhelmed. It's amazing that you're acknowledging your struggles and wanting to find a way to balance your studies with taking care of yourself. Can you tell me more about what's been working for you so far, like your new study techniques and the study group? What's been the most helpful for you in managing your stress and anxiety?",165.91967199929059,p11:1,303,3,0.10540592484176159,3.689008066430688,3,state_b34bb1d28ab722e83dc6,p11,False
MPMSME+RS,0,fixed_off,"[2181, 10578, 1093, 499, 2351, 15691, 264, 8987, 2865, 1314, 1457, 11, 323, 433, 596, 6724, 49839, 311, 2733, 43206, 13, 1102, 596, 8056, 430, 499, 2351, 61708, 701, 28970, 323, 19762, 311, 1505, 264, 1648, 311, 8335, 701, 7978, 449, 4737, 2512, 315, 6261, 13, 3053, 499, 3371, 757, 810, 922, 1148, 596, 1027, 3318, 369, 499, 779, 3117, 11, 1093, 701, 502, 4007, 12823, 323, 279, 4007, 1912, 30, 3639, 596, 1027, 279, 1455, 11190, 369, 499, 304, 18646, 701, 8631, 323, 18547, 30, 128009]",0.1317160204052925,391eb62b5e02e9d7fc1641bfc3dc5e5a596f8ea76135eaa3fe1f3da77edf1b62,2634.6024509985,0.044482992962002754,261.4911491982639,342a0fc7a6eab1beab2b0cf20311e2314027525fcda06c9a789782959a9ba04c,1606,2803.604482905939,430.4113578982651,430.3614650852978,53123d93afe92c1ff23e56dbd35c5427ab6d800c71f441a16fa353ec003fe146,True,164,87,0.007337890565395355,4,0.04098797217011452,True,0,r0:state_b34bb1d28ab722e83dc6:fixed_off,e68dac34c19ffb461d7094a1675805e3a6ff1b5522b23a6e20e138efd8a5d601,"It sounds like you're carrying a heavy load right now, and it's completely understandable to feel overwhelmed. It's amazing that you're acknowledging your struggles and wanting to find a way to balance your studies with taking care of yourself. Can you tell me more about what's been working for you so far, like your new study techniques and the study group? What's been the most helpful for you in managing your stress and anxiety?",164.94006291031837,p11:1,303,4,0.10446109808981419,3.732983022928238,3,state_b34bb1d28ab722e83dc6,p11,False
ME+R0,0,me_r0,"[2181, 10578, 1093, 499, 2351, 8430, 264, 2766, 43206, 555, 279, 22199, 315, 4737, 389, 5217, 28423, 323, 40876, 922, 13490, 279, 8335, 499, 3077, 6575, 779, 2653, 311, 11322, 13, 3053, 499, 3371, 757, 810, 922, 1148, 499, 1781, 1053, 387, 264, 9498, 8335, 369, 499, 304, 420, 6671, 30, 3639, 527, 1063, 2536, 5392, 67078, 2205, 82, 369, 701, 4443, 892, 323, 1664, 33851, 430, 499, 4265, 1093, 311, 63652, 30, 128009]",0.12900889851152897,391eb62b5e02e9d7fc1641bfc3dc5e5a596f8ea76135eaa3fe1f3da77edf1b62,2200.257598189637,0.03615301102399826,197.16776721179485,3e0a3ffb87510995ea92580e72e5a35d93503c6d7eab78b7c4d8f842eb2bde2c,1264,2207.905320916325,204.7415878623724,204.6864810399711,dca563e9a8a70ecc291cae9888df54ab5a0be5fc06c03ac55ef62e6792124469,True,165,74,0.0070249661803245544,0,0.016464851796627045,,0,r0:state_386f27896b4ed9f621e8:me_r0,376b0ceb57a10ae8401ae5c7e3936695fdeeaeeb40d83a45ffd6187525a9afff,It sounds like you're feeling a bit overwhelmed by the prospect of taking on additional responsibilities and worrying about losing the balance you've worked so hard to achieve. Can you tell me more about what you think would be a healthy balance for you in this situation? What are some non-negotiables for your personal time and well-being that you'd like to prioritize?,4.4123351108282804,p8:1,303,1,0.11017592623829842,2.9365599621087313,8,state_386f27896b4ed9f621e8,p8,False
MSE+RS,0,rule_off,"[2181, 10578, 1093, 499, 2351, 8430, 264, 2766, 43206, 449, 279, 502, 28423, 323, 18290, 922, 13490, 279, 8335, 499, 3077, 6575, 779, 2653, 311, 11322, 13, 358, 1390, 499, 311, 1440, 430, 433, 596, 6724, 4725, 311, 2733, 420, 1648, 11, 323, 433, 596, 2294, 430, 499, 2351, 61708, 701, 10742, 13, 3861, 3245, 430, 2643, 387, 11190, 374, 311, 1464, 1523, 701, 9021, 323, 30601, 1139, 9333, 11, 71128, 27855, 13, 1115, 649, 1304, 433, 2733, 2753, 22798, 323, 810, 89253, 13, 3639, 656, 499, 1781, 922, 4560, 311, 10765, 701, 1948, 30601, 323, 6968, 264, 9899, 430, 6276, 369, 2225, 990, 323, 4443, 892, 30, 128009]",0.13626087456941605,391eb62b5e02e9d7fc1641bfc3dc5e5a596f8ea76135eaa3fe1f3da77edf1b62,3246.856724144891,0.04294584505259991,262.8678430337459,fc3614e51136bd06d07bb662c9a9cce629c3b4e0c5e331803390d245f61584ea,1619,3482.0028617978096,497.9263029526919,497.87771981209517,b0a340d4a786beb4bc5acd09bb9e79eb37919e147f581daa1b0b68c3fc13e398,True,166,109,216.76618582569063,1,0.036315061151981354,True,0,r0:state_386f27896b4ed9f621e8:rule_off,62be2aa856462e0b0f886989f193dde1eb5cf61069911ce4433a5d2f2c7ef2a9,"It sounds like you're feeling a bit overwhelmed with the new responsibilities and worried about losing the balance you've worked so hard to achieve. I want you to know that it's completely normal to feel this way, and it's great that you're acknowledging your concerns. One thing that might be helpful is to break down your goals and priorities into smaller, manageable chunks. This can make it feel less overwhelming and more achievable. What do you think about trying to identify your top priorities and creating a schedule that allows for both work and personal time?",14.182080049067736,p8:1,303,3,0.11377595365047455,3.868574043735862,8,state_386f27896b4ed9f621e8,p8,False
MPMSME+RS,0,fixed_off,"[40, 649, 5647, 701, 4747, 922, 20958, 8335, 323, 6376, 23546, 1418, 34118, 420, 11084, 4967, 6776, 13, 1102, 596, 6724, 49839, 311, 2733, 430, 1648, 11, 5423, 1306, 3318, 2653, 311, 11322, 264, 2731, 990, 26928, 8335, 13, 3861, 8446, 430, 2643, 387, 11190, 374, 311, 63652, 701, 4443, 892, 323, 7640, 11, 1120, 439, 499, 1053, 904, 1023, 3062, 15507, 13, 3639, 422, 499, 1051, 311, 9899, 892, 369, 659, 41206, 323, 4443, 7640, 304, 701, 13470, 11, 1120, 439, 499, 1053, 9899, 990, 477, 4967, 16079, 30, 1115, 2643, 1520, 499, 2733, 810, 304, 2585, 323, 6106, 430, 499, 2351, 3339, 892, 369, 1148, 596, 3062, 311, 499, 13, 128009]",0.1429941039532423,391eb62b5e02e9d7fc1641bfc3dc5e5a596f8ea76135eaa3fe1f3da77edf1b62,3359.3217208981514,0.04409695975482464,265.2578998822719,0aa6d933aa9ee70cfee016f0e067ef09f13655387f827740c95a9a2f7b86dba7,1643,3589.1438119579107,494.9932429008186,494.9369968380779,434ce276528219ee66c236bbb8f33f98330af4fde683619c33672078af95fee9,True,167,113,0.0076231081038713455,2,0.046226195991039276,True,0,r0:state_386f27896b4ed9f621e8:fixed_off,1579927c3dfc2b36f16e4d9d1a64227015a082d1a3dc1fa9aeec450f994d7595,"I can sense your concern about maintaining balance and setting boundaries while pursuing this advanced training opportunity. It's completely understandable to feel that way, especially after working hard to achieve a better work-life balance. One strategy that might be helpful is to prioritize your personal time and activities, just as you would any other important commitment. What if you were to schedule time for self-care and personal activities in your calendar, just as you would schedule work or training sessions? This might help you feel more in control and ensure that you're making time for what's important to you.",225.53596878424287,p8:1,303,4,0.11077593080699444,3.934405976906419,8,state_386f27896b4ed9f621e8,p8,False
MSE+RS,0,pm_off,"[2181, 10578, 1093, 499, 2351, 8430, 264, 2766, 43206, 449, 279, 502, 28423, 323, 18290, 922, 13490, 279, 8335, 499, 3077, 6575, 779, 2653, 311, 11322, 13, 358, 1390, 499, 311, 1440, 430, 433, 596, 6724, 4725, 311, 2733, 420, 1648, 11, 323, 433, 596, 2294, 430, 499, 2351, 61708, 701, 10742, 13, 3861, 3245, 430, 2643, 387, 11190, 374, 311, 1464, 1523, 701, 9021, 323, 30601, 1139, 9333, 11, 71128, 27855, 13, 1115, 649, 1304, 433, 2733, 2753, 22798, 323, 810, 89253, 13, 3639, 656, 499, 1781, 922, 4560, 311, 10765, 701, 1948, 30601, 323, 6968, 264, 9899, 430, 6276, 369, 2225, 990, 323, 4443, 892, 30, 128009]",0.13943901285529137,391eb62b5e02e9d7fc1641bfc3dc5e5a596f8ea76135eaa3fe1f3da77edf1b62,3249.2485309485346,0.04534609615802765,261.9911909569055,fc3614e51136bd06d07bb662c9a9cce629c3b4e0c5e331803390d245f61584ea,1619,3485.3596549946815,498.01436392590404,497.96287599019706,b0a340d4a786beb4bc5acd09bb9e79eb37919e147f581daa1b0b68c3fc13e398,True,168,109,7.177851162850857,3,0.0400240533053875,True,0,r0:state_386f27896b4ed9f621e8:pm_off,62be2aa856462e0b0f886989f193dde1eb5cf61069911ce4433a5d2f2c7ef2a9,"It sounds like you're feeling a bit overwhelmed with the new responsibilities and worried about losing the balance you've worked so hard to achieve. I want you to know that it's completely normal to feel this way, and it's great that you're acknowledging your concerns. One thing that might be helpful is to break down your goals and priorities into smaller, manageable chunks. This can make it feel less overwhelming and more achievable. What do you think about trying to identify your top priorities and creating a schedule that allows for both work and personal time?",224.70790287479758,p8:1,303,3,0.1139659434556961,3.8865949027240276,8,state_386f27896b4ed9f621e8,p8,False
M0+R0,0,context_only,"[2181, 10578, 1093, 499, 2351, 8430, 264, 5647, 315, 4353, 10629, 367, 922, 4737, 389, 810, 28423, 11, 719, 1101, 264, 12876, 311, 3139, 323, 2274, 46029, 13, 3053, 584, 13488, 1063, 4754, 15174, 369, 6376, 23546, 323, 45777, 4954, 701, 892, 11, 779, 430, 499, 649, 2733, 810, 16913, 304, 701, 5845, 311, 10299, 420, 502, 6776, 30, 128009]",0.1837429590523243,391eb62b5e02e9d7fc1641bfc3dc5e5a596f8ea76135eaa3fe1f3da77edf1b62,1699.9171681236476,0.036590034142136574,87.00607600621879,a88bc56b49d349d61b7055d0174bdab2452b7b2afc968f0ca85c6404c337fc09,436,1701.6750341281295,88.61440699547529,88.58019905164838,aa3b3d48e26f5dbe0e6e5b14fda4025702dd8720e8ec645615cc28c3a12417eb,True,169,60,0.007227994501590729,4,0.009273877367377281,,0,r0:state_386f27896b4ed9f621e8:context_only,62f5ec7e4ae7da3879ac7bbec5777449ef4f940fd17a112cd86f5261d352af1c,"It sounds like you're feeling a sense of trepidation about taking on more responsibilities, but also a desire to grow and develop professionally. Can we explore some potential strategies for setting boundaries and prioritizing your time, so that you can feel more confident in your ability to manage this new opportunity?",0.03636605106294155,p8:1,303,0,0.11467305012047291,1.3699920382350683,8,state_386f27896b4ed9f621e8,p8,False
MPMS+RS,0,pm_off,"[2181, 10578, 1093, 279, 4785, 315, 9293, 420, 8577, 374, 2216, 18534, 1523, 389, 499, 13, 3053, 499, 3371, 757, 810, 922, 1148, 596, 10043, 701, 12876, 311, 1304, 2771, 4395, 374, 4832, 30, 2209, 433, 264, 8850, 315, 39223, 701, 4885, 11, 477, 2555, 775, 11622, 30, 128009]",0.17658411525189877,391eb62b5e02e9d7fc1641bfc3dc5e5a596f8ea76135eaa3fe1f3da77edf1b62,1444.5712440647185,0.04827696830034256,122.23355006426573,478e7dfc244d9475c8c4628e657d1ba3c34e437f296f264b62c1f9d677336fd5,723,1647.5642200093716,325.1123488880694,325.049941893667,bc1efddc16d940978c451ff219fc52e91d4db643dca0845f449b79ee575155a0,True,170,49,7.016392890363932,0,0.03934605047106743,True,0,r0:state_9f80d2122468a6feed9e:pm_off,52b110e9357ca08fcfcde5a492821a2ee3cbb52fce2f0c7a6b0b8865fdef9310,"It sounds like the weight of planning this trip is really bearing down on you. Can you tell me more about what's driving your desire to make sure everything is perfect? Is it a fear of disappointing your friends, or something else entirely?",193.12332710251212,p3:2,303,3,0.14761392958462238,2.4414348881691694,3,state_9f80d2122468a6feed9e,p3,False
MPMSME+RS,0,fixed_off,"[2181, 10578, 1093, 279, 4785, 315, 9293, 420, 9178, 70993, 374, 2216, 18534, 1523, 389, 499, 13, 3053, 499, 3371, 757, 810, 922, 1148, 596, 10043, 701, 12876, 311, 1304, 2771, 4395, 5900, 14268, 30, 2209, 433, 264, 8850, 315, 39223, 701, 4885, 11, 477, 2555, 775, 11622, 30, 128009]",0.11641392484307289,391eb62b5e02e9d7fc1641bfc3dc5e5a596f8ea76135eaa3fe1f3da77edf1b62,1614.8097640834749,0.041659921407699585,260.2375049609691,6f878b65ede188abce2b59666351c9b033064a102302498140a9e707af9e2497,1565,1981.53189686127,626.8938349094242,626.8432238139212,744d49acfca98b1fa948a3dd698b4fc02a873f1807104c212827c439aaa44ea1,True,171,50,0.00947597436606884,1,0.049354974180459976,True,0,r0:state_9f80d2122468a6feed9e:fixed_off,0ebf9fd90717ece4df807627f939785d33da586dc50b2fed787d633bc0d11128,"It sounds like the weight of planning this weekend getaway is really bearing down on you. Can you tell me more about what's driving your desire to make sure everything goes perfectly? Is it a fear of disappointing your friends, or something else entirely?",362.7170149702579,p3:2,303,4,0.1606049481779337,3.6276080645620823,3,state_9f80d2122468a6feed9e,p3,False
M0+R0,0,context_only,"[2181, 10578, 1093, 279, 4785, 315, 12014, 374, 2216, 18534, 1523, 389, 499, 13, 1102, 596, 49839, 430, 499, 1390, 311, 1893, 264, 3361, 3217, 369, 701, 4885, 11, 719, 433, 596, 1101, 17339, 311, 25670, 430, 499, 649, 956, 2585, 4395, 13, 3053, 499, 3371, 757, 810, 922, 1148, 596, 10043, 701, 1205, 369, 39143, 304, 420, 6671, 30, 128009]",0.17849495634436607,391eb62b5e02e9d7fc1641bfc3dc5e5a596f8ea76135eaa3fe1f3da77edf1b62,1692.4188730772585,0.035760924220085144,72.21949496306479,65073c3e867af5bd62da2ce596f729acc3f75dfccdba46718c2c55e6f92e548d,314,1693.8780560158193,73.533542919904,73.50018294528127,ace22674e3f64500c710e25584efc82355390c7f9c852afee1cdcc31a273f3d5,True,172,61,0.00703311525285244,2,0.008661067113280296,,0,r0:state_9f80d2122468a6feed9e:context_only,ef395ce66766f7a5de30e0e51ce85f6d1ab1f3236d4ea64f1d35178c3bbe3ae5,"It sounds like the weight of responsibility is really bearing down on you. It's understandable that you want to create a special experience for your friends, but it's also okay to acknowledge that you can't control everything. Can you tell me more about what's driving your need for perfection in this situation?",0.024638837203383446,p3:2,303,0,0.11023390106856823,1.0943601373583078,3,state_9f80d2122468a6feed9e,p3,False
ME+R0,0,me_r0,"[2181, 10578, 1093, 499, 2351, 15691, 264, 2763, 315, 4785, 389, 701, 28004, 11, 323, 433, 596, 49839, 430, 499, 1390, 311, 1304, 2771, 5127, 706, 264, 2294, 892, 13, 3053, 499, 3371, 757, 810, 922, 1148, 596, 10043, 701, 12876, 369, 39143, 30, 2209, 433, 264, 8850, 315, 39223, 701, 4885, 11, 477, 2555, 775, 30, 128009]",0.16997288912534714,391eb62b5e02e9d7fc1641bfc3dc5e5a596f8ea76135eaa3fe1f3da77edf1b62,1779.5925040263683,0.05173496901988983,194.8118400759995,0a64c2688364f831e533e5ac23b122087af2cb386bc369089ff1ccf5c6f6db7a,1165,1786.6213989909738,201.75101701170206,201.67076215147972,b38fa0839cb862f9e6aa7660ce123c86ef50fe5013016e93f7b3c3ea0286d4a0,True,173,58,0.009202864021062851,3,0.020731939002871513,,0,r0:state_9f80d2122468a6feed9e:me_r0,2c546ac96f190e91f4b0a97d70d60bd6ec5654867c91005e5ba806f1918176ee,"It sounds like you're carrying a lot of weight on your shoulders, and it's understandable that you want to make sure everyone has a great time. Can you tell me more about what's driving your desire for perfection? Is it a fear of disappointing your friends, or something else?",3.0594440177083015,p3:2,303,1,0.1631481572985649,3.554660128429532,3,state_9f80d2122468a6feed9e,p3,False
MSE+RS,0,rule_off,"[2181, 10578, 1093, 279, 4785, 315, 9293, 420, 9178, 70993, 374, 2216, 18534, 1523, 389, 499, 13, 3053, 499, 3371, 757, 810, 922, 1148, 596, 10043, 701, 12876, 311, 1304, 2771, 4395, 5900, 14268, 30, 2209, 433, 264, 8850, 315, 39223, 701, 4885, 11, 477, 2555, 775, 11622, 30, 128009]",0.16723014414310455,391eb62b5e02e9d7fc1641bfc3dc5e5a596f8ea76135eaa3fe1f3da77edf1b62,1635.9756879974157,0.06048986688256264,258.8901240378618,91373efe4fc6a0aaf224be0d1cf1ef1710252d6a9cfc7f391d59f7267967eadf,1539,1853.0306010507047,475.8611510042101,475.7778069470078,48da0eb94f419b1a03f3378c98014ebfde43b30f0d9651d5a1d20294e14dbd46,True,174,50,195.91889483854175,4,0.05652010440826416,True,0,r0:state_9f80d2122468a6feed9e:rule_off,0ebf9fd90717ece4df807627f939785d33da586dc50b2fed787d633bc0d11128,"It sounds like the weight of planning this weekend getaway is really bearing down on you. Can you tell me more about what's driving your desire to make sure everything goes perfectly? Is it a fear of disappointing your friends, or something else entirely?",16.06182800605893,p3:2,303,3,0.14516804367303848,4.6447820495814085,3,state_9f80d2122468a6feed9e,p3,False
MSE+RS,0,rule_off,"[2181, 10578, 1093, 279, 7410, 311, 4587, 5127, 374, 47826, 17345, 389, 499, 11, 323, 433, 596, 14718, 24408, 304, 701, 12135, 449, 6941, 323, 48390, 13, 3053, 499, 3371, 757, 810, 922, 1148, 596, 10043, 701, 12876, 311, 1304, 2771, 5127, 374, 6380, 449, 279, 13306, 6787, 30, 128009]",0.10883505456149578,391eb62b5e02e9d7fc1641bfc3dc5e5a596f8ea76135eaa3fe1f3da77edf1b62,1596.0576159413904,0.057691941037774086,243.64332505501807,ad8e642d7dcb9f89dae23016e521a9f0ec03b7c3ac3b456c328832691c7d7ff2,1516,1793.7263580970466,441.251517040655,441.2032321561128,eeb7397646081250d5fc6d6d26049edaed5c1017214a4b11f4aaadcabd565ed1,True,175,50,181.10466189682484,0,0.042132800444960594,True,0,r0:state_a29f6bb7f961dea69b91:rule_off,9595c30b5838a52662e49e2c9bf622324192fadf811ebe71daf417246b1f8bea,"It sounds like the pressure to please everyone is weighing heavily on you, and it's causing tension in your relationships with David and Lily. Can you tell me more about what's driving your desire to make sure everyone is happy with the wedding plans?",12.372755212709308,p13:2,303,3,0.15208404511213303,3.8305812049657106,3,state_a29f6bb7f961dea69b91,p13,False
MS+RS,0,pm_off,"[40, 649, 3619, 1268, 653, 680, 2827, 10234, 323, 32647, 420, 1053, 1304, 499, 11, 8430, 1093, 499, 2351, 10791, 304, 279, 6278, 315, 5127, 596, 17078, 13, 1102, 10578, 1093, 499, 2351, 15691, 264, 8987, 4785, 11, 4560, 311, 8335, 701, 1866, 32097, 449, 279, 3966, 323, 18463, 315, 3885, 13, 3011, 649, 387, 2216, 74109, 323, 22798, 13, 128009]",0.11645490303635597,391eb62b5e02e9d7fc1641bfc3dc5e5a596f8ea76135eaa3fe1f3da77edf1b62,1743.705480126664,0.04471396096050739,121.05026212520897,5e8102f4075633000eae518aa6a186a8abb90e4f69e9e8a5f0d659880a0a579f,696,1911.839843960479,289.116800064221,289.0681710559875,bf02858490d6c6b7bf27e4d5ebf99aa8033c78f15e17c8a383639e5c3aed3a60,True,176,61,6.057657999917865,1,0.03108684904873371,True,0,r0:state_a29f6bb7f961dea69b91:pm_off,38e05960a8b33589d37e4b7bbec9427ac7164ca63897335e07776a0cb08639e3,"I can understand how unappreciated and stressed this would make you, feeling like you're caught in the middle of everyone's expectations. It sounds like you're carrying a heavy weight, trying to balance your own desires with the needs and opinions of others. That can be really draining and overwhelming.",159.6892699599266,p13:2,303,2,0.10873307473957539,2.086447086185217,3,state_a29f6bb7f961dea69b91,p13,False
ME+R0,0,me_r0,"[2181, 10578, 1093, 499, 2351, 15691, 264, 8987, 2865, 449, 279, 13306, 9293, 11, 323, 433, 596, 28987, 701, 12135, 449, 6941, 323, 48390, 13, 3053, 499, 3371, 757, 810, 922, 1148, 499, 2351, 16026, 311, 11322, 449, 279, 13306, 30, 3639, 527, 701, 2536, 5392, 67078, 2205, 82, 11, 323, 1148, 527, 499, 10032, 311, 30485, 389, 30, 128009]",0.11304114013910294,391eb62b5e02e9d7fc1641bfc3dc5e5a596f8ea76135eaa3fe1f3da77edf1b62,1790.658056968823,0.03612390719354153,181.84054107405245,c8fe3485ff47f8617522b0e8801233dfe4877f1941cfb7c7f520e9c5d661eb52,1145,1796.0620520170778,187.1960919816047,187.13149498216808,d58dc5aefcbb5beaa5b2c682ffb6a6489210ce85147a9ccaf17ac1464c61bda6,True,177,60,0.006010057404637337,2,0.014032004401087761,,0,r0:state_a29f6bb7f961dea69b91:me_r0,d961520751ec7ce1f340d6d93a2833553ed56382a9e6033a5a78784d7f1f497f,"It sounds like you're carrying a heavy load with the wedding planning, and it's affecting your relationships with David and Lily. Can you tell me more about what you're hoping to achieve with the wedding? What are your non-negotiables, and what are you willing to compromise on?",2.4567910004407167,p13:2,303,1,0.1017088070511818,2.67628813162446,3,state_a29f6bb7f961dea69b91,p13,False
M0+R0,0,context_only,"[2181, 10578, 1093, 499, 2351, 15691, 264, 8987, 4785, 389, 701, 28004, 11, 4560, 311, 3449, 5127, 596, 17078, 1418, 1101, 19994, 837, 311, 6261, 13, 3011, 649, 387, 2216, 79953, 13, 3053, 499, 3371, 757, 810, 922, 1148, 499, 3987, 311, 636, 704, 315, 420, 13306, 11, 7953, 1120, 279, 1567, 5196, 30, 3639, 596, 1455, 3062, 311, 499, 11, 323, 1148, 1053, 1304, 433, 2733, 9615, 3361, 30, 128009]",0.12650899589061737,391eb62b5e02e9d7fc1641bfc3dc5e5a596f8ea76135eaa3fe1f3da77edf1b62,1954.8323950730264,0.03587990067899227,71.77813514135778,fe0cf77b0ce622c994f569afcf3f2d39d94899c8917ce82b15775503f28d8cf5,316,1956.2304189894348,73.08363192714751,73.04965006187558,0a5973ca311e778170d39028495e258a3b621387c311a9ab4b43a87f5b43d685,True,178,71,0.0064158812165260315,3,0.008287839591503143,,0,r0:state_a29f6bb7f961dea69b91:context_only,55c3f4f593e80f7050cdae3c6b56907740dd3173078fce5ab57375536bb80a39,"It sounds like you're carrying a heavy weight on your shoulders, trying to meet everyone's expectations while also staying true to yourself. That can be really exhausting. Can you tell me more about what you hope to get out of this wedding, beyond just the event itself? What's most important to you, and what would make it feel truly special?",0.02560415305197239,p13:2,303,0,0.10715308599174023,1.0881740599870682,3,state_a29f6bb7f961dea69b91,p13,False
MPMSME+RS,0,fixed_off,"[2181, 10578, 1093, 279, 7410, 311, 4587, 5127, 374, 47826, 17345, 389, 499, 11, 323, 433, 596, 14718, 24408, 304, 701, 12135, 449, 6941, 323, 48390, 13, 3053, 499, 3371, 757, 810, 922, 1148, 596, 10043, 701, 12876, 311, 1304, 2771, 5127, 374, 6380, 449, 279, 13306, 6787, 30, 128009]",0.106744933873415,391eb62b5e02e9d7fc1641bfc3dc5e5a596f8ea76135eaa3fe1f3da77edf1b62,1612.5984760001302,0.04154397174715996,259.36841196380556,54fbbf00c2b596de04c3bfad2669827a9245b9933bde57be918f4008fee378a5,1541,1782.271732809022,428.9851379580796,428.93492383882403,2b26cf226494ca5b787179e80550904e40d5659f00a95c84bbe59219deaa0fba,True,179,50,0.006644986569881439,4,0.04180590622127056,True,0,r0:state_a29f6bb7f961dea69b91:fixed_off,9595c30b5838a52662e49e2c9bf622324192fadf811ebe71daf417246b1f8bea,"It sounds like the pressure to please everyone is weighing heavily on you, and it's causing tension in your relationships with David and Lily. Can you tell me more about what's driving your desire to make sure everyone is happy with the wedding plans?",165.71009391918778,p13:2,303,4,0.1045609824359417,3.6618621088564396,3,state_a29f6bb7f961dea69b91,p13,False
MPMSME+RS,0,fixed_off,"[2181, 10578, 1093, 499, 2351, 8430, 264, 2766, 21830, 1990, 19762, 311, 10519, 420, 502, 8830, 449, 701, 6699, 323, 45777, 4954, 701, 1866, 10723, 2890, 13, 3053, 499, 3371, 757, 810, 922, 1148, 596, 10168, 499, 1203, 505, 7373, 40583, 311, 4737, 2512, 315, 6261, 304, 420, 6671, 30, 128009]",0.1758758444339037,391eb62b5e02e9d7fc1641bfc3dc5e5a596f8ea76135eaa3fe1f3da77edf1b62,1718.2297341059893,0.044201966375112534,305.5136410985142,57f60bfc7c2e8c625ff518364ac5e348623a35e46792757eb46cbefe44d17d04,1844,1942.625364055857,529.7825562302023,529.733395203948,2fa17e8f62e2ed8000f80b990a56f66e4f55eac121f248f93a8ebd363d0e5ca6,True,180,51,0.0062158796936273575,0,0.04755798727273941,True,0,r0:state_66872e1a536d8b32a329:fixed_off,61bd7bc5f470b6c8736aac74dcb802ff9267ef2a83aa78ece5135b9a481f401c,It sounds like you're feeling a bit torn between wanting to maintain this new understanding with your parents and prioritizing your own mental health. Can you tell me more about what's holding you back from fully committing to taking care of yourself in this situation?,219.60422699339688,p1:1,101,4,0.10777916759252548,4.409772111102939,8,state_66872e1a536d8b32a329,p1,False
M0+R0,0,context_only,"[2181, 10578, 1093, 499, 2351, 8430, 264, 5647, 315, 12014, 311, 3412, 8800, 420, 5208, 449, 701, 6699, 11, 1418, 1101, 49183, 279, 12939, 315, 45777, 4954, 701, 1866, 1664, 33851, 13, 3011, 649, 387, 264, 2216, 11292, 8335, 311, 13471, 13, 3053, 499, 3371, 757, 810, 922, 1148, 499, 1781, 1053, 3621, 422, 499, 1051, 311, 63652, 701, 1866, 3966, 11, 323, 1268, 430, 2643, 5536, 701, 5133, 449, 701, 6699, 30, 128009]",0.13132113963365555,391eb62b5e02e9d7fc1641bfc3dc5e5a596f8ea76135eaa3fe1f3da77edf1b62,2062.2907739598304,0.0520939938724041,87.67282799817622,5ba41da68dae7e66d4e94d72eb5e6b1c4f9427f78fd6da1c77c5ef671d4992d8,437,2064.5900149829686,89.90136790089309,89.84074788168073,1694404129f6d6d165829864a6b4ebd4a9084f6d479880cbdcd2fdc15335722c,True,181,74,0.009431038051843643,1,0.013696029782295227,,0,r0:state_66872e1a536d8b32a329:context_only,c014886d27ee8218dab749e9d1989c3533f360c92de64299aad9708d7734d66f,"It sounds like you're feeling a sense of responsibility to hold onto this progress with your parents, while also recognizing the importance of prioritizing your own well-being. That can be a really tough balance to strike. Can you tell me more about what you think would happen if you were to prioritize your own needs, and how that might impact your relationship with your parents?",0.05190796218812466,p1:1,101,0,0.16074883751571178,1.8800420220941305,8,state_66872e1a536d8b32a329,p1,False
MSE+RS,0,rule_off,"[2181, 10578, 1093, 499, 2351, 8430, 264, 2766, 21830, 1990, 19762, 311, 10519, 420, 502, 8830, 449, 701, 6699, 323, 45777, 4954, 701, 1866, 10723, 2890, 13, 3053, 499, 3371, 757, 810, 922, 1148, 596, 10168, 499, 1203, 505, 7373, 40583, 311, 4737, 2512, 315, 6261, 304, 420, 6671, 30, 128009]",0.11509913019835949,391eb62b5e02e9d7fc1641bfc3dc5e5a596f8ea76135eaa3fe1f3da77edf1b62,1694.6528740227222,0.046967994421720505,305.53423915989697,3ce6028d9da20c1413ae198623b279d27047bba49004c57fcfa88828af750d33,1819,1925.1539160031825,535.9706168528646,535.9201820101589,59831f36a4bb815b59960366419401e27f6815732cd7f90135e10228cc2c1eaf,True,182,51,211.56716789118946,2,0.04124501720070839,True,0,r0:state_66872e1a536d8b32a329:rule_off,61bd7bc5f470b6c8736aac74dcb802ff9267ef2a83aa78ece5135b9a481f401c,It sounds like you're feeling a bit torn between wanting to maintain this new understanding with your parents and prioritizing your own mental health. Can you tell me more about what's holding you back from fully committing to taking care of yourself in this situation?,14.167171204462647,p1:1,101,3,0.111341942101717,4.452048800885677,8,state_66872e1a536d8b32a329,p1,False
MSE+RS,0,pm_off,"[2181, 10578, 1093, 499, 2351, 8430, 264, 2766, 21830, 1990, 19762, 311, 10519, 420, 502, 8830, 449, 701, 6699, 323, 45777, 4954, 701, 1866, 10723, 2890, 13, 3053, 499, 3371, 757, 810, 922, 1148, 596, 10168, 499, 1203, 505, 7373, 40583, 311, 4737, 2512, 315, 6261, 304, 420, 6671, 30, 128009]",0.1134390477091074,391eb62b5e02e9d7fc1641bfc3dc5e5a596f8ea76135eaa3fe1f3da77edf1b62,1692.4041640013456,0.042936066165566444,305.06851710379124,3ce6028d9da20c1413ae198623b279d27047bba49004c57fcfa88828af750d33,1819,1927.018515067175,539.625562960282,539.5694291219115,59831f36a4bb815b59960366419401e27f6815732cd7f90135e10228cc2c1eaf,True,183,51,7.145527051761746,3,0.04244502633810043,True,0,r0:state_66872e1a536d8b32a329:pm_off,61bd7bc5f470b6c8736aac74dcb802ff9267ef2a83aa78ece5135b9a481f401c,It sounds like you're feeling a bit torn between wanting to maintain this new understanding with your parents and prioritizing your own mental health. Can you tell me more about what's holding you back from fully committing to taking care of yourself in this situation?,222.75770106352866,p1:1,101,3,0.1150909811258316,4.397211829200387,8,state_66872e1a536d8b32a329,p1,False
ME+R0,0,me_r0,"[2181, 10578, 1093, 499, 2351, 8430, 264, 5647, 315, 34104, 323, 27924, 922, 1268, 311, 10519, 420, 502, 8830, 449, 701, 6699, 1418, 45777, 4954, 701, 1866, 3966, 13, 3011, 649, 387, 264, 2216, 36301, 8335, 311, 13471, 13, 3053, 499, 3371, 757, 810, 922, 1148, 499, 1781, 1053, 1205, 311, 3621, 369, 499, 311, 2733, 1093, 499, 2351, 9455, 430, 8335, 30, 128009]",0.11896411888301373,391eb62b5e02e9d7fc1641bfc3dc5e5a596f8ea76135eaa3fe1f3da77edf1b62,1979.8114218283445,0.03547198139131069,243.00257791765034,72247b4b70e50deab56e3c77fdc41afeb3a992d9e5f09f7ea06267e0559129ae,1511,1987.8044968936592,250.92233391478658,250.8766888640821,c606f74ac5788e214bd577db45cd057c37eb7d382cc869ebd99fbf3752080ce3,True,184,64,0.006885034963488579,4,0.016893958672881126,,0,r0:state_66872e1a536d8b32a329:me_r0,ea17e0013f3741da096a2dd37b2f5e8532dd426cfea77c6e734fa2d61449160b,It sounds like you're feeling a sense of vulnerability and uncertainty about how to maintain this new understanding with your parents while prioritizing your own needs. That can be a really delicate balance to strike. Can you tell me more about what you think would need to happen for you to feel like you're finding that balance?,4.187593003734946,p1:1,101,1,0.11301180347800255,3.514255164191127,8,state_66872e1a536d8b32a329,p1,False
MPMSME+RS,0,fixed_off,"[2181, 10578, 1093, 499, 2351, 8430, 264, 2763, 315, 4785, 389, 701, 28004, 449, 420, 5597, 13, 3053, 499, 3371, 757, 810, 922, 1148, 596, 1027, 2133, 389, 449, 701, 3450, 596, 2512, 323, 1268, 430, 596, 74055, 701, 7446, 2324, 30, 128009]",0.11208513751626015,391eb62b5e02e9d7fc1641bfc3dc5e5a596f8ea76135eaa3fe1f3da77edf1b62,1423.5802269540727,0.04350487142801285,261.64142903871834,c95b5f49f0d207fcb2f482e7ae8d793e41c297b609aa55ea526298b6337f47bc,1603,1582.5382510665804,420.54365295916796,420.4873680137098,9dc7d4f713934f9dbeb4a5cb4561d0f821c0d1789d3150ab8d62fe2c28f77640,True,185,43,0.007983995601534843,0,0.042912084609270096,True,0,r0:state_e3ae4b1a11e31be0e9cc:fixed_off,9c5c5cb32de1f133f3e5cbaf56e5706a05dde661cf5402eeab2fff522d708f9f,It sounds like you're feeling a lot of weight on your shoulders with this decision. Can you tell me more about what's been going on with your mom's care and how that's impacting your daily life?,154.68170796521008,p18:1,202,4,0.11047697626054287,3.959353081882,3,state_e3ae4b1a11e31be0e9cc,p18,False
MSE+RS,0,rule_off,"[2181, 10578, 1093, 499, 2351, 8430, 2216, 21830, 922, 420, 5597, 11, 323, 433, 596, 47826, 17345, 389, 499, 13, 3053, 499, 3371, 757, 810, 922, 1148, 596, 1027, 2133, 1555, 701, 4059, 994, 499, 1781, 922, 279, 8882, 323, 1615, 315, 420, 502, 2683, 3085, 30, 3639, 527, 1063, 315, 279, 2574, 430, 527, 3339, 433, 2653, 369, 499, 311, 10491, 30, 128009]",0.12735091149806976,391eb62b5e02e9d7fc1641bfc3dc5e5a596f8ea76135eaa3fe1f3da77edf1b62,2020.9785199258476,0.04296703264117241,261.0875619575381,be1732aed9823224a1b131c52438e48234976c3e28be29427ef9fb416725c9c8,1573,2182.363091968,422.40069108083844,422.34478308819234,8d3ec92774755b416cb6036d274420edc4c72bf8ca011ce69c1dab08a27ec725,True,186,64,147.58083410561085,1,0.03435998223721981,True,0,r0:state_e3ae4b1a11e31be0e9cc:rule_off,539092c058fa807bfc01d1c0469a90a271efc6495f1fe482aa5525430d405b01,"It sounds like you're feeling really torn about this decision, and it's weighing heavily on you. Can you tell me more about what's been going through your mind when you think about the pros and cons of this new job offer? What are some of the things that are making it hard for you to decide?",9.667133912444115,p18:1,202,3,0.10769395157694817,3.8242321461439133,3,state_e3ae4b1a11e31be0e9cc,p18,False
MSE+RS,0,pm_off,"[2181, 10578, 1093, 499, 2351, 8430, 2216, 21830, 922, 420, 5597, 11, 323, 433, 596, 47826, 17345, 389, 499, 13, 3053, 499, 3371, 757, 810, 922, 1148, 596, 1027, 2133, 1555, 701, 4059, 994, 499, 1781, 922, 279, 8882, 323, 1615, 315, 420, 502, 2683, 3085, 30, 3639, 527, 1063, 315, 279, 2574, 430, 527, 3339, 433, 2653, 369, 499, 311, 10491, 30, 128009]",0.18424401059746742,391eb62b5e02e9d7fc1641bfc3dc5e5a596f8ea76135eaa3fe1f3da77edf1b62,2006.3882898539305,0.04471815191209316,259.83471190556884,be1732aed9823224a1b131c52438e48234976c3e28be29427ef9fb416725c9c8,1573,2173.5688589978963,426.8910591490567,426.8310370389372,8d3ec92774755b416cb6036d274420edc4c72bf8ca011ce69c1dab08a27ec725,True,187,64,6.035654107108712,2,0.03748317249119282,True,0,r0:state_e3ae4b1a11e31be0e9cc:pm_off,539092c058fa807bfc01d1c0469a90a271efc6495f1fe482aa5525430d405b01,"It sounds like you're feeling really torn about this decision, and it's weighing heavily on you. Can you tell me more about what's been going through your mind when you think about the pros and cons of this new job offer? What are some of the things that are making it hard for you to decide?",156.9385938346386,p18:1,202,3,0.10829302482306957,3.8315828423947096,3,state_e3ae4b1a11e31be0e9cc,p18,False
ME+R0,0,me_r0,"[2181, 10578, 1093, 499, 2351, 15691, 264, 8987, 4785, 449, 420, 5597, 11, 323, 433, 596, 49839, 430, 499, 2351, 18290, 922, 3339, 279, 5076, 5873, 1578, 13, 3053, 499, 3371, 757, 810, 922, 1148, 596, 10168, 499, 1203, 505, 3339, 264, 5597, 430, 11321, 1314, 369, 499, 11, 8994, 279, 8882, 315, 279, 502, 2683, 3085, 30, 128009]",0.18227309919893742,391eb62b5e02e9d7fc1641bfc3dc5e5a596f8ea76135eaa3fe1f3da77edf1b62,1811.820396920666,0.055175041779875755,199.10633703693748,92131d617ccbcfc6c63eb263cf93a88315288a9048665371097fd9fffb6c2b52,1278,1817.718385020271,204.91776103153825,204.82205203734338,2eb6883494006d9ef6e68a858ac81d078647c6ddd40ea898d5d1b044e4ac6a8d,True,188,59,0.008899020031094551,3,0.01896708272397518,,0,r0:state_e3ae4b1a11e31be0e9cc:me_r0,f6feea343cbbc5647799fec204c369431501dcf096d843fb21af9505e8da80da,"It sounds like you're carrying a heavy weight with this decision, and it's understandable that you're worried about making the wrong choice again. Can you tell me more about what's holding you back from making a decision that feels right for you, despite the pros of the new job offer?",1.658499939367175,p18:1,202,1,0.15360303223133087,3.820570884272456,3,state_e3ae4b1a11e31be0e9cc,p18,False
M0+R0,0,context_only,"[2181, 10578, 1093, 499, 2351, 15691, 264, 2763, 315, 4785, 389, 701, 28004, 11, 539, 1120, 449, 279, 5597, 5196, 11, 719, 1101, 449, 279, 8850, 315, 3339, 2500, 5873, 430, 2643, 539, 990, 704, 13, 3053, 499, 3371, 757, 810, 922, 1148, 596, 1027, 2133, 1555, 701, 4059, 994, 499, 1781, 922, 3339, 264, 5597, 430, 2643, 3063, 311, 23023, 30, 128009]",0.1250188797712326,391eb62b5e02e9d7fc1641bfc3dc5e5a596f8ea76135eaa3fe1f3da77edf1b62,1760.3992321528494,0.05412893369793892,73.0115151964128,7faf26fc4759b5749616560dfb2e653d0c603da36e482321c5ab597fe5d10c21,317,1762.308188015595,74.864397989586,74.79545217938721,37f4864d2f185f9f46f5eebab7a5740bf59bb6b8451483b4add8210553149957,True,189,63,0.00930693931877613,4,0.012184027582406998,,0,r0:state_e3ae4b1a11e31be0e9cc:context_only,d9ef026a21047f0880f47df389418c40d7febd381ef15c6db918e00762b7710c,"It sounds like you're carrying a lot of weight on your shoulders, not just with the decision itself, but also with the fear of making another choice that might not work out. Can you tell me more about what's been going through your mind when you think about making a decision that might lead to regret?",0.03839191049337387,p18:1,202,0,0.15281117521226406,1.51711399666965,3,state_e3ae4b1a11e31be0e9cc,p18,False
MSE+RS,0,rule_off,"[2181, 10578, 1093, 499, 2351, 8430, 264, 2763, 315, 7410, 505, 5361, 18445, 1314, 1457, 13, 1102, 596, 6724, 49839, 311, 2733, 43206, 994, 13126, 264, 2466, 2349, 1093, 7366, 304, 449, 701, 8427, 11, 5423, 994, 499, 2351, 2103, 48309, 704, 701, 7076, 323, 14584, 1853, 13, 3053, 499, 3371, 757, 810, 922, 1148, 596, 10168, 499, 1203, 505, 8430, 5644, 369, 420, 1828, 3094, 30, 128009]",0.12923707254230976,391eb62b5e02e9d7fc1641bfc3dc5e5a596f8ea76135eaa3fe1f3da77edf1b62,2077.471711905673,0.04313001409173012,232.53596993163228,89f020bc751e5a9aeaaa31dd0be3e3cd6cd43fcb6610671eb02da7b03160fc50,1385,2393.781780032441,548.769379965961,548.7168009858578,ff86d66230ff26009733318cfd98f87c724fbb1862cf81012b4e830902278755,True,190,68,164.47618207894266,0,0.040525104850530624,True,0,r0:state_6c0300648c118135c8d6:rule_off,3b04bc26294904db14a9ae089a91547e8879f2dab9ed18a0a655cf6f36a1ec8b,"It sounds like you're feeling a lot of pressure from multiple directions right now. It's completely understandable to feel overwhelmed when considering a big change like moving in with your partner, especially when you're still figuring out your career and academic path. Can you tell me more about what's holding you back from feeling ready for this next step?",148.0921998154372,p15:2,202,3,0.1087819691747427,3.4200120717287064,3,state_6c0300648c118135c8d6,p15,False
M0+R0,0,context_only,"[2181, 10578, 1093, 499, 2351, 8430, 264, 2766, 21830, 1990, 279, 28361, 315, 420, 502, 12735, 449, 19475, 323, 279, 27924, 315, 701, 1866, 1853, 13, 3011, 649, 387, 264, 2216, 11292, 7858, 311, 387, 304, 13, 3053, 499, 3371, 757, 810, 922, 1148, 596, 10043, 701, 18547, 2212, 3339, 264, 15507, 1093, 7366, 304, 3871, 30, 2209, 433, 279, 8850, 315, 13490, 701, 24589, 11, 477, 2555, 775, 11622, 30, 128009]",0.12962520122528076,391eb62b5e02e9d7fc1641bfc3dc5e5a596f8ea76135eaa3fe1f3da77edf1b62,1983.4188728127629,0.03587314859032631,72.27820390835404,e4b14f3dd3826cb0f1d6c4b01dc165dd5603b12324be1ff2c7f9033f0308c1c7,314,1984.863568097353,73.6284430604428,73.59327399171889,b8809a602f2e98933ea5f39a2a6419bc8316a3c7d1746e8a642dc605cdccef41,True,191,72,0.006563030183315277,1,0.008696923032402992,,0,r0:state_6c0300648c118135c8d6:context_only,63693b2195212ba8f13a48a3c13c6bc0117af3f03868b80d2149daff934eb454,"It sounds like you're feeling a bit torn between the excitement of this new chapter with Matthew and the uncertainty of your own path. That can be a really tough spot to be in. Can you tell me more about what's driving your anxiety around making a commitment like moving in together? Is it the fear of losing your independence, or something else entirely?",0.026348046958446503,p15:2,202,0,0.11253193952143192,1.1250569950789213,3,state_6c0300648c118135c8d6,p15,False
ME+R0,0,me_r0,"[2181, 10578, 1093, 499, 2351, 8430, 264, 2763, 315, 7410, 505, 5361, 18445, 1314, 1457, 13, 1102, 596, 6724, 49839, 430, 499, 2351, 8430, 36218, 922, 40583, 311, 7366, 304, 449, 19475, 994, 499, 2351, 2103, 48309, 704, 701, 7076, 323, 4443, 5216, 13, 3053, 499, 3371, 757, 810, 922, 1148, 596, 10168, 499, 1203, 505, 8430, 810, 16913, 304, 701, 5597, 28846, 1314, 1457, 30, 128009]",0.12647593393921852,391eb62b5e02e9d7fc1641bfc3dc5e5a596f8ea76135eaa3fe1f3da77edf1b62,1976.426003035158,0.03647804260253906,179.31267502717674,b22249411d34b3c7b2cb0acdbd0088bd4249ac892e275e7021872faad5fd7174,1026,1981.5844448748976,184.38203702680767,184.3446409329772,653dd6470bffe276a5b2b3721ae74d90704de9b7e41e55e18fa8d56eff890fd8,True,192,67,0.006443820893764496,2,0.013936078175902367,,0,r0:state_6c0300648c118135c8d6:me_r0,d19fe5fff5a17dcbaa3f0f91e25cfd13ec03f55c0d734603aa75979558ce8ae9,It sounds like you're feeling a lot of pressure from multiple directions right now. It's completely understandable that you're feeling uncertain about committing to moving in with Matthew when you're still figuring out your career and personal direction. Can you tell me more about what's holding you back from feeling more confident in your decision-making right now?,2.3315621074289083,p15:2,202,1,0.11191703379154205,2.5316288229078054,3,state_6c0300648c118135c8d6,p15,False
MS+RS,0,pm_off,"[2181, 10578, 1093, 499, 2351, 8430, 264, 2766, 21830, 1990, 279, 28361, 315, 420, 502, 3094, 304, 701, 5133, 323, 279, 27924, 922, 3508, 499, 2351, 5644, 369, 433, 13, 3011, 596, 264, 2216, 4279, 8430, 11, 5423, 994, 499, 2351, 304, 264, 4261, 315, 9320, 323, 48309, 704, 701, 1828, 7504, 13, 3053, 499, 3371, 757, 810, 922, 1148, 596, 10168, 499, 1203, 505, 8430, 810, 16913, 922, 420, 5597, 30, 128009]",0.12682308442890644,391eb62b5e02e9d7fc1641bfc3dc5e5a596f8ea76135eaa3fe1f3da77edf1b62,2068.8649509102106,0.045221997424960136,119.80641190893948,1e599108258b5d0b48765bbfcb680042c445d5b17b6b16352b537740a83d33f1,682,2248.306290945038,299.1669890470803,299.12092885933816,4e25dddc4ba24e0490b6347da4febb3c72b1005568a47792aca663634a0d3020,True,193,73,5.975368898361921,3,0.03137695603072643,True,0,r0:state_6c0300648c118135c8d6:pm_off,f9ac0a01ee3f4f5922e8f6138160504127f7d864b19848cd5b421ee78476d641,"It sounds like you're feeling a bit torn between the excitement of this new step in your relationship and the uncertainty about whether you're ready for it. That's a really common feeling, especially when you're in a period of transition and figuring out your next steps. Can you tell me more about what's holding you back from feeling more confident about this decision?",171.04202811606228,p15:2,202,2,0.10903598740696907,2.111484995111823,3,state_6c0300648c118135c8d6,p15,False
MPMSME+RS,0,fixed_off,"[2181, 10578, 1093, 499, 2351, 8430, 264, 2763, 315, 7410, 505, 5361, 18445, 1314, 1457, 13, 1102, 596, 6724, 49839, 311, 2733, 43206, 994, 499, 2351, 4560, 311, 8335, 701, 14584, 323, 4443, 2324, 13, 3053, 499, 3371, 757, 810, 922, 1148, 596, 1027, 2133, 389, 449, 701, 14584, 28970, 30, 3639, 11951, 706, 1027, 17436, 369, 499, 30, 128009]",0.11632801033556461,391eb62b5e02e9d7fc1641bfc3dc5e5a596f8ea76135eaa3fe1f3da77edf1b62,1869.6197799872607,0.0459509901702404,244.50694187544286,a568fc63194d7581c2e044be0d28905ea4e8cefcb4e171307a56fe4da4ec6970,1412,2048.6502959392965,423.4835689421743,423.4211298171431,0dbcb0e38eef9368df1d32b99c488f795c0a1a2d8f2198bdde1a65b1dcbd8bd1,True,194,60,0.007387017831206322,4,0.04394189454615116,True,0,r0:state_6c0300648c118135c8d6:fixed_off,9a20dddda1ed3e9d644a8b1412db72d40fdd2680f6f2e5367dd1a5581655608f,It sounds like you're feeling a lot of pressure from multiple directions right now. It's completely understandable to feel overwhelmed when you're trying to balance your academic and personal life. Can you tell me more about what's been going on with your academic struggles? What specifically has been challenging for you?,175.21047196350992,p15:2,202,4,0.10967999696731567,3.4967560786753893,3,state_6c0300648c118135c8d6,p15,False
ME+R0,0,me_r0,"[2181, 10578, 1093, 9298, 8766, 1578, 706, 75940, 709, 264, 2763, 315, 21958, 323, 19459, 430, 499, 3463, 499, 1047, 27023, 449, 13, 1102, 596, 6724, 4725, 311, 2733, 83374, 323, 23023, 1285, 922, 279, 3347, 11, 5423, 994, 433, 596, 17791, 311, 264, 5199, 5133, 13, 3053, 499, 3371, 757, 810, 922, 1148, 596, 1027, 2133, 1555, 701, 4059, 2533, 9298, 8766, 30, 3639, 527, 1063, 315, 279, 3230, 19459, 477, 16024, 430, 617, 1027, 5108, 709, 369, 499, 30, 128009]",0.1337879803031683,391eb62b5e02e9d7fc1641bfc3dc5e5a596f8ea76135eaa3fe1f3da77edf1b62,2458.5421869996935,0.037248944863677025,231.7982108797878,d6707a62ea1be68fc8ad11a68182263b9aed7dfe33541cbd0a91ae074b7252fe,1350,2464.7399350069463,237.91100503876805,237.86217090673745,a77957ac71b7a0a7cb2ad08873e768abfdb5fc45893b743370756fcc27645be8,True,195,82,0.007409136742353439,0,0.015018042176961899,,0,r0:state_21bae6b972f2df1611a6:me_r0,5ba22cad4653be7af587a3f168271a987bb3d9c2a553862f5c9530947f2dd0af,"It sounds like seeing Bill again has stirred up a lot of emotions and memories that you thought you had dealt with. It's completely normal to feel nostalgic and regretful about the past, especially when it's tied to a significant relationship. Can you tell me more about what's been going through your mind since seeing Bill? What are some of the specific memories or feelings that have been coming up for you?",2.770257880911231,p16:2,101,1,0.11052889749407768,3.123497124761343,3,state_21bae6b972f2df1611a6,p16,False
M0+R0,0,context_only,"[2181, 10578, 1093, 420, 13123, 706, 2216, 75940, 709, 264, 2763, 315, 2362, 21958, 323, 19459, 13, 1102, 596, 6724, 4725, 311, 2733, 61508, 323, 68770, 839, 994, 584, 2351, 41782, 449, 81261, 16024, 13, 3053, 499, 3371, 757, 810, 922, 1148, 596, 1027, 2133, 1555, 701, 4059, 2533, 9298, 8766, 30, 3639, 527, 1063, 315, 279, 3230, 19459, 477, 16024, 430, 617, 1027, 5108, 709, 369, 499, 30, 128009]",0.13596215285360813,391eb62b5e02e9d7fc1641bfc3dc5e5a596f8ea76135eaa3fe1f3da77edf1b62,1929.2112798430026,0.03536301665008068,72.000612039119,2c69d03b7a906bcf3998b8b97b2087f513f018bcfdc0b90613612b6976ec1b3f,314,1930.6098530068994,73.29682097770274,73.2632230501622,d2b4553d448f0b4a5a30924242f0c4888e86ac8d1d0d902d9727f142ca84f1a6,True,196,70,0.007273862138390541,1,0.008088070899248123,,0,r0:state_21bae6b972f2df1611a6:context_only,08496e2a5236201fad5af96647baed482236a599e53be13f168db46e7b2a0bd6,It sounds like this encounter has really stirred up a lot of old emotions and memories. It's completely normal to feel drained and unsettled when we're confronted with unresolved feelings. Can you tell me more about what's been going through your mind since seeing Bill? What are some of the specific memories or feelings that have been coming up for you?,0.02499297261238098,p16:2,101,0,0.10933703742921352,1.077556051313877,3,state_21bae6b972f2df1611a6,p16,False
MPMSME+RS,0,fixed_off,"[2181, 10578, 1093, 9298, 8766, 1578, 706, 75940, 709, 264, 2763, 315, 21958, 323, 19459, 430, 499, 3463, 499, 1047, 27023, 449, 13, 1102, 596, 1093, 701, 4059, 323, 4851, 527, 4560, 311, 1920, 4395, 682, 927, 1578, 13, 3053, 499, 3371, 757, 810, 922, 1148, 596, 1027, 2133, 1555, 701, 4059, 323, 4851, 2533, 499, 5602, 1461, 30, 3639, 527, 1063, 315, 279, 19459, 323, 16024, 430, 2567, 5108, 709, 369, 499, 30, 128009]",0.12910296209156513,391eb62b5e02e9d7fc1641bfc3dc5e5a596f8ea76135eaa3fe1f3da77edf1b62,2348.961606854573,0.0448829960078001,297.9914559982717,93b9e1ab64fa03bd2f4dc34ee321a2ab808f5b1ab419ba876612b8ad42b1ce82,1760,2519.977195886895,468.93442003056407,468.8779420685023,d46a1e4009366e4c22d886d1b7a59a2b36a475f7487dcd86c1de0c2125821d74,True,197,75,0.007088994607329369,2,0.0463719479739666,True,0,r0:state_21bae6b972f2df1611a6:fixed_off,11b53b90ddbc9b7fcd880910349f07513a76cf1b0954a6ed2b7713b57b6510f5,It sounds like seeing Bill again has stirred up a lot of emotions and memories that you thought you had dealt with. It's like your mind and heart are trying to process everything all over again. Can you tell me more about what's been going through your mind and heart since you saw him? What are some of the memories and feelings that keep coming up for you?,166.41031601466238,p16:2,101,4,0.10898802429437637,4.268838092684746,3,state_21bae6b972f2df1611a6,p16,False
MP+RS,0,pm_off,"[2181, 10578, 1093, 9298, 8766, 1578, 706, 75940, 709, 264, 2763, 315, 21958, 323, 19459, 430, 499, 3463, 499, 1047, 27023, 449, 13, 3011, 649, 387, 2216, 92080, 323, 74109, 13, 3053, 499, 3371, 757, 810, 922, 1148, 596, 1027, 2133, 1555, 701, 4059, 2533, 279, 13123, 30, 3639, 527, 1063, 315, 279, 3230, 11555, 477, 16024, 430, 617, 1027, 64610, 369, 499, 30, 128009]",0.12486521154642105,391eb62b5e02e9d7fc1641bfc3dc5e5a596f8ea76135eaa3fe1f3da77edf1b62,1850.5807069595903,0.044764019548892975,119.38874400220811,a53433420dcf9d1d5b50ebfe78e45804e924c80352fa0dbe0d785d313ab4d28b,649,2017.8239750675857,286.55374189838767,286.5071468986571,62a889df8207f523b7e803c3e79db0e7f44f91d309d0adf150d5dbe1e1c2f785,True,198,65,5.82789396867156,3,0.030995812267065048,True,0,r0:state_21bae6b972f2df1611a6:pm_off,aed0b26b41ab57240d7e8093dc2b2fb2462e01bdde3583c5b241bd8da642d5d1,It sounds like seeing Bill again has stirred up a lot of emotions and memories that you thought you had dealt with. That can be really unsettling and draining. Can you tell me more about what's been going through your mind since the encounter? What are some of the specific thoughts or feelings that have been lingering for you?,159.07664713449776,p16:2,101,2,0.1080839429050684,2.0300180185586214,3,state_21bae6b972f2df1611a6,p16,False
MSE+RS,0,rule_off,"[2181, 10578, 1093, 9298, 8766, 1578, 706, 75940, 709, 264, 2763, 315, 21958, 323, 19459, 430, 499, 3463, 499, 1047, 27023, 449, 13, 1102, 596, 1093, 701, 4059, 323, 4851, 527, 4560, 311, 1920, 4395, 682, 520, 3131, 11, 323, 433, 596, 9564, 499, 8430, 38683, 61508, 13, 3053, 499, 3371, 757, 810, 922, 1148, 596, 1027, 2133, 1555, 701, 4059, 2533, 499, 5602, 1461, 30, 3639, 527, 1063, 315, 279, 19459, 323, 16024, 430, 2567, 5108, 709, 369, 499, 30, 128009]",0.1362459734082222,391eb62b5e02e9d7fc1641bfc3dc5e5a596f8ea76135eaa3fe1f3da77edf1b62,2539.762819185853,0.04473887383937836,295.1979232020676,76bee7acaa21ccc473b415b73d6c5ea155cde60d0442c55bb2c26d45de1704e4,1730,2711.5591999609023,466.9117508456111,466.8580580037087,07604b4e681044b218f19b39e40b459bbd0509688b5bc10f7ebf9dcafda7175c,True,199,82,155.74125619605184,4,0.03751297481358051,True,0,r0:state_21bae6b972f2df1611a6:rule_off,93bd682b770fb4558f831340a57a15cf663cefc87d7ea172671476c0ba7736bb,"It sounds like seeing Bill again has stirred up a lot of emotions and memories that you thought you had dealt with. It's like your mind and heart are trying to process everything all at once, and it's leaving you feeling emotionally drained. Can you tell me more about what's been going through your mind since you saw him? What are some of the memories and feelings that keep coming up for you?",11.56185194849968,p16:2,101,3,0.10915379971265793,4.165621008723974,3,state_21bae6b972f2df1611a6,p16,False
ME+R0,0,me_r0,"[40, 2846, 779, 16089, 499, 2733, 10882, 11821, 420, 449, 757, 13, 14727, 537, 269, 28439, 649, 387, 264, 2216, 92890, 8430, 11, 5423, 994, 499, 2351, 2736, 8430, 38100, 922, 264, 502, 3560, 13, 1102, 10578, 1093, 499, 2351, 10917, 264, 2763, 315, 7410, 389, 6261, 311, 387, 4832, 11, 323, 430, 596, 264, 8987, 23104, 311, 6920, 13, 3053, 499, 3371, 757, 810, 922, 1148, 499, 1781, 1053, 3621, 422, 499, 1051, 330, 327, 3950, 1, 439, 539, 14392, 3403, 477, 539, 1694, 13171, 3403, 30, 3639, 596, 279, 12047, 39585, 15398, 430, 596, 5737, 704, 304, 701, 4059, 30, 128009]",0.1460921484977007,391eb62b5e02e9d7fc1641bfc3dc5e5a596f8ea76135eaa3fe1f3da77edf1b62,3057.205414865166,0.0378971453756094,243.38978994637728,4c4174082a5a00db7385fd2df1e91bdab6740137ba99084a6f03044014d02df0,1508,3064.316407078877,250.40293904021382,250.35469001159072,9bd10215b8688087953956f487afaad127304cf3530e334725f8fc889a284039,True,200,103,0.007907161489129066,0,0.016279052942991257,,0,r0:state_095e7d5a576866ef0fd9:me_r0,730c0e7181fcff01e18074e993d8d96f1ef23748244ec7c03e705b4ee9a6abfd,"I'm so glad you feel comfortable sharing this with me. Impostor syndrome can be a really debilitating feeling, especially when you're already feeling anxious about a new role. It sounds like you're putting a lot of pressure on yourself to be perfect, and that's a heavy burden to carry. Can you tell me more about what you think would happen if you were ""exposed"" as not knowing enough or not being capable enough? What's the worst-case scenario that's playing out in your mind?",3.3885629381984472,p16:1,101,1,0.11392286978662014,3.4003308974206448,8,state_095e7d5a576866ef0fd9,p16,False
MPMSME+RS,0,fixed_off,"[2181, 10578, 1093, 82509, 269, 28439, 374, 7999, 264, 6324, 315, 23965, 311, 701, 16024, 922, 420, 502, 6776, 13, 1102, 596, 6724, 4725, 311, 2733, 36218, 922, 701, 18000, 11, 5423, 994, 4737, 389, 264, 502, 8815, 13, 20474, 430, 499, 3077, 1027, 6992, 304, 701, 7076, 779, 3117, 11, 323, 430, 596, 264, 61300, 311, 701, 7512, 323, 3217, 13, 1102, 2643, 387, 11190, 311, 5357, 389, 701, 36486, 323, 279, 29600, 430, 617, 6197, 311, 701, 3347, 48188, 13, 128009]",0.131712993606925,391eb62b5e02e9d7fc1641bfc3dc5e5a596f8ea76135eaa3fe1f3da77edf1b62,2605.2717559505254,0.04415283910930157,304.09685405902565,8b76a43d069eca79f2c1cd0e5c0be8e25d725e77c5e27be61de8d76410c155f7,1839,2854.2988288681954,553.037968929857,552.9922139830887,931cdb5896520ab2360b5566721a1ac8714581ddaffd59598f38f3405a224019,True,201,83,0.006658956408500671,1,0.04632584750652313,True,0,r0:state_095e7d5a576866ef0fd9:fixed_off,613fdb412192682a3253a252498d37bd52a41375757473846a0bc413039adbd7,"It sounds like impostor syndrome is adding a layer of complexity to your feelings about this new opportunity. It's completely normal to feel uncertain about your abilities, especially when taking on a new challenge. Remember that you've been successful in your career so far, and that's a testament to your skills and experience. It might be helpful to focus on your strengths and the qualities that have led to your past successes.",244.27678901702166,p16:1,101,4,0.11266209185123444,4.408771172165871,8,state_095e7d5a576866ef0fd9,p16,False
M0+R0,0,context_only,"[4897, 649, 387, 264, 2216, 92890, 8430, 11, 1093, 499, 2351, 5496, 304, 264, 6926, 1614, 315, 330, 12840, 422, 1210, 1102, 596, 439, 422, 499, 2351, 18290, 430, 3885, 690, 7142, 701, 26617, 40206, 447, 27121, 323, 11913, 499, 25984, 398, 13, 3053, 499, 3371, 757, 810, 922, 1148, 433, 596, 1093, 311, 2733, 1093, 459, 737, 46501, 30, 3639, 527, 1063, 315, 279, 3230, 11555, 430, 2586, 709, 369, 499, 994, 499, 2351, 304, 420, 40543, 30, 128009]",0.13414607383310795,391eb62b5e02e9d7fc1641bfc3dc5e5a596f8ea76135eaa3fe1f3da77edf1b62,2219.9003910645843,0.03489083610475063,86.73612703569233,c13de0ec945a6e98b51aa4eafe74daed920904edbbbcb43381d42ffc05c15a26,444,2221.593069145456,88.348284130916,88.29465904273093,d09ab9a5bc981e226fb2ebf6695d279ec211844625457b53ff46bf45ad86c773,True,202,80,0.006762100383639336,2,0.009800074622035027,,0,r0:state_095e7d5a576866ef0fd9:context_only,a350cb69dbda2ccf3e662a11758bf20b13183574cea5fd76b6252f7556c91819,"That can be a really debilitating feeling, like you're living in a constant state of ""what if."" It's as if you're worried that others will discover your perceived inadequacies and judge you harshly. Can you tell me more about what it's like to feel like an imposter? What are some of the specific thoughts that come up for you when you're in this mindset?",0.03405986353754997,p16:1,101,0,0.11116103269159794,1.3618580996990204,8,state_095e7d5a576866ef0fd9,p16,False
MPMS+RS,0,pm_off,"[2181, 5097, 264, 2763, 315, 25775, 311, 25670, 323, 4430, 922, 82509, 269, 28439, 13, 1102, 596, 6724, 4725, 311, 2733, 420, 1648, 11, 5423, 994, 4737, 389, 264, 502, 323, 17436, 3560, 13, 20474, 430, 499, 3077, 1027, 6992, 304, 701, 7076, 779, 3117, 11, 323, 430, 596, 539, 2133, 311, 2349, 25402, 13, 1472, 617, 279, 7512, 323, 3217, 311, 3063, 420, 2447, 11, 323, 433, 596, 17339, 311, 4048, 323, 3139, 439, 499, 733, 13, 3639, 1053, 433, 1935, 369, 499, 311, 2733, 810, 16913, 304, 701, 18000, 1314, 1457, 30, 128009]",0.13668392784893513,391eb62b5e02e9d7fc1641bfc3dc5e5a596f8ea76135eaa3fe1f3da77edf1b62,2690.030757104978,0.0441188458353281,140.7975039910525,2d182c83e424e08cee3bc6376e06bccb35d7dbb4358ce4bb264863864068bbd4,784,2943.5773559380323,394.2756690084934,394.2074188962579,d02d38ce42bf5ee8292bdb3b2b981e829d29d079135bb010221cdafc16537567,True,203,95,7.147049997001886,3,0.03795302473008633,True,0,r0:state_095e7d5a576866ef0fd9:pm_off,a6237887cdaab71aefcffdbbeb419590ab5f1b26b1b118bed0b26b1b6b88f23d,"It takes a lot of courage to acknowledge and share about impostor syndrome. It's completely normal to feel this way, especially when taking on a new and challenging role. Remember that you've been successful in your career so far, and that's not going to change overnight. You have the skills and experience to lead this project, and it's okay to learn and grow as you go. What would it take for you to feel more confident in your abilities right now?",243.72416804544628,p16:1,101,3,0.11083390563726425,2.3457910865545273,8,state_095e7d5a576866ef0fd9,p16,False
MSE+RS,0,rule_off,"[2181, 5097, 264, 2763, 315, 25775, 311, 25670, 323, 4430, 922, 82509, 269, 28439, 13, 1102, 596, 6724, 4725, 311, 2733, 420, 1648, 11, 5423, 994, 4737, 389, 264, 502, 3560, 477, 12014, 13, 20474, 430, 499, 3077, 1027, 6992, 304, 701, 7076, 779, 3117, 11, 323, 430, 596, 264, 61300, 311, 701, 18000, 13, 1102, 596, 17339, 311, 2733, 36218, 11, 719, 1456, 539, 311, 1095, 1884, 16024, 7124, 499, 13, 1472, 3077, 2751, 420, 11, 323, 499, 2351, 539, 7636, 304, 8430, 420, 1648, 13, 128009]",0.1299248542636633,391eb62b5e02e9d7fc1641bfc3dc5e5a596f8ea76135eaa3fe1f3da77edf1b62,2719.3137439899147,0.04355213604867458,305.3149008192122,fa8722572f32f650f7425be0583897eed3cb9ffc7b06dc2cd0e57384fba97479,1809,2967.5939800217748,553.5222140606493,553.4652119968086,27e65da2d225118f4b504aa65657502829ad884896c1ee8e64dfd80b5e2dcdbe,True,204,88,230.92963197268546,4,0.03636116161942482,True,0,r0:state_095e7d5a576866ef0fd9:rule_off,5f7f35719c9bf1ef82c061edef808411bcaf00cc14d054dc46ff9cc2b4da21a6,"It takes a lot of courage to acknowledge and share about impostor syndrome. It's completely normal to feel this way, especially when taking on a new role or responsibility. Remember that you've been successful in your career so far, and that's a testament to your abilities. It's okay to feel uncertain, but try not to let those feelings define you. You've got this, and you're not alone in feeling this way.",12.738644843921065,p16:1,101,3,0.11090119369328022,4.291219869628549,8,state_095e7d5a576866ef0fd9,p16,False
MPMSME+RS,0,fixed_off,"[2181, 10578, 1093, 499, 2351, 8430, 43206, 555, 279, 12014, 315, 35821, 279, 26129, 323, 18646, 701, 892, 1990, 430, 323, 701, 14584, 28423, 13, 1472, 2351, 18290, 922, 539, 1694, 3025, 311, 1893, 23387, 16079, 323, 6106, 264, 27331, 3217, 369, 279, 13324, 11, 902, 374, 7718, 369, 279, 2450, 315, 279, 26129, 13, 3053, 499, 3371, 757, 810, 922, 1148, 596, 10168, 499, 1203, 505, 8430, 810, 16913, 323, 10235, 304, 420, 3158, 30, 128009]",0.1220011617988348,391eb62b5e02e9d7fc1641bfc3dc5e5a596f8ea76135eaa3fe1f3da77edf1b62,2415.500839939341,0.043140025809407234,304.68800594098866,11b71861a723f173b47baff6e980d644d7d0b887624bc5d68e07a9e678567a71,1799,2654.1048281360418,543.2299701496959,543.1699929758906,54aae1524717e8ef2c9360daa8a574dba7a18d437e024cfe005b48670ee4ede5,True,205,77,0.006702961400151253,0,0.04636403173208237,True,0,r0:state_50459bc9b13d5cca092f:fixed_off,a0fbf066ce5f64969fad1d12315a7ac68709ff1e89c8b154394f8e26ab39e751,"It sounds like you're feeling overwhelmed by the responsibility of organizing the workshop and managing your time between that and your academic responsibilities. You're worried about not being able to create engaging sessions and ensure a productive experience for the participants, which is essential for the success of the workshop. Can you tell me more about what's holding you back from feeling more confident and prepared in this area?",234.0718498453498,p2:1,303,4,0.1109421718865633,4.202987998723984,8,state_50459bc9b13d5cca092f,p2,False
MSE+RS,0,rule_off,"[2181, 10578, 1093, 499, 2351, 8430, 43206, 555, 279, 12014, 315, 35821, 279, 26129, 323, 18646, 701, 892, 1990, 430, 323, 701, 14584, 28423, 13, 1472, 2351, 18290, 922, 539, 1694, 3025, 311, 1893, 23387, 16079, 323, 6106, 264, 27331, 3217, 369, 279, 13324, 11, 902, 374, 7718, 369, 279, 2450, 315, 279, 26129, 13, 3053, 499, 3371, 757, 810, 922, 1148, 596, 1027, 2133, 1555, 701, 4059, 31445, 30, 3639, 527, 1063, 315, 279, 3230, 10742, 477, 24087, 430, 527, 14718, 499, 279, 1455, 8631, 30, 128009]",0.13170484453439713,391eb62b5e02e9d7fc1641bfc3dc5e5a596f8ea76135eaa3fe1f3da77edf1b62,2709.918129025027,0.04168413579463959,298.0049878824502,c3373d03bd47ccc3aa0110fc35d33f55e00fc1cd675a8dcf9dc810ddc6ad4353,1766,3080.2070228382945,668.2083730120212,668.1621768511832,3ddeaf7ccaa39d5df26dfeedcd08a042e3f48905ee4ca5c9afc88e546b31d21f,True,206,88,220.60274216346443,1,0.044980086386203766,True,0,r0:state_50459bc9b13d5cca092f:rule_off,cfff516a036a889b155a3eb02fa4a56566bceeb54c7460ce3a6ff7d6cc2a0fac,"It sounds like you're feeling overwhelmed by the responsibility of organizing the workshop and managing your time between that and your academic responsibilities. You're worried about not being able to create engaging sessions and ensure a productive experience for the participants, which is essential for the success of the workshop. Can you tell me more about what's been going through your mind lately? What are some of the specific concerns or fears that are causing you the most stress?",145.22285689599812,p2:1,303,3,0.10890280827879906,4.136022878810763,8,state_50459bc9b13d5cca092f,p2,False
M0+R0,0,context_only,"[2181, 10578, 1093, 279, 4785, 315, 12014, 374, 8430, 14770, 520, 3115, 13, 3053, 499, 1935, 264, 5655, 11745, 449, 757, 323, 25670, 430, 433, 596, 17339, 311, 2733, 43206, 30, 1472, 2351, 4737, 389, 264, 2466, 3465, 11, 323, 433, 596, 4725, 311, 2733, 36218, 922, 1268, 311, 10299, 433, 682, 13, 3639, 422, 584, 1464, 433, 1523, 3871, 11, 832, 3094, 520, 264, 892, 11, 323, 5357, 389, 3339, 5208, 4856, 1109, 39143, 30, 128009]",0.130494125187397,391eb62b5e02e9d7fc1641bfc3dc5e5a596f8ea76135eaa3fe1f3da77edf1b62,2135.664426954463,0.03587803803384304,86.58949006348848,fb8a68f34e3fc189020bdf2ad843300922f15393208dc93ac6df46ff972e3769,432,2137.3902109917253,88.22354790754616,88.18477997556329,65789ef8feedbaa129e2aae4c3813c38993b5f757beaebfc1d6c27d311014914,True,207,77,0.0072820112109184265,2,0.009930925443768501,,0,r0:state_50459bc9b13d5cca092f:context_only,2bc1fbd0d8a8f43db42b8100a04d3b9555faa0d1e8c3512fb3909f89c1f06b9c,"It sounds like the weight of responsibility is feeling crushing at times. Can you take a deep breath with me and acknowledge that it's okay to feel overwhelmed? You're taking on a big task, and it's normal to feel uncertain about how to manage it all. What if we break it down together, one step at a time, and focus on making progress rather than perfection?",0.03321212716400623,p2:1,303,0,0.11286488734185696,1.3961219228804111,8,state_50459bc9b13d5cca092f,p2,False
MSE+RS,0,pm_off,"[2181, 10578, 1093, 499, 2351, 8430, 43206, 555, 279, 12014, 315, 35821, 279, 26129, 323, 18646, 701, 892, 1990, 430, 323, 701, 14584, 28423, 13, 1472, 2351, 18290, 922, 539, 1694, 3025, 311, 1893, 23387, 16079, 323, 6106, 264, 27331, 3217, 369, 279, 13324, 11, 902, 374, 7718, 369, 279, 2450, 315, 279, 26129, 13, 3053, 499, 3371, 757, 810, 922, 1148, 596, 1027, 2133, 1555, 701, 4059, 31445, 30, 3639, 527, 1063, 315, 279, 3230, 10742, 477, 24087, 430, 527, 14718, 499, 279, 1455, 8631, 30, 128009]",0.13160193338990211,391eb62b5e02e9d7fc1641bfc3dc5e5a596f8ea76135eaa3fe1f3da77edf1b62,2710.0041192024946,0.04461989738047123,298.1912100221962,c3373d03bd47ccc3aa0110fc35d33f55e00fc1cd675a8dcf9dc810ddc6ad4353,1766,2960.9687679912895,549.069563858211,549.0242568776011,3ddeaf7ccaa39d5df26dfeedcd08a042e3f48905ee4ca5c9afc88e546b31d21f,True,208,88,7.2741208132356405,3,0.04306994378566742,True,0,r0:state_50459bc9b13d5cca092f:pm_off,cfff516a036a889b155a3eb02fa4a56566bceeb54c7460ce3a6ff7d6cc2a0fac,"It sounds like you're feeling overwhelmed by the responsibility of organizing the workshop and managing your time between that and your academic responsibilities. You're worried about not being able to create engaging sessions and ensure a productive experience for the participants, which is essential for the success of the workshop. Can you tell me more about what's been going through your mind lately? What are some of the specific concerns or fears that are causing you the most stress?",239.17719721794128,p2:1,303,3,0.12304703705012798,4.170991946011782,8,state_50459bc9b13d5cca092f,p2,False
ME+R0,0,me_r0,"[40, 2846, 779, 16089, 499, 2733, 10882, 11821, 701, 10742, 449, 757, 13, 1102, 10578, 1093, 499, 2351, 8430, 43206, 555, 279, 12014, 315, 35821, 279, 26129, 323, 18646, 701, 892, 1990, 430, 323, 701, 14584, 28423, 13, 3011, 649, 387, 264, 2763, 311, 3790, 11, 5423, 994, 499, 2351, 18290, 922, 6968, 23387, 16079, 323, 23391, 264, 27331, 3217, 369, 279, 13324, 13, 3053, 499, 3371, 757, 810, 922, 1148, 596, 10043, 701, 12876, 311, 1304, 420, 26129, 264, 2450, 30, 3639, 596, 520, 279, 4851, 315, 701, 10742, 30, 128009]",0.13547111302614212,391eb62b5e02e9d7fc1641bfc3dc5e5a596f8ea76135eaa3fe1f3da77edf1b62,2750.515827909112,0.03841309808194637,245.69843104109168,afc0b3abe16f50a1ac70570a7b20a5369b7ac776bb3102073d66813bed11d3d5,1423,2757.526461035013,252.6366920210421,252.57359305396676,324074cc8fb72f9110d0b226b15312408bcc40760cccb8d766de19b2736f150b,True,209,92,0.007227994501590729,4,0.015892088413238525,,0,r0:state_50459bc9b13d5cca092f:me_r0,821d6e1c0e2301dec477ac40b29730eb91d60ddce05e68ee09ca5e84dfbc1e26,"I'm so glad you feel comfortable sharing your concerns with me. It sounds like you're feeling overwhelmed by the responsibility of organizing the workshop and managing your time between that and your academic responsibilities. That can be a lot to handle, especially when you're worried about creating engaging sessions and ensuring a productive experience for the participants. Can you tell me more about what's driving your desire to make this workshop a success? What's at the heart of your concerns?",3.4297460224479437,p2:1,303,1,0.11321692727506161,3.270665882155299,8,state_50459bc9b13d5cca092f,p2,False
MSE+RS,0,rule_off,"[2181, 10578, 1093, 499, 2351, 8430, 264, 2766, 21830, 1990, 1694, 6380, 922, 279, 6020, 16337, 323, 8430, 16390, 922, 539, 1694, 439, 33445, 315, 701, 10177, 596, 7319, 990, 4207, 13, 3053, 499, 3371, 757, 810, 922, 1148, 596, 1027, 2133, 389, 520, 2162, 2533, 568, 3940, 3318, 810, 30, 2650, 617, 499, 1027, 42247, 449, 1855, 1023, 922, 420, 2349, 30, 128009]",0.1506891567260027,391eb62b5e02e9d7fc1641bfc3dc5e5a596f8ea76135eaa3fe1f3da77edf1b62,1982.5781409163028,0.042533036321401596,244.2664320115,5a8cb3ea8c70406e5fcced846a84a31dd6d44f9e7fe2bf10e6b4ac6bdc8e8218,1502,2147.6265641395003,409.2172891832888,409.16416607797146,f3184e936ec76ced32e56309078f1ecd39f9114bc2ce8835b15a554aceacdb65,True,210,64,150.89564793743193,0,0.03661494702100754,True,0,r0:state_a2b50f690e7dd448cedb:rule_off,b2ac74d1533868a9daabd0c74273e215f6bf0eb7687c7ba5765582aa892ea45e,It sounds like you're feeling a bit torn between being happy about the financial relief and feeling guilty about not being as supportive of your husband's increased work hours. Can you tell me more about what's been going on at home since he started working more? How have you been communicating with each other about this change?,10.270690079778433,p10:1,202,3,0.10492210276424885,3.547325963154435,3,state_a2b50f690e7dd448cedb,p10,False
ME+R0,0,me_r0,"[2181, 10578, 1093, 499, 2351, 15691, 264, 2763, 315, 4785, 449, 420, 8430, 315, 34951, 11, 323, 433, 596, 49839, 430, 499, 2351, 20558, 311, 64508, 701, 16337, 449, 701, 12876, 311, 1862, 701, 10177, 13, 3053, 499, 3371, 757, 810, 922, 1148, 499, 1781, 499, 2351, 10171, 311, 387, 8430, 304, 420, 6671, 30, 3639, 1587, 433, 3152, 311, 499, 311, 387, 264, 33445, 8427, 11, 323, 1268, 656, 499, 1781, 701, 16024, 527, 74055, 430, 30, 128009]",0.12457813136279583,391eb62b5e02e9d7fc1641bfc3dc5e5a596f8ea76135eaa3fe1f3da77edf1b62,2330.0372110679746,0.044605927541852,182.17461602762341,545d640931085c45a18e25028af61b16b17d3c030b23d88c01103baa82414dbd,1142,2335.713901091367,187.82047391869128,187.72672791965306,eb787c5ac22104b9d06b6889dad07dcbab409b1f9e379ff4000bf2f0af255c48,True,211,79,0.009078998118638992,1,0.017073936760425568,,0,r0:state_a2b50f690e7dd448cedb:me_r0,f26b8aa75bb50e569d182c4560e0670c2d58488697bb52c7c11b83b8cce81831,"It sounds like you're carrying a lot of weight with this feeling of guilt, and it's understandable that you're struggling to reconcile your relief with your desire to support your husband. Can you tell me more about what you think you're supposed to be feeling in this situation? What does it mean to you to be a supportive partner, and how do you think your feelings are impacting that?",2.1302499808371067,p10:1,202,1,0.1349709928035736,3.216132055968046,3,state_a2b50f690e7dd448cedb,p10,False
MPMS+RS,0,pm_off,"[2181, 10578, 1093, 499, 2351, 8430, 264, 6651, 315, 21958, 922, 701, 10177, 596, 502, 990, 6671, 13, 1952, 832, 1450, 11, 499, 2351, 51512, 922, 279, 6020, 20334, 11, 719, 389, 279, 1023, 1450, 11, 499, 2351, 20558, 449, 34951, 922, 8430, 430, 1648, 13, 3053, 499, 3371, 757, 810, 922, 1148, 596, 4920, 420, 34951, 30, 3639, 1587, 433, 2733, 1093, 311, 499, 30, 128009]",0.12758001685142517,391eb62b5e02e9d7fc1641bfc3dc5e5a596f8ea76135eaa3fe1f3da77edf1b62,1908.0537790432572,0.04456797614693642,121.03386805392802,3228d27504675cb150de62ce36cfb162365f50649f87d678b95b2e7c1f28d56f,712,2072.1371290273964,285.03455384634435,284.9896380212158,8700ce3c8ee329febc78ee854afde599c26ff6b821814a2ab76185ec26652168,True,212,67,5.7761219795793295,2,0.035621924325823784,True,0,r0:state_a2b50f690e7dd448cedb:pm_off,c6bad158124ba6b56339c7867eed18d9a527097c10a071e388033d07d20d465a,"It sounds like you're feeling a mix of emotions about your husband's new work situation. On one hand, you're relieved about the financial stability, but on the other hand, you're struggling with guilt about feeling that way. Can you tell me more about what's behind this guilt? What does it feel like to you?",155.81539599224925,p10:1,202,3,0.1079789362847805,2.1760831587016582,3,state_a2b50f690e7dd448cedb,p10,False
M0+R0,0,context_only,"[2181, 10578, 1093, 499, 2351, 25051, 264, 6651, 315, 21958, 11, 323, 430, 596, 12756, 4725, 13, 1102, 596, 2294, 430, 499, 2351, 61708, 323, 24919, 1521, 16024, 11, 4856, 1109, 4560, 311, 28321, 1124, 13, 3053, 499, 3371, 757, 810, 922, 1148, 499, 1781, 374, 10043, 420, 34951, 30, 2209, 433, 264, 8850, 315, 13490, 701, 3717, 449, 701, 10177, 11, 477, 2555, 775, 30, 128009]",0.13149389997124672,391eb62b5e02e9d7fc1641bfc3dc5e5a596f8ea76135eaa3fe1f3da77edf1b62,1849.387831054628,0.03514392301440239,72.13577092625201,8d934cfc295a9c99c41ee6b2f8cd2b3138a12e6fa1f2d7bb9383a0a8166e2481,315,1850.8014818653464,73.46355495974422,73.4179278369993,56e1c04a144c0c7ac9097b0b9d1380aad91d4cab79cdacc319f9c6777a6db76f,True,213,67,0.006756046786904335,3,0.008204951882362366,,0,r0:state_a2b50f690e7dd448cedb:context_only,79b189d64a7627e8126110c0f381940597cf5b2a129f464d1d6515c8e80b1e1b,"It sounds like you're experiencing a mix of emotions, and that's totally normal. It's great that you're acknowledging and exploring these feelings, rather than trying to suppress them. Can you tell me more about what you think is driving this guilt? Is it a fear of losing your connection with your husband, or something else?",0.025948043912649155,p10:1,202,0,0.1105268020182848,1.0955771431326866,3,state_a2b50f690e7dd448cedb,p10,False
MPMSME+RS,0,fixed_off,"[2181, 10578, 1093, 499, 2351, 8430, 264, 2766, 21830, 1990, 1694, 6380, 922, 279, 6020, 16337, 323, 8430, 16390, 922, 539, 1694, 439, 33445, 315, 701, 10177, 596, 502, 990, 9899, 13, 3053, 499, 3371, 757, 810, 922, 1148, 596, 1027, 2133, 389, 520, 2162, 2533, 568, 3940, 3318, 810, 4207, 30, 128009]",0.11654198169708252,391eb62b5e02e9d7fc1641bfc3dc5e5a596f8ea76135eaa3fe1f3da77edf1b62,1680.52877811715,0.043650856241583824,244.88285812549293,3c5f230a4de41e2e08d71f3612f08127ae9961ed6fe2731f39299ae35ff4530e,1530,1845.8625189960003,410.15775804407895,410.10005702264607,22cfd103898b7f4887279810843bdebfcafe2cbfda18d857e09d424b5075257e,True,214,53,0.006486894562840462,4,0.04333909600973129,True,0,r0:state_a2b50f690e7dd448cedb:fixed_off,fd82d510135404a59bf57361e1f7e1bd037868e3028fea98393fac0050bd631d,It sounds like you're feeling a bit torn between being happy about the financial relief and feeling guilty about not being as supportive of your husband's new work schedule. Can you tell me more about what's been going on at home since he started working more hours?,161.33891697973013,p10:1,202,4,0.10904204100370407,3.6757630296051502,3,state_a2b50f690e7dd448cedb,p10,False
MSE+RS,0,pm_off,"[2181, 10578, 1093, 499, 2351, 8430, 38100, 922, 279, 13336, 315, 312, 15674, 2785, 701, 5133, 449, 8683, 323, 18290, 430, 433, 2643, 53132, 553, 701, 5208, 304, 4857, 14604, 24589, 323, 659, 41206, 13, 3053, 499, 3371, 757, 810, 922, 1148, 596, 10168, 499, 1203, 505, 8430, 810, 3738, 922, 701, 5597, 30, 128009]",0.17534499056637287,391eb62b5e02e9d7fc1641bfc3dc5e5a596f8ea76135eaa3fe1f3da77edf1b62,1788.9803280122578,0.04452792927622795,284.72106996923685,a0245b96880ed519e9dd8f078cdfb74f810e54e7edb864d290a0193f4b8ef1b0,1715,2026.6025520395488,522.2217210102826,522.1679490059614,d3bbc8d7e142dd1c2a7d915d0cab448a8dac5b4b4a486758d1f7016f1212dd63,True,215,55,7.382267853245139,0,0.042871106415987015,True,0,r0:state_547bc005cd05ca042368:pm_off,a65dceff8259dec2f7ba7d1fa579e5b2fa268b69274bd1f1a94683206aad758f,It sounds like you're feeling anxious about the possibility of rekindling your relationship with Alex and worried that it might jeopardize your progress in building emotional independence and self-care. Can you tell me more about what's holding you back from feeling more certain about your decision?,225.65489099361002,p12:1,202,3,0.12230011634528637,4.2000210378319025,8,state_547bc005cd05ca042368,p12,False
MSE+RS,0,rule_off,"[2181, 10578, 1093, 499, 2351, 8430, 38100, 922, 279, 13336, 315, 312, 15674, 2785, 701, 5133, 449, 8683, 323, 18290, 430, 433, 2643, 53132, 553, 701, 5208, 304, 4857, 14604, 24589, 323, 659, 41206, 13, 3053, 499, 3371, 757, 810, 922, 1148, 596, 10168, 499, 1203, 505, 8430, 810, 3738, 922, 701, 5597, 30, 128009]",0.17783907242119312,391eb62b5e02e9d7fc1641bfc3dc5e5a596f8ea76135eaa3fe1f3da77edf1b62,1808.7466049473733,0.06299884989857674,285.1805151440203,a0245b96880ed519e9dd8f078cdfb74f810e54e7edb864d290a0193f4b8ef1b0,1715,2094.0411689225584,570.4036699607968,570.2972400467843,d3bbc8d7e142dd1c2a7d915d0cab448a8dac5b4b4a486758d1f7016f1212dd63,True,216,55,263.1806710269302,1,0.06094900891184807,True,0,r0:state_547bc005cd05ca042368:rule_off,a65dceff8259dec2f7ba7d1fa579e5b2fa268b69274bd1f1a94683206aad758f,It sounds like you're feeling anxious about the possibility of rekindling your relationship with Alex and worried that it might jeopardize your progress in building emotional independence and self-care. Can you tell me more about what's holding you back from feeling more certain about your decision?,16.356637934222817,p12:1,202,3,0.1610929612070322,5.294375121593475,8,state_547bc005cd05ca042368,p12,False
M0+R0,0,context_only,"[2181, 10578, 1093, 499, 2351, 8430, 264, 2763, 315, 27924, 323, 18547, 922, 420, 6671, 13, 1102, 596, 6724, 49839, 430, 499, 4265, 1390, 311, 6144, 279, 5208, 499, 3077, 1903, 304, 4857, 701, 14604, 24589, 13, 3053, 499, 3371, 757, 810, 922, 1148, 596, 3339, 499, 38100, 922, 312, 15674, 2785, 279, 5133, 449, 8683, 30, 128009]",0.12065097689628601,391eb62b5e02e9d7fc1641bfc3dc5e5a596f8ea76135eaa3fe1f3da77edf1b62,1639.0138589777052,0.05397805944085121,86.61556313745677,080f2e8be8cdaf9abf0481fb42ffaaf292fb5654fed45b2f20540bcd4835b1c6,427,1641.255373833701,88.81404693238437,88.73642701655626,a05808949747588e1673db4804537adff043321bbc6cc6cb84733291caa77854,True,217,58,0.009343959391117096,2,0.01526298001408577,,0,r0:state_547bc005cd05ca042368:context_only,5639bfc39a7ff2e8567d7d327775c94730c38bc686e064e7f70936b1ae2cfafe,It sounds like you're feeling a lot of uncertainty and anxiety about this situation. It's completely understandable that you'd want to protect the progress you've made in building your emotional independence. Can you tell me more about what's making you anxious about rekindling the relationship with Alex?,0.05533406510949135,p12:1,202,0,0.159919960424304,1.8270248547196388,8,state_547bc005cd05ca042368,p12,False
MPMSME+RS,0,fixed_off,"[2181, 10578, 1093, 499, 2351, 8430, 38100, 922, 279, 13336, 315, 312, 15674, 2785, 701, 5133, 449, 8683, 323, 18290, 430, 433, 2643, 53132, 553, 701, 5208, 304, 4857, 14604, 24589, 323, 659, 41206, 13, 3053, 499, 3371, 757, 810, 922, 1148, 596, 10168, 499, 1203, 505, 8430, 810, 3738, 922, 701, 5597, 30, 128009]",0.17943698912858963,391eb62b5e02e9d7fc1641bfc3dc5e5a596f8ea76135eaa3fe1f3da77edf1b62,1795.6464730668813,0.04298589192330837,295.7136961631477,ca77fb3994464c3d907c6808621862f3827dc93a6e6074c8e27833af6a2fe988,1741,2030.8170460630208,530.7668161112815,530.7048321701586,b4cab62a305ad17a2055a091624ec7806c6b23fd7fe306625431a5bedde0ba30,True,218,55,0.0067979563027620316,3,0.04669884219765663,True,0,r0:state_547bc005cd05ca042368:fixed_off,a65dceff8259dec2f7ba7d1fa579e5b2fa268b69274bd1f1a94683206aad758f,It sounds like you're feeling anxious about the possibility of rekindling your relationship with Alex and worried that it might jeopardize your progress in building emotional independence and self-care. Can you tell me more about what's holding you back from feeling more certain about your decision?,230.56686809286475,p12:1,202,4,0.11163810268044472,4.216147121042013,8,state_547bc005cd05ca042368,p12,False
ME+R0,0,me_r0,"[40, 649, 5647, 279, 18547, 323, 27924, 499, 2351, 8430, 922, 312, 15674, 2785, 701, 5133, 449, 8683, 13, 1102, 596, 1093, 499, 2351, 11509, 520, 264, 5425, 43791, 11, 47826, 279, 4754, 7720, 2403, 279, 14604, 15635, 13, 3053, 499, 3371, 757, 810, 922, 1148, 596, 10168, 499, 1203, 505, 3339, 264, 5597, 30, 3639, 527, 1063, 315, 279, 3230, 10742, 499, 617, 922, 3794, 1203, 3871, 449, 8683, 30, 128009]",0.1332978717982769,391eb62b5e02e9d7fc1641bfc3dc5e5a596f8ea76135eaa3fe1f3da77edf1b62,2219.4011460524052,0.05565490573644638,246.5361920185387,7d31e5d705c6a3bd08bf16d221655dc56e43c7eb8174cf4dc078a57e5b4093e5,1432,2227.3423839360476,254.4386729132384,254.34413203038275,14a1d8044395dd3d6edd3a914d8b1536eafdd4120c0ea5dcf6d9eacf274c81f8,True,219,72,0.01065107062458992,4,0.026181107386946678,,0,r0:state_547bc005cd05ca042368:me_r0,e656cb941bf7c04daaecc1f51e248a23398039e05d74b56f289b1c380702b8b5,"I can sense the anxiety and uncertainty you're feeling about rekindling your relationship with Alex. It's like you're standing at a crossroads, weighing the potential benefits against the emotional risks. Can you tell me more about what's holding you back from making a decision? What are some of the specific concerns you have about getting back together with Alex?",3.3863468561321497,p12:1,202,1,0.16123102977871895,4.167875042185187,8,state_547bc005cd05ca042368,p12,False
ME+R0,0,me_r0,"[2181, 10578, 1093, 499, 2351, 8430, 264, 6651, 315, 21958, 922, 18667, 279, 39890, 1912, 11, 323, 430, 596, 6724, 49839, 13, 1102, 596, 2294, 430, 499, 2351, 61708, 701, 3674, 18547, 323, 19762, 311, 2686, 701, 7106, 2890, 13, 3053, 499, 3371, 757, 810, 922, 1148, 596, 10168, 499, 1203, 505, 4737, 430, 1176, 3094, 30, 3639, 596, 279, 12047, 39585, 15398, 430, 596, 40876, 499, 30, 128009]",0.12532807886600494,391eb62b5e02e9d7fc1641bfc3dc5e5a596f8ea76135eaa3fe1f3da77edf1b62,2034.4004058279097,0.03513600677251816,181.23271386139095,c66d6b9c42f8e29579d4526cd88f1d835a4b382df2edf382c8db8e02511eccd0,1135,2039.5800720434636,186.34919496253133,186.28705199807882,bd69b47356679e1718a81fa1088308508a642fd9e3aa092720789a2a4a92ef58,True,220,69,0.00703614205121994,0,0.01607579179108143,,0,r0:state_6496c9e69ce2bb7f9473:me_r0,6cf83ad9e46f40d6469f96a496f74eedc42a370eb5600dfc32e0a439968d962a,"It sounds like you're feeling a mix of emotions about joining the wellness group, and that's completely understandable. It's great that you're acknowledging your social anxiety and wanting to address your physical health. Can you tell me more about what's holding you back from taking that first step? What's the worst-case scenario that's worrying you?",2.1735690534114838,p9:1,303,1,0.10571395978331566,2.716807182878256,3,state_6496c9e69ce2bb7f9473,p9,False
MPMS+RS,0,pm_off,"[2181, 10578, 1093, 499, 2351, 8430, 2216, 36218, 922, 18667, 420, 39890, 1912, 11, 323, 430, 596, 49839, 2728, 701, 3925, 449, 3674, 18547, 13, 3053, 499, 3371, 757, 810, 922, 1148, 596, 10168, 499, 1203, 505, 1524, 13126, 433, 30, 3639, 596, 279, 12047, 39585, 15398, 430, 596, 40876, 499, 279, 1455, 30, 128009]",0.13952911831438541,391eb62b5e02e9d7fc1641bfc3dc5e5a596f8ea76135eaa3fe1f3da77edf1b62,1583.7035209406167,0.046212924644351006,120.22565887309611,aa229c5ee1c8508b5f5cae52c173ebf4847457bd27b5ed9a11b8e1591120825d,694,1759.6297001000494,296.0671070031822,296.0123089142144,0c7bed307ccb6174fc4e011b56cf1eedb3ec58138ca014b37d558ed35d23f40b,True,221,55,5.837613949552178,1,0.03612600266933441,True,0,r0:state_6496c9e69ce2bb7f9473:pm_off,742c3f4fe3237966030aa91aa34bb210df9241ac3d9305798001dc3cea2fa6db,"It sounds like you're feeling really uncertain about joining this wellness group, and that's understandable given your history with social anxiety. Can you tell me more about what's holding you back from even considering it? What's the worst-case scenario that's worrying you the most?",167.58810705505311,p9:1,303,3,0.10776706039905548,2.17082304880023,3,state_6496c9e69ce2bb7f9473,p9,False
MSE+RS,0,rule_off,"[2181, 10578, 1093, 499, 2351, 8430, 264, 6651, 315, 21958, 922, 18667, 420, 39890, 1912, 11, 323, 430, 596, 6724, 49839, 13, 1472, 2351, 18290, 922, 11509, 704, 477, 1694, 45487, 11, 719, 520, 279, 1890, 892, 11, 499, 1440, 499, 1205, 311, 1935, 2512, 315, 701, 7106, 2890, 13, 3053, 499, 3371, 757, 810, 922, 1148, 596, 10168, 499, 1203, 505, 4737, 420, 3094, 30, 128009]",0.18763495609164238,391eb62b5e02e9d7fc1641bfc3dc5e5a596f8ea76135eaa3fe1f3da77edf1b62,2095.935743069276,0.06448104977607727,242.13610705919564,d14414bfe0cd8b52ada04383a4f0b346c62f3ea53c413ddbb54c141351ae912d,1483,2306.114482926205,452.24835304543376,452.1272119600326,8ba9cc38bf0da8342f845e6aba4c1d2385d748c4dcb2dd51ba778ce71e58ebbd,True,222,67,190.00624190084636,2,0.0541789922863245,True,0,r0:state_6496c9e69ce2bb7f9473:rule_off,c3fe64cd127c2709840f7874533a5d6d7fce3b0cc13e5fe782509d175068db7b,"It sounds like you're feeling a mix of emotions about joining this wellness group, and that's completely understandable. You're worried about standing out or being judged, but at the same time, you know you need to take care of your physical health. Can you tell me more about what's holding you back from taking this step?",15.139312949031591,p9:1,303,3,0.12980098836123943,4.59708902053535,3,state_6496c9e69ce2bb7f9473,p9,False
MPMSME+RS,0,fixed_off,"[2181, 10578, 1093, 499, 2351, 8430, 264, 6651, 315, 21958, 922, 18667, 420, 39890, 1912, 482, 18547, 922, 11509, 704, 323, 1694, 45487, 11, 719, 1101, 264, 5647, 315, 12014, 311, 1935, 2512, 315, 701, 7106, 2890, 13, 3053, 499, 3371, 757, 810, 922, 1148, 596, 10168, 499, 1203, 505, 4737, 420, 3094, 11, 323, 1148, 596, 3339, 499, 1781, 433, 2643, 387, 5922, 4560, 30, 128009]",0.15804101713001728,391eb62b5e02e9d7fc1641bfc3dc5e5a596f8ea76135eaa3fe1f3da77edf1b62,2096.5669630095363,0.06374693475663662,244.2412949167192,3b5801c6cc0601065eb72f0b643998d0ad55b89c0c70156d6c5e4494899db002,1509,2308.169059921056,455.7782709598541,455.68535081110895,5ee53d2c6546ed44afdc055b3dfeef662564dec0b4be501b6b51ed4202fba2dc,True,223,67,0.01057586632668972,3,0.06818096153438091,True,0,r0:state_6496c9e69ce2bb7f9473:fixed_off,d702d9658c22202edd79a10ac911d353103e9f1ffcee15fd1194cfe265d012fc,"It sounds like you're feeling a mix of emotions about joining this wellness group - anxiety about standing out and being judged, but also a sense of responsibility to take care of your physical health. Can you tell me more about what's holding you back from taking this step, and what's making you think it might be worth trying?",206.3415499869734,p9:1,303,4,0.15481701120734215,4.805185133591294,3,state_6496c9e69ce2bb7f9473,p9,False
M0+R0,0,context_only,"[2181, 10578, 1093, 499, 2351, 8430, 264, 6651, 315, 21958, 482, 18547, 922, 279, 1912, 11, 719, 1101, 264, 5647, 315, 32961, 311, 1935, 2512, 315, 701, 7106, 2890, 13, 3011, 649, 387, 264, 2216, 11292, 7858, 311, 387, 304, 13, 3053, 499, 3371, 757, 810, 922, 1148, 596, 10168, 499, 1203, 505, 1524, 4560, 279, 1912, 11, 8994, 14392, 433, 1436, 387, 11190, 369, 701, 2890, 30, 128009]",0.1976420171558857,391eb62b5e02e9d7fc1641bfc3dc5e5a596f8ea76135eaa3fe1f3da77edf1b62,1934.5603408291936,0.043879030272364616,72.06406793557107,eb97258b10a33e052b961396d8dce407ebe640f3204c39bc32dc80193ff658ac,311,1936.2599540036172,73.6058650072664,73.56603909283876,adcb22ac3a69dd2cce300d0bca223579efc676db2627cb8d40a6b971dc456a54,True,224,69,0.008267117664217949,4,0.010921154171228409,,0,r0:state_6496c9e69ce2bb7f9473:context_only,6979dcd0609a510463efa7a2f185ef91ba670ce9621896d52f4cb00bfda781d9,"It sounds like you're feeling a mix of emotions - anxiety about the group, but also a sense of necessity to take care of your physical health. That can be a really tough spot to be in. Can you tell me more about what's holding you back from even trying the group, despite knowing it could be helpful for your health?",0.034082913771271706,p9:1,303,0,0.13513793237507343,1.2696830090135336,3,state_6496c9e69ce2bb7f9473,p9,False
MS+RS,0,pm_off,"[2181, 10578, 1093, 499, 3077, 1027, 3318, 2653, 311, 1505, 264, 8335, 1990, 701, 14584, 9021, 323, 4443, 2324, 11, 323, 430, 596, 2216, 2555, 311, 387, 12691, 315, 13, 3053, 499, 3371, 757, 810, 922, 1148, 596, 10168, 499, 1203, 505, 40583, 311, 279, 11692, 3560, 11, 323, 1148, 499, 1781, 1053, 1205, 311, 2349, 304, 2015, 369, 499, 311, 2733, 16913, 304, 4737, 433, 389, 30, 128009]",0.19463291391730309,391eb62b5e02e9d7fc1641bfc3dc5e5a596f8ea76135eaa3fe1f3da77edf1b62,1975.9308020584285,0.051443930715322495,109.4537558965385,c91c1d361b7a7a0c60a732a2e55303000976e3cc9787a4db6cef8de38394139a,625,2380.567525047809,513.9814659487456,513.8958459720016,7688ae9244cefeac558a52334b6e9857a8e4222cb9288ee78bad9e41d9e1c2b2,True,225,69,7.375281071290374,0,0.04178588278591633,True,0,r0:state_dc179cba0782e93e7d90:pm_off,3a85d8e5a1452f0cfadffc63dcb44a0f76ba67f8b03ad8e1e30164584a4ade30,"It sounds like you've been working hard to find a balance between your academic goals and personal life, and that's really something to be proud of. Can you tell me more about what's holding you back from committing to the leadership role, and what you think would need to change in order for you to feel confident in taking it on?",394.43915290758014,p3:1,202,2,0.14911009930074215,2.3853161837905645,3,state_dc179cba0782e93e7d90,p3,False
MPMSME+RS,0,fixed_off,"[2181, 10578, 1093, 499, 2351, 8430, 264, 2766, 21830, 1990, 701, 12876, 311, 1935, 389, 264, 11692, 3560, 323, 701, 10742, 922, 44463, 430, 449, 701, 14584, 5357, 323, 4443, 892, 6373, 13, 3053, 499, 3371, 757, 810, 922, 1148, 596, 10168, 499, 1203, 505, 40583, 311, 420, 3560, 11, 323, 1148, 499, 1781, 1053, 1205, 311, 387, 304, 2035, 369, 499, 311, 2733, 16913, 304, 4737, 433, 389, 30, 128009]",0.1231019850820303,391eb62b5e02e9d7fc1641bfc3dc5e5a596f8ea76135eaa3fe1f3da77edf1b62,2179.6549931168556,0.06801309064030647,243.52657096460462,3c3693c6fedc691bd813a9f5644d7c9583e4d3b02ebfee0c2336c969523ed17d,1510,2405.906504020095,469.75756296887994,469.65497988276184,59588bf9b077b1542c020ae33c2e5c4596d3d56665c24e03064cd7e8f434397e,True,226,71,0.009803101420402527,1,0.07210788317024708,True,0,r0:state_dc179cba0782e93e7d90:fixed_off,7cc380cc8921ab3f406f6f76b01f656f3a956ff1740fcdbc9d1e00955b626a72,"It sounds like you're feeling a bit torn between your desire to take on a leadership role and your concerns about balancing that with your academic focus and personal time management. Can you tell me more about what's holding you back from committing to this role, and what you think would need to be in place for you to feel confident in taking it on?",220.93430696986616,p3:1,202,4,0.152217922732234,4.891959950327873,3,state_dc179cba0782e93e7d90,p3,False
ME+R0,0,me_r0,"[2181, 10578, 1093, 499, 3077, 1027, 3318, 2653, 311, 1505, 264, 8335, 1990, 701, 7978, 11, 4443, 2324, 11, 323, 11741, 582, 324, 57333, 7640, 13, 1102, 596, 2294, 430, 499, 2351, 49183, 279, 12939, 315, 45777, 4954, 701, 1664, 33851, 323, 539, 927, 17869, 1303, 6261, 13, 3053, 499, 3371, 757, 810, 922, 1148, 596, 10168, 499, 1203, 505, 4737, 389, 279, 11692, 3560, 304, 279, 31018, 6469, 30, 2209, 433, 279, 8850, 315, 13490, 2585, 11, 477, 2555, 775, 11622, 30, 128009]",0.13878196477890015,391eb62b5e02e9d7fc1641bfc3dc5e5a596f8ea76135eaa3fe1f3da77edf1b62,2457.3645789641887,0.03623915836215019,194.62146400474012,9e9c8b3b13768901edf89785026a0eebc29db03a26204dd79ff867eec97f911a,1184,2463.264621095732,200.43507707305253,200.38272417150438,4e90451588183ab6603e09de19f88cec7499c11b73dbdec5d4256c837fb84a10,True,227,84,0.006461981683969498,2,0.016110949218273163,,0,r0:state_dc179cba0782e93e7d90:me_r0,b9f8f8d63f333a025f026c2f0d5f8ccd47cb246a399513fa87e775a689b5e4ad,"It sounds like you've been working hard to find a balance between your studies, personal life, and extracurricular activities. It's great that you're recognizing the importance of prioritizing your well-being and not overcommitting yourself. Can you tell me more about what's holding you back from taking on the leadership role in the psychology club? Is it the fear of losing control, or something else entirely?",2.800083952024579,p3:1,202,1,0.10795611888170242,2.794408006593585,3,state_dc179cba0782e93e7d90,p3,False
MSE+RS,0,rule_off,"[2181, 10578, 1093, 499, 2351, 8430, 264, 2766, 21830, 1990, 701, 12876, 311, 1935, 389, 264, 11692, 3560, 323, 701, 10742, 922, 18646, 701, 892, 323, 14584, 5357, 13, 3053, 499, 3371, 757, 810, 922, 1148, 596, 10168, 499, 1203, 505, 40583, 311, 420, 3560, 30, 3639, 527, 1063, 315, 279, 3230, 38145, 477, 24087, 430, 527, 5108, 709, 369, 499, 30, 128009]",0.11914502829313278,391eb62b5e02e9d7fc1641bfc3dc5e5a596f8ea76135eaa3fe1f3da77edf1b62,1953.6347188986838,0.0438089482486248,241.9808499980718,d87fad615e697396b6c6dfe247325dcdb2f332b477bab9df5b85f212fefb281a,1484,2134.0114229824394,422.290574060753,422.23840905353427,85f058c5c014e5d5221f0390edfd0b695a51058b9a2d509081cbbc06b34aad95,True,228,63,164.33753701858222,3,0.03474508412182331,True,0,r0:state_dc179cba0782e93e7d90:rule_off,17915aae65d153080de7dbc9c5482efdb2026e319c325d714de9295200395593,It sounds like you're feeling a bit torn between your desire to take on a leadership role and your concerns about managing your time and academic focus. Can you tell me more about what's holding you back from committing to this role? What are some of the specific worries or fears that are coming up for you?,12.135070050135255,p3:1,202,3,0.11069094762206078,3.595707006752491,3,state_dc179cba0782e93e7d90,p3,False
M0+R0,0,context_only,"[2181, 10578, 1093, 499, 3077, 1903, 1063, 2294, 5208, 304, 701, 7978, 323, 617, 264, 1695, 5647, 315, 1148, 4375, 369, 499, 13, 4800, 11, 499, 2351, 13126, 4737, 389, 264, 502, 8815, 430, 1436, 13893, 6541, 430, 8335, 13, 3053, 499, 3371, 757, 810, 922, 1148, 596, 10168, 499, 1203, 505, 40583, 311, 279, 11692, 3560, 11, 8994, 279, 4754, 7720, 30, 128009]",0.12247497215867043,391eb62b5e02e9d7fc1641bfc3dc5e5a596f8ea76135eaa3fe1f3da77edf1b62,1764.2593290656805,0.03566499799489975,71.79237995296717,915b0da554d24b009169d19895e75c0a80597a05a93324106a34b84f1f39969c,316,1765.7182849943638,73.16929497756064,73.12886090949178,ce4d066c256cd5a4438d875de32f095e17e8c51a60ca6d2dc7b780b5950c3a59,True,229,64,0.007124152034521103,4,0.008872011676430702,,0,r0:state_dc179cba0782e93e7d90:context_only,3c88a4144615ce8af10a8abc1dea276e7d5d5fdc4cf0ba2a448af430f95c9746,"It sounds like you've made some great progress in your studies and have a good sense of what works for you. Now, you're considering taking on a new challenge that could potentially shift that balance. Can you tell me more about what's holding you back from committing to the leadership role, despite the potential benefits?",0.02779788337647915,p3:1,202,0,0.11326279491186142,1.1437591165304184,3,state_dc179cba0782e93e7d90,p3,False
MSE+RS,0,rule_off,"[2181, 10578, 1093, 9298, 30750, 1578, 7263, 709, 264, 2763, 315, 21958, 323, 27924, 369, 499, 13, 3053, 499, 3371, 757, 810, 922, 1148, 499, 2351, 8430, 1314, 1457, 30, 3639, 596, 2133, 1555, 701, 4059, 323, 4851, 439, 499, 1920, 420, 16907, 13123, 30, 128009]",0.11308398097753525,391eb62b5e02e9d7fc1641bfc3dc5e5a596f8ea76135eaa3fe1f3da77edf1b62,1512.608207995072,0.04306202754378319,264.4574260339141,eae6da03a6b8addd1f6887155c6e16bc270a418d190c0ec8a19bb60d22bc8306,1660,1759.3245320022106,511.11239404417574,511.06066606007516,aefb5d90ecc983bc5a9b61fa0733c2604f3b7078b9239dcc82da97550897406f,True,230,46,228.20349782705307,0,0.0366938766092062,True,0,r0:state_1ff7c99c51a76f3b833b:rule_off,f99dbb5caba538abf15359a84c15b07da7c31bd87271bac0e659be3f68d15ffb,It sounds like seeing Jennifer again brought up a lot of emotions and uncertainty for you. Can you tell me more about what you're feeling right now? What's going through your mind and heart as you process this unexpected encounter?,14.257745118811727,p8:2,303,3,0.10984414257109165,3.952397033572197,8,state_1ff7c99c51a76f3b833b,p8,False
ME+R0,0,me_r0,"[40, 2846, 779, 16089, 499, 6612, 10882, 11821, 420, 449, 757, 13, 1102, 10578, 1093, 279, 16907, 13123, 449, 30750, 2216, 75940, 709, 264, 2763, 315, 21958, 323, 16024, 430, 499, 3463, 499, 4265, 2736, 15590, 13, 3053, 499, 3371, 757, 810, 922, 1148, 433, 574, 1093, 311, 1518, 1077, 1578, 30, 3639, 1051, 1063, 315, 279, 21958, 430, 3782, 709, 369, 499, 30, 128009]",0.12122397311031818,391eb62b5e02e9d7fc1641bfc3dc5e5a596f8ea76135eaa3fe1f3da77edf1b62,1987.2095449827611,0.03481609746813774,231.9211270660162,c5bbd6fee84415b6e797b099922a065a167fa50ccd0ab881601323e442928d14,1333,1994.9691430665553,239.612122066319,239.5595011767,32fc003b37153cc1d1c555dd067b764c68dda21a91f8fb0e5c02719838b50c96,True,231,65,0.006670132279396057,1,0.015557976439595222,,0,r0:state_1ff7c99c51a76f3b833b:me_r0,ba3e0eb77e7ec552a37db6774bbfc23528874206907747c54d869ae242fae405,I'm so glad you felt comfortable sharing this with me. It sounds like the unexpected encounter with Jennifer really stirred up a lot of emotions and feelings that you thought you'd already processed. Can you tell me more about what it was like to see her again? What were some of the emotions that came up for you?,4.398396005854011,p8:2,303,1,0.11535501107573509,3.067578887566924,8,state_1ff7c99c51a76f3b833b,p8,False
M0+R0,0,context_only,"[4897, 2011, 617, 1027, 264, 2216, 11292, 3217, 369, 499, 13, 1102, 596, 1093, 1694, 4295, 449, 264, 12330, 315, 21958, 430, 499, 3463, 499, 4265, 2736, 15590, 13, 3053, 499, 3371, 757, 810, 922, 1148, 7077, 994, 499, 5602, 30750, 1578, 30, 3639, 574, 2133, 1555, 701, 4059, 323, 2547, 2391, 430, 13123, 30, 128009]",0.1180900726467371,391eb62b5e02e9d7fc1641bfc3dc5e5a596f8ea76135eaa3fe1f3da77edf1b62,1568.838011007756,0.034725992009043694,87.2796680778265,82c64faae78980b5eac580c5f4b625ce1c4bcee045d0e658ee700169f4825890,441,1570.5200440715998,88.88592896983027,88.84361106902361,a7495ac5c27ff56276b0f987d871f7ce8f30d08c23f3ef55aeddabba56a31f70,True,232,56,0.006235204637050629,2,0.00954396091401577,,0,r0:state_1ff7c99c51a76f3b833b:context_only,b311e886ad80bd121d2a359bc101e365c44afb2a99a9595658a001f6e9e8e9a2,That must have been a really tough experience for you. It's like being hit with a wave of emotions that you thought you'd already processed. Can you tell me more about what happened when you saw Jennifer again? What was going through your mind and body during that encounter?,0.03483588807284832,p8:2,303,0,0.11135498061776161,1.3672469649463892,8,state_1ff7c99c51a76f3b833b,p8,False
MSE+RS,0,pm_off,"[2181, 10578, 1093, 9298, 30750, 1578, 7263, 709, 264, 2763, 315, 21958, 323, 27924, 369, 499, 13, 3053, 499, 3371, 757, 810, 922, 1148, 499, 2351, 8430, 1314, 1457, 30, 3639, 596, 2133, 1555, 701, 4059, 323, 4851, 439, 499, 1920, 420, 16907, 13123, 30, 128009]",0.11334707960486412,391eb62b5e02e9d7fc1641bfc3dc5e5a596f8ea76135eaa3fe1f3da77edf1b62,1507.9537420533597,0.04416797310113907,264.1940519679338,eae6da03a6b8addd1f6887155c6e16bc270a418d190c0ec8a19bb60d22bc8306,1660,1758.8014581706375,514.9801441002637,514.9284210056067,aefb5d90ecc983bc5a9b61fa0733c2604f3b7078b9239dcc82da97550897406f,True,233,46,7.074102060869336,3,0.04296400584280491,True,0,r0:state_1ff7c99c51a76f3b833b:pm_off,f99dbb5caba538abf15359a84c15b07da7c31bd87271bac0e659be3f68d15ffb,It sounds like seeing Jennifer again brought up a lot of emotions and uncertainty for you. Can you tell me more about what you're feeling right now? What's going through your mind and heart as you process this unexpected encounter?,239.4557639490813,p8:2,303,3,0.10992307215929031,4.007447976619005,8,state_1ff7c99c51a76f3b833b,p8,False
MPMSME+RS,0,fixed_off,"[2181, 10578, 1093, 9298, 30750, 1578, 706, 75940, 709, 264, 2763, 315, 21958, 369, 499, 13, 3053, 499, 3371, 757, 810, 922, 1148, 499, 2351, 8430, 1314, 1457, 30, 3639, 596, 1027, 279, 1455, 17436, 961, 315, 420, 3217, 369, 499, 30, 128009]",0.11227000504732132,391eb62b5e02e9d7fc1641bfc3dc5e5a596f8ea76135eaa3fe1f3da77edf1b62,1444.4125317968428,0.043530017137527466,280.9354430064559,2a7dcabc9a14fd83af9ad1219aa8cd55038d079a9bac33fd8c2e92c58e353f32,1684,1691.8098567984998,528.2731750048697,528.2204980030656,6cfd33fc1c08f87fdce151387056f917ba16bacb65e3644e530c8bc8fe439053,True,234,43,0.007545109838247299,4,0.04730303771793842,True,0,r0:state_1ff7c99c51a76f3b833b:fixed_off,2d9f9e9d948406152eb9dd610f791da88f0a3890f0b413791e4d27f7d4845b55,It sounds like seeing Jennifer again has stirred up a lot of emotions for you. Can you tell me more about what you're feeling right now? What's been the most challenging part of this experience for you?,243.0349630303681,p8:2,303,4,0.11342880316078663,4.038284998387098,8,state_1ff7c99c51a76f3b833b,p8,False
MSE+RS,0,pm_off,"[40, 649, 5647, 279, 4785, 315, 12014, 499, 2351, 15691, 439, 264, 2748, 11, 323, 433, 596, 6724, 49839, 311, 2733, 43206, 13, 1102, 10578, 1093, 499, 2351, 17693, 29091, 304, 12899, 701, 1716, 596, 1664, 33851, 11, 323, 430, 596, 9615, 85684, 13, 3053, 499, 3371, 757, 810, 922, 1148, 499, 3152, 555, 6968, 264, 84911, 4676, 520, 2162, 30, 3639, 527, 1063, 3230, 2574, 499, 2351, 3815, 11, 323, 1148, 656, 499, 3987, 311, 11322, 449, 1884, 9045, 30, 128009]",0.1300519797950983,391eb62b5e02e9d7fc1641bfc3dc5e5a596f8ea76135eaa3fe1f3da77edf1b62,2501.138500170782,0.04384387284517288,261.9495310354978,ebc07e31a1608797391d66e1f75b6a5fdb0afd948341e39312a0db1ec30b29ca,1624,2722.721029073,483.4497489500791,483.40200795792043,9e4c820cbed1c4cd8dbeff6d4a9598d80ba22089cea30032f6bc113c2ed4124c,True,235,82,7.197396829724312,0,0.0407099723815918,True,0,r0:state_d80a3fc38721df9b55fe:pm_off,9e4f5fa435dc37e31b6e9471b56e34c33b808b8b8b8cfce62e682f569a1294bf,"I can sense the weight of responsibility you're carrying as a parent, and it's completely understandable to feel overwhelmed. It sounds like you're deeply invested in supporting your child's well-being, and that's truly admirable. Can you tell me more about what you mean by creating a nurturing environment at home? What are some specific things you're doing, and what do you hope to achieve with those efforts?",210.07708716206253,p14:3,101,3,0.11538108810782433,3.978057997301221,8,state_d80a3fc38721df9b55fe,p14,False
ME+R0,0,me_r0,"[2181, 10578, 1093, 499, 2351, 15691, 264, 8987, 2865, 1314, 1457, 11, 323, 433, 596, 8056, 430, 499, 2351, 61708, 701, 12876, 311, 387, 264, 33445, 7216, 369, 701, 1716, 13, 3011, 5097, 264, 2763, 315, 25775, 323, 3021, 13, 3053, 499, 3371, 757, 810, 922, 1148, 499, 3152, 555, 330, 46002, 264, 84911, 4676, 520, 2162, 44969, 3639, 1587, 430, 1427, 1093, 311, 499, 11, 323, 1148, 527, 1063, 2574, 499, 3077, 1027, 4560, 311, 656, 311, 1304, 430, 3621, 30, 128009]",0.13006501831114292,391eb62b5e02e9d7fc1641bfc3dc5e5a596f8ea76135eaa3fe1f3da77edf1b62,2448.450961150229,0.03501889295876026,198.00927001051605,245f072c2ad300096a9a18402d6de6e70a362d1c582989067a906b3e75b0058b,1273,2454.0829400066286,203.5707919858396,203.51118384860456,d5bfd80a98a96ab71f8c6a4b432eb7e04d8cde818db16635c08847e6e32cc788,True,236,83,0.007346970960497856,1,0.015927013009786606,,0,r0:state_d80a3fc38721df9b55fe:me_r0,c410dadc4aae0505522af2b2e6c8d6e1947ff233a30217d7bf734ace0bf14ad5,"It sounds like you're carrying a heavy load right now, and it's amazing that you're acknowledging your desire to be a supportive figure for your child. That takes a lot of courage and love. Can you tell me more about what you mean by ""creating a nurturing environment at home""? What does that look like to you, and what are some things you've been trying to do to make that happen?",2.3550880141556263,p14:3,101,1,0.11254101991653442,2.975991927087307,8,state_d80a3fc38721df9b55fe,p14,False
MSE+RS,0,rule_off,"[40, 649, 5647, 279, 4785, 315, 12014, 499, 2351, 15691, 439, 264, 2748, 11, 323, 433, 596, 6724, 49839, 311, 2733, 43206, 13, 1102, 10578, 1093, 499, 2351, 17693, 29091, 304, 12899, 701, 1716, 596, 1664, 33851, 11, 323, 430, 596, 9615, 85684, 13, 3053, 499, 3371, 757, 810, 922, 1148, 499, 3152, 555, 6968, 264, 84911, 4676, 520, 2162, 30, 3639, 527, 1063, 3230, 2574, 499, 2351, 3815, 11, 323, 1148, 656, 499, 3987, 311, 11322, 449, 1884, 9045, 30, 128009]",0.1313390675932169,391eb62b5e02e9d7fc1641bfc3dc5e5a596f8ea76135eaa3fe1f3da77edf1b62,2501.4371268916875,0.043190084397792816,263.33446986973286,ebc07e31a1608797391d66e1f75b6a5fdb0afd948341e39312a0db1ec30b29ca,1624,2718.3570170309395,480.18021509051323,480.1230209413916,9e4c820cbed1c4cd8dbeff6d4a9598d80ba22089cea30032f6bc113c2ed4124c,True,237,82,201.30003383383155,2,0.03609689883887768,True,0,r0:state_d80a3fc38721df9b55fe:rule_off,9e4f5fa435dc37e31b6e9471b56e34c33b808b8b8b8cfce62e682f569a1294bf,"I can sense the weight of responsibility you're carrying as a parent, and it's completely understandable to feel overwhelmed. It sounds like you're deeply invested in supporting your child's well-being, and that's truly admirable. Can you tell me more about what you mean by creating a nurturing environment at home? What are some specific things you're doing, and what do you hope to achieve with those efforts?",11.311645153909922,p14:3,101,3,0.11342810466885567,3.984156996011734,8,state_d80a3fc38721df9b55fe,p14,False
MPMSME+RS,0,fixed_off,"[40, 649, 5647, 279, 4785, 315, 12014, 499, 2351, 15691, 439, 264, 2748, 11, 323, 433, 596, 6724, 49839, 311, 2733, 43206, 13, 1102, 10578, 1093, 499, 2351, 17693, 29091, 304, 12899, 701, 1716, 596, 1664, 33851, 11, 323, 430, 596, 9615, 85684, 13, 3053, 499, 3371, 757, 810, 922, 1148, 499, 3152, 555, 330, 46002, 264, 84911, 4676, 520, 2162, 44969, 3639, 527, 1063, 3230, 2574, 499, 2351, 4560, 311, 656, 477, 11322, 304, 430, 3634, 30, 128009]",0.17733802087605,391eb62b5e02e9d7fc1641bfc3dc5e5a596f8ea76135eaa3fe1f3da77edf1b62,2443.605658831075,0.044204993173480034,264.1821359284222,3023900b758f86ad4bb707b29ba515ed0e7829e1cc7dd53c905eeec8ad85d573,1649,2660.132572054863,480.59343616478145,480.5317111313343,98143ffff64a1e97fce3fd22fb090beb728ad49ba240e224f4395357d7e61626,True,238,79,0.006274087354540825,3,0.04759896546602249,True,0,r0:state_d80a3fc38721df9b55fe:fixed_off,2423f4d76e5154db2e7f2b4f874d0e1625f71acc04723260848af82206737f0d,"I can sense the weight of responsibility you're carrying as a parent, and it's completely understandable to feel overwhelmed. It sounds like you're deeply invested in supporting your child's well-being, and that's truly admirable. Can you tell me more about what you mean by ""creating a nurturing environment at home""? What are some specific things you're trying to do or achieve in that space?",212.0811080094427,p14:3,101,4,0.10970607399940491,4.060683073475957,8,state_d80a3fc38721df9b55fe,p14,False
M0+R0,0,context_only,"[2181, 596, 6366, 430, 499, 2351, 45777, 4954, 701, 1716, 596, 1664, 33851, 323, 19762, 311, 387, 264, 33445, 7216, 369, 1124, 13, 1102, 596, 6724, 4725, 311, 2733, 43206, 323, 36218, 922, 1268, 311, 21546, 420, 6671, 13, 3053, 499, 3371, 757, 810, 922, 1148, 596, 10043, 701, 8850, 369, 701, 1716, 596, 1664, 33851, 30, 3639, 527, 1063, 3230, 10742, 499, 617, 30, 128009]",0.12325309216976166,391eb62b5e02e9d7fc1641bfc3dc5e5a596f8ea76135eaa3fe1f3da77edf1b62,1841.8617348652333,0.044065993279218674,87.05172501504421,858642ab7954caa0479beaf8c651488e7481aa8fd49cf9208644f8f704031984,436,1843.915990088135,89.03478807769716,88.98272714577615,b7a73ea7b94f26c2c7c33fb6a46554159fff055f1eb2c3f50966839a0dc827b3,True,239,66,0.008503906428813934,4,0.011831987649202347,,0,r0:state_d80a3fc38721df9b55fe:context_only,bdd44e27a56983a29d5625f05d72ca9597d190ae7e7a32ec173da79b96fba4cf,It's beautiful that you're prioritizing your child's well-being and wanting to be a supportive figure for them. It's completely normal to feel overwhelmed and uncertain about how to navigate this situation. Can you tell me more about what's driving your fear for your child's well-being? What are some specific concerns you have?,0.041152117773890495,p14:3,101,0,0.14339108020067215,1.6820570454001427,8,state_d80a3fc38721df9b55fe,p14,False
M0+R0,0,context_only,"[4897, 10578, 17235, 17436, 13, 1102, 596, 439, 422, 499, 2351, 60499, 264, 6485, 6651, 315, 21958, 11, 1405, 3717, 323, 6981, 527, 99892, 449, 6784, 323, 51978, 13, 3053, 499, 3371, 757, 810, 922, 1148, 596, 1027, 1455, 5107, 369, 499, 304, 11821, 701, 11704, 323, 16024, 30, 128009]",0.11464394629001617,391eb62b5e02e9d7fc1641bfc3dc5e5a596f8ea76135eaa3fe1f3da77edf1b62,1391.1488510202616,0.034695956856012344,71.9467499293387,4b0ca11234f2dc56ea1c7ff758926d348ceb5e0c049b36a049faf7a2afe0a273,315,1392.5221480894834,73.24134511873126,73.20540305227041,6378ed42405354de8dffbf23ae6595ba559b08b8f71183ab8fb53867514dc65e,True,240,50,0.00672508031129837,0,0.00847293995320797,,1,r1:state_6a20132a23a99122e178:context_only,72bb2cf1ff8712d033665d2a1385c45c7ddf5f0107dd522464708854d46af0fe,"That sounds incredibly challenging. It's as if you're navigating a complex mix of emotions, where connection and comfort are intertwined with pain and sadness. Can you tell me more about what's been most difficult for you in sharing your experiences and feelings?",0.024423934519290924,p5:2,303,0,0.10369904339313507,1.0806361678987741,3,state_6a20132a23a99122e178,p5,False
ME+R0,0,me_r0,"[2181, 10578, 1093, 499, 2351, 8430, 264, 6651, 315, 21958, 11, 323, 433, 596, 17339, 430, 433, 596, 264, 29551, 1030, 2352, 13, 1102, 596, 6366, 430, 499, 2351, 61708, 279, 6981, 315, 14392, 499, 2351, 539, 7636, 304, 701, 38384, 11, 323, 430, 596, 264, 6908, 3094, 13, 3053, 499, 3371, 757, 810, 922, 1148, 596, 1027, 5108, 709, 369, 499, 304, 3878, 315, 34951, 323, 4814, 5552, 311, 701, 7126, 30, 3639, 527, 1063, 315, 279, 3230, 19459, 477, 69025, 430, 617, 1027, 20884, 4628, 369, 499, 30, 128009]",0.12835906818509102,391eb62b5e02e9d7fc1641bfc3dc5e5a596f8ea76135eaa3fe1f3da77edf1b62,2656.031294958666,0.03421190194785595,195.19056007266045,4f3ec12be3b758cbf7f7edbf5eda541d03c1b9b92b6b954e41809a972f73c7cd,1203,2661.1091380473226,200.198024045676,200.14004409313202,cecc8e89becad92b82a7fb2ae4a9265003ed0a85034d64b451ef78f2fed780f0,True,241,91,0.006522051990032196,1,0.014789868146181107,,1,r1:state_6a20132a23a99122e178:me_r0,02823a725c2c94c1f33acde1a7ede70c23cd5872ef9c0d8d20d79f9152b60642,"It sounds like you're feeling a mix of emotions, and it's okay that it's a rollercoaster. It's beautiful that you're acknowledging the comfort of knowing you're not alone in your grief, and that's a huge step. Can you tell me more about what's been coming up for you in terms of guilt and loss related to your father? What are some of the specific memories or regrets that have been surfacing for you?",1.9996690098196268,p5:2,303,1,0.10509206913411617,2.7891991194337606,3,state_6a20132a23a99122e178,p5,False
MPMSME+RS,0,fixed_off,"[2181, 10578, 1093, 279, 38384, 1862, 1912, 706, 1027, 264, 2033, 35535, 3640, 20827, 369, 499, 11, 12967, 709, 2225, 6981, 323, 7319, 51978, 13, 3053, 499, 3371, 757, 810, 922, 1148, 596, 1027, 1455, 17436, 369, 499, 304, 3878, 315, 8863, 701, 21958, 323, 69025, 922, 701, 7126, 30, 128009]",0.11166301555931568,391eb62b5e02e9d7fc1641bfc3dc5e5a596f8ea76135eaa3fe1f3da77edf1b62,1650.7323309779167,0.041536055505275726,264.9971859063953,a149cdd7f65789c8f861fdef9ae6180d436e6d73d4954db72115434451224349,1652,1813.5993669275194,427.8337638825178,427.7525588404387,40149b2a05b7cf3f2c1e203281e0b1513b7b6ef8e243817a47b47b4e62ee9826,True,242,51,0.006583984941244125,2,0.04084198735654354,True,1,r1:state_6a20132a23a99122e178:fixed_off,5209041576c5f5cf774007f70676e6f2ae23cad3afceddf0f17878bd8985d94a,"It sounds like the grief support group has been a double-edged sword for you, bringing up both comfort and increased sadness. Can you tell me more about what's been most challenging for you in terms of processing your emotions and regrets about your father?",158.62664207816124,p5:2,303,4,0.10404782369732857,3.935721004381776,3,state_6a20132a23a99122e178,p5,False
MSE+RS,0,rule_off,"[2181, 10578, 1093, 279, 38384, 1862, 1912, 706, 1027, 264, 2033, 35535, 3640, 20827, 369, 499, 11, 12967, 2225, 6981, 323, 7319, 51978, 13, 3053, 499, 3371, 757, 810, 922, 1148, 596, 1027, 1455, 17436, 369, 499, 304, 3878, 315, 279, 21958, 430, 617, 2586, 709, 30, 128009]",0.10955287143588066,391eb62b5e02e9d7fc1641bfc3dc5e5a596f8ea76135eaa3fe1f3da77edf1b62,1569.757885998115,0.040294136852025986,262.66423682682216,29f5a90974a99d41a00bd05dd1b6f0e6476ceaaa598b1e358bcfdf5ea1d7d909,1626,1870.7328240852803,563.5983371175826,563.5296220425516,ba197871152eb59cce32296f31c882339f5bccb56cc89a7f207156776d6540b1,True,243,48,153.02064712159336,3,0.04327087663114071,True,1,r1:state_6a20132a23a99122e178:rule_off,be9425ddb137b0526c4ea0cdf9b08bd879e9f39ec3609b3ed7e05b34761935d3,"It sounds like the grief support group has been a double-edged sword for you, bringing both comfort and increased sadness. Can you tell me more about what's been most challenging for you in terms of the emotions that have come up?",143.7738840468228,p5:2,303,3,0.10574702173471451,3.8815420120954514,3,state_6a20132a23a99122e178,p5,False
MS+RS,0,pm_off,"[2181, 10578, 1093, 499, 2351, 25051, 264, 6651, 315, 21958, 11, 8430, 2225, 6981, 291, 555, 279, 3717, 449, 3885, 304, 279, 1912, 323, 43206, 555, 279, 21261, 315, 701, 1866, 16024, 13, 3053, 499, 3371, 757, 810, 922, 1148, 596, 1027, 1455, 17436, 369, 499, 304, 420, 1920, 30, 128009]",0.12046191841363907,391eb62b5e02e9d7fc1641bfc3dc5e5a596f8ea76135eaa3fe1f3da77edf1b62,1479.6995390206575,0.0416790135204792,122.98066494986415,2d90ccde6cb43a7526134bca7a445ef90f86909c486bc62eb4f65c5a935b9ee8,747,1646.4956540148705,289.7129519842565,289.6563180256635,f156c092c6c5d7f0dcb2dba0da57b465e1d2300ace8c9a41e3595005e2157db0,True,244,51,5.746789975091815,4,0.03200792707502842,True,1,r1:state_6a20132a23a99122e178:pm_off,1e6777b553620365075e81b647a322913e10c92d4059880d2d760ced91f9d63d,"It sounds like you're experiencing a mix of emotions, feeling both comforted by the connection with others in the group and overwhelmed by the intensity of your own feelings. Can you tell me more about what's been most challenging for you in this process?",158.4571481216699,p5:2,303,2,0.11139502748847008,2.286633010953665,3,state_6a20132a23a99122e178,p5,False
MP+RS,0,pm_off,"[2181, 10578, 1093, 24096, 279, 7076, 6762, 574, 264, 2216, 6928, 3217, 369, 499, 11, 323, 433, 596, 2294, 430, 499, 2351, 8430, 62935, 323, 38650, 922, 701, 3938, 13, 1102, 596, 8056, 1268, 7170, 682, 433, 5097, 374, 264, 502, 13356, 477, 264, 15541, 315, 20343, 311, 6541, 1057, 40543, 323, 1825, 709, 502, 24525, 13, 3639, 527, 1063, 315, 279, 3230, 10708, 477, 19647, 430, 2216, 14980, 704, 311, 499, 3432, 30, 128009]",0.1290708314627409,391eb62b5e02e9d7fc1641bfc3dc5e5a596f8ea76135eaa3fe1f3da77edf1b62,2122.9667821899056,0.044514890760183334,120.62871013768017,b903766d5c692c46c34399fe93ea8c47070fca9a968e1fdc5255e93678c37844,673,2293.0192810017616,290.59954197146,290.55213811807334,01a48d27b3375ea6babdb232f2243bbfb8528c7ba79348a0364168dca9b97430,True,245,75,5.909526953473687,0,0.033907126635313034,True,1,r1:state_93a4cfa6c9b5fe214d3a:pm_off,3ba2bc3bb33e1badb891ac7573ac89eb7e96434d9bab2430a480b8129b72b151,"It sounds like attending the career fair was a really positive experience for you, and it's great that you're feeling empowered and hopeful about your future. It's amazing how sometimes all it takes is a new perspective or a spark of inspiration to shift our mindset and open up new possibilities. What are some of the specific opportunities or industries that really stood out to you today?",161.75366495735943,p6:2,101,2,0.10941107757389545,2.072402974590659,3,state_93a4cfa6c9b5fe214d3a,p6,False
MSE+RS,0,rule_off,"[2181, 10578, 1093, 24096, 279, 7076, 6762, 574, 264, 2216, 66388, 3217, 369, 499, 13, 1472, 2351, 8430, 810, 38650, 922, 701, 3938, 323, 12304, 922, 279, 24525, 430, 5398, 449, 701, 2819, 13, 3639, 527, 1063, 315, 279, 3230, 10708, 477, 19647, 430, 2216, 14980, 704, 311, 499, 11, 323, 1268, 656, 499, 1781, 814, 2643, 387, 264, 1695, 5052, 369, 499, 30, 128009]",0.12110709212720394,391eb62b5e02e9d7fc1641bfc3dc5e5a596f8ea76135eaa3fe1f3da77edf1b62,2034.1160499956459,0.04389602690935135,260.2849090471864,e6ad5d12fbd0ee5566d5a522af5023e1caf6709d5f482aa4fe31da1a9068e8e6,1569,2204.6614070422947,430.7625100482255,430.70915900170803,f4fba6cf06e37e83cc711b9543e2b88fcd69fa9063b0b04869878cb53bbb9fe7,True,246,65,154.70657194964588,1,0.03515486605465412,True,1,r1:state_93a4cfa6c9b5fe214d3a:rule_off,198a9f1c722af62ad4821ca539098252018ad4dcffe41057bda5e705924271b7,"It sounds like attending the career fair was a really empowering experience for you. You're feeling more hopeful about your future and excited about the possibilities that align with your values. What are some of the specific opportunities or industries that really stood out to you, and how do you think they might be a good fit for you?",11.695959139615297,p6:2,101,3,0.1070790458470583,3.835588926449418,3,state_93a4cfa6c9b5fe214d3a,p6,False
MPMSME+RS,0,fixed_off,"[2181, 10578, 1093, 24096, 279, 7076, 6762, 574, 264, 2216, 66388, 3217, 369, 499, 13, 1472, 2351, 8430, 810, 38650, 922, 701, 3938, 323, 12304, 922, 279, 24525, 430, 5398, 449, 701, 2819, 13, 3639, 527, 1063, 315, 279, 3230, 10708, 477, 19647, 430, 2216, 14980, 704, 311, 499, 11, 323, 1268, 656, 499, 1781, 814, 2643, 387, 264, 1695, 5052, 369, 499, 30, 128009]",0.12118020094931126,391eb62b5e02e9d7fc1641bfc3dc5e5a596f8ea76135eaa3fe1f3da77edf1b62,2031.4777349121869,0.044072046875953674,261.02696591988206,0ba4611ed69dfee8759df7169cf129a1a0931df066f11b3c65a25f35627bbaaa,1599,2200.8761600591242,430.3529360331595,430.3042108658701,7d61466f31da8887cca6492b43321596731ff38bd4d9339a1a35a8e767728e8e,True,247,65,0.00713602639734745,2,0.0427949707955122,True,1,r1:state_93a4cfa6c9b5fe214d3a:fixed_off,198a9f1c722af62ad4821ca539098252018ad4dcffe41057bda5e705924271b7,"It sounds like attending the career fair was a really empowering experience for you. You're feeling more hopeful about your future and excited about the possibilities that align with your values. What are some of the specific opportunities or industries that really stood out to you, and how do you think they might be a good fit for you?",165.14996904879808,p6:2,101,4,0.10641594417393208,3.9268569089472294,3,state_93a4cfa6c9b5fe214d3a,p6,False
M0+R0,0,context_only,"[4897, 10578, 17235, 34929, 1113, 13, 1102, 596, 8056, 1268, 264, 3254, 3217, 649, 6541, 1057, 13356, 323, 31402, 635, 1057, 11939, 13, 3639, 374, 433, 922, 1521, 502, 10708, 430, 29280, 988, 449, 499, 11, 323, 1268, 656, 499, 1781, 814, 2643, 5398, 449, 701, 2819, 323, 58522, 30, 128009]",0.12048101052641869,391eb62b5e02e9d7fc1641bfc3dc5e5a596f8ea76135eaa3fe1f3da77edf1b62,1425.5564399063587,0.0370910856872797,72.21032283268869,6a5710c9a7afd3805be1a01815f02b1e0081d8f35a50718ab1a3cb858ae8ffa7,315,1426.9450961146504,73.51115206256509,73.47849803045392,3de909f0f504798f0697833c851cc13db2ff24aecc809b912a4f660498cc1976,True,248,51,0.005902023985981941,3,0.008285045623779297,,1,r1:state_93a4cfa6c9b5fe214d3a:context_only,e679b86a2ef91b280117adbab80c66cc67f6117a368d3b9d665fea7d305546fd,"That sounds incredibly liberating. It's amazing how a single experience can shift our perspective and reignite our passion. What is it about these new opportunities that resonates with you, and how do you think they might align with your values and aspirations?",0.026627909392118454,p6:2,101,0,0.1081051304936409,1.0821640025824308,3,state_93a4cfa6c9b5fe214d3a,p6,False
ME+R0,0,me_r0,"[2181, 10578, 1093, 24096, 279, 7076, 6762, 574, 264, 2216, 66388, 3217, 369, 499, 13, 1472, 2351, 8430, 810, 38650, 323, 12304, 922, 279, 24525, 430, 527, 704, 1070, 13, 3053, 499, 3371, 757, 810, 922, 1148, 11951, 29280, 660, 449, 499, 922, 279, 10708, 499, 9687, 922, 30, 3639, 527, 1063, 315, 279, 1401, 2819, 477, 13878, 430, 499, 2351, 3411, 369, 304, 264, 502, 7076, 1853, 30, 128009]",0.1986408606171608,391eb62b5e02e9d7fc1641bfc3dc5e5a596f8ea76135eaa3fe1f3da77edf1b62,2104.812212055549,0.035532983019948006,193.00481886602938,d5b0214c43ed1f15f595f8e0e73604fb104cd1991bb679bc683e8d6d093745dd,1168,2110.524971038103,198.58444295823574,198.5189369879663,1fd5c2a68616c92e87dd73865f85eac2ef4748c38270977cf8dd66b7092df851,True,249,70,0.006708083674311638,4,0.014418037608265877,,1,r1:state_93a4cfa6c9b5fe214d3a:me_r0,a74ce5c268038e8a6ddfd101b1fc13b68840e3e99b135801205dc1249f23948b,It sounds like attending the career fair was a really empowering experience for you. You're feeling more hopeful and excited about the possibilities that are out there. Can you tell me more about what specifically resonated with you about the opportunities you learned about? What are some of the key values or aspects that you're looking for in a new career path?,2.6070449966937304,p6:2,101,1,0.1073980238288641,2.7430159971117973,3,state_93a4cfa6c9b5fe214d3a,p6,False
MSE+RS,0,rule_off,"[2181, 10578, 1093, 499, 2351, 8430, 264, 6651, 315, 21958, 922, 3794, 264, 6896, 369, 35266, 482, 28361, 369, 279, 4754, 7720, 11, 719, 1101, 18547, 922, 279, 3779, 12014, 323, 892, 15507, 13, 1472, 2351, 18290, 922, 44463, 279, 6896, 596, 3966, 449, 701, 6484, 42356, 11, 323, 433, 596, 5933, 311, 2733, 430, 1648, 13, 3053, 499, 3371, 757, 810, 922, 1148, 596, 10168, 499, 1203, 505, 7373, 56501, 420, 4623, 30, 128009]",0.12905709445476532,391eb62b5e02e9d7fc1641bfc3dc5e5a596f8ea76135eaa3fe1f3da77edf1b62,2303.244852926582,0.06616697646677494,260.38363412953913,3365c6e2e7b0b62f469f3c3a918aa43bbf5e1e625c62fe19662b110511a06c7b,1582,2512.742026941851,469.84002902172506,469.75175105035305,d979bc44be8f15549ed4e3201a8b198665124068cfc8ece208610dbbd76c25d7,True,250,75,188.98530001752079,0,0.0599161721765995,True,1,r1:state_ce63694b53376eb98c5b:rule_off,8153aacc0a65eaa36223dd1078291824ccc23bb4bda048a8d92a51434a9a6be5,"It sounds like you're feeling a mix of emotions about getting a pet for Emily - excitement for the potential benefits, but also anxiety about the added responsibility and time commitment. You're worried about balancing the pet's needs with your existing commitments, and it's natural to feel that way. Can you tell me more about what's holding you back from fully embracing this idea?",15.022764913737774,p5:1,303,3,0.1525329425930977,5.081435898318887,3,state_ce63694b53376eb98c5b,p5,False
ME+R0,0,me_r0,"[2181, 10578, 1093, 499, 2351, 8430, 264, 6651, 315, 21958, 922, 3794, 264, 6896, 369, 35266, 13, 1952, 832, 1450, 11, 499, 2351, 12304, 922, 279, 4754, 7720, 369, 1077, 11, 719, 389, 279, 1023, 1450, 11, 499, 2351, 18290, 922, 4737, 389, 279, 3779, 12014, 13, 3053, 499, 3371, 757, 810, 922, 1148, 596, 10168, 499, 1203, 505, 7373, 56501, 420, 4623, 30, 3639, 527, 1063, 315, 279, 3230, 10742, 499, 617, 922, 18646, 701, 892, 323, 3339, 2771, 4395, 8640, 39511, 30, 128009]",0.13297307305037975,391eb62b5e02e9d7fc1641bfc3dc5e5a596f8ea76135eaa3fe1f3da77edf1b62,2487.416992895305,0.03581005148589611,195.67916099913418,3da5dda52b891bb920f8073da6abc94c207c9526d618dd57f99288600936bb45,1204,2492.658508941531,200.83741704002023,200.78770397230983,7fb318ab88b91925c7de712cb53da092e03596f236e5eb46575a69a8dbe9323d,True,251,85,0.0069909729063510895,1,0.015435973182320595,,1,r1:state_ce63694b53376eb98c5b:me_r0,67d953fb0da747e2285cde29b985865c703f2e0a36c0d69d0af2c79d785d8fb4,"It sounds like you're feeling a mix of emotions about getting a pet for Emily. On one hand, you're excited about the potential benefits for her, but on the other hand, you're worried about taking on the added responsibility. Can you tell me more about what's holding you back from fully embracing this idea? What are some of the specific concerns you have about managing your time and making sure everything runs smoothly?",2.166458172723651,p5:1,303,1,0.10938988998532295,2.774457912892103,3,state_ce63694b53376eb98c5b,p5,False
MSE+RS,0,pm_off,"[2181, 10578, 1093, 499, 2351, 8430, 264, 6651, 315, 21958, 922, 3794, 264, 6896, 369, 35266, 482, 28361, 369, 279, 4754, 7720, 11, 719, 1101, 18547, 922, 279, 3779, 12014, 323, 892, 15507, 13, 1472, 2351, 18290, 922, 44463, 279, 6896, 596, 3966, 449, 701, 6484, 42356, 11, 323, 433, 596, 5933, 311, 2733, 430, 1648, 13, 3053, 499, 3371, 757, 810, 922, 1148, 596, 10168, 499, 1203, 505, 7373, 56501, 420, 4623, 30, 128009]",0.12377998791635036,391eb62b5e02e9d7fc1641bfc3dc5e5a596f8ea76135eaa3fe1f3da77edf1b62,2304.0957439225167,0.04484993405640125,261.0003089066595,3365c6e2e7b0b62f469f3c3a918aa43bbf5e1e625c62fe19662b110511a06c7b,1582,2475.617378950119,432.45003814809024,432.39816394634545,d979bc44be8f15549ed4e3201a8b198665124068cfc8ece208610dbbd76c25d7,True,252,75,5.814966978505254,2,0.04544598050415516,True,1,r1:state_ce63694b53376eb98c5b:pm_off,8153aacc0a65eaa36223dd1078291824ccc23bb4bda048a8d92a51434a9a6be5,"It sounds like you're feeling a mix of emotions about getting a pet for Emily - excitement for the potential benefits, but also anxiety about the added responsibility and time commitment. You're worried about balancing the pet's needs with your existing commitments, and it's natural to feel that way. Can you tell me more about what's holding you back from fully embracing this idea?",161.61198308691382,p5:1,303,3,0.10665599256753922,3.773953067138791,3,state_ce63694b53376eb98c5b,p5,False
M0+R0,0,context_only,"[2181, 10578, 1093, 499, 2351, 15691, 264, 5647, 315, 65875, 323, 264, 12876, 311, 53875, 264, 6928, 3217, 369, 35266, 11, 1418, 1101, 8430, 43206, 555, 279, 3779, 28423, 13, 3011, 596, 264, 2763, 311, 2980, 13, 3053, 499, 3371, 757, 810, 922, 1148, 596, 40876, 499, 922, 44463, 279, 6896, 596, 3966, 449, 701, 6484, 42356, 30, 128009]",0.12918608263134956,391eb62b5e02e9d7fc1641bfc3dc5e5a596f8ea76135eaa3fe1f3da77edf1b62,1633.0898879095912,0.03582402132451534,71.38633308932185,d419d91cb0cecc99bbd2c1c57b1133b9bef15c0a011978fdae2396da86d571f9,311,1634.45119606331,72.650833055377,72.61845516040921,a0512fb705154d292f14007c5ed22614a30bdd59c6ff28684782a6c244ed3c7f,True,253,59,0.0058820005506277084,3,0.008848030120134354,,1,r1:state_ce63694b53376eb98c5b:context_only,df6a5bdc4aef3ebf6fb8b0de936bb4b05947a728d78a514535fba8c73382d510,"It sounds like you're carrying a sense of nostalgia and a desire to recreate a positive experience for Emily, while also feeling overwhelmed by the added responsibilities. That's a lot to consider. Can you tell me more about what's worrying you about balancing the pet's needs with your existing commitments?",0.024789944291114807,p5:1,303,0,0.10713213123381138,1.0496459435671568,3,state_ce63694b53376eb98c5b,p5,False
MPMSME+RS,0,fixed_off,"[2181, 10578, 1093, 499, 2351, 8430, 264, 6651, 315, 21958, 922, 3794, 264, 6896, 369, 35266, 13, 1952, 832, 1450, 11, 499, 2351, 12304, 922, 279, 4754, 7720, 369, 1077, 2890, 323, 23871, 11, 719, 389, 279, 1023, 1450, 11, 499, 2351, 18290, 922, 4737, 389, 279, 3779, 12014, 323, 18646, 701, 892, 13750, 13, 3053, 499, 3371, 757, 810, 922, 1148, 596, 1027, 2133, 1555, 701, 4059, 994, 499, 1781, 922, 420, 30, 128009]",0.1485929824411869,391eb62b5e02e9d7fc1641bfc3dc5e5a596f8ea76135eaa3fe1f3da77edf1b62,2308.747739996761,0.04329090006649494,262.71615410223603,f90b97acacfec76b12b6887bb0d3ba4256c2a175b4be09175d033857d720094d,1608,2472.323926864192,426.20409093797207,426.14374798722565,138422e108dafb59a5a896958ffaf3761dbd43c1b502c820fa457f1414afd536,True,254,75,0.006346963346004486,4,0.043165870010852814,True,1,r1:state_ce63694b53376eb98c5b:fixed_off,fcc646681aedfea39755cc89eae65bcb41cfe1dc394502c2ff9b714a95d24f39,"It sounds like you're feeling a mix of emotions about getting a pet for Emily. On one hand, you're excited about the potential benefits for her health and happiness, but on the other hand, you're worried about taking on the added responsibility and managing your time effectively. Can you tell me more about what's been going through your mind when you think about this?",159.36408517882228,p5:1,303,4,0.10582688264548779,3.8648780900985003,3,state_ce63694b53376eb98c5b,p5,False
MPMSME+RS,0,fixed_off,"[2181, 10578, 1093, 51136, 287, 449, 8766, 706, 75940, 709, 264, 2763, 315, 21958, 323, 27924, 369, 499, 13, 1102, 596, 49839, 430, 499, 2351, 8430, 264, 6651, 315, 16024, 11, 5423, 2728, 701, 3925, 3871, 13, 3053, 499, 3371, 757, 810, 922, 1148, 596, 1027, 2133, 1555, 701, 4059, 2533, 499, 6755, 505, 1461, 30, 3639, 527, 1063, 315, 279, 11555, 323, 16024, 430, 617, 1027, 40986, 369, 499, 30, 128009]",0.18451805226504803,391eb62b5e02e9d7fc1641bfc3dc5e5a596f8ea76135eaa3fe1f3da77edf1b62,2289.54946086742,0.062440987676382065,297.87036101333797,e04d4da2910451da88f83ef3b9ffcb79ad99ce17f1694fe25ecb3afd2cd2a266,1733,2586.050530895591,594.269149005413,594.1869129892439,d5977dc88f48650eca62060b490dfb0dee0514ffcf892e81659677d01ecc3273,True,255,72,0.007576076313853264,0,0.07238402031362057,True,1,r1:state_2c520491a6f996b397f7:fixed_off,e050d541580ebd034f8a9ac8cba0e8deea597acc9febff34e2ab7fe29af4c39b,"It sounds like reconnecting with Bill has stirred up a lot of emotions and uncertainty for you. It's understandable that you're feeling a mix of feelings, especially given your history together. Can you tell me more about what's been going through your mind since you heard from him? What are some of the thoughts and feelings that have been arising for you?",290.8043849747628,p16:2,202,4,0.1281658187508583,5.241600098088384,8,state_2c520491a6f996b397f7,p16,False
M0+R0,0,context_only,"[2181, 10578, 1093, 279, 3347, 5133, 449, 8766, 10187, 264, 3361, 2035, 304, 701, 4851, 11, 323, 430, 596, 3339, 420, 1510, 6671, 1524, 810, 6485, 13, 1102, 596, 6724, 49839, 430, 499, 2351, 20558, 311, 21546, 701, 21958, 11, 5423, 2728, 279, 3925, 499, 6222, 3871, 13, 3053, 499, 3371, 757, 810, 922, 1148, 596, 1027, 2133, 1555, 701, 4059, 2533, 279, 13123, 449, 8766, 30, 128009]",0.1259429845958948,391eb62b5e02e9d7fc1641bfc3dc5e5a596f8ea76135eaa3fe1f3da77edf1b62,1903.5725418943912,0.0510259997099638,87.5934709329158,e0a40f9313e56fabcfe817f5463253e0191f8517e46b75ced9a743f610fd5e52,442,1905.8035558555275,89.77337786927819,89.69854190945625,7ea4cdf7f88df72b8d4f685f3a0c725d5b8e07b8a25e0439a620b9f39c3606b1,True,256,68,0.009361188858747482,1,0.013211974874138832,,1,r1:state_2c520491a6f996b397f7:context_only,d0c9a8a260c693f831827346c99dd162d10b95500356f699a92224cd58e76e4a,"It sounds like the past relationship with Bill holds a special place in your heart, and that's making this current situation even more complex. It's completely understandable that you're struggling to navigate your emotions, especially given the history you shared together. Can you tell me more about what's been going through your mind since the encounter with Bill?",0.05282997153699398,p16:2,202,0,0.16955379396677017,1.809088047593832,8,state_2c520491a6f996b397f7,p16,False
MPE+RS,0,pm_off,"[2181, 10578, 1093, 51136, 287, 449, 8766, 706, 75940, 709, 264, 2763, 315, 21958, 323, 19459, 505, 701, 3347, 5133, 13, 1102, 596, 49839, 430, 499, 2351, 8430, 36218, 323, 27207, 922, 1148, 420, 3445, 369, 499, 13, 3053, 499, 3371, 757, 810, 922, 1148, 596, 1027, 2133, 1555, 701, 4059, 2533, 499, 6755, 505, 1461, 30, 3639, 527, 1063, 315, 279, 11555, 323, 16024, 430, 617, 1027, 40986, 369, 499, 30, 128009]",0.1779668964445591,391eb62b5e02e9d7fc1641bfc3dc5e5a596f8ea76135eaa3fe1f3da77edf1b62,2281.1424820683897,0.05631381645798683,265.08518517948687,bdef0761bfbdf4a4706dcb1e103e6ceeac219261fb24a9e7f369e0feb2e0855b,1649,2559.143459890038,542.9878139402717,542.9081961046904,87d257ef09c0a7cdaa7b26fc62cf35d86bca5f32149f246b1d3e049cdd6f76b2,True,257,73,7.2938259690999985,2,0.057064928114414215,True,1,r1:state_2c520491a6f996b397f7:pm_off,04dd053d0a4587d4f5bdd3b1763d8e7b57eeb638342cb19ea42224a10b0dfe06,It sounds like reconnecting with Bill has stirred up a lot of emotions and memories from your past relationship. It's understandable that you're feeling uncertain and scared about what this means for you. Can you tell me more about what's been going through your mind since you heard from him? What are some of the thoughts and feelings that have been arising for you?,265.5999311245978,p16:2,202,3,0.10841293260455132,4.707462154328823,8,state_2c520491a6f996b397f7,p16,False
MSE+RS,0,rule_off,"[2181, 10578, 1093, 51136, 287, 449, 8766, 706, 75940, 709, 264, 2763, 315, 21958, 369, 499, 11, 323, 433, 596, 49839, 430, 499, 2351, 8430, 36218, 323, 27207, 13, 1102, 596, 2867, 430, 499, 2103, 2512, 922, 1461, 17693, 11, 323, 430, 596, 264, 2466, 961, 315, 3249, 420, 374, 779, 17436, 369, 499, 13, 3053, 499, 3371, 757, 810, 922, 1148, 499, 2351, 16026, 311, 636, 704, 315, 420, 6671, 11, 323, 1148, 499, 2351, 16984, 315, 30, 128009]",0.12653879821300507,391eb62b5e02e9d7fc1641bfc3dc5e5a596f8ea76135eaa3fe1f3da77edf1b62,2488.9062449801713,0.048620160669088364,281.57884581014514,1b379efa264dfcbf7fa16885774afae6553a653183361ce4381e0f6b0ee8087f,1703,2783.3215699065477,575.9565709158778,575.8676319383085,8489d8fda7da13b194ded8235db69a0500050dd9513bfcb66c2d6d1e6cf69a91,True,258,80,274.68201401643455,3,0.04626298323273659,True,1,r1:state_2c520491a6f996b397f7:rule_off,0af1e6a1fb66203330b77e13d40ea78835ed3d661d77a8e56acd38382eb87601,"It sounds like reconnecting with Bill has stirred up a lot of emotions for you, and it's understandable that you're feeling uncertain and scared. It's clear that you still care about him deeply, and that's a big part of why this is so challenging for you. Can you tell me more about what you're hoping to get out of this situation, and what you're afraid of?",14.752208953723311,p16:2,202,3,0.15953299589455128,4.6001470182091,8,state_2c520491a6f996b397f7,p16,False
ME+R0,0,me_r0,"[2181, 10578, 1093, 51136, 287, 449, 8766, 706, 75940, 709, 264, 2763, 315, 21958, 323, 19459, 505, 701, 3347, 5133, 13, 1102, 596, 49839, 430, 499, 2351, 8430, 36218, 323, 7344, 1524, 264, 2697, 27207, 922, 1148, 420, 3445, 369, 499, 13, 3053, 499, 3371, 757, 810, 922, 1148, 596, 1027, 2133, 1555, 701, 4059, 2533, 499, 1766, 704, 568, 8813, 704, 311, 499, 30, 3639, 527, 1063, 315, 279, 11555, 323, 16024, 430, 617, 1027, 40986, 369, 499, 30, 128009]",0.12665404938161373,391eb62b5e02e9d7fc1641bfc3dc5e5a596f8ea76135eaa3fe1f3da77edf1b62,2434.4682111404836,0.03440701402723789,233.01186109893024,d47bbf8dd09b3350d227e5fbf1ea42ac11c3d953251e91b1f293d9813b2c89c9,1393,2441.194085171446,239.66030310839415,239.6110810805112,df8bde7b20f3ce6ba6585e32eaeb343a42fe52612ede7151567965ee34777081,True,259,81,0.006094807758927345,4,0.015851110219955444,,1,r1:state_2c520491a6f996b397f7:me_r0,2de0ce9f0105da85de91647dfb3c71d61be6ded4496fa3ee6a2a1d1466685523,It sounds like reconnecting with Bill has stirred up a lot of emotions and memories from your past relationship. It's understandable that you're feeling uncertain and maybe even a little scared about what this means for you. Can you tell me more about what's been going through your mind since you found out he reached out to you? What are some of the thoughts and feelings that have been arising for you?,3.4418830182403326,p16:2,202,1,0.11123716831207275,2.9897468630224466,8,state_2c520491a6f996b397f7,p16,False
MSE+RS,0,pm_off,"[40, 649, 5647, 1268, 22798, 323, 35711, 420, 6671, 374, 369, 499, 13, 1102, 10578, 1093, 499, 2351, 8430, 264, 6996, 315, 2585, 323, 20334, 304, 701, 2162, 2324, 11, 902, 374, 28987, 701, 7106, 323, 14604, 1664, 33851, 13, 3053, 499, 3371, 757, 810, 922, 1148, 499, 1781, 1053, 1520, 499, 2733, 810, 304, 2585, 323, 15528, 304, 420, 6671, 30, 128009]",0.18040812574326992,391eb62b5e02e9d7fc1641bfc3dc5e5a596f8ea76135eaa3fe1f3da77edf1b62,2008.9245848357677,0.042291125282645226,281.1831128783524,803872110af781fff1159a61cce0433b7b01a0fcb42fcdb3f6333e716324ac8f,1701,2388.375885086134,660.5061609297991,660.4540050029755,510320a3bf897d624c7169874a7c855c297f6c6d9c59fd8de8b70b31369c6a97,True,260,63,7.2709068190306425,0,0.043101841583848,True,1,r1:state_5ef2ff288425670c81ce:pm_off,206120b74b220a7478fd7b55b57900b061826d28e3e53226588514d66b8052af,"I can sense how overwhelming and frustrating this situation is for you. It sounds like you're feeling a lack of control and stability in your home life, which is affecting your physical and emotional well-being. Can you tell me more about what you think would help you feel more in control and stable in this situation?",367.7598692011088,p14:2,101,3,0.1071360893547535,4.047587048262358,8,state_5ef2ff288425670c81ce,p14,False
MPMSME+RS,0,fixed_off,"[40, 649, 5647, 1268, 22798, 323, 35711, 420, 6671, 374, 369, 499, 13, 1102, 10578, 1093, 499, 2351, 8430, 264, 6996, 315, 2585, 323, 20334, 304, 701, 2162, 2324, 11, 902, 374, 28987, 701, 7106, 323, 14604, 1664, 33851, 13, 3053, 499, 3371, 757, 810, 922, 1148, 499, 1781, 1053, 1520, 499, 2733, 810, 304, 2585, 323, 15528, 304, 420, 6671, 30, 128009]",0.11599482968449593,391eb62b5e02e9d7fc1641bfc3dc5e5a596f8ea76135eaa3fe1f3da77edf1b62,2014.3139499705285,0.06436510011553764,284.6492698881775,695cd3d149ad8a92790d5aec8505b9c9000f65092d6d04432211d25b2531ad87,1726,2294.575072824955,564.8881618399173,564.7943979129195,faa807751fac6ab0a8ab2e2e9d4e6e196fd2d1a08e382b8efdfadeb86eccad52,True,261,63,0.008773989975452423,1,0.06764894351363182,True,1,r1:state_5ef2ff288425670c81ce:fixed_off,206120b74b220a7478fd7b55b57900b061826d28e3e53226588514d66b8052af,"I can sense how overwhelming and frustrating this situation is for you. It sounds like you're feeling a lack of control and stability in your home life, which is affecting your physical and emotional well-being. Can you tell me more about what you think would help you feel more in control and stable in this situation?",274.633628083393,p14:2,101,4,0.1583038829267025,5.212408024817705,8,state_5ef2ff288425670c81ce,p14,False
ME+R0,0,me_r0,"[40, 649, 5647, 279, 4785, 315, 44696, 2968, 323, 6996, 315, 2585, 304, 701, 2324, 1314, 1457, 13, 1102, 10578, 1093, 499, 2351, 8430, 43206, 11, 32647, 11, 323, 33630, 11, 539, 1120, 449, 701, 8427, 596, 990, 9899, 11, 719, 1101, 449, 279, 5536, 433, 596, 3515, 389, 701, 8244, 1664, 33851, 13, 3053, 499, 3371, 757, 810, 922, 1148, 499, 1781, 1053, 1520, 499, 2733, 810, 304, 2585, 323, 15528, 304, 420, 6671, 30, 128009]",0.18739118240773678,391eb62b5e02e9d7fc1641bfc3dc5e5a596f8ea76135eaa3fe1f3da77edf1b62,2328.8466879166663,0.035902950912714005,232.13743697851896,8732152bee94b9730833bbe540b0bad407431e9a553f50094c979fa3d386e2e9,1339,2334.344597067684,237.50550393015146,237.4479549471289,99f0502b63b1a0cce0dcabe0f2ff920a8afc40e60558512fe4e7d03c095880d8,True,262,77,0.0063891056925058365,2,0.015411991626024246,,1,r1:state_5ef2ff288425670c81ce:me_r0,e0a0f717ef4ebe593d3e18717b056dacbb0e64e78e5b1ebe1b1a207b62defe49,"I can sense the weight of unpredictability and lack of control in your life right now. It sounds like you're feeling overwhelmed, stressed, and frustrated, not just with your partner's work schedule, but also with the impact it's having on your overall well-being. Can you tell me more about what you think would help you feel more in control and stable in this situation?",2.222927985712886,p14:2,101,1,0.1133219338953495,2.9165640007704496,8,state_5ef2ff288425670c81ce,p14,False
M0+R0,0,context_only,"[2181, 10578, 1093, 499, 2351, 8430, 2216, 61508, 323, 20558, 311, 2567, 709, 449, 279, 18651, 315, 701, 2162, 2324, 13, 1102, 596, 6724, 49839, 430, 499, 2351, 8430, 43206, 13, 3053, 499, 3371, 757, 810, 922, 1148, 499, 1781, 1053, 1205, 311, 2349, 304, 2015, 369, 499, 311, 2733, 810, 304, 2585, 323, 15528, 30, 128009]",0.11896295472979546,391eb62b5e02e9d7fc1641bfc3dc5e5a596f8ea76135eaa3fe1f3da77edf1b62,1604.9130419269204,0.05350494757294655,87.95941201969981,0b108c5eccab33f3151f6cf98210e0e0776f0baba5c7e1ac4adc76665ecfcef6,440,1607.106258859858,90.10168700478971,90.03366599790752,39b3099c0680e36bffaa5bbfbd7d0a26405056876db43e189c6e2b9548b0ec9c,True,263,57,0.008588191121816635,3,0.013061100617051125,,1,r1:state_5ef2ff288425670c81ce:context_only,0f5068561f5a7554a8aae01f05887fe381f24c3139e0fb3b6d87b34fdeb833b1,It sounds like you're feeling really drained and struggling to keep up with the demands of your home life. It's completely understandable that you're feeling overwhelmed. Can you tell me more about what you think would need to change in order for you to feel more in control and stable?,0.04656892269849777,p14:2,101,0,0.15126983635127544,1.8012609798461199,8,state_5ef2ff288425670c81ce,p14,False
MSE+RS,0,rule_off,"[40, 649, 5647, 1268, 22798, 323, 35711, 420, 6671, 374, 369, 499, 13, 1102, 10578, 1093, 499, 2351, 8430, 264, 6996, 315, 2585, 323, 20334, 304, 701, 2162, 2324, 11, 902, 374, 28987, 701, 7106, 323, 14604, 1664, 33851, 13, 3053, 499, 3371, 757, 810, 922, 1148, 499, 1781, 1053, 1520, 499, 2733, 810, 304, 2585, 323, 15528, 304, 420, 6671, 30, 128009]",0.12138602323830128,391eb62b5e02e9d7fc1641bfc3dc5e5a596f8ea76135eaa3fe1f3da77edf1b62,1997.7200550492853,0.04471605643630028,281.885219970718,803872110af781fff1159a61cce0433b7b01a0fcb42fcdb3f6333e716324ac8f,1701,2233.723361045122,517.8273129276931,517.7671399433166,510320a3bf897d624c7169874a7c855c297f6c6d9c59fd8de8b70b31369c6a97,True,264,63,220.61184514313936,4,0.04133116453886032,True,1,r1:state_5ef2ff288425670c81ce:rule_off,206120b74b220a7478fd7b55b57900b061826d28e3e53226588514d66b8052af,"I can sense how overwhelming and frustrating this situation is for you. It sounds like you're feeling a lack of control and stability in your home life, which is affecting your physical and emotional well-being. Can you tell me more about what you think would help you feel more in control and stable in this situation?",11.05842087417841,p14:2,101,3,0.11264695785939693,4.012959776446223,8,state_5ef2ff288425670c81ce,p14,False
MSE+RS,0,rule_off,"[2181, 10578, 1093, 279, 7410, 315, 279, 58982, 323, 279, 19347, 499, 3077, 4036, 706, 2216, 66900, 701, 12410, 439, 264, 32185, 13, 3011, 649, 387, 264, 2216, 11292, 323, 13399, 1113, 3217, 13, 3053, 499, 3371, 757, 810, 922, 1148, 596, 1027, 2133, 1555, 701, 4059, 994, 499, 1781, 922, 701, 18000, 439, 264, 32185, 30, 128009]",0.1184660941362381,391eb62b5e02e9d7fc1641bfc3dc5e5a596f8ea76135eaa3fe1f3da77edf1b62,1856.930403970182,0.042277853935956955,259.8934529814869,cb1d4a3112c88e9ad62ed85a036b02b26afc43e17e3c7a75d81dc10ddcccb038,1584,1995.0591819360852,398.022857028991,397.90376485325396,da30767840c88eb949e3fa815ae142af757f3466657fce4873e1f4e9999a90d4,True,265,58,124.60280396044254,0,0.034297117963433266,True,1,r1:state_25d6bbe3f8761bf56b08:rule_off,5d92375cdd33b1c9f3c420ebc3686a712fb860e39d68c950ee2cf0664a2df70c,It sounds like the pressure of the deadlines and the criticism you've received has really shaken your confidence as a researcher. That can be a really tough and isolating experience. Can you tell me more about what's been going through your mind when you think about your abilities as a researcher?,9.488970041275024,p17:1,101,3,0.11260085739195347,3.729362040758133,3,state_25d6bbe3f8761bf56b08,p17,False
MP+RS,0,pm_off,"[4897, 10578, 17235, 11292, 13, 1102, 596, 912, 5895, 499, 2351, 8430, 38100, 323, 36218, 922, 701, 18000, 439, 264, 32185, 13, 1102, 596, 264, 2763, 311, 1935, 389, 11, 5423, 449, 279, 3779, 7410, 315, 58982, 323, 19347, 13, 3053, 499, 3371, 757, 810, 922, 1148, 596, 1027, 2133, 1555, 701, 4059, 994, 499, 2351, 8430, 420, 1648, 30, 128009]",0.1199918333441019,391eb62b5e02e9d7fc1641bfc3dc5e5a596f8ea76135eaa3fe1f3da77edf1b62,1728.5322260577232,0.04357192665338516,107.643285067752,fac288485e41e84bd8f606a8bfcfa1c4ec4d08fcf1238221ebc48d75ba0639d4,594,1867.9341110400856,246.9716661144048,246.9251782167703,8eca41166fffbc271ab45d2c25103f30121b9f2fff02c579bdc0c63ff9d945a3,True,266,61,5.78665710054338,1,0.03208499401807785,True,1,r1:state_25d6bbe3f8761bf56b08:pm_off,5199b4d27bce85d2506cdaa44c25daf4f94d6b24fed8487161a9210dbd5b23de,"That sounds incredibly tough. It's no wonder you're feeling anxious and uncertain about your abilities as a researcher. It's a lot to take on, especially with the added pressure of deadlines and criticism. Can you tell me more about what's been going through your mind when you're feeling this way?",131.43032998777926,p17:1,101,2,0.10785902850329876,1.8813901115208864,3,state_25d6bbe3f8761bf56b08,p17,False
ME+R0,0,me_r0,"[2181, 10578, 1093, 279, 4785, 315, 19347, 323, 7410, 311, 3449, 58982, 374, 2216, 4737, 264, 26936, 389, 701, 12410, 323, 25835, 13, 3053, 499, 3371, 757, 810, 922, 1148, 596, 1027, 2133, 1555, 701, 4059, 994, 499, 1781, 922, 701, 18000, 439, 264, 32185, 30, 3639, 527, 1063, 315, 279, 3230, 11555, 477, 659, 1824, 50308, 13978, 430, 2586, 709, 369, 499, 30, 128009]",0.17824117094278336,391eb62b5e02e9d7fc1641bfc3dc5e5a596f8ea76135eaa3fe1f3da77edf1b62,1960.6504100374877,0.03498280420899391,196.99223199859262,37d447c592dca5b896ba57b4fa2c6073b7637115711d97b788ea017d40579215,1242,1965.1779590640217,201.39398286119103,201.3415398541838,f6aad6d4d1a2b4eb0ec92ccacc89c2171425c105769e612c77ba997f5cfb9703,True,267,65,0.007351860404014587,2,0.01491699367761612,,1,r1:state_25d6bbe3f8761bf56b08:me_r0,015e9238aae8f36d0286cf6b392e0b154b70a696be6af5a22a21f27dc304a89a,It sounds like the weight of criticism and pressure to meet deadlines is really taking a toll on your confidence and motivation. Can you tell me more about what's been going through your mind when you think about your abilities as a researcher? What are some of the specific thoughts or self-criticisms that come up for you?,1.385456183925271,p17:1,101,1,0.10904599912464619,2.797554014250636,3,state_25d6bbe3f8761bf56b08,p17,False
M0+R0,0,context_only,"[2181, 10578, 1093, 499, 2351, 15691, 264, 8987, 23104, 1314, 1457, 13, 1102, 596, 6724, 4725, 311, 2733, 36218, 323, 7810, 1303, 701, 18000, 11, 5423, 994, 17011, 449, 19347, 323, 1579, 45525, 13, 3053, 499, 3371, 757, 810, 922, 1148, 596, 1027, 2133, 1555, 701, 4059, 994, 499, 1781, 922, 701, 3495, 323, 701, 18000, 439, 264, 32185, 30, 128009]",0.125235877931118,391eb62b5e02e9d7fc1641bfc3dc5e5a596f8ea76135eaa3fe1f3da77edf1b62,1696.978298947215,0.050762202590703964,72.01385777443647,b2475af49468149d3a0e383065c594560591e253a7ba0b41cac46df2a4e75c8f,306,1698.8016930408776,73.77271610312164,73.71201599016786,a1e20d58c2f8b789082004f0c53710b34ed537bf50502d2ba238549134fae1e3,True,268,61,0.008474104106426239,3,0.011495081707835197,,1,r1:state_25d6bbe3f8761bf56b08:context_only,1a432b35d3c16a60e32b0a071950d4235f0b00ed842278e3b473b9f95e57b513,"It sounds like you're carrying a heavy burden right now. It's completely normal to feel uncertain and doubting your abilities, especially when faced with criticism and high stakes. Can you tell me more about what's been going through your mind when you think about your research and your abilities as a researcher?",0.03326591104269028,p17:1,101,0,0.14904607087373734,1.4451148454099894,3,state_25d6bbe3f8761bf56b08,p17,False
MPMSME+RS,0,fixed_off,"[2181, 10578, 1093, 279, 7410, 315, 279, 58982, 323, 279, 19347, 499, 3077, 4036, 706, 2216, 4529, 264, 26936, 389, 701, 12410, 439, 264, 32185, 13, 3053, 499, 3371, 757, 810, 922, 1148, 596, 1027, 2133, 1555, 701, 4059, 994, 499, 1781, 922, 701, 18000, 30, 3639, 527, 1063, 315, 279, 659, 1773, 5599, 1303, 11555, 430, 617, 1027, 50949, 709, 369, 499, 30, 128009]",0.12401794083416462,391eb62b5e02e9d7fc1641bfc3dc5e5a596f8ea76135eaa3fe1f3da77edf1b62,2056.720495922491,0.04375609569251537,263.19233188405633,ad36f10b884f5870a47305fe399edda80a8355cd765da6125f7d2aeea17eda58,1611,2195.8929758984596,402.2997098509222,402.24079391919076,0386d72f701d781c89b9ab1247d26c1e96f1554aa0c677edb3b947716f6f1fa6,True,269,65,0.006367918103933334,4,0.04152604378759861,True,1,r1:state_25d6bbe3f8761bf56b08:fixed_off,b52d06c4ba5b5e3da3ef714e4d85a145af73718c91b365c7c93cd770a990629a,It sounds like the pressure of the deadlines and the criticism you've received has really taken a toll on your confidence as a researcher. Can you tell me more about what's been going through your mind when you think about your abilities? What are some of the self-doubting thoughts that have been popping up for you?,134.98184201307595,p17:1,101,4,0.10773795656859875,3.867232007905841,3,state_25d6bbe3f8761bf56b08,p17,False
MSE+RS,0,rule_off,"[2181, 10578, 1093, 9298, 8766, 1578, 706, 75940, 709, 264, 2763, 315, 21958, 323, 19459, 430, 499, 3463, 499, 1047, 27023, 449, 13, 1102, 596, 1093, 701, 4059, 323, 4851, 527, 4560, 311, 1920, 4395, 682, 520, 3131, 11, 323, 433, 596, 9564, 499, 8430, 38683, 61508, 13, 3053, 499, 3371, 757, 810, 922, 1148, 596, 1027, 2133, 1555, 701, 4059, 2533, 499, 5602, 1461, 30, 3639, 527, 1063, 315, 279, 19459, 323, 16024, 430, 2567, 5108, 709, 369, 499, 30, 128009]",0.19727414473891258,391eb62b5e02e9d7fc1641bfc3dc5e5a596f8ea76135eaa3fe1f3da77edf1b62,2553.381497040391,0.04222290590405464,294.5774591062218,76bee7acaa21ccc473b415b73d6c5ea155cde60d0442c55bb2c26d45de1704e4,1730,2724.098729202524,465.15561803244054,465.09741712361574,07604b4e681044b218f19b39e40b459bbd0509688b5bc10f7ebf9dcafda7175c,True,270,82,154.78362701833248,0,0.03598514012992382,True,1,r1:state_21bae6b972f2df1611a6:rule_off,93bd682b770fb4558f831340a57a15cf663cefc87d7ea172671476c0ba7736bb,"It sounds like seeing Bill again has stirred up a lot of emotions and memories that you thought you had dealt with. It's like your mind and heart are trying to process everything all at once, and it's leaving you feeling emotionally drained. Can you tell me more about what's been going through your mind since you saw him? What are some of the memories and feelings that keep coming up for you?",11.520680971443653,p16:2,101,3,0.1130090095102787,4.024432972073555,3,state_21bae6b972f2df1611a6,p16,False
M0+R0,0,context_only,"[2181, 10578, 1093, 420, 13123, 706, 2216, 75940, 709, 264, 2763, 315, 2362, 21958, 323, 19459, 13, 1102, 596, 6724, 4725, 311, 2733, 61508, 323, 68770, 839, 994, 584, 2351, 41782, 449, 81261, 16024, 13, 3053, 499, 3371, 757, 810, 922, 1148, 596, 1027, 2133, 1555, 701, 4059, 2533, 9298, 8766, 30, 3639, 527, 1063, 315, 279, 3230, 19459, 477, 16024, 430, 617, 1027, 5108, 709, 369, 499, 30, 128009]",0.13227108865976334,391eb62b5e02e9d7fc1641bfc3dc5e5a596f8ea76135eaa3fe1f3da77edf1b62,1943.6433929949999,0.05406700074672699,72.5883380509913,2c69d03b7a906bcf3998b8b97b2087f513f018bcfdc0b90613612b6976ec1b3f,314,1945.5571500584483,74.44521901197731,74.36982402577996,d2b4553d448f0b4a5a30924242f0c4888e86ac8d1d0d902d9727f142ca84f1a6,True,271,70,0.009742798283696175,1,0.012239906936883926,,1,r1:state_21bae6b972f2df1611a6:context_only,08496e2a5236201fad5af96647baed482236a599e53be13f168db46e7b2a0bd6,It sounds like this encounter has really stirred up a lot of old emotions and memories. It's completely normal to feel drained and unsettled when we're confronted with unresolved feelings. Can you tell me more about what's been going through your mind since seeing Bill? What are some of the specific memories or feelings that have been coming up for you?,0.037496211007237434,p16:2,101,0,0.17401715740561485,1.4939229004085064,3,state_21bae6b972f2df1611a6,p16,False
ME+R0,0,me_r0,"[2181, 10578, 1093, 9298, 8766, 1578, 706, 75940, 709, 264, 2763, 315, 21958, 323, 19459, 430, 499, 3463, 499, 1047, 27023, 449, 13, 1102, 596, 6724, 4725, 311, 2733, 83374, 323, 23023, 1285, 922, 279, 3347, 11, 5423, 994, 433, 596, 17791, 311, 264, 5199, 5133, 13, 3053, 499, 3371, 757, 810, 922, 1148, 596, 1027, 2133, 1555, 701, 4059, 2533, 9298, 8766, 30, 3639, 527, 1063, 315, 279, 3230, 19459, 477, 16024, 430, 617, 1027, 5108, 709, 369, 499, 30, 128009]",0.19574584439396858,391eb62b5e02e9d7fc1641bfc3dc5e5a596f8ea76135eaa3fe1f3da77edf1b62,2467.4603941384703,0.03602285869419575,232.09265596233308,d6707a62ea1be68fc8ad11a68182263b9aed7dfe33541cbd0a91ae074b7252fe,1350,2473.4700669068843,237.96365805901587,237.90658288635314,a77957ac71b7a0a7cb2ad08873e768abfdb5fc45893b743370756fcc27645be8,True,272,82,0.006409827619791031,2,0.015141908079385757,,1,r1:state_21bae6b972f2df1611a6:me_r0,5ba22cad4653be7af587a3f168271a987bb3d9c2a553862f5c9530947f2dd0af,"It sounds like seeing Bill again has stirred up a lot of emotions and memories that you thought you had dealt with. It's completely normal to feel nostalgic and regretful about the past, especially when it's tied to a significant relationship. Can you tell me more about what's been going through your mind since seeing Bill? What are some of the specific memories or feelings that have been coming up for you?",2.631927141919732,p16:2,101,1,0.1073470339179039,3.0170781537890434,3,state_21bae6b972f2df1611a6,p16,False
MP+RS,0,pm_off,"[2181, 10578, 1093, 9298, 8766, 1578, 706, 75940, 709, 264, 2763, 315, 21958, 323, 19459, 430, 499, 3463, 499, 1047, 27023, 449, 13, 3011, 649, 387, 2216, 92080, 323, 74109, 13, 3053, 499, 3371, 757, 810, 922, 1148, 596, 1027, 2133, 1555, 701, 4059, 2533, 279, 13123, 30, 3639, 527, 1063, 315, 279, 3230, 11555, 477, 16024, 430, 617, 1027, 64610, 369, 499, 30, 128009]",0.12311805039644241,391eb62b5e02e9d7fc1641bfc3dc5e5a596f8ea76135eaa3fe1f3da77edf1b62,1862.9278030712157,0.06461492739617825,120.62621908262372,a53433420dcf9d1d5b50ebfe78e45804e924c80352fa0dbe0d785d313ab4d28b,649,2070.814923150465,328.4589950926602,328.3902211114764,62a889df8207f523b7e803c3e79db0e7f44f91d309d0adf150d5dbe1e1c2f785,True,273,65,6.985264830291271,3,0.04985998384654522,True,1,r1:state_21bae6b972f2df1611a6:pm_off,aed0b26b41ab57240d7e8093dc2b2fb2462e01bdde3583c5b241bd8da642d5d1,It sounds like seeing Bill again has stirred up a lot of emotions and memories that you thought you had dealt with. That can be really unsettling and draining. Can you tell me more about what's been going through your mind since the encounter? What are some of the specific thoughts or feelings that have been lingering for you?,197.84047012217343,p16:2,101,2,0.14682719483971596,2.676964970305562,3,state_21bae6b972f2df1611a6,p16,False
MPMSME+RS,0,fixed_off,"[2181, 10578, 1093, 9298, 8766, 1578, 706, 75940, 709, 264, 2763, 315, 21958, 323, 19459, 430, 499, 3463, 499, 1047, 27023, 449, 13, 1102, 596, 1093, 701, 4059, 323, 4851, 527, 4560, 311, 1920, 4395, 682, 927, 1578, 13, 3053, 499, 3371, 757, 810, 922, 1148, 596, 1027, 2133, 1555, 701, 4059, 323, 4851, 2533, 499, 5602, 1461, 30, 3639, 527, 1063, 315, 279, 19459, 323, 16024, 430, 2567, 5108, 709, 369, 499, 30, 128009]",0.1306510530412197,391eb62b5e02e9d7fc1641bfc3dc5e5a596f8ea76135eaa3fe1f3da77edf1b62,2349.2530069779605,0.04239007830619812,297.37446503713727,93b9e1ab64fa03bd2f4dc34ee321a2ab808f5b1ab419ba876612b8ad42b1ce82,1760,2517.172464169562,465.21646017208695,465.16327117569745,d46a1e4009366e4c22d886d1b7a59a2b36a475f7487dcd86c1de0c2125821d74,True,274,75,0.007431022822856903,4,0.045900000259280205,True,1,r1:state_21bae6b972f2df1611a6:fixed_off,11b53b90ddbc9b7fcd880910349f07513a76cf1b0954a6ed2b7713b57b6510f5,It sounds like seeing Bill again has stirred up a lot of emotions and memories that you thought you had dealt with. It's like your mind and heart are trying to process everything all over again. Can you tell me more about what's been going through your mind and heart since you saw him? What are some of the memories and feelings that keep coming up for you?,163.55707985349,p16:2,101,4,0.10760617442429066,4.028399009257555,3,state_21bae6b972f2df1611a6,p16,False
MPMSME+RS,0,fixed_off,"[2181, 10578, 1093, 499, 2351, 8430, 264, 6651, 315, 21958, 922, 420, 502, 2683, 6776, 482, 28361, 922, 279, 4754, 369, 2731, 990, 26928, 8335, 11, 719, 1101, 27924, 323, 18547, 922, 9564, 701, 1510, 2128, 323, 3560, 13, 3053, 499, 3371, 757, 810, 922, 1148, 596, 10168, 499, 1203, 505, 8430, 810, 16913, 922, 420, 5597, 30, 128009]",0.11606700718402863,391eb62b5e02e9d7fc1641bfc3dc5e5a596f8ea76135eaa3fe1f3da77edf1b62,1866.8019219767302,0.043392181396484375,263.67557398043573,9ff7d796cd817d383c5bc02ffea3fb7b49d0316953ce09ed34333b80fafd95d6,1612,2043.5940520837903,440.39854500442743,440.3516370803118,76c3d6cb74e60c69cef236afa5b9c6e891bb0a4eb4a867165a0b7aedd05f8106,True,275,59,0.006720190867781639,0,0.04582991823554039,True,1,r1:state_167ce1f68daa5eb1e2fe:fixed_off,5f5f1ebe28585e869325fb769d806070a8d8456e538057ef4f22319cf21f97b3,"It sounds like you're feeling a mix of emotions about this new job opportunity - excitement about the potential for better work-life balance, but also uncertainty and anxiety about leaving your current team and role. Can you tell me more about what's holding you back from feeling more confident about this decision?",172.68332396633923,p12:3,303,4,0.11226488277316093,3.7845319602638483,3,state_167ce1f68daa5eb1e2fe,p12,False
ME+R0,0,me_r0,"[2181, 10578, 1093, 499, 2351, 8430, 264, 6651, 315, 21958, 922, 420, 502, 2683, 6776, 11, 323, 430, 596, 6724, 4725, 13, 1102, 596, 2294, 430, 499, 2351, 4737, 279, 892, 311, 8881, 389, 701, 16024, 323, 2980, 1148, 596, 1888, 369, 701, 7076, 323, 4443, 6650, 13, 3053, 499, 3371, 757, 810, 922, 1148, 596, 10168, 499, 1203, 505, 3339, 264, 5597, 30, 2209, 433, 279, 27924, 315, 279, 9320, 1920, 11, 477, 2555, 775, 11622, 30, 128009]",0.1275178510695696,391eb62b5e02e9d7fc1641bfc3dc5e5a596f8ea76135eaa3fe1f3da77edf1b62,2334.348945179954,0.035528792068362236,197.68146402202547,e523a3a4c17ac7995ee6d5c97c1693cccf40aeb92e124f74de5adc52bb4fbe9b,1263,2339.525980874896,202.77185691520572,202.73098186589777,a782abd80ec7777f6b5f13e6288c96154db11f5212507078b4749f1a57cd1fee,True,276,79,0.0067229848355054855,1,0.015408964827656746,,1,r1:state_167ce1f68daa5eb1e2fe:me_r0,0ac0af89097d648cbcb908dfdaecb69a2aae3a821c888045b920f8622dce2d4a,"It sounds like you're feeling a mix of emotions about this new job opportunity, and that's completely normal. It's great that you're taking the time to reflect on your feelings and consider what's best for your career and personal growth. Can you tell me more about what's holding you back from making a decision? Is it the uncertainty of the transition process, or something else entirely?",2.1017559338361025,p12:3,303,1,0.1076089683920145,2.7824921999126673,3,state_167ce1f68daa5eb1e2fe,p12,False
M0+R0,0,context_only,"[2181, 10578, 1093, 499, 3077, 8040, 264, 3831, 5647, 315, 56062, 11, 902, 374, 2216, 85684, 13, 1102, 596, 6724, 4725, 311, 3488, 701, 18000, 323, 2733, 36218, 922, 701, 7076, 1853, 11, 5423, 994, 17011, 449, 19347, 323, 8631, 13, 3053, 499, 3371, 757, 810, 922, 1148, 596, 10168, 499, 1203, 505, 8430, 16913, 922, 420, 502, 6776, 30, 128009]",0.13856799341738224,391eb62b5e02e9d7fc1641bfc3dc5e5a596f8ea76135eaa3fe1f3da77edf1b62,1688.4980420581996,0.034218886867165565,72.35957914963365,d9cefcebcaba2029a38a33f3c4464e6aae5ab79dc4de9ee49c409fad4eb14ee8,317,1689.945193938911,73.70100496336818,73.66816303692758,dcc2896df65be867213cf2e6b62b67f41ddd0f1bfd2dbc8711e993b9d115edca,True,277,61,0.006538117304444313,2,0.008878065273165703,,1,r1:state_167ce1f68daa5eb1e2fe:context_only,faf1ee849df4e9c3ef136a36316d12c84c1f22ec10438a40e88e566cb2c99bea,"It sounds like you've developed a strong sense of resilience, which is really admirable. It's completely normal to question your abilities and feel uncertain about your career path, especially when faced with criticism and stress. Can you tell me more about what's holding you back from feeling confident about this new opportunity?",0.026963884010910988,p12:3,303,0,0.111820874735713,1.1201640591025352,3,state_167ce1f68daa5eb1e2fe,p12,False
MSE+RS,0,rule_off,"[2181, 10578, 1093, 499, 2351, 8430, 264, 6651, 315, 21958, 922, 420, 502, 2683, 6776, 482, 28361, 922, 279, 4754, 369, 2731, 990, 26928, 8335, 11, 719, 1101, 27924, 323, 18547, 922, 9564, 701, 1510, 2128, 323, 3560, 13, 3053, 499, 3371, 757, 810, 922, 1148, 596, 10168, 499, 1203, 505, 3339, 264, 5597, 30, 128009]",0.1302559394389391,391eb62b5e02e9d7fc1641bfc3dc5e5a596f8ea76135eaa3fe1f3da77edf1b62,1790.6762401107699,0.04532490856945515,261.2744099460542,3057a0d48c3e05f576c1d1a177b493f541a951496213dce71abcdd8c2a522a3a,1585,2104.4815920758992,575.0293510500342,574.9495059717447,bdbd58deb60415704aab244bece0697e1a16bd850cd3c0bdb0fb11d261e2bd3d,True,278,56,164.05457817018032,3,0.0460019800812006,True,1,r1:state_167ce1f68daa5eb1e2fe:rule_off,eaa785c38b34c807e0de1db7b6b1ad675dd2a6f265ebd4041f039fea88e38fdd,"It sounds like you're feeling a mix of emotions about this new job opportunity - excitement about the potential for better work-life balance, but also uncertainty and anxiety about leaving your current team and role. Can you tell me more about what's holding you back from making a decision?",145.5731608439237,p12:3,303,3,0.11041900143027306,3.845611121505499,3,state_167ce1f68daa5eb1e2fe,p12,False
MPE+RS,0,pm_off,"[2181, 10578, 1093, 499, 2351, 8430, 264, 6651, 315, 21958, 922, 420, 502, 2683, 6776, 482, 28361, 922, 279, 4754, 369, 2731, 990, 26928, 8335, 323, 17632, 449, 701, 4443, 9021, 11, 719, 1101, 27924, 323, 47291, 2711, 922, 9564, 701, 1510, 2128, 323, 3560, 13, 3053, 499, 3371, 757, 810, 922, 1148, 596, 10168, 499, 1203, 505, 3339, 264, 5597, 30, 128009]",0.11726911179721355,391eb62b5e02e9d7fc1641bfc3dc5e5a596f8ea76135eaa3fe1f3da77edf1b62,1963.7122119311243,0.04292489029467106,244.64389611966908,6f54695bff6a4cc11de9bf873c54d25f21614bcf89ad210641bfa7804c9d18ff,1520,2155.5279719177634,436.4492518361658,436.3423869945109,f4273149a1da9cab42d87522c8b23b15b5e9a1b39350577fb0b0e166182c01a1,True,279,63,6.039089988917112,4,0.041868072003126144,True,1,r1:state_167ce1f68daa5eb1e2fe:pm_off,dbe57006eb19174e7fe613a25eba6ed6b92b469737f57fd2946f546e86a7c91a,"It sounds like you're feeling a mix of emotions about this new job opportunity - excitement about the potential for better work-life balance and alignment with your personal goals, but also uncertainty and apprehension about leaving your current team and role. Can you tell me more about what's holding you back from making a decision?",181.9494490046054,p12:3,303,3,0.10857894085347652,3.5165799781680107,3,state_167ce1f68daa5eb1e2fe,p12,False
MPMSME+RS,0,fixed_off,"[2181, 10578, 1093, 499, 2351, 8430, 264, 2766, 21830, 1990, 19762, 311, 10519, 420, 502, 8830, 449, 701, 6699, 323, 45777, 4954, 701, 1866, 10723, 2890, 13, 3053, 499, 3371, 757, 810, 922, 1148, 596, 10168, 499, 1203, 505, 7373, 40583, 311, 4737, 2512, 315, 6261, 304, 420, 6671, 30, 128009]",0.17839600332081318,391eb62b5e02e9d7fc1641bfc3dc5e5a596f8ea76135eaa3fe1f3da77edf1b62,1718.272415921092,0.043483916670084,305.70463510230184,57f60bfc7c2e8c625ff518364ac5e348623a35e46792757eb46cbefe44d17d04,1844,1952.9738039709628,540.3276670258492,540.2276271488518,2fa17e8f62e2ed8000f80b990a56f66e4f55eac121f248f93a8ebd363d0e5ca6,True,280,51,0.007109018042683601,0,0.047008972615003586,True,1,r1:state_66872e1a536d8b32a329:fixed_off,61bd7bc5f470b6c8736aac74dcb802ff9267ef2a83aa78ece5135b9a481f401c,It sounds like you're feeling a bit torn between wanting to maintain this new understanding with your parents and prioritizing your own mental health. Can you tell me more about what's holding you back from fully committing to taking care of yourself in this situation?,230.06389196962118,p1:1,101,4,0.11100806295871735,4.250490106642246,8,state_66872e1a536d8b32a329,p1,False
M0+R0,0,context_only,"[2181, 10578, 1093, 499, 2351, 8430, 264, 5647, 315, 12014, 311, 3412, 8800, 420, 5208, 449, 701, 6699, 11, 1418, 1101, 49183, 279, 12939, 315, 45777, 4954, 701, 1866, 1664, 33851, 13, 3011, 649, 387, 264, 2216, 11292, 8335, 311, 13471, 13, 3053, 499, 3371, 757, 810, 922, 1148, 499, 1781, 1053, 3621, 422, 499, 1051, 311, 63652, 701, 1866, 3966, 11, 323, 1268, 430, 2643, 5536, 701, 5133, 449, 701, 6699, 30, 128009]",0.196963082998991,391eb62b5e02e9d7fc1641bfc3dc5e5a596f8ea76135eaa3fe1f3da77edf1b62,2090.8777699805796,0.05224393680691719,86.81831299327314,5ba41da68dae7e66d4e94d72eb5e6b1c4f9427f78fd6da1c77c5ef671d4992d8,437,2093.2146499399096,89.01725499890745,88.95822986960411,1694404129f6d6d165829864a6b4ebd4a9084f6d479880cbdcd2fdc15335722c,True,281,74,0.009073875844478607,1,0.01275399699807167,,1,r1:state_66872e1a536d8b32a329:context_only,c014886d27ee8218dab749e9d1989c3533f360c92de64299aad9708d7734d66f,"It sounds like you're feeling a sense of responsibility to hold onto this progress with your parents, while also recognizing the importance of prioritizing your own well-being. That can be a really tough balance to strike. Can you tell me more about what you think would happen if you were to prioritize your own needs, and how that might impact your relationship with your parents?",0.05314103327691555,p1:1,101,0,0.1588009763509035,1.8539030570536852,8,state_66872e1a536d8b32a329,p1,False
MSE+RS,0,rule_off,"[2181, 10578, 1093, 499, 2351, 8430, 264, 2766, 21830, 1990, 19762, 311, 10519, 420, 502, 8830, 449, 701, 6699, 323, 45777, 4954, 701, 1866, 10723, 2890, 13, 3053, 499, 3371, 757, 810, 922, 1148, 596, 10168, 499, 1203, 505, 7373, 40583, 311, 4737, 2512, 315, 6261, 304, 420, 6671, 30, 128009]",0.1129070296883583,391eb62b5e02e9d7fc1641bfc3dc5e5a596f8ea76135eaa3fe1f3da77edf1b62,1693.561509018764,0.04434981383383274,306.1674570199102,3ce6028d9da20c1413ae198623b279d27047bba49004c57fcfa88828af750d33,1819,1935.8076269272715,548.3504838775843,548.3006678987294,59831f36a4bb815b59960366419401e27f6815732cd7f90135e10228cc2c1eaf,True,282,51,223.50620687939227,2,0.03845500759780407,True,1,r1:state_66872e1a536d8b32a329:rule_off,61bd7bc5f470b6c8736aac74dcb802ff9267ef2a83aa78ece5135b9a481f401c,It sounds like you're feeling a bit torn between wanting to maintain this new understanding with your parents and prioritizing your own mental health. Can you tell me more about what's holding you back from fully committing to taking care of yourself in this situation?,14.173298142850399,p1:1,101,3,0.15598698519170284,4.214914049953222,8,state_66872e1a536d8b32a329,p1,False
ME+R0,0,me_r0,"[2181, 10578, 1093, 499, 2351, 8430, 264, 5647, 315, 34104, 323, 27924, 922, 1268, 311, 10519, 420, 502, 8830, 449, 701, 6699, 1418, 45777, 4954, 701, 1866, 3966, 13, 3011, 649, 387, 264, 2216, 36301, 8335, 311, 13471, 13, 3053, 499, 3371, 757, 810, 922, 1148, 499, 1781, 1053, 1205, 311, 3621, 369, 499, 311, 2733, 1093, 499, 2351, 9455, 430, 8335, 30, 128009]",0.11982303112745285,391eb62b5e02e9d7fc1641bfc3dc5e5a596f8ea76135eaa3fe1f3da77edf1b62,1979.6471500303596,0.035498058423399925,243.2107429485768,72247b4b70e50deab56e3c77fdc41afeb3a992d9e5f09f7ea06267e0559129ae,1511,1987.4809570610523,250.97953295335174,250.92472694814205,c606f74ac5788e214bd577db45cd057c37eb7d382cc869ebd99fbf3752080ce3,True,283,64,0.007099006325006485,3,0.016686972230672836,,1,r1:state_66872e1a536d8b32a329:me_r0,ea17e0013f3741da096a2dd37b2f5e8532dd426cfea77c6e734fa2d61449160b,It sounds like you're feeling a sense of vulnerability and uncertainty about how to maintain this new understanding with your parents while prioritizing your own needs. That can be a really delicate balance to strike. Can you tell me more about what you think would need to happen for you to feel like you're finding that balance?,4.203482996672392,p1:1,101,1,0.11109700426459312,3.3401199616491795,8,state_66872e1a536d8b32a329,p1,False
MSE+RS,0,pm_off,"[2181, 10578, 1093, 499, 2351, 8430, 264, 2766, 21830, 1990, 19762, 311, 10519, 420, 502, 8830, 449, 701, 6699, 323, 45777, 4954, 701, 1866, 10723, 2890, 13, 3053, 499, 3371, 757, 810, 922, 1148, 596, 10168, 499, 1203, 505, 7373, 40583, 311, 4737, 2512, 315, 6261, 304, 420, 6671, 30, 128009]",0.11315499432384968,391eb62b5e02e9d7fc1641bfc3dc5e5a596f8ea76135eaa3fe1f3da77edf1b62,1694.6187859866768,0.04463503137230873,306.44607194699347,3ce6028d9da20c1413ae198623b279d27047bba49004c57fcfa88828af750d33,1819,1927.026656921953,538.796444889158,538.7407878879458,59831f36a4bb815b59960366419401e27f6815732cd7f90135e10228cc2c1eaf,True,284,51,7.1249299217015505,4,0.04238588735461235,True,1,r1:state_66872e1a536d8b32a329:pm_off,61bd7bc5f470b6c8736aac74dcb802ff9267ef2a83aa78ece5135b9a481f401c,It sounds like you're feeling a bit torn between wanting to maintain this new understanding with your parents and prioritizing your own mental health. Can you tell me more about what's holding you back from fully committing to taking care of yourself in this situation?,220.76788009144366,p1:1,101,3,0.10766508057713509,4.2072199285030365,8,state_66872e1a536d8b32a329,p1,False
MSE+R0,0,pm_off,"[2181, 10578, 1093, 499, 2351, 3815, 264, 2294, 2683, 315, 4737, 2512, 315, 6261, 11, 5423, 449, 33862, 323, 10374, 892, 449, 60626, 13, 1102, 596, 11364, 430, 499, 2351, 61708, 279, 12939, 315, 8335, 304, 701, 2324, 11, 5423, 449, 279, 13306, 9293, 323, 990, 8631, 13, 20474, 11, 433, 596, 17339, 311, 539, 617, 682, 279, 11503, 1314, 1457, 11, 323, 433, 596, 17339, 311, 2610, 369, 1520, 994, 499, 1205, 433, 13, 3639, 422, 11, 4619, 315, 21760, 389, 1268, 311, 5603, 279, 58384, 477, 701, 4333, 11, 499, 1051, 311, 5357, 389, 1148, 499, 649, 2585, 304, 420, 4545, 30, 3639, 2678, 7504, 649, 499, 1935, 311, 63652, 701, 1866, 1664, 33851, 323, 4774, 279, 58384, 11, 15851, 315, 1148, 8741, 449, 701, 4333, 30, 128009]",0.19823177717626095,391eb62b5e02e9d7fc1641bfc3dc5e5a596f8ea76135eaa3fe1f3da77edf1b62,3806.2951790634543,0.03593694418668747,232.15094790793955,32fba793faba4bfbc161e63b21496100357734361a626408d028ef643d4c3952,1365,3821.28554279916,246.99458689428866,246.9430798664689,74b92941a6e544945d513abc1791793676f26edb852517b72f42ea3f2a2b9447,True,285,130,6.926130037754774,0,0.016503967344760895,True,1,r1:state_1de690d6e150d375223f:pm_off,dd951da9faafd6faae51d4c0f35aa46c813795a3393320f3deb6da51f2b05f70,"It sounds like you're doing a great job of taking care of yourself, especially with meditation and spending time with Buddy. It's wonderful that you're acknowledging the importance of balance in your life, especially with the wedding planning and work stress. Remember, it's okay to not have all the answers right now, and it's okay to ask for help when you need it. What if, instead of focusing on how to approach the reunion or your friend, you were to focus on what you can control in this moment? What small steps can you take to prioritize your own well-being and enjoy the reunion, regardless of what happens with your friend?",4.743984900414944,p13:1,202,2,0.11146790347993374,2.9581082053482533,8,state_1de690d6e150d375223f,p13,False
ME+R0,0,me_r0,"[2181, 10578, 1093, 499, 2351, 3815, 264, 2294, 2683, 315, 4737, 2512, 315, 6261, 11, 5423, 449, 33862, 323, 10374, 892, 449, 60626, 13, 1102, 596, 11364, 430, 499, 2351, 61708, 279, 12939, 315, 8335, 304, 701, 2324, 11, 5423, 449, 279, 13306, 9293, 323, 990, 8631, 13, 20474, 11, 433, 596, 17339, 311, 539, 617, 682, 279, 11503, 1314, 1457, 11, 323, 433, 596, 17339, 311, 2610, 369, 1520, 994, 499, 1205, 433, 13, 3639, 422, 584, 1464, 1523, 701, 10742, 1139, 9333, 11, 71128, 7504, 30, 1226, 1436, 13488, 5627, 311, 5603, 279, 58384, 11, 323, 1101, 4358, 15174, 369, 18646, 701, 18547, 323, 8631, 304, 279, 4545, 13, 19418, 430, 2733, 11190, 311, 499, 30, 128009]",0.14957785606384277,391eb62b5e02e9d7fc1641bfc3dc5e5a596f8ea76135eaa3fe1f3da77edf1b62,3461.1285750288516,0.04551396705210209,198.24058189988136,e064cd223c2c5f5eacad547df53d7300928f36b51b4fb04b349bce20277567ab,1280,3468.4020390268415,205.46453213319182,205.3644680418074,df1c06e12f48ef3ca11457ee0c4c8f716f15ed836055e072ff7a09dfefa8a240,True,286,119,0.007980037480592728,1,0.019496073946356773,,1,r1:state_1de690d6e150d375223f:me_r0,c0ea5cacbd6a2b5cced169b0c0dc926ddad1ff653962e54410ac24b6337c0df8,"It sounds like you're doing a great job of taking care of yourself, especially with meditation and spending time with Buddy. It's wonderful that you're acknowledging the importance of balance in your life, especially with the wedding planning and work stress. Remember, it's okay to not have all the answers right now, and it's okay to ask for help when you need it. What if we break down your concerns into smaller, manageable steps? We could explore ways to approach the reunion, and also discuss strategies for managing your anxiety and stress in the moment. Would that feel helpful to you?",3.3969308715313673,p13:1,202,1,0.13525714166462421,3.518708050251007,8,state_1de690d6e150d375223f,p13,False
M0+R0,0,context_only,"[2181, 10578, 1093, 499, 2351, 4737, 1063, 11364, 7504, 311, 10299, 701, 8631, 11, 323, 433, 596, 2294, 430, 60626, 374, 8405, 1063, 6981, 13, 1102, 596, 6724, 49839, 430, 499, 2351, 2103, 20558, 11, 5423, 449, 279, 3779, 8631, 315, 13306, 9293, 323, 3347, 18547, 13, 3053, 499, 3371, 757, 810, 922, 1148, 596, 1027, 52605, 1884, 22743, 8951, 31445, 30, 128009]",0.12409500777721405,391eb62b5e02e9d7fc1641bfc3dc5e5a596f8ea76135eaa3fe1f3da77edf1b62,1753.6263198126107,0.036886194720864296,86.49836597032845,49c80764479b8551916177f1301e3ef28de215c5fc9c4b086d3f4b87f19f5e60,420,1755.2644999232143,88.05648400448263,88.0124510731548,83176590ad9d4f7521ce0ef0fe16f75ccf745264c805838e65e06489f5e5ea34,True,287,63,0.006565125659108162,2,0.009337905794382095,,1,r1:state_1de690d6e150d375223f:context_only,c80cda5e65101d121fb5e62124ff36e42b1d2b0930252eadea8af5dca6ac2b02,"It sounds like you're taking some wonderful steps to manage your stress, and it's great that Buddy is providing some comfort. It's completely understandable that you're still struggling, especially with the added stress of wedding planning and past anxiety. Can you tell me more about what's been triggering those panic attacks lately?",0.029973918572068214,p13:1,202,0,0.11271797120571136,1.3186039868742228,8,state_1de690d6e150d375223f,p13,False
MSE+RS,0,rule_off,"[2181, 10578, 1093, 499, 2351, 3815, 264, 2294, 2683, 315, 4737, 2512, 315, 6261, 11, 5423, 449, 33862, 323, 10374, 892, 449, 60626, 13, 2650, 656, 499, 1781, 499, 1436, 3881, 1063, 315, 1884, 659, 41206, 15174, 311, 279, 6671, 449, 701, 4333, 505, 279, 3347, 30, 128009]",0.1645861193537712,391eb62b5e02e9d7fc1641bfc3dc5e5a596f8ea76135eaa3fe1f3da77edf1b62,1579.293092014268,0.04552979953587055,260.13236213475466,c5fc10fa544fa365aaa511eb683ef72789ab53f7d8cf870d4c74603b9b80379d,1579,1816.4657149463892,497.2070388030261,497.14039894752204,c670dbe54d148e619c376311aa0962369ae376a3d73e8ebdd6a2f21a1728d3ff,True,288,48,220.3566210810095,3,0.04260800778865814,True,1,r1:state_1de690d6e150d375223f:rule_off,aaabd5d5ade2f514281df4dcd899b30c35aba73e4c70ab73f20ed824fd35e046,"It sounds like you're doing a great job of taking care of yourself, especially with meditation and spending time with Buddy. How do you think you could apply some of those self-care strategies to the situation with your friend from the past?",12.572953943163157,p13:1,202,3,0.11055194772779942,3.8797720335423946,8,state_1de690d6e150d375223f,p13,False
MPMSME+RS,0,fixed_off,"[2181, 10578, 1093, 499, 2351, 3815, 264, 2294, 2683, 315, 4737, 2512, 315, 6261, 11, 5423, 449, 33862, 323, 10374, 892, 449, 60626, 13, 2650, 656, 499, 1781, 499, 1436, 3881, 1063, 315, 1884, 659, 41206, 15174, 311, 279, 6671, 449, 701, 4333, 505, 279, 3347, 30, 128009]",0.10972004383802414,391eb62b5e02e9d7fc1641bfc3dc5e5a596f8ea76135eaa3fe1f3da77edf1b62,1563.0794318858534,0.05179503932595253,262.64076586812735,79f0fc07d0c4d74ecc1c4a34222051828faaae5e78f30dc77ec1f348414f5528,1604,1843.2796099223197,542.7980008535087,542.7312238607556,cb5652fd7a817e97e84f309597bb902b3ff7478d01205f7ce40ffc68e65823d4,True,289,48,0.010607996955513954,4,0.058439094573259354,True,1,r1:state_1de690d6e150d375223f:fixed_off,aaabd5d5ade2f514281df4dcd899b30c35aba73e4c70ab73f20ed824fd35e046,"It sounds like you're doing a great job of taking care of yourself, especially with meditation and spending time with Buddy. How do you think you could apply some of those self-care strategies to the situation with your friend from the past?",275.5778720602393,p13:1,202,4,0.1581418327987194,4.2336019687354565,8,state_1de690d6e150d375223f,p13,False
ME+R0,0,me_r0,"[2181, 10578, 1093, 499, 2351, 60499, 264, 2216, 6485, 323, 14604, 3634, 1314, 1457, 13, 1102, 596, 8056, 430, 499, 2351, 1694, 779, 10978, 449, 6261, 323, 52179, 922, 701, 16024, 323, 10742, 13, 3053, 499, 3371, 757, 810, 922, 1148, 596, 1027, 1455, 17436, 369, 499, 304, 1521, 21633, 30, 3639, 527, 1063, 315, 279, 3230, 24087, 477, 40017, 430, 617, 1027, 5108, 709, 369, 499, 30, 128009]",0.12316694483160973,391eb62b5e02e9d7fc1641bfc3dc5e5a596f8ea76135eaa3fe1f3da77edf1b62,2030.0121251493692,0.034278957173228264,180.09901395998895,15002bc15dbcae23185cf469a8fee56ff2225b0b437d27a89e65948f4b3a6b95,1096,2034.3644670210779,184.38600795343518,184.32818888686597,21b7fc581c3936773d96d9772f05fb6d4b50a0f2ab168ea0a34ad89011f38e83,True,290,69,0.00685499981045723,0,0.014589168131351471,,1,r1:state_95842d5fdb802835301d:me_r0,ffe177aed88f4c68739477c20971169c3668a6d8caadc58a91d775b867185f86,It sounds like you're navigating a really complex and emotional space right now. It's amazing that you're being so honest with yourself and Jenny about your feelings and concerns. Can you tell me more about what's been most challenging for you in these conversations? What are some of the specific fears or doubts that have been coming up for you?,1.4615908730775118,p17:2,202,1,0.10747206397354603,2.604388864710927,3,state_95842d5fdb802835301d,p17,False
MPMSME+RS,0,fixed_off,"[2181, 10578, 1093, 499, 2351, 60499, 264, 2216, 11292, 323, 14604, 892, 304, 701, 5133, 449, 52179, 13, 1472, 2351, 8430, 20134, 323, 36218, 922, 701, 3938, 3871, 11, 323, 430, 596, 264, 2763, 311, 6920, 13, 3053, 499, 3371, 757, 810, 922, 1148, 596, 1027, 2133, 389, 304, 701, 4059, 323, 4851, 439, 499, 3077, 1027, 3318, 1555, 1521, 16024, 304, 21961, 42316, 30, 128009]",0.12049591168761253,391eb62b5e02e9d7fc1641bfc3dc5e5a596f8ea76135eaa3fe1f3da77edf1b62,2046.3664471171796,0.05121389403939247,243.5174931306392,1b9944e145b55ba0b1c5739d80c3a754ad9826ee28dbd19e007ea358e6c3a0be,1491,2233.2313540391624,430.34996814094484,430.26190414093435,ca51a565057ffddcfba2e2de34a3d545564a96a21b4a01bbdda888f83b0a2c12,True,291,66,0.006424961611628532,1,0.05111098289489746,True,1,r1:state_95842d5fdb802835301d:fixed_off,79c125a25b444c7f061e41c632e13f9af0012654ef54d80894ea38f0e8649a1a,"It sounds like you're navigating a really tough and emotional time in your relationship with Jenny. You're feeling vulnerable and uncertain about your future together, and that's a lot to carry. Can you tell me more about what's been going on in your mind and heart as you've been working through these feelings in couples counseling?",182.39716603420675,p17:2,202,4,0.10624807327985764,4.1322470642626286,3,state_95842d5fdb802835301d,p17,False
MSE+RS,0,rule_off,"[2181, 10578, 1093, 499, 2351, 60499, 264, 2216, 11292, 323, 14604, 892, 304, 701, 5133, 449, 52179, 13, 578, 34104, 323, 659, 44107, 1191, 499, 2351, 25051, 649, 387, 2225, 26175, 323, 41316, 6147, 11, 439, 499, 2351, 42687, 810, 922, 6261, 323, 701, 23546, 13, 3053, 499, 3371, 757, 810, 922, 1148, 596, 1027, 2133, 389, 304, 701, 4059, 323, 4851, 439, 499, 3077, 1027, 3515, 1521, 5107, 21633, 30, 128009]",0.13014883734285831,391eb62b5e02e9d7fc1641bfc3dc5e5a596f8ea76135eaa3fe1f3da77edf1b62,2224.0538320038468,0.04082918167114258,241.12341995351017,d6a49e98bbf4ceedecc36a037bd087ce551edd3ae9d5c8128799d997be051827,1464,2392.178992042318,409.1654091607779,409.11843115463853,b25ba303fef593525243bfc69721a7fb16d2274a5ac79480d22f3738bd7bd1a0,True,292,72,154.6837401110679,2,0.031602801755070686,True,1,r1:state_95842d5fdb802835301d:rule_off,322214e789f15ef3dbd8c634b68ae14314a0030ced528af0eb0d951569ab3459,"It sounds like you're navigating a really tough and emotional time in your relationship with Jenny. The vulnerability and self-reflection you're experiencing can be both painful and enlightening, as you're discovering more about yourself and your boundaries. Can you tell me more about what's been going on in your mind and heart as you've been having these difficult conversations?",9.730586083605886,p17:2,202,3,0.10835099965333939,3.3999020233750343,3,state_95842d5fdb802835301d,p17,False
M0+R0,0,context_only,"[2181, 10578, 1093, 499, 2351, 60499, 264, 2216, 11292, 719, 13893, 87435, 892, 13, 1102, 596, 6724, 4725, 311, 2733, 36218, 323, 3488, 3508, 499, 649, 64508, 701, 12062, 13, 3053, 499, 3371, 757, 810, 922, 1148, 596, 1027, 2133, 389, 304, 1884, 14269, 994, 499, 1212, 34685, 3508, 499, 649, 1304, 433, 990, 30, 128009]",0.11795503087341785,391eb62b5e02e9d7fc1641bfc3dc5e5a596f8ea76135eaa3fe1f3da77edf1b62,1547.5065491627902,0.03602681681513786,70.31979109160602,e0a76b687c0ec57a14130cb6977506b9e2036a3438da30f609306128445ea0ef,304,1548.9028689917177,71.63163390941918,71.59815588966012,22310398935286e13b50a130a61bab718ef595bd217fd86f842f3bb4555a3c43,True,293,56,0.007814960554242134,3,0.00927201472222805,,1,r1:state_95842d5fdb802835301d:context_only,c6b85de8e3a4cd58673f7216f05e545d5707f249b0e01fbfdaa5f4ade9ba1ff3,It sounds like you're navigating a really tough but potentially transformative time. It's completely normal to feel uncertain and question whether you can reconcile your differences. Can you tell me more about what's been going on in those moments when you start questioning whether you can make it work?,0.025344081223011017,p17:2,202,0,0.1106499694287777,1.0892569553107023,3,state_95842d5fdb802835301d,p17,False
MPE+RS,0,pm_off,"[2181, 10578, 1093, 499, 2351, 60499, 264, 2216, 6485, 323, 14604, 3634, 1314, 1457, 13, 1472, 2351, 90834, 449, 279, 27924, 315, 701, 5133, 449, 52179, 11, 323, 433, 596, 12967, 709, 264, 2763, 315, 4860, 922, 701, 1866, 9764, 11, 23546, 11, 323, 1148, 499, 1390, 369, 701, 3938, 13, 3053, 499, 3371, 757, 810, 922, 1148, 596, 1027, 2133, 389, 304, 701, 4059, 323, 4851, 439, 499, 3077, 1027, 3318, 1555, 1521, 21633, 3871, 30, 128009]",0.202452065423131,391eb62b5e02e9d7fc1641bfc3dc5e5a596f8ea76135eaa3fe1f3da77edf1b62,2368.5878929682076,0.042967963963747025,232.95862204395235,0f6fa2e0be87864858bf177346b2b511396e449fde38df6ef3ac5a935fd70aac,1407,2539.6190090104938,403.84184708818793,403.7872860208154,b2d9fa92f6358f3e476e7f6e3775f3645cab30beb7c0aafe2989859a0849bce2,True,294,78,5.732181947678328,4,0.041005900129675865,True,1,r1:state_95842d5fdb802835301d:pm_off,23aecef5a98facd23d4153bb6c00499de6f4bef70ccd99ef25d0f5f1f2929bfa,"It sounds like you're navigating a really complex and emotional space right now. You're grappling with the uncertainty of your relationship with Jenny, and it's bringing up a lot of questions about your own identity, boundaries, and what you want for your future. Can you tell me more about what's been going on in your mind and heart as you've been working through these conversations together?",161.58134420402348,p17:2,202,3,0.10757101699709892,3.323592944070697,3,state_95842d5fdb802835301d,p17,False
MSE+RS,0,rule_off,"[2181, 10578, 1093, 499, 2351, 8430, 264, 2766, 43206, 449, 44463, 701, 7076, 9021, 323, 4443, 2324, 13, 3053, 499, 3371, 757, 810, 922, 1148, 596, 1027, 389, 701, 4059, 994, 433, 4131, 311, 701, 3938, 6787, 30, 3639, 527, 1063, 315, 279, 2574, 430, 527, 14718, 499, 18547, 922, 539, 1694, 3025, 311, 617, 2225, 30, 128009]",0.12290407903492451,391eb62b5e02e9d7fc1641bfc3dc5e5a596f8ea76135eaa3fe1f3da77edf1b62,1869.4294469896704,0.06896001286804676,283.33352599292994,cfa1cbf9def322f722156a26f3c9fc730d880448d0c6ec34c02d7372da6a26b8,1725,2150.1582919154316,564.0279948711395,563.9394668396562,29862211ffa45a6acd3111179727f220998a62b0f8e9a63065e17b2deb097ae6,True,295,58,259.9314369726926,0,0.07324386388063431,True,1,r1:state_f7b7aecac7e1b57f3f2a:rule_off,7fb68e9a10508a5721bf6b933e5ed92a581036b8ecbace519c7a8af9505e9295,It sounds like you're feeling a bit overwhelmed with balancing your career goals and personal life. Can you tell me more about what's been on your mind when it comes to your future plans? What are some of the things that are causing you anxiety about not being able to have both?,14.88499017432332,p17:3,202,3,0.16392488032579422,5.483384942635894,8,state_f7b7aecac7e1b57f3f2a,p17,False
MPMSME+RS,0,fixed_off,"[2181, 10578, 1093, 499, 2351, 8430, 264, 2766, 43206, 449, 44463, 701, 7076, 9021, 323, 4443, 2324, 11, 323, 430, 596, 14718, 1063, 18547, 922, 701, 3938, 13, 3053, 499, 3371, 757, 810, 922, 1148, 596, 1027, 389, 701, 4059, 994, 433, 4131, 311, 701, 7076, 9021, 30, 3639, 527, 1063, 315, 279, 2574, 430, 527, 8430, 36218, 477, 25420, 311, 499, 1314, 1457, 30, 128009]",0.12358790263533592,391eb62b5e02e9d7fc1641bfc3dc5e5a596f8ea76135eaa3fe1f3da77edf1b62,2100.3932270687073,0.04078610800206661,296.89369490370154,484ff35b96f1e325edb44b66e52802dc43c28dfd5f60a8592a5b5bb40f58dcae,1752,2468.2311851065606,664.6687791217119,664.6080650389194,43a2dab2acb21c7b219c1cd2e2abdd4efe9544b1f78a6a15a432e938d0029857,True,296,66,0.007539987564086914,1,0.05097989924252033,True,1,r1:state_f7b7aecac7e1b57f3f2a:fixed_off,81e841bcf906c479f0bb7ec2099d57982d2cc73bb3027a728a0fcadc01245e83,"It sounds like you're feeling a bit overwhelmed with balancing your career goals and personal life, and that's causing some anxiety about your future. Can you tell me more about what's been on your mind when it comes to your career goals? What are some of the things that are feeling uncertain or unclear to you right now?",363.4205120615661,p17:3,202,4,0.1177710946649313,4.0767809841781855,8,state_f7b7aecac7e1b57f3f2a,p17,False
M0+R0,0,context_only,"[4897, 10578, 1093, 264, 8987, 23104, 311, 6920, 13, 1102, 596, 6724, 4725, 311, 2733, 38100, 922, 44463, 2204, 13878, 315, 701, 2324, 13, 3053, 499, 3371, 757, 810, 922, 1148, 596, 1027, 40876, 499, 922, 539, 1694, 3025, 311, 617, 2225, 264, 50698, 7076, 323, 264, 50698, 4443, 2324, 30, 128009]",0.12831902131438255,391eb62b5e02e9d7fc1641bfc3dc5e5a596f8ea76135eaa3fe1f3da77edf1b62,1462.352838134393,0.035461969673633575,86.71380998566747,3e1dfa5cdb8c25767a37c6af531eaebbea401ad3f02bcc284706d165f06db5e5,432,1464.021708117798,88.28914002515376,88.25436094775796,5dbaee0a0a59f4f6ff67c4c52dc0ef98334f9d8279667332ab358797d5ad460f,True,297,52,0.006136950105428696,2,0.010241987183690071,,1,r1:state_f7b7aecac7e1b57f3f2a:context_only,f1e6a78f9817e2718a4ba0c07d004301d427eed0e7c304cff617c1194540c5bc,That sounds like a heavy burden to carry. It's completely normal to feel anxious about balancing different aspects of your life. Can you tell me more about what's been worrying you about not being able to have both a fulfilling career and a fulfilling personal life?,0.03337208181619644,p17:3,202,0,0.12249802239239216,1.3328399509191513,8,state_f7b7aecac7e1b57f3f2a,p17,False
MSE+RS,0,pm_off,"[2181, 10578, 1093, 499, 2351, 8430, 264, 2766, 43206, 449, 44463, 701, 7076, 9021, 323, 4443, 2324, 13, 3053, 499, 3371, 757, 810, 922, 1148, 596, 1027, 389, 701, 4059, 994, 433, 4131, 311, 701, 3938, 6787, 30, 3639, 527, 1063, 315, 279, 2574, 430, 527, 14718, 499, 18547, 922, 539, 1694, 3025, 311, 617, 2225, 30, 128009]",0.12323493137955666,391eb62b5e02e9d7fc1641bfc3dc5e5a596f8ea76135eaa3fe1f3da77edf1b62,1861.6306309122592,0.043427105993032455,283.0047768075019,cfa1cbf9def322f722156a26f3c9fc730d880448d0c6ec34c02d7372da6a26b8,1725,2090.806746855378,512.1129287872463,512.0576578192413,29862211ffa45a6acd3111179727f220998a62b0f8e9a63065e17b2deb097ae6,True,298,58,7.07379006780684,3,0.046147964894771576,True,1,r1:state_f7b7aecac7e1b57f3f2a:pm_off,7fb68e9a10508a5721bf6b933e5ed92a581036b8ecbace519c7a8af9505e9295,It sounds like you're feeling a bit overwhelmed with balancing your career goals and personal life. Can you tell me more about what's been on your mind when it comes to your future plans? What are some of the things that are causing you anxiety about not being able to have both?,217.65109803527594,p17:3,202,3,0.11617480777204037,4.122243029996753,8,state_f7b7aecac7e1b57f3f2a,p17,False
ME+R0,0,me_r0,"[2181, 10578, 1093, 499, 2351, 8430, 264, 2766, 43206, 449, 44463, 701, 7076, 9021, 323, 4443, 2324, 11, 323, 430, 596, 14718, 1063, 18547, 922, 701, 3938, 13, 3053, 499, 3371, 757, 810, 922, 1148, 596, 10043, 420, 8430, 315, 539, 1694, 3025, 311, 617, 2225, 30, 3639, 527, 1063, 315, 279, 3230, 10742, 477, 24087, 430, 527, 5108, 709, 369, 499, 30, 128009]",0.11984189040958881,391eb62b5e02e9d7fc1641bfc3dc5e5a596f8ea76135eaa3fe1f3da77edf1b62,2010.8881741762161,0.034678028896450996,244.82453404925764,f3d2d84bb71497d3a8704759e63cf4d426d9e2d71cfe30cd00e9ae29a7047068,1412,2016.0176460631192,249.90000412799418,249.8341640457511,17a32366d5a2962eca3115f5617ac91f15a7f9df563956b48b342adf69b05e4a,True,299,64,0.007146038115024567,4,0.015377998352050781,,1,r1:state_f7b7aecac7e1b57f3f2a:me_r0,ba848627b3323b62d1d6f39294d3124f9d3312aa4c58771657e08125ca651fe9,"It sounds like you're feeling a bit overwhelmed with balancing your career goals and personal life, and that's causing some anxiety about your future. Can you tell me more about what's driving this feeling of not being able to have both? What are some of the specific concerns or fears that are coming up for you?",1.7206808552145958,p17:3,202,1,0.11374615132808685,3.1180009245872498,8,state_f7b7aecac7e1b57f3f2a,p17,False
MSE+RS,0,rule_off,"[40, 2846, 779, 16089, 499, 6612, 10882, 11821, 420, 449, 757, 13, 1102, 5097, 264, 2763, 315, 25775, 311, 25670, 323, 3237, 1057, 16024, 11, 5423, 994, 433, 4131, 311, 2555, 439, 4443, 439, 75040, 323, 3347, 12135, 13, 1102, 10578, 1093, 499, 2351, 8430, 264, 2766, 16075, 323, 36218, 922, 701, 3938, 11, 323, 430, 596, 6724, 49839, 13, 19418, 499, 1093, 311, 3137, 810, 922, 1148, 596, 1027, 2133, 389, 323, 1268, 499, 3077, 1027, 8430, 2533, 279, 13306, 30, 128009]",0.13082195073366165,391eb62b5e02e9d7fc1641bfc3dc5e5a596f8ea76135eaa3fe1f3da77edf1b62,2528.6849341355264,0.04216283559799194,262.99737417139113,7affc01621b53d8dec32ff4f07c8f416d632ba4dfab3fbc289e6f7475bb9ff27,1615,2763.3768760133535,497.6367789786309,497.5584940984845,3f1f27c987326d554bd5e16c88eaa691928a122049018677b51a2cf52f3a7a9d,True,300,83,217.90470089763403,0,0.035454053431749344,True,1,r1:state_7f1f924ade7a1af6ae77:rule_off,fb1402c5d397984e3d2c60727722ff7aed7dd8ede6d448ee25c1f3fa1b812dc0,"I'm so glad you felt comfortable sharing this with me. It takes a lot of courage to acknowledge and express our feelings, especially when it comes to something as personal as loneliness and past relationships. It sounds like you're feeling a bit stuck and uncertain about your future, and that's completely understandable. Would you like to talk more about what's been going on and how you've been feeling since the wedding?",12.598732952028513,p6:2,303,3,0.10845414362847805,3.871615044772625,8,state_7f1f924ade7a1af6ae77,p6,False
M0+R0,0,context_only,"[40, 2846, 779, 16089, 499, 2351, 8430, 10882, 3403, 311, 4430, 420, 449, 757, 13, 1102, 5097, 264, 2763, 315, 25775, 311, 25670, 323, 17302, 16024, 315, 75040, 323, 31398, 13, 1102, 10578, 1093, 499, 2351, 49183, 430, 499, 2351, 2103, 10168, 8800, 3347, 12135, 11, 323, 430, 596, 264, 2466, 3094, 13, 3053, 499, 3371, 757, 810, 922, 1148, 596, 1027, 2133, 389, 449, 499, 2533, 701, 13219, 596, 13306, 30, 3639, 527, 1063, 315, 279, 21958, 430, 617, 1027, 40986, 369, 499, 30, 128009]",0.13789907097816467,391eb62b5e02e9d7fc1641bfc3dc5e5a596f8ea76135eaa3fe1f3da77edf1b62,2381.701116915792,0.03578001633286476,86.63956192322075,6efc2a166d90f053db5284aa3a1f3233a389614032db68995b901d0644bb85b2,441,2383.339154999703,88.18388590589166,88.13970093615353,5a730eb2c3b9dd26b5b4a0d6fb17cb9e0ca37c96ef6436b83144595b86913e6a,True,301,86,0.007079914212226868,1,0.008943956345319748,,1,r1:state_7f1f924ade7a1af6ae77:context_only,f3cc16d184c035d516037434be2aaf2f710a36f9939d6fc0b8a120f7b6a32001,"I'm so glad you're feeling comfortable enough to share this with me. It takes a lot of courage to acknowledge and confront feelings of loneliness and isolation. It sounds like you're recognizing that you're still holding onto past relationships, and that's a big step. Can you tell me more about what's been going on with you since your sister's wedding? What are some of the emotions that have been arising for you?",0.03425893373787403,p6:2,303,0,0.11246604844927788,1.3016101438552141,8,state_7f1f924ade7a1af6ae77,p6,False
MPMSME+RS,0,fixed_off,"[40, 2846, 779, 16089, 499, 6612, 10882, 11821, 420, 449, 757, 13, 1102, 5097, 264, 2763, 315, 25775, 311, 25670, 323, 3237, 1057, 16024, 11, 5423, 994, 433, 4131, 311, 2555, 439, 4443, 439, 75040, 323, 3347, 12135, 13, 1102, 10578, 1093, 499, 2351, 8430, 264, 2766, 16075, 323, 36218, 922, 701, 3938, 11, 323, 430, 596, 6724, 49839, 13, 19418, 499, 1093, 311, 3137, 810, 922, 1148, 596, 1027, 2133, 389, 323, 1268, 499, 3077, 1027, 8430, 2533, 279, 13306, 30, 128009]",0.13301405124366283,391eb62b5e02e9d7fc1641bfc3dc5e5a596f8ea76135eaa3fe1f3da77edf1b62,2534.6371547784656,0.04322105087339878,264.69560083933175,71fe5808212d342d49a8dfa18b2ffb3c775b28dc199b74e6a10d0204b4b2fde7,1644,2766.3440369069576,496.3148320093751,496.2694689165801,772ec45fb7f0f5dff90293202c09861d07a21e119a96f118524355d4effa2a7a,True,302,83,0.007187947630882263,2,0.04278216511011124,True,1,r1:state_7f1f924ade7a1af6ae77:fixed_off,fb1402c5d397984e3d2c60727722ff7aed7dd8ede6d448ee25c1f3fa1b812dc0,"I'm so glad you felt comfortable sharing this with me. It takes a lot of courage to acknowledge and express our feelings, especially when it comes to something as personal as loneliness and past relationships. It sounds like you're feeling a bit stuck and uncertain about your future, and that's completely understandable. Would you like to talk more about what's been going on and how you've been feeling since the wedding?",227.6003030128777,p6:2,303,4,0.1109149307012558,3.769458970054984,8,state_7f1f924ade7a1af6ae77,p6,False
ME+R0,0,me_r0,"[40, 2846, 779, 16089, 499, 6612, 10882, 11821, 420, 449, 757, 13, 1102, 5097, 264, 2763, 315, 25775, 311, 25670, 323, 3237, 16024, 315, 75040, 11, 5423, 1306, 264, 5199, 1567, 1093, 701, 13219, 596, 13306, 13, 1102, 10578, 1093, 499, 2351, 49183, 430, 499, 2351, 2103, 8863, 701, 3347, 12135, 323, 430, 596, 28987, 701, 3118, 13, 19418, 499, 1093, 311, 13488, 1148, 430, 596, 1093, 369, 499, 11, 323, 1148, 499, 1781, 2643, 387, 11190, 304, 7366, 4741, 30, 128009]",0.1981139648705721,391eb62b5e02e9d7fc1641bfc3dc5e5a596f8ea76135eaa3fe1f3da77edf1b62,2473.4656389337033,0.04353211261332035,230.73938698507845,d7ddc22b0eb7276d686d2feabff5cd66780782aadf1735e4b6da01475a3f8302,1297,2480.3517879918218,237.48525604605675,237.42742207832634,dd206dd7b8082a3af6128280e4ce1199b7d221e97aa086ea40285dbdcf9bb3ac,True,303,82,0.006777932867407799,3,0.01633702777326107,,1,r1:state_7f1f924ade7a1af6ae77:me_r0,26303f0230d969bf5f6381fcaf978080df37b0c379b4f5eb05d95384bb726945,"I'm so glad you felt comfortable sharing this with me. It takes a lot of courage to acknowledge and express feelings of loneliness, especially after a significant event like your sister's wedding. It sounds like you're recognizing that you're still processing your past relationships and that's affecting your present. Would you like to explore what that's like for you, and what you think might be helpful in moving forward?",3.335644956678152,p6:2,303,1,0.11722510680556297,3.168517956510186,8,state_7f1f924ade7a1af6ae77,p6,False
MSE+RS,0,pm_off,"[40, 2846, 779, 16089, 499, 6612, 10882, 11821, 420, 449, 757, 13, 1102, 5097, 264, 2763, 315, 25775, 311, 25670, 323, 3237, 1057, 16024, 11, 5423, 994, 433, 4131, 311, 2555, 439, 4443, 439, 75040, 323, 3347, 12135, 13, 1102, 10578, 1093, 499, 2351, 8430, 264, 2766, 16075, 323, 36218, 922, 701, 3938, 11, 323, 430, 596, 6724, 49839, 13, 19418, 499, 1093, 311, 3137, 810, 922, 1148, 596, 1027, 2133, 389, 323, 1268, 499, 3077, 1027, 8430, 2533, 279, 13306, 30, 128009]",0.13039587065577507,391eb62b5e02e9d7fc1641bfc3dc5e5a596f8ea76135eaa3fe1f3da77edf1b62,2527.324313065037,0.04418590106070042,261.95317693054676,7affc01621b53d8dec32ff4f07c8f416d632ba4dfab3fbc289e6f7475bb9ff27,1615,2781.311753904447,515.8619049470872,515.8102218993008,3f1f27c987326d554bd5e16c88eaa691928a122049018677b51a2cf52f3a7a9d,True,304,83,8.614768041297793,4,0.03967597149312496,True,1,r1:state_7f1f924ade7a1af6ae77:pm_off,fb1402c5d397984e3d2c60727722ff7aed7dd8ede6d448ee25c1f3fa1b812dc0,"I'm so glad you felt comfortable sharing this with me. It takes a lot of courage to acknowledge and express our feelings, especially when it comes to something as personal as loneliness and past relationships. It sounds like you're feeling a bit stuck and uncertain about your future, and that's completely understandable. Would you like to talk more about what's been going on and how you've been feeling since the wedding?",241.12532893195748,p6:2,303,3,0.1587460283190012,3.87434009462595,8,state_7f1f924ade7a1af6ae77,p6,False
MSE+RS,0,rule_off,"[2181, 10578, 1093, 499, 2351, 8430, 264, 6651, 315, 21958, 922, 18667, 420, 39890, 1912, 11, 323, 430, 596, 6724, 49839, 13, 1472, 2351, 18290, 922, 11509, 704, 477, 1694, 45487, 11, 719, 520, 279, 1890, 892, 11, 499, 1440, 499, 1205, 311, 1935, 2512, 315, 701, 7106, 2890, 13, 3053, 499, 3371, 757, 810, 922, 1148, 596, 10168, 499, 1203, 505, 4737, 420, 3094, 30, 128009]",0.12574694119393826,391eb62b5e02e9d7fc1641bfc3dc5e5a596f8ea76135eaa3fe1f3da77edf1b62,2060.6715409085155,0.04339008592069149,241.53634090907872,d14414bfe0cd8b52ada04383a4f0b346c62f3ea53c413ddbb54c141351ae912d,1483,2228.899856796488,409.6931009553373,409.6389098558575,8ba9cc38bf0da8342f845e6aba4c1d2385d748c4dcb2dd51ba778ce71e58ebbd,True,305,67,153.77685986459255,0,0.03554299473762512,True,1,r1:state_6496c9e69ce2bb7f9473:rule_off,c3fe64cd127c2709840f7874533a5d6d7fce3b0cc13e5fe782509d175068db7b,"It sounds like you're feeling a mix of emotions about joining this wellness group, and that's completely understandable. You're worried about standing out or being judged, but at the same time, you know you need to take care of your physical health. Can you tell me more about what's holding you back from taking this step?",10.6297901365906,p9:1,303,3,0.11051096953451633,3.506474895402789,3,state_6496c9e69ce2bb7f9473,p9,False
MPMSME+RS,0,fixed_off,"[2181, 10578, 1093, 499, 2351, 8430, 264, 6651, 315, 21958, 922, 18667, 420, 39890, 1912, 482, 18547, 922, 11509, 704, 323, 1694, 45487, 11, 719, 1101, 264, 5647, 315, 12014, 311, 1935, 2512, 315, 701, 7106, 2890, 13, 3053, 499, 3371, 757, 810, 922, 1148, 596, 10168, 499, 1203, 505, 4737, 420, 3094, 11, 323, 1148, 596, 3339, 499, 1781, 433, 2643, 387, 5922, 4560, 30, 128009]",0.1837711315602064,391eb62b5e02e9d7fc1641bfc3dc5e5a596f8ea76135eaa3fe1f3da77edf1b62,2065.9512870479375,0.04467694088816643,243.5282210353762,3b5801c6cc0601065eb72f0b643998d0ad55b89c0c70156d6c5e4494899db002,1509,2236.715058097616,414.15731608867645,414.1082209534943,5ee53d2c6546ed44afdc055b3dfeef662564dec0b4be501b6b51ed4202fba2dc,True,306,67,0.007772119715809822,1,0.04682200960814953,True,1,r1:state_6496c9e69ce2bb7f9473:fixed_off,d702d9658c22202edd79a10ac911d353103e9f1ffcee15fd1194cfe265d012fc,"It sounds like you're feeling a mix of emotions about joining this wellness group - anxiety about standing out and being judged, but also a sense of responsibility to take care of your physical health. Can you tell me more about what's holding you back from taking this step, and what's making you think it might be worth trying?",166.7801970615983,p9:1,303,4,0.10995892807841301,3.5905728582292795,3,state_6496c9e69ce2bb7f9473,p9,False
MPMS+RS,0,pm_off,"[2181, 10578, 1093, 499, 2351, 8430, 2216, 36218, 922, 18667, 420, 39890, 1912, 11, 323, 430, 596, 49839, 2728, 701, 3925, 449, 3674, 18547, 13, 3053, 499, 3371, 757, 810, 922, 1148, 596, 10168, 499, 1203, 505, 1524, 13126, 433, 30, 3639, 596, 279, 12047, 39585, 15398, 430, 596, 40876, 499, 279, 1455, 30, 128009]",0.17159408889710903,391eb62b5e02e9d7fc1641bfc3dc5e5a596f8ea76135eaa3fe1f3da77edf1b62,1594.9977259151638,0.06392411887645721,120.7584508229047,aa229c5ee1c8508b5f5cae52c173ebf4847457bd27b5ed9a11b8e1591120825d,694,1806.2217789702117,331.8822239525616,331.8109097890556,0c7bed307ccb6174fc4e011b56cf1eedb3ec58138ca014b37d558ed35d23f40b,True,307,55,6.971181137487292,2,0.05583604797720909,True,1,r1:state_6496c9e69ce2bb7f9473:pm_off,742c3f4fe3237966030aa91aa34bb210df9241ac3d9305798001dc3cea2fa6db,"It sounds like you're feeling really uncertain about joining this wellness group, and that's understandable given your history with social anxiety. Can you tell me more about what's holding you back from even considering it? What's the worst-case scenario that's worrying you the most?",201.05926995165646,p9:1,303,3,0.15235180035233498,2.7498959098011255,3,state_6496c9e69ce2bb7f9473,p9,False
M0+R0,0,context_only,"[2181, 10578, 1093, 499, 2351, 8430, 264, 6651, 315, 21958, 482, 18547, 922, 279, 1912, 11, 719, 1101, 264, 5647, 315, 32961, 311, 1935, 2512, 315, 701, 7106, 2890, 13, 3011, 649, 387, 264, 2216, 11292, 7858, 311, 387, 304, 13, 3053, 499, 3371, 757, 810, 922, 1148, 596, 10168, 499, 1203, 505, 1524, 4560, 279, 1912, 11, 8994, 14392, 433, 1436, 387, 11190, 369, 701, 2890, 30, 128009]",0.12433808296918869,391eb62b5e02e9d7fc1641bfc3dc5e5a596f8ea76135eaa3fe1f3da77edf1b62,1916.4546360261738,0.05057197995483875,72.03773315995932,eb97258b10a33e052b961396d8dce407ebe640f3204c39bc32dc80193ff658ac,311,1918.27934095636,73.79455887712538,73.7381000071764,adcb22ac3a69dd2cce300d0bca223579efc676db2627cb8d40a6b971dc456a54,True,308,69,0.008878065273165703,3,0.012316042557358742,,1,r1:state_6496c9e69ce2bb7f9473:context_only,6979dcd0609a510463efa7a2f185ef91ba670ce9621896d52f4cb00bfda781d9,"It sounds like you're feeling a mix of emotions - anxiety about the group, but also a sense of necessity to take care of your physical health. That can be a really tough spot to be in. Can you tell me more about what's holding you back from even trying the group, despite knowing it could be helpful for your health?",0.03498699516057968,p9:1,303,0,0.15084585174918175,1.4427679125219584,3,state_6496c9e69ce2bb7f9473,p9,False
ME+R0,0,me_r0,"[2181, 10578, 1093, 499, 2351, 8430, 264, 6651, 315, 21958, 922, 18667, 279, 39890, 1912, 11, 323, 430, 596, 6724, 49839, 13, 1102, 596, 2294, 430, 499, 2351, 61708, 701, 3674, 18547, 323, 19762, 311, 2686, 701, 7106, 2890, 13, 3053, 499, 3371, 757, 810, 922, 1148, 596, 10168, 499, 1203, 505, 4737, 430, 1176, 3094, 30, 3639, 596, 279, 12047, 39585, 15398, 430, 596, 40876, 499, 30, 128009]",0.1910771243274212,391eb62b5e02e9d7fc1641bfc3dc5e5a596f8ea76135eaa3fe1f3da77edf1b62,2051.2326539028436,0.034800032153725624,180.48002291470766,c66d6b9c42f8e29579d4526cd88f1d835a4b382df2edf382c8db8e02511eccd0,1135,2056.3406960573047,185.44636899605393,185.39698794484138,bd69b47356679e1718a81fa1088308508a642fd9e3aa092720789a2a4a92ef58,True,309,69,0.006021000444889069,4,0.015006866306066513,,1,r1:state_6496c9e69ce2bb7f9473:me_r0,6cf83ad9e46f40d6469f96a496f74eedc42a370eb5600dfc32e0a439968d962a,"It sounds like you're feeling a mix of emotions about joining the wellness group, and that's completely understandable. It's great that you're acknowledging your social anxiety and wanting to address your physical health. Can you tell me more about what's holding you back from taking that first step? What's the worst-case scenario that's worrying you?",2.095686038956046,p9:1,303,1,0.10598311200737953,2.6594679802656174,3,state_6496c9e69ce2bb7f9473,p9,False
MPE+RS,0,pm_off,"[2181, 10578, 1093, 499, 2351, 8430, 2216, 36218, 922, 1268, 311, 5603, 701, 14561, 11, 323, 430, 596, 3339, 499, 38100, 13, 3053, 499, 3371, 757, 810, 922, 1148, 499, 2351, 16026, 311, 636, 704, 315, 420, 10652, 449, 701, 14561, 30, 3639, 527, 701, 9021, 369, 18899, 701, 28711, 11, 323, 1148, 656, 499, 1781, 1053, 1304, 420, 10652, 6992, 369, 499, 30, 128009]",0.11766515672206879,391eb62b5e02e9d7fc1641bfc3dc5e5a596f8ea76135eaa3fe1f3da77edf1b62,1994.8718948289752,0.05059107206761837,233.38422900997102,5bad16a430a3fadbfbd6b5fd6d350164b1db3875b4eef561c462bf273e67bcc6,1403,2197.103003039956,435.54474390111864,435.49767206422985,ff885b3de0dbd56083f2d1d338c94b5d565d660b3ddab1a9cc9166dda3713383,True,310,65,7.1055779699236155,0,0.04901993088424206,True,1,r1:state_7d11611fe82cb51f423b:pm_off,34c12a36cfc557299170b271009e7c25858e448f8256bf7c8c82fde8a84c7cbe,"It sounds like you're feeling really uncertain about how to approach your professor, and that's making you anxious. Can you tell me more about what you're hoping to get out of this conversation with your professor? What are your goals for improving your grades, and what do you think would make this conversation successful for you?",190.90878800489008,p2:3,202,3,0.1504090614616871,3.849057015031576,3,state_7d11611fe82cb51f423b,p2,False
M0+R0,0,context_only,"[2181, 10578, 1093, 499, 3077, 1027, 15691, 264, 2763, 315, 27924, 323, 8631, 2212, 420, 6671, 13, 3053, 499, 3371, 757, 810, 922, 1148, 596, 10168, 499, 1203, 505, 19261, 704, 311, 701, 14561, 1457, 30, 3639, 596, 279, 12047, 39585, 15398, 430, 596, 40876, 499, 30, 128009]",0.11241785250604153,391eb62b5e02e9d7fc1641bfc3dc5e5a596f8ea76135eaa3fe1f3da77edf1b62,1336.3894519861788,0.036329030990600586,71.99803786352277,8d4eabbb814587670c6038a3dd2c91b7b9df35cc35cdac90459fbe66315ec575,312,1337.7405079081655,73.26986803673208,73.23667593300343,8bf8adf67ab6ba4d0d2e960b31b2bbbfd1544f5192cf685594fc718fdd9cc339,True,311,48,0.006342772394418716,1,0.009004957973957062,,1,r1:state_7d11611fe82cb51f423b:context_only,524f1cc1b32b7672e33ef11b8d6b007a337ee148fedea7e6ded1831bf024e663,It sounds like you've been carrying a lot of uncertainty and stress around this situation. Can you tell me more about what's holding you back from reaching out to your professor now? What's the worst-case scenario that's worrying you?,0.02489611506462097,p2:3,202,0,0.1072990708053112,1.054766122251749,3,state_7d11611fe82cb51f423b,p2,False
MPMSME+RS,0,fixed_off,"[2181, 10578, 1093, 499, 2351, 8430, 2216, 16075, 323, 36218, 922, 1268, 311, 5603, 701, 14561, 11, 323, 430, 596, 14718, 264, 2763, 315, 18547, 369, 499, 13, 3053, 499, 3371, 757, 810, 922, 1148, 499, 2351, 16026, 311, 636, 704, 315, 420, 10652, 449, 701, 14561, 30, 3639, 527, 701, 9021, 369, 18899, 701, 14584, 5178, 11, 323, 1148, 656, 499, 1781, 1053, 1304, 420, 10652, 6992, 369, 499, 30, 128009]",0.18335203640162945,391eb62b5e02e9d7fc1641bfc3dc5e5a596f8ea76135eaa3fe1f3da77edf1b62,2217.80166705139,0.04453398287296295,243.00787691026926,18e0812cbcc3efec9bef41205b3ac18e22cc4a7687dee1225dd3c142f66ccf6e,1505,2383.1698121502995,408.2482571247965,408.19266997277737,552924c69d4317d0ce21d00a49ec747073781db6483cb83d9f4f08e2b6c369c0,True,312,72,0.007337890565395355,2,0.04252791404724121,True,1,r1:state_7d11611fe82cb51f423b:fixed_off,1d951ee3dfd7bcb4480f00aa6ff1b1b2250087cbb6c0f4d369fa473085c31fee,"It sounds like you're feeling really stuck and uncertain about how to approach your professor, and that's causing a lot of anxiety for you. Can you tell me more about what you're hoping to get out of this conversation with your professor? What are your goals for improving your academic performance, and what do you think would make this conversation successful for you?",161.4594361744821,p2:3,202,4,0.10734004899859428,3.5236170515418053,3,state_7d11611fe82cb51f423b,p2,False
ME+R0,0,me_r0,"[2181, 10578, 1093, 499, 2351, 8430, 264, 2763, 315, 7410, 323, 27924, 922, 19261, 704, 311, 701, 14561, 11, 323, 430, 596, 49839, 2728, 701, 3347, 11704, 13, 3053, 499, 3371, 757, 810, 922, 1148, 499, 2351, 16026, 311, 636, 704, 315, 420, 10652, 449, 701, 14561, 30, 3639, 527, 701, 9021, 369, 18899, 701, 28711, 11, 323, 1268, 656, 499, 1781, 701, 14561, 649, 1520, 499, 11322, 1884, 9021, 30, 128009]",0.20789983682334423,391eb62b5e02e9d7fc1641bfc3dc5e5a596f8ea76135eaa3fe1f3da77edf1b62,2166.767364135012,0.052729854360222816,194.16795601136982,7457953f665a94f485dadb52c6dcec44b43d2e75b1745c08ab25474d138df82e,1159,2173.7533789128065,201.04037411510944,200.94607095234096,468453085c1c9a8496b143986ba33fc2eac16c0365cbcd4730ea9e532fbef2a8,True,313,72,0.008553965017199516,3,0.020734965801239014,,1,r1:state_7d11611fe82cb51f423b:me_r0,fdf538eec939da434855f92f5b40237ace81d35a83803990fe8374bff1f962f4,"It sounds like you're feeling a lot of pressure and uncertainty about reaching out to your professor, and that's understandable given your past experiences. Can you tell me more about what you're hoping to get out of this conversation with your professor? What are your goals for improving your grades, and how do you think your professor can help you achieve those goals?",3.0764350667595863,p2:3,202,1,0.1481210347265005,3.471540054306388,3,state_7d11611fe82cb51f423b,p2,False
MSE+RS,0,rule_off,"[2181, 10578, 1093, 499, 2351, 8430, 2216, 16075, 323, 36218, 922, 1268, 311, 5603, 701, 14561, 11, 323, 430, 596, 14718, 264, 2763, 315, 18547, 369, 499, 13, 3053, 499, 3371, 757, 810, 922, 1148, 499, 2351, 16026, 311, 636, 704, 315, 420, 10652, 449, 701, 14561, 30, 3639, 527, 701, 9021, 369, 18899, 701, 14584, 5178, 11, 323, 1148, 656, 499, 1781, 1053, 1304, 420, 10652, 6992, 369, 499, 30, 128009]",0.12250803411006927,391eb62b5e02e9d7fc1641bfc3dc5e5a596f8ea76135eaa3fe1f3da77edf1b62,2197.283675894141,0.040411949157714844,240.63009396195412,8eaace596c12f3213b0959913e28177014a48d05e7ec71ac6ac8931c710c5a1c,1472,2538.743779063225,582.0222340989858,581.9676890969276,bc7dd4c381164bac3f4d052f55068db630625657c425cb49e0a88db5a10b55bf,True,314,72,180.95075199380517,4,0.04352116957306862,True,1,r1:state_7d11611fe82cb51f423b:rule_off,1d951ee3dfd7bcb4480f00aa6ff1b1b2250087cbb6c0f4d369fa473085c31fee,"It sounds like you're feeling really stuck and uncertain about how to approach your professor, and that's causing a lot of anxiety for you. Can you tell me more about what you're hoping to get out of this conversation with your professor? What are your goals for improving your academic performance, and what do you think would make this conversation successful for you?",156.69585182331502,p2:3,202,3,0.1502751838415861,3.456783015280962,3,state_7d11611fe82cb51f423b,p2,False
MSE+RS,0,pm_off,"[2181, 10578, 1093, 499, 2351, 8430, 43206, 555, 279, 12014, 315, 35821, 279, 26129, 323, 18646, 701, 892, 1990, 430, 323, 701, 14584, 28423, 13, 1472, 2351, 18290, 922, 539, 1694, 3025, 311, 1893, 23387, 16079, 323, 6106, 264, 27331, 3217, 369, 279, 13324, 11, 902, 374, 7718, 369, 279, 2450, 315, 279, 26129, 13, 3053, 499, 3371, 757, 810, 922, 1148, 596, 1027, 2133, 1555, 701, 4059, 31445, 30, 3639, 527, 1063, 315, 279, 3230, 10742, 477, 24087, 430, 527, 14718, 499, 279, 1455, 8631, 30, 128009]",0.1351321116089821,391eb62b5e02e9d7fc1641bfc3dc5e5a596f8ea76135eaa3fe1f3da77edf1b62,2708.309755893424,0.04321197047829628,296.68196896091104,c3373d03bd47ccc3aa0110fc35d33f55e00fc1cd675a8dcf9dc810ddc6ad4353,1766,2955.1956120412797,543.4914811048657,543.4326929971576,3ddeaf7ccaa39d5df26dfeedcd08a042e3f48905ee4ca5c9afc88e546b31d21f,True,315,88,7.273350842297077,0,0.04250090569257736,True,1,r1:state_50459bc9b13d5cca092f:pm_off,cfff516a036a889b155a3eb02fa4a56566bceeb54c7460ce3a6ff7d6cc2a0fac,"It sounds like you're feeling overwhelmed by the responsibility of organizing the workshop and managing your time between that and your academic responsibilities. You're worried about not being able to create engaging sessions and ensure a productive experience for the participants, which is essential for the success of the workshop. Can you tell me more about what's been going through your mind lately? What are some of the specific concerns or fears that are causing you the most stress?",235.16847006976604,p2:1,303,3,0.1141971442848444,4.108993103727698,8,state_50459bc9b13d5cca092f,p2,False
ME+R0,0,me_r0,"[40, 2846, 779, 16089, 499, 2733, 10882, 11821, 701, 10742, 449, 757, 13, 1102, 10578, 1093, 499, 2351, 8430, 43206, 555, 279, 12014, 315, 35821, 279, 26129, 323, 18646, 701, 892, 1990, 430, 323, 701, 14584, 28423, 13, 3011, 649, 387, 264, 2763, 311, 3790, 11, 5423, 994, 499, 2351, 18290, 922, 6968, 23387, 16079, 323, 23391, 264, 27331, 3217, 369, 279, 13324, 13, 3053, 499, 3371, 757, 810, 922, 1148, 596, 10043, 701, 12876, 311, 1304, 420, 26129, 264, 2450, 30, 3639, 596, 520, 279, 4851, 315, 701, 10742, 30, 128009]",0.13841502368450165,391eb62b5e02e9d7fc1641bfc3dc5e5a596f8ea76135eaa3fe1f3da77edf1b62,2747.514638816938,0.035602133721113205,245.11941894888878,afc0b3abe16f50a1ac70570a7b20a5369b7ac776bb3102073d66813bed11d3d5,1423,2754.3335468508303,251.84767181053758,251.7999119590968,324074cc8fb72f9110d0b226b15312408bcc40760cccb8d766de19b2736f150b,True,316,92,0.007366994395852089,1,0.01689000055193901,,1,r1:state_50459bc9b13d5cca092f:me_r0,821d6e1c0e2301dec477ac40b29730eb91d60ddce05e68ee09ca5e84dfbc1e26,"I'm so glad you feel comfortable sharing your concerns with me. It sounds like you're feeling overwhelmed by the responsibility of organizing the workshop and managing your time between that and your academic responsibilities. That can be a lot to handle, especially when you're worried about creating engaging sessions and ensuring a productive experience for the participants. Can you tell me more about what's driving your desire to make this workshop a success? What's at the heart of your concerns?",3.3603550400584936,p2:1,303,1,0.11114589869976044,3.1491329427808523,8,state_50459bc9b13d5cca092f,p2,False
M0+R0,0,context_only,"[2181, 10578, 1093, 279, 4785, 315, 12014, 374, 8430, 14770, 520, 3115, 13, 3053, 499, 1935, 264, 5655, 11745, 449, 757, 323, 25670, 430, 433, 596, 17339, 311, 2733, 43206, 30, 1472, 2351, 4737, 389, 264, 2466, 3465, 11, 323, 433, 596, 4725, 311, 2733, 36218, 922, 1268, 311, 10299, 433, 682, 13, 3639, 422, 584, 1464, 433, 1523, 3871, 11, 832, 3094, 520, 264, 892, 11, 323, 5357, 389, 3339, 5208, 4856, 1109, 39143, 30, 128009]",0.20001502707600594,391eb62b5e02e9d7fc1641bfc3dc5e5a596f8ea76135eaa3fe1f3da77edf1b62,2145.2276480849832,0.037014950066804886,87.11312408559024,fb8a68f34e3fc189020bdf2ad843300922f15393208dc93ac6df46ff972e3769,432,2146.993668982759,88.7382950168103,88.67912995629013,65789ef8feedbaa129e2aae4c3813c38993b5f757beaebfc1d6c27d311014914,True,317,77,0.006881076842546463,2,0.00950181856751442,,1,r1:state_50459bc9b13d5cca092f:context_only,2bc1fbd0d8a8f43db42b8100a04d3b9555faa0d1e8c3512fb3909f89c1f06b9c,"It sounds like the weight of responsibility is feeling crushing at times. Can you take a deep breath with me and acknowledge that it's okay to feel overwhelmed? You're taking on a big task, and it's normal to feel uncertain about how to manage it all. What if we break it down together, one step at a time, and focus on making progress rather than perfection?",0.03530108369886875,p2:1,303,0,0.110207824036479,1.367099117487669,8,state_50459bc9b13d5cca092f,p2,False
MSE+RS,0,rule_off,"[2181, 10578, 1093, 499, 2351, 8430, 43206, 555, 279, 12014, 315, 35821, 279, 26129, 323, 18646, 701, 892, 1990, 430, 323, 701, 14584, 28423, 13, 1472, 2351, 18290, 922, 539, 1694, 3025, 311, 1893, 23387, 16079, 323, 6106, 264, 27331, 3217, 369, 279, 13324, 11, 902, 374, 7718, 369, 279, 2450, 315, 279, 26129, 13, 3053, 499, 3371, 757, 810, 922, 1148, 596, 1027, 2133, 1555, 701, 4059, 31445, 30, 3639, 527, 1063, 315, 279, 3230, 10742, 477, 24087, 430, 527, 14718, 499, 279, 1455, 8631, 30, 128009]",0.1932131126523018,391eb62b5e02e9d7fc1641bfc3dc5e5a596f8ea76135eaa3fe1f3da77edf1b62,2726.303219795227,0.06772810593247414,299.04517182148993,c3373d03bd47ccc3aa0110fc35d33f55e00fc1cd675a8dcf9dc810ddc6ad4353,1766,3017.4087730702013,590.0830540340394,589.9575119838119,3ddeaf7ccaa39d5df26dfeedcd08a042e3f48905ee4ca5c9afc88e546b31d21f,True,318,88,267.82461907714605,3,0.06010802462697029,True,1,r1:state_50459bc9b13d5cca092f:rule_off,cfff516a036a889b155a3eb02fa4a56566bceeb54c7460ce3a6ff7d6cc2a0fac,"It sounds like you're feeling overwhelmed by the responsibility of organizing the workshop and managing your time between that and your academic responsibilities. You're worried about not being able to create engaging sessions and ensure a productive experience for the participants, which is essential for the success of the workshop. Can you tell me more about what's been going through your mind lately? What are some of the specific concerns or fears that are causing you the most stress?",17.414052039384842,p2:1,303,3,0.1548950094729662,5.390937905758619,8,state_50459bc9b13d5cca092f,p2,False
MPMSME+RS,0,fixed_off,"[2181, 10578, 1093, 499, 2351, 8430, 43206, 555, 279, 12014, 315, 35821, 279, 26129, 323, 18646, 701, 892, 1990, 430, 323, 701, 14584, 28423, 13, 1472, 2351, 18290, 922, 539, 1694, 3025, 311, 1893, 23387, 16079, 323, 6106, 264, 27331, 3217, 369, 279, 13324, 11, 902, 374, 7718, 369, 279, 2450, 315, 279, 26129, 13, 3053, 499, 3371, 757, 810, 922, 1148, 596, 10168, 499, 1203, 505, 8430, 810, 16913, 323, 10235, 304, 420, 3158, 30, 128009]",0.1266819890588522,391eb62b5e02e9d7fc1641bfc3dc5e5a596f8ea76135eaa3fe1f3da77edf1b62,2426.589267095551,0.0646121334284544,306.4804470632225,11b71861a723f173b47baff6e980d644d7d0b887624bc5d68e07a9e678567a71,1799,2717.1491130720824,597.034283913672,596.9136110506952,54aae1524717e8ef2c9360daa8a574dba7a18d437e024cfe005b48670ee4ede5,True,319,77,0.010319985449314117,4,0.07603899575769901,True,1,r1:state_50459bc9b13d5cca092f:fixed_off,a0fbf066ce5f64969fad1d12315a7ac68709ff1e89c8b154394f8e26ab39e751,"It sounds like you're feeling overwhelmed by the responsibility of organizing the workshop and managing your time between that and your academic responsibilities. You're worried about not being able to create engaging sessions and ensure a productive experience for the participants, which is essential for the success of the workshop. Can you tell me more about what's holding you back from feeling more confident and prepared in this area?",284.7397569566965,p2:1,303,4,0.15421397984027863,5.388221936300397,8,state_50459bc9b13d5cca092f,p2,False
MPMSME+RS,0,fixed_off,"[2181, 10578, 1093, 11821, 701, 4443, 3446, 922, 38464, 323, 1202, 5536, 389, 701, 14604, 11774, 374, 264, 20134, 719, 13548, 6776, 369, 499, 13, 3639, 527, 1063, 315, 279, 3230, 24087, 477, 38145, 430, 2586, 709, 369, 499, 994, 7422, 922, 11821, 420, 961, 315, 6261, 449, 3885, 30, 128009]",0.11223391629755497,391eb62b5e02e9d7fc1641bfc3dc5e5a596f8ea76135eaa3fe1f3da77edf1b62,1642.7776149939746,0.0446841586381197,262.1989359613508,a6d4301d6d02c2d5b2247618da6ab98b8b5dfe7a3ce4463f1bde895e4fa93de4,1625,1819.0989489667118,438.46529605798423,438.40803601779044,383bd34788c6570c5ba393d8aafbc652ad73c931eafd00792eb1268d76596fab,True,320,51,0.013157958164811134,0,0.04341895692050457,True,1,r1:state_171ecc90e75224aaa806:fixed_off,948470ce4ae4289ccb4d5b9a875871ece548bf876275bfbf17bdb6c086bc5a83,It sounds like sharing your personal story about hiking and its impact on your emotional challenges is a vulnerable but exciting opportunity for you. What are some of the specific fears or worries that come up for you when thinking about sharing this part of yourself with others?,172.102086013183,p4:1,101,4,0.11091306805610657,3.8948399014770985,3,state_171ecc90e75224aaa806,p4,False
MSE+RS,0,rule_off,"[2181, 10578, 1093, 11821, 701, 4443, 3446, 922, 38464, 323, 1202, 5536, 389, 701, 14604, 11774, 374, 264, 20134, 719, 13548, 6776, 369, 499, 13, 3639, 527, 1063, 315, 279, 3230, 14269, 477, 11704, 505, 701, 38464, 11879, 430, 499, 1781, 1053, 387, 1455, 23222, 311, 4430, 449, 279, 7090, 10430, 30, 128009]",0.11410494334995747,391eb62b5e02e9d7fc1641bfc3dc5e5a596f8ea76135eaa3fe1f3da77edf1b62,1697.3243290558457,0.042171915993094444,259.78442607447505,1c38fe7057f9f268802565fd008b3622c29bdcd12491f96a71e65b379938f84d,1593,1870.3771950677037,432.77327506802976,432.7231871429831,c4444f52f79cf7b2df5802be3c58bba3949c8b7c13e121637d59e6882e1d40a7,True,321,53,157.96574903652072,1,0.03613508306443691,True,1,r1:state_171ecc90e75224aaa806:rule_off,166d8654526c0da46106f3929d2e9b3e47df4355439c6afff4f7068516fa737a,It sounds like sharing your personal story about hiking and its impact on your emotional challenges is a vulnerable but exciting opportunity for you. What are some of the specific moments or experiences from your hiking journey that you think would be most meaningful to share with the panel discussion?,11.036739917472005,p4:1,101,3,0.10973610915243626,3.748229006305337,3,state_171ecc90e75224aaa806,p4,False
M0+R0,0,context_only,"[4897, 10578, 17235, 8147, 323, 20134, 13, 1102, 596, 6366, 430, 499, 3077, 1766, 264, 1648, 311, 5613, 701, 21958, 1139, 2555, 6928, 323, 2324, 71260, 2923, 287, 13, 3639, 596, 832, 3245, 499, 2351, 1455, 16026, 311, 636, 4028, 311, 279, 10877, 994, 499, 4430, 701, 3446, 30, 128009]",0.11088489554822445,391eb62b5e02e9d7fc1641bfc3dc5e5a596f8ea76135eaa3fe1f3da77edf1b62,1387.5921030994505,0.03492995165288448,71.5944180265069,75689c64197d5718ff82e7199c50134625dd08a7040c735f4f1c728973ec7cb3,314,1388.9268098864704,72.85354589112103,72.81823991797864,a21c88b5965c73de76373103f9fb590fc29ac95a56b6b4c7489d65cc601e30d4,True,322,50,0.006197020411491394,2,0.008396105840802193,,1,r1:state_171ecc90e75224aaa806:context_only,1c18a15e547a08c71e88c3cec8c52563855cf90fb703271d49e4c39a9365de3e,That sounds incredibly powerful and vulnerable. It's beautiful that you've found a way to channel your emotions into something positive and life-affirming. What's one thing you're most hoping to get across to the audience when you share your story?,0.02632499672472477,p4:1,101,0,0.11077686212956905,1.0371969547122717,3,state_171ecc90e75224aaa806,p4,False
MPMS+RS,0,pm_off,"[2181, 10578, 1093, 11821, 701, 4443, 3446, 922, 38464, 323, 1202, 5536, 389, 701, 14604, 11774, 374, 264, 20134, 719, 1101, 66388, 3217, 369, 499, 13, 3639, 527, 1063, 315, 279, 3230, 24087, 477, 38145, 430, 2586, 709, 369, 499, 994, 7422, 922, 11821, 420, 961, 315, 701, 3446, 389, 279, 7090, 30, 128009]",0.11550704948604107,391eb62b5e02e9d7fc1641bfc3dc5e5a596f8ea76135eaa3fe1f3da77edf1b62,1552.1959441248327,0.044428976252675056,120.0897810049355,2e40cce6ba5817ea479e10dc96e2ae1848cd5e1696f323d8d8117643b59a5f9c,680,1725.6771312095225,293.514687102288,293.4554610401392,f3d8ba9fbb881047ff39900e0726280acd4591b1d21af51ddb71160b0933d04b,True,323,54,5.870803026482463,3,0.03392202779650688,True,1,r1:state_171ecc90e75224aaa806:pm_off,ee1026e526dee5de6f09b7a401fa09755fd342cdb8c103f98b92327e38961138,It sounds like sharing your personal story about hiking and its impact on your emotional challenges is a vulnerable but also empowering experience for you. What are some of the specific fears or worries that come up for you when thinking about sharing this part of your story on the panel?,165.28628300875425,p4:1,101,3,0.10660500265657902,2.023637993261218,3,state_171ecc90e75224aaa806,p4,False
ME+R0,0,me_r0,"[2181, 10578, 1093, 11821, 701, 3446, 323, 11704, 449, 279, 38464, 6469, 706, 1027, 264, 2216, 8147, 1648, 369, 499, 311, 1920, 323, 3139, 13, 3639, 527, 1063, 315, 279, 3230, 24087, 477, 38145, 430, 2586, 709, 369, 499, 994, 7422, 922, 11821, 701, 4443, 3446, 449, 3885, 30, 128009]",0.18159602768719196,391eb62b5e02e9d7fc1641bfc3dc5e5a596f8ea76135eaa3fe1f3da77edf1b62,1546.7964068520814,0.03552110865712166,197.25385191850364,22cd2a337c6716f3d7219daf0219c7da5b84a6e89f545d3810d6c688259fbdd4,1268,1552.4988130200654,202.8211560100317,202.77466205880046,23c0f1388f5735c76cfed99b9694490feac0f80f3179bd62cca99fffa4852a75,True,324,50,0.007406808435916901,4,0.015396159142255783,,1,r1:state_171ecc90e75224aaa806:me_r0,885650ff38295ada40bc7fcb7bb8de7faccc99ecc4c7fbca6c0934d88b44d7eb,It sounds like sharing your story and experiences with the hiking club has been a really powerful way for you to process and grow. What are some of the specific fears or worries that come up for you when thinking about sharing your personal story with others?,2.470256993547082,p4:1,101,1,0.11269119568169117,2.8795378748327494,3,state_171ecc90e75224aaa806,p4,False
MSE+RS,0,rule_off,"[40, 2846, 779, 16089, 499, 2351, 10032, 311, 4430, 701, 28970, 449, 757, 13, 1102, 5097, 264, 2763, 315, 25775, 311, 17113, 994, 584, 2351, 8430, 43206, 13, 3053, 499, 3371, 757, 810, 922, 1148, 596, 1027, 2133, 389, 449, 19475, 323, 1268, 499, 1781, 7366, 304, 3871, 2643, 5536, 701, 5133, 30, 128009]",0.19289599731564522,391eb62b5e02e9d7fc1641bfc3dc5e5a596f8ea76135eaa3fe1f3da77edf1b62,1759.89946606569,0.06689806468784809,263.1428590975702,bf0e13be55e4c6fe3d2694ff854c3c294e4b40d1df6dff98fc2bfdcdb04797fb,1613,2031.1103339772671,534.2640939634293,534.1608310118318,1806fb7fcd9e50c3e8e976185ece6f920afac8315beea4637723675c59e6386f,True,325,54,248.99320490658283,0,0.061273109167814255,True,1,r1:state_ea30f99985081e48c794:rule_off,a79b18d846bc2f14c3bbc2a3f2d6c8df54221dd442eb9a3e9400acb77d00c1f7,I'm so glad you're willing to share your struggles with me. It takes a lot of courage to admit when we're feeling overwhelmed. Can you tell me more about what's been going on with Matthew and how you think moving in together might impact your relationship?,16.60982402972877,p15:2,101,3,0.1598079688847065,5.126963835209608,8,state_ea30f99985081e48c794,p15,False
MPMSME+RS,0,fixed_off,"[40, 649, 5647, 279, 4785, 315, 27924, 499, 2351, 15691, 13, 1102, 10578, 1093, 499, 2351, 8430, 43206, 555, 279, 7410, 311, 1304, 264, 5597, 922, 7366, 304, 449, 19475, 11, 323, 433, 596, 28987, 701, 7446, 2324, 13, 3053, 499, 3371, 757, 810, 922, 1148, 596, 10168, 499, 1203, 505, 8430, 16913, 304, 701, 5597, 28846, 1920, 30, 128009]",0.11987891048192978,391eb62b5e02e9d7fc1641bfc3dc5e5a596f8ea76135eaa3fe1f3da77edf1b62,1894.845417002216,0.06672320887446404,264.62834095582366,43c8755a7b3a69e3a60004c5f73e66ca6e51acdff203fe161d2223413848e169,1640,2161.841798108071,531.560406088829,531.5048431511968,108641015f85ef59adf50554bbdf94fdd81a9bba6443397e83765f404fe8c68e,True,326,60,0.00950484536588192,1,0.07600500248372555,True,1,r1:state_ea30f99985081e48c794:fixed_off,36630886db8660131b57b21cbc8318bd6d79e2e230beb4ebb4923ef508c06184,"I can sense the weight of uncertainty you're carrying. It sounds like you're feeling overwhelmed by the pressure to make a decision about moving in with Matthew, and it's affecting your daily life. Can you tell me more about what's holding you back from feeling confident in your decision-making process?",261.4052111748606,p15:2,101,4,0.16160914674401283,5.1574488170444965,8,state_ea30f99985081e48c794,p15,False
MSE+RS,0,pm_off,"[40, 2846, 779, 16089, 499, 2351, 10032, 311, 4430, 701, 28970, 449, 757, 13, 1102, 5097, 264, 2763, 315, 25775, 311, 17113, 994, 584, 2351, 8430, 43206, 13, 3053, 499, 3371, 757, 810, 922, 1148, 596, 1027, 2133, 389, 449, 19475, 323, 1268, 499, 1781, 7366, 304, 3871, 2643, 5536, 701, 5133, 30, 128009]",0.11903815902769566,391eb62b5e02e9d7fc1641bfc3dc5e5a596f8ea76135eaa3fe1f3da77edf1b62,1727.961536962539,0.045759836211800575,262.3220100067556,bf0e13be55e4c6fe3d2694ff854c3c294e4b40d1df6dff98fc2bfdcdb04797fb,1613,1953.7420710548759,488.03108907304704,487.9835059400648,1806fb7fcd9e50c3e8e976185ece6f920afac8315beea4637723675c59e6386f,True,327,54,7.054776884615421,2,0.04174606874585152,True,1,r1:state_ea30f99985081e48c794:pm_off,a79b18d846bc2f14c3bbc2a3f2d6c8df54221dd442eb9a3e9400acb77d00c1f7,I'm so glad you're willing to share your struggles with me. It takes a lot of courage to admit when we're feeling overwhelmed. Can you tell me more about what's been going on with Matthew and how you think moving in together might impact your relationship?,214.48790305294096,p15:2,101,3,0.11263508349657059,3.9186750072985888,8,state_ea30f99985081e48c794,p15,False
M0+R0,0,context_only,"[2181, 10578, 1093, 279, 4785, 315, 420, 5597, 374, 2216, 18534, 1523, 389, 499, 11, 323, 433, 596, 28987, 701, 7446, 2324, 304, 5199, 5627, 13, 3053, 499, 3371, 757, 810, 922, 1148, 596, 3339, 499, 2733, 779, 36218, 922, 7366, 304, 449, 19475, 30, 3639, 527, 1063, 315, 279, 3230, 10742, 430, 527, 10494, 499, 709, 520, 3814, 30, 128009]",0.12507685460150242,391eb62b5e02e9d7fc1641bfc3dc5e5a596f8ea76135eaa3fe1f3da77edf1b62,1700.687691103667,0.03554788418114185,86.50168403983116,6682a336a4c0bad3c4b99f63338479f5fd2d45f6a65664a3edb8b550d25faa9e,424,1702.3194679059088,88.0412810947746,88.00838398747146,121720234416e3fb88c31dde5e82260cca7036afb5cdc27107fdc86fe6924d36,True,328,61,0.006678979843854904,3,0.009662006050348282,,1,r1:state_ea30f99985081e48c794:context_only,5fa25bdcd8c3b3637ed8282cd43c1abaf5c813dea59d3bb6738f7f1ddd92d307,"It sounds like the weight of this decision is really bearing down on you, and it's affecting your daily life in significant ways. Can you tell me more about what's making you feel so uncertain about moving in with Matthew? What are some of the specific concerns that are keeping you up at night?",0.030766939744353294,p15:2,101,0,0.11310400441288948,1.310940133407712,8,state_ea30f99985081e48c794,p15,False
ME+R0,0,me_r0,"[2181, 10578, 1093, 499, 2351, 8430, 2216, 43206, 323, 36218, 922, 701, 5597, 311, 3351, 304, 449, 19475, 13, 3053, 499, 3371, 757, 810, 922, 1148, 596, 10168, 499, 1203, 505, 8430, 16913, 922, 420, 3094, 30, 3639, 527, 1063, 315, 279, 3230, 10742, 477, 24087, 430, 527, 5108, 709, 369, 499, 30, 128009]",0.11755293235182762,391eb62b5e02e9d7fc1641bfc3dc5e5a596f8ea76135eaa3fe1f3da77edf1b62,1683.6458740290254,0.03506196662783623,230.7854329701513,625ad02a6821f03cafeba4d0d8cd872787fb5456e2f1bd4a0536a69acc870c69,1293,1689.53308602795,236.61079606972635,236.5550920367241,ed9b483037ca6e67366463fe5716d7f05c92f1361a5316f4a798e8ce3f5ce7eb,True,329,54,0.007014023140072823,4,0.015761936083436012,,1,r1:state_ea30f99985081e48c794:me_r0,4cc7ebc08e6a4dfb4ecf91dab06220fac90d2173bbf630652acca0d20c91c179,It sounds like you're feeling really overwhelmed and uncertain about your decision to move in with Matthew. Can you tell me more about what's holding you back from feeling confident about this step? What are some of the specific concerns or fears that are coming up for you?,2.720111981034279,p15:2,101,1,0.1097030472010374,2.882006112486124,8,state_ea30f99985081e48c794,p15,False
MSE+RS,0,pm_off,"[2181, 10578, 1093, 499, 2351, 8430, 264, 2766, 43206, 449, 279, 502, 28423, 323, 18290, 922, 13490, 279, 8335, 499, 3077, 6575, 779, 2653, 311, 11322, 13, 358, 1390, 499, 311, 1440, 430, 433, 596, 6724, 4725, 311, 2733, 420, 1648, 11, 323, 433, 596, 2294, 430, 499, 2351, 61708, 701, 10742, 13, 3861, 3245, 430, 2643, 387, 11190, 374, 311, 1464, 1523, 701, 9021, 323, 30601, 1139, 9333, 11, 71128, 27855, 13, 1115, 649, 1304, 433, 2733, 2753, 22798, 323, 810, 89253, 13, 3639, 656, 499, 1781, 922, 4560, 311, 10765, 701, 1948, 30601, 323, 6968, 264, 9899, 430, 6276, 369, 2225, 990, 323, 4443, 892, 30, 128009]",0.18636509776115417,391eb62b5e02e9d7fc1641bfc3dc5e5a596f8ea76135eaa3fe1f3da77edf1b62,3259.9958078935742,0.06846594624221325,262.98710191622376,fc3614e51136bd06d07bb662c9a9cce629c3b4e0c5e331803390d245f61584ea,1619,3538.0214990582317,540.9633731469512,540.8264279831201,b0a340d4a786beb4bc5acd09bb9e79eb37919e147f581daa1b0b68c3fc13e398,True,330,109,7.204425986856222,0,0.06866990588605404,True,1,r1:state_386f27896b4ed9f621e8:pm_off,62be2aa856462e0b0f886989f193dde1eb5cf61069911ce4433a5d2f2c7ef2a9,"It sounds like you're feeling a bit overwhelmed with the new responsibilities and worried about losing the balance you've worked so hard to achieve. I want you to know that it's completely normal to feel this way, and it's great that you're acknowledging your concerns. One thing that might be helpful is to break down your goals and priorities into smaller, manageable chunks. This can make it feel less overwhelming and more achievable. What do you think about trying to identify your top priorities and creating a schedule that allows for both work and personal time?",265.22251102142036,p8:1,303,3,0.11385604739189148,5.161397159099579,8,state_386f27896b4ed9f621e8,p8,False
MSE+RS,0,rule_off,"[2181, 10578, 1093, 499, 2351, 8430, 264, 2766, 43206, 449, 279, 502, 28423, 323, 18290, 922, 13490, 279, 8335, 499, 3077, 6575, 779, 2653, 311, 11322, 13, 358, 1390, 499, 311, 1440, 430, 433, 596, 6724, 4725, 311, 2733, 420, 1648, 11, 323, 433, 596, 2294, 430, 499, 2351, 61708, 701, 10742, 13, 3861, 3245, 430, 2643, 387, 11190, 374, 311, 1464, 1523, 701, 9021, 323, 30601, 1139, 9333, 11, 71128, 27855, 13, 1115, 649, 1304, 433, 2733, 2753, 22798, 323, 810, 89253, 13, 3639, 656, 499, 1781, 922, 4560, 311, 10765, 701, 1948, 30601, 323, 6968, 264, 9899, 430, 6276, 369, 2225, 990, 323, 4443, 892, 30, 128009]",0.13795611448585987,391eb62b5e02e9d7fc1641bfc3dc5e5a596f8ea76135eaa3fe1f3da77edf1b62,3256.521319039166,0.05036406219005585,262.6893790438771,fc3614e51136bd06d07bb662c9a9cce629c3b4e0c5e331803390d245f61584ea,1619,3719.479584135115,725.624165032059,725.5096880253404,b0a340d4a786beb4bc5acd09bb9e79eb37919e147f581daa1b0b68c3fc13e398,True,331,109,260.16770116984844,1,0.05109095945954323,True,1,r1:state_386f27896b4ed9f621e8:rule_off,62be2aa856462e0b0f886989f193dde1eb5cf61069911ce4433a5d2f2c7ef2a9,"It sounds like you're feeling a bit overwhelmed with the new responsibilities and worried about losing the balance you've worked so hard to achieve. I want you to know that it's completely normal to feel this way, and it's great that you're acknowledging your concerns. One thing that might be helpful is to break down your goals and priorities into smaller, manageable chunks. This can make it feel less overwhelming and more achievable. What do you think about trying to identify your top priorities and creating a schedule that allows for both work and personal time?",197.9454120155424,p8:1,303,3,0.15230593271553516,4.453434841707349,8,state_386f27896b4ed9f621e8,p8,False
ME+R0,0,me_r0,"[2181, 10578, 1093, 499, 2351, 8430, 264, 2766, 43206, 555, 279, 22199, 315, 4737, 389, 5217, 28423, 323, 40876, 922, 13490, 279, 8335, 499, 3077, 6575, 779, 2653, 311, 11322, 13, 3053, 499, 3371, 757, 810, 922, 1148, 499, 1781, 1053, 387, 264, 9498, 8335, 369, 499, 304, 420, 6671, 30, 3639, 527, 1063, 2536, 5392, 67078, 2205, 82, 369, 701, 4443, 892, 323, 1664, 33851, 430, 499, 4265, 1093, 311, 63652, 30, 128009]",0.20637898705899715,391eb62b5e02e9d7fc1641bfc3dc5e5a596f8ea76135eaa3fe1f3da77edf1b62,2217.3846180085093,0.03480515442788601,197.94359081424773,3e0a3ffb87510995ea92580e72e5a35d93503c6d7eab78b7c4d8f842eb2bde2c,1264,2225.0106760766357,205.4304569028318,205.36326989531517,dca563e9a8a70ecc291cae9888df54ab5a0be5fc06c03ac55ef62e6792124469,True,332,74,0.006638932973146439,2,0.015938887372612953,,1,r1:state_386f27896b4ed9f621e8:me_r0,376b0ceb57a10ae8401ae5c7e3936695fdeeaeeb40d83a45ffd6187525a9afff,It sounds like you're feeling a bit overwhelmed by the prospect of taking on additional responsibilities and worrying about losing the balance you've worked so hard to achieve. Can you tell me more about what you think would be a healthy balance for you in this situation? What are some non-negotiables for your personal time and well-being that you'd like to prioritize?,4.388009198009968,p8:1,303,1,0.11231796815991402,2.8619689401239157,8,state_386f27896b4ed9f621e8,p8,False
MPMSME+RS,0,fixed_off,"[40, 649, 5647, 701, 4747, 922, 20958, 8335, 323, 6376, 23546, 1418, 34118, 420, 11084, 4967, 6776, 13, 1102, 596, 6724, 49839, 311, 2733, 430, 1648, 11, 5423, 1306, 3318, 2653, 311, 11322, 264, 2731, 990, 26928, 8335, 13, 3861, 8446, 430, 2643, 387, 11190, 374, 311, 63652, 701, 4443, 892, 323, 7640, 11, 1120, 439, 499, 1053, 904, 1023, 3062, 15507, 13, 3639, 422, 499, 1051, 311, 9899, 892, 369, 659, 41206, 323, 4443, 7640, 304, 701, 13470, 11, 1120, 439, 499, 1053, 9899, 990, 477, 4967, 16079, 30, 1115, 2643, 1520, 499, 2733, 810, 304, 2585, 323, 6106, 430, 499, 2351, 3339, 892, 369, 1148, 596, 3062, 311, 499, 13, 128009]",0.16725598834455013,391eb62b5e02e9d7fc1641bfc3dc5e5a596f8ea76135eaa3fe1f3da77edf1b62,3371.2107699830085,0.046113040298223495,267.4209049437195,0aa6d933aa9ee70cfee016f0e067ef09f13655387f827740c95a9a2f7b86dba7,1643,3630.733947036788,526.8570310436189,526.7768260091543,434ce276528219ee66c236bbb8f33f98330af4fde683619c33672078af95fee9,True,333,113,0.009942101314663887,3,0.045218970626592636,True,1,r1:state_386f27896b4ed9f621e8:fixed_off,1579927c3dfc2b36f16e4d9d1a64227015a082d1a3dc1fa9aeec450f994d7595,"I can sense your concern about maintaining balance and setting boundaries while pursuing this advanced training opportunity. It's completely understandable to feel that way, especially after working hard to achieve a better work-life balance. One strategy that might be helpful is to prioritize your personal time and activities, just as you would any other important commitment. What if you were to schedule time for self-care and personal activities in your calendar, just as you would schedule work or training sessions? This might help you feel more in control and ensure that you're making time for what's important to you.",255.17662684433162,p8:1,303,4,0.16594002954661846,3.912080079317093,8,state_386f27896b4ed9f621e8,p8,False
M0+R0,0,context_only,"[2181, 10578, 1093, 499, 2351, 8430, 264, 5647, 315, 4353, 10629, 367, 922, 4737, 389, 810, 28423, 11, 719, 1101, 264, 12876, 311, 3139, 323, 2274, 46029, 13, 3053, 584, 13488, 1063, 4754, 15174, 369, 6376, 23546, 323, 45777, 4954, 701, 892, 11, 779, 430, 499, 649, 2733, 810, 16913, 304, 701, 5845, 311, 10299, 420, 502, 6776, 30, 128009]",0.1817219890654087,391eb62b5e02e9d7fc1641bfc3dc5e5a596f8ea76135eaa3fe1f3da77edf1b62,1708.9696638286114,0.04257308319211006,86.8118298240006,a88bc56b49d349d61b7055d0174bdab2452b7b2afc968f0ca85c6404c337fc09,436,1710.923241917044,88.69485091418028,88.58368592336774,aa3b3d48e26f5dbe0e6e5b14fda4025702dd8720e8ec645615cc28c3a12417eb,True,334,60,0.0072640832513570786,4,0.0103760976344347,,1,r1:state_386f27896b4ed9f621e8:context_only,62f5ec7e4ae7da3879ac7bbec5777449ef4f940fd17a112cd86f5261d352af1c,"It sounds like you're feeling a sense of trepidation about taking on more responsibilities, but also a desire to grow and develop professionally. Can we explore some potential strategies for setting boundaries and prioritizing your time, so that you can feel more confident in your ability to manage this new opportunity?",0.03747595474123955,p8:1,303,0,0.13112695887684822,1.5430399216711521,8,state_386f27896b4ed9f621e8,p8,False
MPMSME+RS,0,fixed_off,"[2181, 10578, 1093, 499, 2351, 15691, 264, 8987, 2865, 1314, 1457, 11, 323, 433, 596, 6724, 49839, 311, 2733, 43206, 13, 1102, 596, 8056, 430, 499, 2351, 61708, 701, 28970, 323, 19762, 311, 1505, 264, 1648, 311, 8335, 701, 7978, 449, 4737, 2512, 315, 6261, 13, 3053, 499, 3371, 757, 810, 922, 1148, 596, 1027, 3318, 369, 499, 779, 3117, 11, 1093, 701, 502, 4007, 12823, 323, 279, 4007, 1912, 30, 3639, 596, 1027, 279, 1455, 11190, 369, 499, 304, 18646, 701, 8631, 323, 18547, 30, 128009]",0.13055093586444855,391eb62b5e02e9d7fc1641bfc3dc5e5a596f8ea76135eaa3fe1f3da77edf1b62,2646.0812031291425,0.06533297710120678,263.546563917771,342a0fc7a6eab1beab2b0cf20311e2314027525fcda06c9a789782959a9ba04c,1606,2855.2280829753727,472.63440187089145,472.5628928281367,53123d93afe92c1ff23e56dbd35c5427ab6d800c71f441a16fa353ec003fe146,True,335,87,0.00971788540482521,0,0.06493902765214443,True,1,r1:state_b34bb1d28ab722e83dc6:fixed_off,e68dac34c19ffb461d7094a1675805e3a6ff1b5522b23a6e20e138efd8a5d601,"It sounds like you're carrying a heavy load right now, and it's completely understandable to feel overwhelmed. It's amazing that you're acknowledging your struggles and wanting to find a way to balance your studies with taking care of yourself. Can you tell me more about what's been working for you so far, like your new study techniques and the study group? What's been the most helpful for you in managing your stress and anxiety?",203.97228514775634,p11:1,303,4,0.14831195585429668,4.7557419165968895,3,state_b34bb1d28ab722e83dc6,p11,False
M0+R0,0,context_only,"[2181, 10578, 1093, 499, 2351, 15691, 264, 8987, 4785, 315, 12014, 323, 31293, 11, 539, 1120, 369, 6261, 11, 719, 1101, 369, 701, 3070, 13, 3011, 649, 387, 264, 2216, 11292, 23104, 311, 11984, 13, 3053, 499, 3371, 757, 810, 922, 1148, 596, 2133, 1555, 701, 4059, 994, 499, 2351, 21078, 35447, 520, 3814, 11, 40876, 922, 279, 40786, 30, 128009]",0.12033502571284771,391eb62b5e02e9d7fc1641bfc3dc5e5a596f8ea76135eaa3fe1f3da77edf1b62,1680.9626820031554,0.034913886338472366,70.90376107953489,4a2615e04921f0afdb1335a7c2ddf353603a61cb079ff12e52f11b64f0fbce8a,308,1682.316263904795,72.17922993004322,72.13700795546174,394d365570be0d23422aed29fe4f94048fb081b3f2c68646c2088b0fd323a687,True,336,61,0.007346039637923241,1,0.00830390490591526,,1,r1:state_b34bb1d28ab722e83dc6:context_only,45160306aa5248409945decb80f8b0b508a43388774f340b700bcbac60b32a4b,"It sounds like you're carrying a heavy weight of responsibility and expectation, not just for yourself, but also for your family. That can be a really tough burden to bear. Can you tell me more about what's going through your mind when you're lying awake at night, worrying about the exams?",0.025298912078142166,p11:1,303,0,0.10930793359875679,1.0480761993676424,3,state_b34bb1d28ab722e83dc6,p11,False
ME+R0,0,me_r0,"[2181, 10578, 1093, 499, 2351, 15691, 264, 8987, 2865, 1314, 1457, 11, 323, 433, 596, 912, 5895, 499, 2351, 8430, 43206, 13, 1102, 596, 8056, 430, 499, 2351, 61708, 279, 7410, 499, 2351, 10917, 389, 6261, 11, 323, 430, 499, 2351, 4560, 311, 1505, 5627, 311, 8335, 701, 7978, 449, 4737, 2512, 315, 701, 7106, 323, 10723, 2890, 13, 3053, 499, 3371, 757, 810, 922, 1148, 596, 1027, 2133, 1555, 701, 4059, 994, 499, 2351, 21078, 35447, 520, 3814, 11, 40876, 922, 279, 40786, 30, 3639, 527, 1063, 315, 279, 11555, 430, 527, 93378, 2212, 304, 701, 2010, 30, 128009]",0.13724504970014095,391eb62b5e02e9d7fc1641bfc3dc5e5a596f8ea76135eaa3fe1f3da77edf1b62,2924.3011351209134,0.04229787737131119,193.84826417081058,0f9a5e3d4ad6ce36eaa0162bd1f41a9d25ed13c3d2b7a37434672827d058e229,1178,2930.087018990889,199.55743895843625,199.49690299108624,13227810420053e112bc439177ba68a82efb2130bb288e6007d770d3eea52aac,True,337,100,0.0066838692873716354,2,0.016123056411743164,,1,r1:state_b34bb1d28ab722e83dc6:me_r0,c1aab1b3a601ac5013cb9be77dea08f49e5a1e82db50169591d9bfc8d80fa44a,"It sounds like you're carrying a heavy load right now, and it's no wonder you're feeling overwhelmed. It's amazing that you're acknowledging the pressure you're putting on yourself, and that you're trying to find ways to balance your studies with taking care of your physical and mental health. Can you tell me more about what's been going through your mind when you're lying awake at night, worrying about the exams? What are some of the thoughts that are swirling around in your head?",2.4627770762890577,p11:1,303,1,0.10630697943270206,3.0144499614834785,3,state_b34bb1d28ab722e83dc6,p11,False
MSE+RS,0,pm_off,"[2181, 10578, 1093, 499, 2351, 15691, 264, 8987, 2865, 1314, 1457, 11, 323, 433, 596, 6724, 49839, 311, 2733, 43206, 13, 1102, 596, 8056, 430, 499, 2351, 61708, 701, 28970, 323, 19762, 311, 1505, 264, 1648, 311, 8335, 701, 7978, 449, 4737, 2512, 315, 6261, 13, 3053, 499, 3371, 757, 810, 922, 1148, 596, 1027, 3318, 369, 499, 779, 3117, 11, 1093, 701, 502, 4007, 12823, 323, 279, 4007, 1912, 30, 3639, 596, 1027, 279, 1455, 11190, 369, 499, 304, 18646, 701, 8631, 323, 18547, 30, 128009]",0.13108598068356514,391eb62b5e02e9d7fc1641bfc3dc5e5a596f8ea76135eaa3fe1f3da77edf1b62,2639.907914213836,0.04644598811864853,260.9249681700021,517cd7a4612748e1b88b2c10b266a6319cd5be9edc081cd5b844af286dbfa72e,1577,2846.3630459737033,467.32504083774984,467.2490139491856,4167481920d16d77f804d70ed11c99ed04202e4f7a18f087b73c98933371bc57,True,338,87,5.8149120304733515,3,0.03578397445380688,True,1,r1:state_b34bb1d28ab722e83dc6:pm_off,e68dac34c19ffb461d7094a1675805e3a6ff1b5522b23a6e20e138efd8a5d601,"It sounds like you're carrying a heavy load right now, and it's completely understandable to feel overwhelmed. It's amazing that you're acknowledging your struggles and wanting to find a way to balance your studies with taking care of yourself. Can you tell me more about what's been working for you so far, like your new study techniques and the study group? What's been the most helpful for you in managing your stress and anxiety?",196.6355659533292,p11:1,303,3,0.10854797437787056,3.682789858430624,3,state_b34bb1d28ab722e83dc6,p11,False
MSE+RS,0,rule_off,"[2181, 10578, 1093, 499, 2351, 15691, 264, 8987, 2865, 1314, 1457, 11, 323, 433, 596, 6724, 49839, 311, 2733, 43206, 13, 1102, 596, 8056, 430, 499, 2351, 61708, 701, 28970, 323, 19762, 311, 1505, 264, 1648, 311, 8335, 701, 7978, 449, 4737, 2512, 315, 6261, 13, 3053, 499, 3371, 757, 810, 922, 1148, 596, 1027, 3318, 369, 499, 779, 3117, 11, 1093, 701, 502, 4007, 12823, 323, 279, 4007, 1912, 30, 3639, 596, 1027, 279, 1455, 11190, 369, 499, 304, 18646, 701, 8631, 323, 18547, 30, 128009]",0.13177120126783848,391eb62b5e02e9d7fc1641bfc3dc5e5a596f8ea76135eaa3fe1f3da77edf1b62,2638.915601884946,0.04243804141879082,260.1486500352621,517cd7a4612748e1b88b2c10b266a6319cd5be9edc081cd5b844af286dbfa72e,1577,2807.1613640058786,428.32246189936996,428.2626409549266,4167481920d16d77f804d70ed11c99ed04202e4f7a18f087b73c98933371bc57,True,339,87,153.09466002508998,4,0.03158696927130222,True,1,r1:state_b34bb1d28ab722e83dc6:rule_off,e68dac34c19ffb461d7094a1675805e3a6ff1b5522b23a6e20e138efd8a5d601,"It sounds like you're carrying a heavy load right now, and it's completely understandable to feel overwhelmed. It's amazing that you're acknowledging your struggles and wanting to find a way to balance your studies with taking care of yourself. Can you tell me more about what's been working for you so far, like your new study techniques and the study group? What's been the most helpful for you in managing your stress and anxiety?",11.272501898929477,p11:1,303,3,0.10735192336142063,3.5654520615935326,3,state_b34bb1d28ab722e83dc6,p11,False
MSE+RS,0,rule_off,"[2181, 10578, 1093, 499, 2351, 8430, 264, 2766, 21830, 1990, 701, 12876, 311, 1935, 389, 264, 11692, 3560, 323, 701, 10742, 922, 18646, 701, 892, 323, 14584, 5357, 13, 3053, 499, 3371, 757, 810, 922, 1148, 596, 10168, 499, 1203, 505, 40583, 311, 420, 3560, 30, 3639, 527, 1063, 315, 279, 3230, 38145, 477, 24087, 430, 527, 5108, 709, 369, 499, 30, 128009]",0.11748191900551319,391eb62b5e02e9d7fc1641bfc3dc5e5a596f8ea76135eaa3fe1f3da77edf1b62,1952.3675108794123,0.041850144043564796,243.21129894815385,d87fad615e697396b6c6dfe247325dcdb2f332b477bab9df5b85f212fefb281a,1484,2137.89452589117,428.67908300831914,428.62083204090595,85f058c5c014e5d5221f0390edfd0b695a51058b9a2d509081cbbc06b34aad95,True,340,63,169.74631696939468,0,0.03458186984062195,True,1,r1:state_dc179cba0782e93e7d90:rule_off,17915aae65d153080de7dbc9c5482efdb2026e319c325d714de9295200395593,It sounds like you're feeling a bit torn between your desire to take on a leadership role and your concerns about managing your time and academic focus. Can you tell me more about what's holding you back from committing to this role? What are some of the specific worries or fears that are coming up for you?,12.02022098004818,p3:1,202,3,0.11684210039675236,3.4497210290282965,3,state_dc179cba0782e93e7d90,p3,False
MS+RS,0,pm_off,"[2181, 10578, 1093, 499, 3077, 1027, 3318, 2653, 311, 1505, 264, 8335, 1990, 701, 14584, 9021, 323, 4443, 2324, 11, 323, 430, 596, 2216, 2555, 311, 387, 12691, 315, 13, 3053, 499, 3371, 757, 810, 922, 1148, 596, 10168, 499, 1203, 505, 40583, 311, 279, 11692, 3560, 11, 323, 1148, 499, 1781, 1053, 1205, 311, 2349, 304, 2015, 369, 499, 311, 2733, 16913, 304, 4737, 433, 389, 30, 128009]",0.12615695595741272,391eb62b5e02e9d7fc1641bfc3dc5e5a596f8ea76135eaa3fe1f3da77edf1b62,1957.351854071021,0.044419895857572556,109.0654730796814,c91c1d361b7a7a0c60a732a2e55303000976e3cc9787a4db6cef8de38394139a,625,2140.4970390722156,292.16265003196895,292.08450112491846,7688ae9244cefeac558a52334b6e9857a8e4222cb9288ee78bad9e41d9e1c2b2,True,341,69,5.983913084492087,1,0.03295508213341236,True,1,r1:state_dc179cba0782e93e7d90:pm_off,3a85d8e5a1452f0cfadffc63dcb44a0f76ba67f8b03ad8e1e30164584a4ade30,"It sounds like you've been working hard to find a balance between your academic goals and personal life, and that's really something to be proud of. Can you tell me more about what's holding you back from committing to the leadership role, and what you think would need to change in order for you to feel confident in taking it on?",174.88779197447002,p3:1,202,2,0.11588702909648418,1.9540609791874886,3,state_dc179cba0782e93e7d90,p3,False
ME+R0,0,me_r0,"[2181, 10578, 1093, 499, 3077, 1027, 3318, 2653, 311, 1505, 264, 8335, 1990, 701, 7978, 11, 4443, 2324, 11, 323, 11741, 582, 324, 57333, 7640, 13, 1102, 596, 2294, 430, 499, 2351, 49183, 279, 12939, 315, 45777, 4954, 701, 1664, 33851, 323, 539, 927, 17869, 1303, 6261, 13, 3053, 499, 3371, 757, 810, 922, 1148, 596, 10168, 499, 1203, 505, 4737, 389, 279, 11692, 3560, 304, 279, 31018, 6469, 30, 2209, 433, 279, 8850, 315, 13490, 2585, 11, 477, 2555, 775, 11622, 30, 128009]",0.1610738690942526,391eb62b5e02e9d7fc1641bfc3dc5e5a596f8ea76135eaa3fe1f3da77edf1b62,2471.197960199788,0.03568199463188648,194.66814515180886,9e9c8b3b13768901edf89785026a0eebc29db03a26204dd79ff867eec97f911a,1184,2477.04138699919,200.43140812776983,200.35049808211625,4e90451588183ab6603e09de19f88cec7499c11b73dbdec5d4256c837fb84a10,True,342,84,0.007256865501403809,2,0.015147961676120758,,1,r1:state_dc179cba0782e93e7d90:me_r0,b9f8f8d63f333a025f026c2f0d5f8ccd47cb246a399513fa87e775a689b5e4ad,"It sounds like you've been working hard to find a balance between your studies, personal life, and extracurricular activities. It's great that you're recognizing the importance of prioritizing your well-being and not overcommitting yourself. Can you tell me more about what's holding you back from taking on the leadership role in the psychology club? Is it the fear of losing control, or something else entirely?",2.777314046397805,p3:1,202,1,0.1075060572475195,2.7394460048526525,3,state_dc179cba0782e93e7d90,p3,False
MPMSME+RS,0,fixed_off,"[2181, 10578, 1093, 499, 2351, 8430, 264, 2766, 21830, 1990, 701, 12876, 311, 1935, 389, 264, 11692, 3560, 323, 701, 10742, 922, 44463, 430, 449, 701, 14584, 5357, 323, 4443, 892, 6373, 13, 3053, 499, 3371, 757, 810, 922, 1148, 596, 10168, 499, 1203, 505, 40583, 311, 420, 3560, 11, 323, 1148, 499, 1781, 1053, 1205, 311, 387, 304, 2035, 369, 499, 311, 2733, 16913, 304, 4737, 433, 389, 30, 128009]",0.12162304483354092,391eb62b5e02e9d7fc1641bfc3dc5e5a596f8ea76135eaa3fe1f3da77edf1b62,2172.2322129644454,0.042762840166687965,242.98111302778125,3c3693c6fedc691bd813a9f5644d7c9583e4d3b02ebfee0c2336c969523ed17d,1510,2351.5963659156114,422.28929488919675,422.22364293411374,59588bf9b077b1542c020ae33c2e5c4596d3d56665c24e03064cd7e8f434397e,True,343,71,0.009110895916819572,3,0.04278402775526047,True,1,r1:state_dc179cba0782e93e7d90:fixed_off,7cc380cc8921ab3f406f6f76b01f656f3a956ff1740fcdbc9d1e00955b626a72,"It sounds like you're feeling a bit torn between your desire to take on a leadership role and your concerns about balancing that with your academic focus and personal time management. Can you tell me more about what's holding you back from committing to this role, and what you think would need to be in place for you to feel confident in taking it on?",175.47351797111332,p3:1,202,4,0.12575509026646614,3.5485990811139345,3,state_dc179cba0782e93e7d90,p3,False
M0+R0,0,context_only,"[2181, 10578, 1093, 499, 3077, 1903, 1063, 2294, 5208, 304, 701, 7978, 323, 617, 264, 1695, 5647, 315, 1148, 4375, 369, 499, 13, 4800, 11, 499, 2351, 13126, 4737, 389, 264, 502, 8815, 430, 1436, 13893, 6541, 430, 8335, 13, 3053, 499, 3371, 757, 810, 922, 1148, 596, 10168, 499, 1203, 505, 40583, 311, 279, 11692, 3560, 11, 8994, 279, 4754, 7720, 30, 128009]",0.1226840540766716,391eb62b5e02e9d7fc1641bfc3dc5e5a596f8ea76135eaa3fe1f3da77edf1b62,1765.0865400210023,0.035075005143880844,71.91168097779155,915b0da554d24b009169d19895e75c0a80597a05a93324106a34b84f1f39969c,316,1766.458542086184,73.19380505941808,73.16099898889661,ce4d066c256cd5a4438d875de32f095e17e8c51a60ca6d2dc7b780b5950c3a59,True,344,64,0.0069141387939453125,4,0.009028008207678795,,1,r1:state_dc179cba0782e93e7d90:context_only,3c88a4144615ce8af10a8abc1dea276e7d5d5fdc4cf0ba2a448af430f95c9746,"It sounds like you've made some great progress in your studies and have a good sense of what works for you. Now, you're considering taking on a new challenge that could potentially shift that balance. Can you tell me more about what's holding you back from committing to the leadership role, despite the potential benefits?",0.02636597491800785,p3:1,202,0,0.10896404273808002,1.0629708413034678,3,state_dc179cba0782e93e7d90,p3,False
ME+R0,0,me_r0,"[2181, 10578, 1093, 279, 38384, 1862, 1912, 706, 1027, 264, 6220, 3634, 369, 499, 311, 1920, 701, 21958, 323, 4667, 449, 3885, 889, 3619, 1148, 499, 2351, 2133, 1555, 13, 3011, 596, 264, 6908, 3094, 304, 5196, 13, 3053, 499, 3371, 757, 810, 922, 1148, 596, 1027, 11190, 369, 499, 304, 279, 1912, 11, 323, 1148, 499, 3077, 1027, 3025, 311, 1935, 3201, 505, 279, 11704, 323, 26793, 315, 3885, 30, 128009]",0.12637092731893063,391eb62b5e02e9d7fc1641bfc3dc5e5a596f8ea76135eaa3fe1f3da77edf1b62,2178.093332098797,0.03547593951225281,230.72878504171968,8386386778a3e5501879ead923abdbd2c2f8beb1b0dc7dc3c92d12e87c955802,1307,2183.9849990792572,236.54526215977967,236.49408109486103,62957eff5cb71978e6cccd1881ed31b68dfe5c6a5665d8bccce6cb504ca6802f,True,345,72,0.006462913006544113,0,0.015756115317344666,,1,r1:state_ed94ec62c6728002740f:me_r0,6cf5a48f166c33735cde66eed9c097ae81c4bc72ddb115d1464be37dbee9b0d0,"It sounds like the grief support group has been a safe space for you to process your emotions and connect with others who understand what you're going through. That's a huge step in itself. Can you tell me more about what's been helpful for you in the group, and what you've been able to take away from the experiences and insights of others?",2.641302067786455,p5:2,202,1,0.1079400535672903,2.9583589639514685,8,state_ed94ec62c6728002740f,p5,False
MSE+RS,0,rule_off,"[2181, 10578, 1093, 24096, 279, 38384, 1862, 1912, 706, 1027, 264, 2216, 6928, 3217, 369, 499, 11, 323, 433, 596, 2294, 430, 499, 2351, 9455, 264, 5647, 315, 4029, 323, 14604, 4984, 13, 3639, 527, 1063, 3230, 2574, 430, 499, 3077, 9687, 477, 4529, 3201, 505, 279, 1912, 430, 499, 1781, 617, 1027, 11190, 369, 499, 30, 128009]",0.11271913535892963,391eb62b5e02e9d7fc1641bfc3dc5e5a596f8ea76135eaa3fe1f3da77edf1b62,1841.440730029717,0.04361686296761036,264.04223614372313,4abd0a6ad9c25b518c629f01222c6d60d94beec4bced953b8e71aef1650e5248,1636,2071.878405055031,494.4174319971353,494.3671920336783,32f89b6747ecfee107334b9ad3ee1bf3ede5d9a50805aaf594f6a82559437d11,True,346,58,214.53494392335415,1,0.03718608058989048,True,1,r1:state_ed94ec62c6728002740f:rule_off,4fdc0986d0df60e0edfe85c7fecdedfd46b4ddb112b8a2bf72ce0b53cd71fa73,"It sounds like attending the grief support group has been a really positive experience for you, and it's great that you're finding a sense of community and emotional release. What are some specific things that you've learned or taken away from the group that you think have been helpful for you?",11.69733190909028,p5:2,202,3,0.10723108425736427,3.9046460296958685,8,state_ed94ec62c6728002740f,p5,False
MSE+RS,0,pm_off,"[2181, 10578, 1093, 24096, 279, 38384, 1862, 1912, 706, 1027, 264, 2216, 6928, 3217, 369, 499, 11, 323, 433, 596, 2294, 430, 499, 2351, 9455, 264, 5647, 315, 4029, 323, 14604, 4984, 13, 3639, 527, 1063, 3230, 2574, 430, 499, 3077, 9687, 477, 4529, 3201, 505, 279, 1912, 430, 499, 1781, 617, 1027, 11190, 369, 499, 30, 128009]",0.11590798385441303,391eb62b5e02e9d7fc1641bfc3dc5e5a596f8ea76135eaa3fe1f3da77edf1b62,1837.5594599638134,0.044241081923246384,263.2153369486332,4abd0a6ad9c25b518c629f01222c6d60d94beec4bced953b8e71aef1650e5248,1636,2076.8427790608257,502.43490701541305,502.38274806179106,32f89b6747ecfee107334b9ad3ee1bf3ede5d9a50805aaf594f6a82559437d11,True,347,58,7.278884062543511,2,0.03998889587819576,True,1,r1:state_ed94ec62c6728002740f:pm_off,4fdc0986d0df60e0edfe85c7fecdedfd46b4ddb112b8a2bf72ce0b53cd71fa73,"It sounds like attending the grief support group has been a really positive experience for you, and it's great that you're finding a sense of community and emotional release. What are some specific things that you've learned or taken away from the group that you think have been helpful for you?",227.77274902909994,p5:2,202,3,0.10897195897996426,3.9225760847330093,8,state_ed94ec62c6728002740f,p5,False
MPMSME+RS,0,fixed_off,"[2181, 10578, 1093, 24096, 279, 38384, 1862, 1912, 706, 1027, 264, 2216, 6928, 3217, 369, 499, 11, 323, 433, 596, 2294, 430, 499, 2351, 9455, 6981, 304, 11821, 701, 16024, 449, 3885, 889, 3619, 1148, 499, 2351, 2133, 1555, 13, 2650, 706, 433, 1027, 311, 6865, 3885, 6, 7493, 323, 11704, 11, 323, 311, 1518, 430, 499, 2351, 539, 7636, 304, 701, 16024, 315, 34951, 323, 4814, 30, 128009]",0.11968403123319149,391eb62b5e02e9d7fc1641bfc3dc5e5a596f8ea76135eaa3fe1f3da77edf1b62,2145.5790479667485,0.04026619717478752,265.1118990033865,d453b30121bb43086d1bba3d8d8b3bfe8df7caef887ea905363baeec3be7f863,1662,2510.904631111771,630.3603579290211,630.3177981171757,91c2e970d10eaabb192efd4a43526515e8adb40cdffdee2039ae3a3cdd385de1,True,348,69,0.007434049621224403,3,0.04843203350901604,True,1,r1:state_ed94ec62c6728002740f:fixed_off,adf07efdbdc0c1b4a332ae35065c3e30ef3f59fe7a1f6991d47fe981b03427bc,"It sounds like attending the grief support group has been a really positive experience for you, and it's great that you're finding comfort in sharing your feelings with others who understand what you're going through. How has it been to hear others' stories and experiences, and to see that you're not alone in your feelings of guilt and loss?",361.1595139373094,p5:2,202,4,0.11435896158218384,3.8358939345926046,8,state_ed94ec62c6728002740f,p5,False
M0+R0,0,context_only,"[4897, 596, 11364, 311, 6865, 430, 279, 38384, 1862, 1912, 706, 1027, 264, 6928, 3217, 369, 499, 13, 1102, 596, 8056, 1268, 11821, 1057, 7493, 323, 21583, 449, 3885, 889, 3619, 649, 1520, 603, 1920, 1057, 21958, 323, 1505, 264, 5647, 315, 4029, 13, 2650, 706, 420, 3217, 1027, 10695, 499, 311, 2733, 810, 8599, 311, 701, 21958, 323, 701, 7126, 596, 5044, 30, 128009]",0.12668618001043797,391eb62b5e02e9d7fc1641bfc3dc5e5a596f8ea76135eaa3fe1f3da77edf1b62,1811.4455637987703,0.03455020487308502,86.91493282094598,e6ffd3ab89c7558145ebc1eaadf3edbc20c373c2dd3513f746f4bea713a058bd,440,1813.1073920521885,88.49175297655165,88.45007489435375,78d17f5a8410dc9cf41dbabf1b5d6f6f1d017be44814805e728c0f2042dec2b9,True,349,65,0.006251037120819092,4,0.009309966117143631,,1,r1:state_ed94ec62c6728002740f:context_only,efa9200e73cafb656a6b6a27c9a0b640cf09a93009ebd665a16369e494af58ca,That's wonderful to hear that the grief support group has been a positive experience for you. It's amazing how sharing our stories and connecting with others who understand can help us process our emotions and find a sense of community. How has this experience been helping you to feel more connected to your emotions and your father's memory?,0.03172713331878185,p5:2,202,0,0.10921387001872063,1.344089861959219,8,state_ed94ec62c6728002740f,p5,False
M0+R0,0,context_only,"[2181, 596, 6366, 430, 499, 2351, 45777, 4954, 701, 1716, 596, 1664, 33851, 323, 19762, 311, 387, 264, 33445, 7216, 369, 1124, 13, 1102, 596, 6724, 4725, 311, 2733, 43206, 323, 36218, 922, 1268, 311, 21546, 420, 6671, 13, 3053, 499, 3371, 757, 810, 922, 1148, 596, 10043, 701, 8850, 369, 701, 1716, 596, 1664, 33851, 30, 3639, 527, 1063, 3230, 10742, 499, 617, 30, 128009]",0.12451293878257275,391eb62b5e02e9d7fc1641bfc3dc5e5a596f8ea76135eaa3fe1f3da77edf1b62,1839.5482029300183,0.035697128623723984,86.44262189045548,858642ab7954caa0479beaf8c651488e7481aa8fd49cf9208644f8f704031984,436,1841.2495779339224,88.05181900970638,88.01948395557702,b7a73ea7b94f26c2c7c33fb6a46554159fff055f1eb2c3f50966839a0dc827b3,True,350,66,0.0064079649746418,0,0.009245006367564201,,1,r1:state_d80a3fc38721df9b55fe:context_only,bdd44e27a56983a29d5625f05d72ca9597d190ae7e7a32ec173da79b96fba4cf,It's beautiful that you're prioritizing your child's well-being and wanting to be a supportive figure for them. It's completely normal to feel overwhelmed and uncertain about how to navigate this situation. Can you tell me more about what's driving your fear for your child's well-being? What are some specific concerns you have?,0.032185111194849014,p14:3,101,0,0.11222902685403824,1.3810978271067142,8,state_d80a3fc38721df9b55fe,p14,False
MSE+RS,0,pm_off,"[40, 649, 5647, 279, 4785, 315, 12014, 499, 2351, 15691, 439, 264, 2748, 11, 323, 433, 596, 6724, 49839, 311, 2733, 43206, 13, 1102, 10578, 1093, 499, 2351, 17693, 29091, 304, 12899, 701, 1716, 596, 1664, 33851, 11, 323, 430, 596, 9615, 85684, 13, 3053, 499, 3371, 757, 810, 922, 1148, 499, 3152, 555, 6968, 264, 84911, 4676, 520, 2162, 30, 3639, 527, 1063, 3230, 2574, 499, 2351, 3815, 11, 323, 1148, 656, 499, 3987, 311, 11322, 449, 1884, 9045, 30, 128009]",0.13231695629656315,391eb62b5e02e9d7fc1641bfc3dc5e5a596f8ea76135eaa3fe1f3da77edf1b62,2511.026188964024,0.04380405880510807,263.05176387540996,ebc07e31a1608797391d66e1f75b6a5fdb0afd948341e39312a0db1ec30b29ca,1624,2737.7626679372042,489.70548482611775,489.65592589229345,9e4c820cbed1c4cd8dbeff6d4a9598d80ba22089cea30032f6bc113c2ed4124c,True,351,82,7.230211980640888,1,0.04124990664422512,True,1,r1:state_d80a3fc38721df9b55fe:pm_off,9e4f5fa435dc37e31b6e9471b56e34c33b808b8b8b8cfce62e682f569a1294bf,"I can sense the weight of responsibility you're carrying as a parent, and it's completely understandable to feel overwhelmed. It sounds like you're deeply invested in supporting your child's well-being, and that's truly admirable. Can you tell me more about what you mean by creating a nurturing environment at home? What are some specific things you're doing, and what do you hope to achieve with those efforts?",215.30277119018137,p14:3,101,3,0.10819383896887302,3.8779310416430235,8,state_d80a3fc38721df9b55fe,p14,False
MPMSME+RS,0,fixed_off,"[40, 649, 5647, 279, 4785, 315, 12014, 499, 2351, 15691, 439, 264, 2748, 11, 323, 433, 596, 6724, 49839, 311, 2733, 43206, 13, 1102, 10578, 1093, 499, 2351, 17693, 29091, 304, 12899, 701, 1716, 596, 1664, 33851, 11, 323, 430, 596, 9615, 85684, 13, 3053, 499, 3371, 757, 810, 922, 1148, 499, 3152, 555, 330, 46002, 264, 84911, 4676, 520, 2162, 44969, 3639, 527, 1063, 3230, 2574, 499, 2351, 4560, 311, 656, 477, 11322, 304, 430, 3634, 30, 128009]",0.19860407337546349,391eb62b5e02e9d7fc1641bfc3dc5e5a596f8ea76135eaa3fe1f3da77edf1b62,2428.7969938013703,0.0446150079369545,264.22624196857214,3023900b758f86ad4bb707b29ba515ed0e7829e1cc7dd53c905eeec8ad85d573,1649,2646.723516052589,482.0138541981578,481.95416014641523,98143ffff64a1e97fce3fd22fb090beb728ad49ba240e224f4395357d7e61626,True,352,79,0.007157213985919952,2,0.04822504706680775,True,1,r1:state_d80a3fc38721df9b55fe:fixed_off,2423f4d76e5154db2e7f2b4f874d0e1625f71acc04723260848af82206737f0d,"I can sense the weight of responsibility you're carrying as a parent, and it's completely understandable to feel overwhelmed. It sounds like you're deeply invested in supporting your child's well-being, and that's truly admirable. Can you tell me more about what you mean by ""creating a nurturing environment at home""? What are some specific things you're trying to do or achieve in that space?",213.55087193660438,p14:3,101,4,0.11312798596918583,3.9639209862798452,8,state_d80a3fc38721df9b55fe,p14,False
MSE+RS,0,rule_off,"[40, 649, 5647, 279, 4785, 315, 12014, 499, 2351, 15691, 439, 264, 2748, 11, 323, 433, 596, 6724, 49839, 311, 2733, 43206, 13, 1102, 10578, 1093, 499, 2351, 17693, 29091, 304, 12899, 701, 1716, 596, 1664, 33851, 11, 323, 430, 596, 9615, 85684, 13, 3053, 499, 3371, 757, 810, 922, 1148, 499, 3152, 555, 6968, 264, 84911, 4676, 520, 2162, 30, 3639, 527, 1063, 3230, 2574, 499, 2351, 3815, 11, 323, 1148, 656, 499, 3987, 311, 11322, 449, 1884, 9045, 30, 128009]",0.17779902555048466,391eb62b5e02e9d7fc1641bfc3dc5e5a596f8ea76135eaa3fe1f3da77edf1b62,2505.511295981705,0.05684210918843746,262.8907370381057,ebc07e31a1608797391d66e1f75b6a5fdb0afd948341e39312a0db1ec30b29ca,1624,2770.158718107268,527.4628759361804,527.3603601381183,9e4c820cbed1c4cd8dbeff6d4a9598d80ba22089cea30032f6bc113c2ed4124c,True,353,82,245.8509609568864,3,0.051401788368821144,True,1,r1:state_d80a3fc38721df9b55fe:rule_off,9e4f5fa435dc37e31b6e9471b56e34c33b808b8b8b8cfce62e682f569a1294bf,"I can sense the weight of responsibility you're carrying as a parent, and it's completely understandable to feel overwhelmed. It sounds like you're deeply invested in supporting your child's well-being, and that's truly admirable. Can you tell me more about what you mean by creating a nurturing environment at home? What are some specific things you're doing, and what do you hope to achieve with those efforts?",13.634740142151713,p14:3,101,3,0.1641430426388979,4.71153506077826,8,state_d80a3fc38721df9b55fe,p14,False
ME+R0,0,me_r0,"[2181, 10578, 1093, 499, 2351, 15691, 264, 8987, 2865, 1314, 1457, 11, 323, 433, 596, 8056, 430, 499, 2351, 61708, 701, 12876, 311, 387, 264, 33445, 7216, 369, 701, 1716, 13, 3011, 5097, 264, 2763, 315, 25775, 323, 3021, 13, 3053, 499, 3371, 757, 810, 922, 1148, 499, 3152, 555, 330, 46002, 264, 84911, 4676, 520, 2162, 44969, 3639, 1587, 430, 1427, 1093, 311, 499, 11, 323, 1148, 527, 1063, 2574, 499, 3077, 1027, 4560, 311, 656, 311, 1304, 430, 3621, 30, 128009]",0.20157895050942898,391eb62b5e02e9d7fc1641bfc3dc5e5a596f8ea76135eaa3fe1f3da77edf1b62,2493.2452770881355,0.048511894419789314,198.86945490725338,245f072c2ad300096a9a18402d6de6e70a362d1c582989067a906b3e75b0058b,1273,2499.9033741187304,205.4184852167964,205.3259729873389,d5bfd80a98a96ab71f8c6a4b432eb7e04d8cde818db16635c08847e6e32cc788,True,354,83,0.009494135156273842,4,0.02119014970958233,,1,r1:state_d80a3fc38721df9b55fe:me_r0,c410dadc4aae0505522af2b2e6c8d6e1947ff233a30217d7bf734ace0bf14ad5,"It sounds like you're carrying a heavy load right now, and it's amazing that you're acknowledging your desire to be a supportive figure for your child. That takes a lot of courage and love. Can you tell me more about what you mean by ""creating a nurturing environment at home""? What does that look like to you, and what are some things you've been trying to do to make that happen?",2.6228788774460554,p14:3,101,1,0.1491759903728962,3.605267032980919,8,state_d80a3fc38721df9b55fe,p14,False
MPMSME+RS,0,fixed_off,"[2181, 10578, 1093, 499, 2351, 8430, 264, 6651, 315, 21958, 482, 16337, 11, 3987, 11, 323, 1101, 27924, 922, 279, 3938, 13, 1102, 596, 6724, 4725, 311, 2733, 43206, 555, 279, 14604, 23965, 315, 60499, 701, 12135, 323, 4443, 6650, 13, 3053, 499, 3371, 757, 810, 922, 1148, 596, 1027, 389, 701, 4059, 31445, 11, 323, 1148, 596, 1027, 279, 1455, 17436, 961, 315, 44463, 701, 98304, 17078, 449, 701, 1866, 3966, 30, 128009]",0.12329709716141224,391eb62b5e02e9d7fc1641bfc3dc5e5a596f8ea76135eaa3fe1f3da77edf1b62,2311.5647779777646,0.06650388240814209,280.9692891314626,1738b14e5841694109342a4e63f19f44fc23cf421ea39d58728a6faa0d1ec3ce,1680,2521.514724008739,490.93256890773773,490.79593806527555,808818326b9e4aec8487779928f176df15961e3b7be987f1607c6174b1b40966,True,355,74,0.009784940630197525,0,0.07133488543331623,True,1,r1:state_73e829c020bc7f1a0ced:fixed_off,e114a303d412b99bc647d5518ca546d805ee269812ed546050359fa2dd0e77d5,"It sounds like you're feeling a mix of emotions - relief, hope, and also uncertainty about the future. It's completely normal to feel overwhelmed by the emotional complexity of navigating your relationships and personal growth. Can you tell me more about what's been on your mind lately, and what's been the most challenging part of balancing your familial expectations with your own needs?",204.2963681742549,p1:1,101,4,0.1528139691799879,5.229843081906438,3,state_73e829c020bc7f1a0ced,p1,False
M0+R0,0,context_only,"[2181, 10578, 1093, 499, 2351, 8430, 264, 6651, 315, 21958, 482, 16337, 11, 3987, 11, 323, 1101, 18547, 922, 279, 9987, 13, 3011, 596, 6724, 4725, 13, 1102, 596, 1093, 499, 2351, 60499, 264, 502, 25911, 11, 323, 433, 596, 17339, 311, 1935, 701, 892, 311, 7216, 2574, 704, 13, 3053, 499, 3371, 757, 810, 922, 1148, 596, 40876, 499, 922, 3938, 39510, 30, 3639, 527, 1063, 3230, 26350, 477, 10742, 430, 527, 389, 701, 4059, 30, 128009]",0.13331114314496517,391eb62b5e02e9d7fc1641bfc3dc5e5a596f8ea76135eaa3fe1f3da77edf1b62,2140.2204430196434,0.03484892658889294,71.88138109631836,8022d4604e376d1741ededde0b6844e5f849a4563182c52c103c9c4b2eb1a8b7,313,2141.6562790982425,73.21447902359068,73.1839060317725,1d04d11a8ce152a4c3e2fd0694e4c03ebf67788197d4d59b42c3c7dd5632cfdb,True,356,78,0.006542075425386429,1,0.008497852832078934,,1,r1:state_73e829c020bc7f1a0ced:context_only,850887bc59dbf8ffd206e45a9e7cab671b965a164f6a44856ca392cc98f49833,"It sounds like you're feeling a mix of emotions - relief, hope, and also anxiety about the unknown. That's completely normal. It's like you're navigating a new terrain, and it's okay to take your time to figure things out. Can you tell me more about what's worrying you about future tensions? What are some specific scenarios or concerns that are on your mind?",0.027164118364453316,p1:1,101,0,0.11345790699124336,1.1120140552520752,3,state_73e829c020bc7f1a0ced,p1,False
MSE+RS,0,rule_off,"[2181, 10578, 1093, 499, 2351, 8430, 264, 6651, 315, 21958, 482, 16337, 11, 3987, 11, 323, 1101, 18547, 922, 279, 3938, 13, 1102, 596, 6724, 4725, 311, 2733, 43206, 994, 60499, 6485, 12135, 323, 4443, 17078, 13, 3053, 499, 3371, 757, 810, 922, 1148, 596, 1027, 389, 701, 4059, 31445, 11, 323, 1148, 596, 1027, 279, 1455, 17436, 961, 315, 44463, 701, 1866, 3966, 449, 701, 3070, 596, 17078, 30, 128009]",0.1282228622585535,391eb62b5e02e9d7fc1641bfc3dc5e5a596f8ea76135eaa3fe1f3da77edf1b62,2202.204269124195,0.042930012568831444,265.1354579720646,4b3f9e15f28f8c3c723c67207cb6f7a8a5a328d343b1682118dec93e782abe21,1655,2372.4693588446826,435.33890787512064,435.27232483029366,9c4bd2e66f3fdd6970ff2583f672a049af5d2209124d085e73799c755c4727e7,True,357,71,153.4004518762231,2,0.035051023587584496,True,1,r1:state_73e829c020bc7f1a0ced:rule_off,5b79b59127e7817538dd546c35ab944d3696265bffb9ae720e1724f7ecfc6ad8,"It sounds like you're feeling a mix of emotions - relief, hope, and also anxiety about the future. It's completely normal to feel overwhelmed when navigating complex relationships and personal expectations. Can you tell me more about what's been on your mind lately, and what's been the most challenging part of balancing your own needs with your family's expectations?",12.661264045163989,p1:1,101,3,0.11070794425904751,3.8864619564265013,3,state_73e829c020bc7f1a0ced,p1,False
MPMS+RS,0,pm_off,"[2181, 10578, 1093, 499, 2351, 8430, 264, 6651, 315, 21958, 482, 16337, 11, 3987, 11, 323, 1101, 18547, 922, 279, 3938, 13, 3011, 596, 264, 2216, 4725, 2077, 311, 264, 2466, 10652, 1093, 279, 832, 499, 1047, 449, 701, 6699, 13, 3053, 499, 3371, 757, 810, 922, 1148, 596, 40876, 499, 922, 20958, 420, 8830, 323, 19994, 837, 311, 6261, 30, 128009]",0.122786033898592,391eb62b5e02e9d7fc1641bfc3dc5e5a596f8ea76135eaa3fe1f3da77edf1b62,1767.5004608463496,0.04459405317902565,118.30325378105044,fe0736adb2d468f1b5032bb8882c724f77efb3b192a29bbc7da647e94fc23492,644,1937.5122839119285,288.23881200514734,288.1922908127308,0bad7e9d62a9a0bfaaf49639955820dc77f28951fe8729c8b4807cb2cb66b427,True,358,62,5.934715969488025,3,0.035461969673633575,True,1,r1:state_73e829c020bc7f1a0ced:pm_off,93efa74b00fdb4c72dd85575bc73713bee63b978f15502426539d7a9a39ae338,"It sounds like you're feeling a mix of emotions - relief, hope, and also anxiety about the future. That's a really normal response to a big conversation like the one you had with your parents. Can you tell me more about what's worrying you about maintaining this understanding and staying true to yourself?",161.73152206465602,p1:1,101,3,0.11159200221300125,2.031150972470641,3,state_73e829c020bc7f1a0ced,p1,False
ME+R0,0,me_r0,"[2181, 10578, 1093, 499, 2351, 8430, 264, 6651, 315, 21958, 482, 16337, 11, 3987, 11, 323, 1101, 18547, 922, 279, 3938, 13, 1102, 596, 6724, 4725, 311, 2733, 43206, 555, 279, 23965, 315, 44463, 701, 1866, 3966, 449, 279, 17078, 315, 3885, 13, 3053, 499, 3371, 757, 810, 922, 1148, 596, 1027, 389, 701, 4059, 31445, 11, 323, 1148, 3230, 10742, 527, 3339, 499, 2733, 38100, 922, 279, 3938, 30, 128009]",0.12334506027400494,391eb62b5e02e9d7fc1641bfc3dc5e5a596f8ea76135eaa3fe1f3da77edf1b62,2156.1172080691904,0.03433087840676308,231.33154795505106,a04438c5031d3a32110d15a064e63aead941e0b4e6f4d40a07bc9416b3c3615f,1358,2162.9405301064253,238.08001610450447,238.03152493201196,0eeb722beab5cb15c924fb3f1e879c07e0b95dd4416020e4594755c956553ce5,True,359,71,0.007014023140072823,4,0.014869030565023422,,1,r1:state_73e829c020bc7f1a0ced:me_r0,207d714186ec55906d55dafba3b393053e27f67c04c5a6e24eefd9f3b6613961,"It sounds like you're feeling a mix of emotions - relief, hope, and also anxiety about the future. It's completely normal to feel overwhelmed by the complexity of balancing your own needs with the expectations of others. Can you tell me more about what's been on your mind lately, and what specific concerns are making you feel anxious about the future?",3.4639800433069468,p1:1,101,1,0.10912097059190273,3.0706620309501886,3,state_73e829c020bc7f1a0ced,p1,False
MSE+RS,0,rule_off,"[2181, 10578, 1093, 499, 2351, 8430, 264, 2766, 21830, 1990, 1694, 6380, 922, 279, 6020, 16337, 323, 8430, 16390, 922, 539, 1694, 439, 33445, 315, 701, 10177, 596, 7319, 990, 4207, 13, 3053, 499, 3371, 757, 810, 922, 1148, 596, 1027, 2133, 389, 520, 2162, 2533, 568, 3940, 3318, 810, 30, 2650, 617, 499, 1027, 42247, 449, 1855, 1023, 922, 420, 2349, 30, 128009]",0.12243795208632946,391eb62b5e02e9d7fc1641bfc3dc5e5a596f8ea76135eaa3fe1f3da77edf1b62,1983.5245518479496,0.044122105464339256,243.22963180020452,5a8cb3ea8c70406e5fcced846a84a31dd6d44f9e7fe2bf10e6b4ac6bdc8e8218,1502,2144.4173348136246,404.05949484556913,403.9999768137932,f3184e936ec76ced32e56309078f1ecd39f9114bc2ce8835b15a554aceacdb65,True,360,64,146.6495539061725,0,0.03449711948633194,True,1,r1:state_a2b50f690e7dd448cedb:rule_off,b2ac74d1533868a9daabd0c74273e215f6bf0eb7687c7ba5765582aa892ea45e,It sounds like you're feeling a bit torn between being happy about the financial relief and feeling guilty about not being as supportive of your husband's increased work hours. Can you tell me more about what's been going on at home since he started working more? How have you been communicating with each other about this change?,10.394504060968757,p10:1,202,3,0.10864390060305595,3.539023920893669,3,state_a2b50f690e7dd448cedb,p10,False
ME+R0,0,me_r0,"[2181, 10578, 1093, 499, 2351, 15691, 264, 2763, 315, 4785, 449, 420, 8430, 315, 34951, 11, 323, 433, 596, 49839, 430, 499, 2351, 20558, 311, 64508, 701, 16337, 449, 701, 12876, 311, 1862, 701, 10177, 13, 3053, 499, 3371, 757, 810, 922, 1148, 499, 1781, 499, 2351, 10171, 311, 387, 8430, 304, 420, 6671, 30, 3639, 1587, 433, 3152, 311, 499, 311, 387, 264, 33445, 8427, 11, 323, 1268, 656, 499, 1781, 701, 16024, 527, 74055, 430, 30, 128009]",0.1315020490437746,391eb62b5e02e9d7fc1641bfc3dc5e5a596f8ea76135eaa3fe1f3da77edf1b62,2347.803614102304,0.03458699211478233,181.98926514014602,545d640931085c45a18e25028af61b16b17d3c030b23d88c01103baa82414dbd,1142,2352.706487989053,186.86827598139644,186.7606369778514,eb787c5ac22104b9d06b6889dad07dcbab409b1f9e379ff4000bf2f0af255c48,True,361,79,0.007234979420900345,1,0.015101861208677292,,1,r1:state_a2b50f690e7dd448cedb:me_r0,f26b8aa75bb50e569d182c4560e0670c2d58488697bb52c7c11b83b8cce81831,"It sounds like you're carrying a lot of weight with this feeling of guilt, and it's understandable that you're struggling to reconcile your relief with your desire to support your husband. Can you tell me more about what you think you're supposed to be feeling in this situation? What does it mean to you to be a supportive partner, and how do you think your feelings are impacting that?",1.8796180374920368,p10:1,202,1,0.10988698340952396,2.724942984059453,3,state_a2b50f690e7dd448cedb,p10,False
MPMSME+RS,0,fixed_off,"[2181, 10578, 1093, 499, 2351, 8430, 264, 2766, 21830, 1990, 1694, 6380, 922, 279, 6020, 16337, 323, 8430, 16390, 922, 539, 1694, 439, 33445, 315, 701, 10177, 596, 502, 990, 9899, 13, 3053, 499, 3371, 757, 810, 922, 1148, 596, 1027, 2133, 389, 520, 2162, 2533, 568, 3940, 3318, 810, 4207, 30, 128009]",0.18523004837334156,391eb62b5e02e9d7fc1641bfc3dc5e5a596f8ea76135eaa3fe1f3da77edf1b62,1691.7066909372807,0.044277869164943695,244.15941396728158,3c5f230a4de41e2e08d71f3612f08127ae9961ed6fe2731f39299ae35ff4530e,1530,1853.4942239057273,405.8211699593812,405.76171688735485,22cfd103898b7f4887279810843bdebfcafe2cbfda18d857e09d424b5075257e,True,362,53,0.006307847797870636,2,0.04326202906668186,True,1,r1:state_a2b50f690e7dd448cedb:fixed_off,fd82d510135404a59bf57361e1f7e1bd037868e3028fea98393fac0050bd631d,It sounds like you're feeling a bit torn between being happy about the financial relief and feeling guilty about not being as supportive of your husband's new work schedule. Can you tell me more about what's been going on at home since he started working more hours?,157.90712810121477,p10:1,202,4,0.10820198804140091,3.493125084787607,3,state_a2b50f690e7dd448cedb,p10,False
M0+R0,0,context_only,"[2181, 10578, 1093, 499, 2351, 25051, 264, 6651, 315, 21958, 11, 323, 430, 596, 12756, 4725, 13, 1102, 596, 2294, 430, 499, 2351, 61708, 323, 24919, 1521, 16024, 11, 4856, 1109, 4560, 311, 28321, 1124, 13, 3053, 499, 3371, 757, 810, 922, 1148, 499, 1781, 374, 10043, 420, 34951, 30, 2209, 433, 264, 8850, 315, 13490, 701, 3717, 449, 701, 10177, 11, 477, 2555, 775, 30, 128009]",0.20007602870464325,391eb62b5e02e9d7fc1641bfc3dc5e5a596f8ea76135eaa3fe1f3da77edf1b62,1880.5452331434935,0.05494081415235996,72.41395208984613,8d934cfc295a9c99c41ee6b2f8cd2b3138a12e6fa1f2d7bb9383a0a8166e2481,315,1882.531298091635,74.25741292536259,74.19994100928307,56e1c04a144c0c7ac9097b0b9d1380aad91d4cab79cdacc319f9c6777a6db76f,True,363,67,0.010186806321144104,3,0.012086005881428719,,1,r1:state_a2b50f690e7dd448cedb:context_only,79b189d64a7627e8126110c0f381940597cf5b2a129f464d1d6515c8e80b1e1b,"It sounds like you're experiencing a mix of emotions, and that's totally normal. It's great that you're acknowledging and exploring these feelings, rather than trying to suppress them. Can you tell me more about what you think is driving this guilt? Is it a fear of losing your connection with your husband, or something else?",0.03728014416992664,p10:1,202,0,0.15595811419188976,1.5155370347201824,3,state_a2b50f690e7dd448cedb,p10,False
MPMS+RS,0,pm_off,"[2181, 10578, 1093, 499, 2351, 8430, 264, 6651, 315, 21958, 922, 701, 10177, 596, 502, 990, 6671, 13, 1952, 832, 1450, 11, 499, 2351, 51512, 922, 279, 6020, 20334, 11, 719, 389, 279, 1023, 1450, 11, 499, 2351, 20558, 449, 34951, 922, 8430, 430, 1648, 13, 3053, 499, 3371, 757, 810, 922, 1148, 596, 4920, 420, 34951, 30, 3639, 1587, 433, 2733, 1093, 311, 499, 30, 128009]",0.18702703528106213,391eb62b5e02e9d7fc1641bfc3dc5e5a596f8ea76135eaa3fe1f3da77edf1b62,1944.5948188658804,0.06685499101877213,123.52745397947729,3228d27504675cb150de62ce36cfb162365f50649f87d678b95b2e7c1f28d56f,712,2154.163965024054,332.99030805937946,332.9095731023699,8700ce3c8ee329febc78ee854afde599c26ff6b821814a2ab76185ec26652168,True,364,67,6.9975650403648615,4,0.05898298695683479,True,1,r1:state_a2b50f690e7dd448cedb:pm_off,c6bad158124ba6b56339c7867eed18d9a527097c10a071e388033d07d20d465a,"It sounds like you're feeling a mix of emotions about your husband's new work situation. On one hand, you're relieved about the financial stability, but on the other hand, you're struggling with guilt about feeling that way. Can you tell me more about what's behind this guilt? What does it feel like to you?",199.2264878936112,p10:1,202,3,0.1528800930827856,2.8793481178581715,3,state_a2b50f690e7dd448cedb,p10,False
MSE+RS,0,rule_off,"[2181, 10578, 1093, 499, 2351, 8430, 38100, 922, 279, 13336, 315, 312, 15674, 2785, 701, 5133, 449, 8683, 323, 18290, 430, 433, 2643, 53132, 553, 701, 5208, 304, 4857, 14604, 24589, 323, 659, 41206, 13, 3053, 499, 3371, 757, 810, 922, 1148, 596, 10168, 499, 1203, 505, 8430, 810, 3738, 922, 701, 5597, 30, 128009]",0.18152897246181965,391eb62b5e02e9d7fc1641bfc3dc5e5a596f8ea76135eaa3fe1f3da77edf1b62,1815.2029339689761,0.06387103348970413,285.18277895636857,a0245b96880ed519e9dd8f078cdfb74f810e54e7edb864d290a0193f4b8ef1b0,1715,2100.945263868198,570.8387538325042,570.7435798831284,d3bbc8d7e142dd1c2a7d915d0cab448a8dac5b4b4a486758d1f7016f1212dd63,True,365,55,263.71015794575214,0,0.05947914905846119,True,1,r1:state_547bc005cd05ca042368:rule_off,a65dceff8259dec2f7ba7d1fa579e5b2fa268b69274bd1f1a94683206aad758f,It sounds like you're feeling anxious about the possibility of rekindling your relationship with Alex and worried that it might jeopardize your progress in building emotional independence and self-care. Can you tell me more about what's holding you back from feeling more certain about your decision?,16.404866008087993,p12:1,202,3,0.15555392019450665,5.166872870177031,8,state_547bc005cd05ca042368,p12,False
MSE+RS,0,pm_off,"[2181, 10578, 1093, 499, 2351, 8430, 38100, 922, 279, 13336, 315, 312, 15674, 2785, 701, 5133, 449, 8683, 323, 18290, 430, 433, 2643, 53132, 553, 701, 5208, 304, 4857, 14604, 24589, 323, 659, 41206, 13, 3053, 499, 3371, 757, 810, 922, 1148, 596, 10168, 499, 1203, 505, 8430, 810, 3738, 922, 701, 5597, 30, 128009]",0.11670216917991638,391eb62b5e02e9d7fc1641bfc3dc5e5a596f8ea76135eaa3fe1f3da77edf1b62,1780.247736023739,0.05650194361805916,284.6266170963645,a0245b96880ed519e9dd8f078cdfb74f810e54e7edb864d290a0193f4b8ef1b0,1715,2264.025942189619,768.3578620199114,768.2881210930645,d3bbc8d7e142dd1c2a7d915d0cab448a8dac5b4b4a486758d1f7016f1212dd63,True,366,55,8.800233947113156,1,0.05962606519460678,True,1,r1:state_547bc005cd05ca042368:pm_off,a65dceff8259dec2f7ba7d1fa579e5b2fa268b69274bd1f1a94683206aad758f,It sounds like you're feeling anxious about the possibility of rekindling your relationship with Alex and worried that it might jeopardize your progress in building emotional independence and self-care. Can you tell me more about what's holding you back from feeling more certain about your decision?,469.82584497891366,p12:1,202,3,0.15964615158736706,4.759650910273194,8,state_547bc005cd05ca042368,p12,False
ME+R0,0,me_r0,"[40, 649, 5647, 279, 18547, 323, 27924, 499, 2351, 8430, 922, 312, 15674, 2785, 701, 5133, 449, 8683, 13, 1102, 596, 1093, 499, 2351, 11509, 520, 264, 5425, 43791, 11, 47826, 279, 4754, 7720, 2403, 279, 14604, 15635, 13, 3053, 499, 3371, 757, 810, 922, 1148, 596, 10168, 499, 1203, 505, 3339, 264, 5597, 30, 3639, 527, 1063, 315, 279, 3230, 10742, 499, 617, 922, 3794, 1203, 3871, 449, 8683, 30, 128009]",0.13453583233058453,391eb62b5e02e9d7fc1641bfc3dc5e5a596f8ea76135eaa3fe1f3da77edf1b62,2228.7368401885033,0.034905970096588135,245.19744608551264,7d31e5d705c6a3bd08bf16d221655dc56e43c7eb8174cf4dc078a57e5b4093e5,1432,2235.109180910513,251.48872309364378,251.4352509751916,14a1d8044395dd3d6edd3a914d8b1536eafdd4120c0ea5dcf6d9eacf274c81f8,True,367,72,0.0071409158408641815,2,0.017753103747963905,,1,r1:state_547bc005cd05ca042368:me_r0,e656cb941bf7c04daaecc1f51e248a23398039e05d74b56f289b1c380702b8b5,"I can sense the anxiety and uncertainty you're feeling about rekindling your relationship with Alex. It's like you're standing at a crossroads, weighing the potential benefits against the emotional risks. Can you tell me more about what's holding you back from making a decision? What are some of the specific concerns you have about getting back together with Alex?",2.922310959547758,p12:1,202,1,0.11155405081808567,3.144139889627695,8,state_547bc005cd05ca042368,p12,False
M0+R0,0,context_only,"[2181, 10578, 1093, 499, 2351, 8430, 264, 2763, 315, 27924, 323, 18547, 922, 420, 6671, 13, 1102, 596, 6724, 49839, 430, 499, 4265, 1390, 311, 6144, 279, 5208, 499, 3077, 1903, 304, 4857, 701, 14604, 24589, 13, 3053, 499, 3371, 757, 810, 922, 1148, 596, 3339, 499, 38100, 922, 312, 15674, 2785, 279, 5133, 449, 8683, 30, 128009]",0.1877590548247099,391eb62b5e02e9d7fc1641bfc3dc5e5a596f8ea76135eaa3fe1f3da77edf1b62,1627.2457710001618,0.034422148019075394,86.69649204239249,080f2e8be8cdaf9abf0481fb42ffaaf292fb5654fed45b2f20540bcd4835b1c6,427,1628.9631430990994,88.265708880499,88.22610508650541,a05808949747588e1673db4804537adff043321bbc6cc6cb84733291caa77854,True,368,58,0.0064729247242212296,3,0.01055002212524414,,1,r1:state_547bc005cd05ca042368:context_only,5639bfc39a7ff2e8567d7d327775c94730c38bc686e064e7f70936b1ae2cfafe,It sounds like you're feeling a lot of uncertainty and anxiety about this situation. It's completely understandable that you'd want to protect the progress you've made in building your emotional independence. Can you tell me more about what's making you anxious about rekindling the relationship with Alex?,0.03978610038757324,p12:1,202,0,0.11324300430715084,1.325138844549656,8,state_547bc005cd05ca042368,p12,False
MPMSME+RS,0,fixed_off,"[2181, 10578, 1093, 499, 2351, 8430, 38100, 922, 279, 13336, 315, 312, 15674, 2785, 701, 5133, 449, 8683, 323, 18290, 430, 433, 2643, 53132, 553, 701, 5208, 304, 4857, 14604, 24589, 323, 659, 41206, 13, 3053, 499, 3371, 757, 810, 922, 1148, 596, 10168, 499, 1203, 505, 8430, 810, 3738, 922, 701, 5597, 30, 128009]",0.1138478983193636,391eb62b5e02e9d7fc1641bfc3dc5e5a596f8ea76135eaa3fe1f3da77edf1b62,1812.5767970923334,0.06319698877632618,296.732144895941,ca77fb3994464c3d907c6808621862f3827dc93a6e6074c8e27833af6a2fe988,1741,2094.9530240613967,579.0965021587908,578.9945239666849,b4cab62a305ad17a2055a091624ec7806c6b23fd7fe306625431a5bedde0ba30,True,369,55,0.00885804183781147,4,0.0772417988628149,True,1,r1:state_547bc005cd05ca042368:fixed_off,a65dceff8259dec2f7ba7d1fa579e5b2fa268b69274bd1f1a94683206aad758f,It sounds like you're feeling anxious about the possibility of rekindling your relationship with Alex and worried that it might jeopardize your progress in building emotional independence and self-care. Can you tell me more about what's holding you back from feeling more certain about your decision?,276.6006509773433,p12:1,202,4,0.1599411480128765,5.3524901159107685,8,state_547bc005cd05ca042368,p12,False
MSE+RS,0,rule_off,"[2181, 10578, 1093, 279, 7410, 311, 4587, 5127, 374, 47826, 17345, 389, 499, 11, 323, 433, 596, 14718, 24408, 304, 701, 12135, 449, 6941, 323, 48390, 13, 3053, 499, 3371, 757, 810, 922, 1148, 596, 10043, 701, 12876, 311, 1304, 2771, 5127, 374, 6380, 449, 279, 13306, 6787, 30, 128009]",0.11363904923200607,391eb62b5e02e9d7fc1641bfc3dc5e5a596f8ea76135eaa3fe1f3da77edf1b62,1595.4243580345064,0.042857835069298744,244.34391199611127,ad8e642d7dcb9f89dae23016e521a9f0ec03b7c3ac3b456c328832691c7d7ff2,1516,1763.660083990544,412.5279609579593,412.4659989029169,eeb7397646081250d5fc6d6d26049edaed5c1017214a4b11f4aaadcabd565ed1,True,370,50,152.96932589262724,0,0.034510158002376556,True,1,r1:state_a29f6bb7f961dea69b91:rule_off,9595c30b5838a52662e49e2c9bf622324192fadf811ebe71daf417246b1f8bea,"It sounds like the pressure to please everyone is weighing heavily on you, and it's causing tension in your relationships with David and Lily. Can you tell me more about what's driving your desire to make sure everyone is happy with the wedding plans?",11.435484979301691,p13:2,303,3,0.1092150341719389,3.53069300763309,3,state_a29f6bb7f961dea69b91,p13,False
MPMSME+RS,0,fixed_off,"[2181, 10578, 1093, 279, 7410, 311, 4587, 5127, 374, 47826, 17345, 389, 499, 11, 323, 433, 596, 14718, 24408, 304, 701, 12135, 449, 6941, 323, 48390, 13, 3053, 499, 3371, 757, 810, 922, 1148, 596, 10043, 701, 12876, 311, 1304, 2771, 5127, 374, 6380, 449, 279, 13306, 6787, 30, 128009]",0.11460110545158386,391eb62b5e02e9d7fc1641bfc3dc5e5a596f8ea76135eaa3fe1f3da77edf1b62,1614.0008750371635,0.04364596679806709,259.9197190720588,54fbbf00c2b596de04c3bfad2669827a9245b9933bde57be918f4008fee378a5,1541,1779.9481560941786,425.8019069675356,425.7523990236223,2b26cf226494ca5b787179e80550904e40d5659f00a95c84bbe59219deaa0fba,True,371,50,0.00703614205121994,1,0.0430599320679903,True,1,r1:state_a29f6bb7f961dea69b91:fixed_off,9595c30b5838a52662e49e2c9bf622324192fadf811ebe71daf417246b1f8bea,"It sounds like the pressure to please everyone is weighing heavily on you, and it's causing tension in your relationships with David and Lily. Can you tell me more about what's driving your desire to make sure everyone is happy with the wedding plans?",162.0436329394579,p13:2,303,4,0.1109179574996233,3.5843870136886835,3,state_a29f6bb7f961dea69b91,p13,False
MS+RS,0,pm_off,"[40, 649, 3619, 1268, 653, 680, 2827, 10234, 323, 32647, 420, 1053, 1304, 499, 11, 8430, 1093, 499, 2351, 10791, 304, 279, 6278, 315, 5127, 596, 17078, 13, 1102, 10578, 1093, 499, 2351, 15691, 264, 8987, 4785, 11, 4560, 311, 8335, 701, 1866, 32097, 449, 279, 3966, 323, 18463, 315, 3885, 13, 3011, 649, 387, 2216, 74109, 323, 22798, 13, 128009]",0.1210169866681099,391eb62b5e02e9d7fc1641bfc3dc5e5a596f8ea76135eaa3fe1f3da77edf1b62,1744.5970219559968,0.044593121856451035,120.47220184467733,5e8102f4075633000eae518aa6a186a8abb90e4f69e9e8a5f0d659880a0a579f,696,1917.5541929434985,293.35451894439757,293.30835584551096,bf02858490d6c6b7bf27e4d5ebf99aa8033c78f15e17c8a383639e5c3aed3a60,True,372,61,6.084255874156952,2,0.031501054763793945,True,1,r1:state_a29f6bb7f961dea69b91:pm_off,38e05960a8b33589d37e4b7bbec9427ac7164ca63897335e07776a0cb08639e3,"I can understand how unappreciated and stressed this would make you, feeling like you're caught in the middle of everyone's expectations. It sounds like you're carrying a heavy weight, trying to balance your own desires with the needs and opinions of others. That can be really draining and overwhelming.",164.48587598279119,p13:2,303,2,0.11066300794482231,2.079264959320426,3,state_a29f6bb7f961dea69b91,p13,False
ME+R0,0,me_r0,"[2181, 10578, 1093, 499, 2351, 15691, 264, 8987, 2865, 449, 279, 13306, 9293, 11, 323, 433, 596, 28987, 701, 12135, 449, 6941, 323, 48390, 13, 3053, 499, 3371, 757, 810, 922, 1148, 499, 2351, 16026, 311, 11322, 449, 279, 13306, 30, 3639, 527, 701, 2536, 5392, 67078, 2205, 82, 11, 323, 1148, 527, 499, 10032, 311, 30485, 389, 30, 128009]",0.12460094876587391,391eb62b5e02e9d7fc1641bfc3dc5e5a596f8ea76135eaa3fe1f3da77edf1b62,1792.416401905939,0.03490014933049679,181.86930799856782,c8fe3485ff47f8617522b0e8801233dfe4877f1941cfb7c7f520e9c5d661eb52,1145,1797.7611517999321,187.14927788823843,187.08945694379508,d58dc5aefcbb5beaa5b2c682ffb6a6489210ce85147a9ccaf17ac1464c61bda6,True,373,60,0.007221009582281113,3,0.014491146430373192,,1,r1:state_a29f6bb7f961dea69b91:me_r0,d961520751ec7ce1f340d6d93a2833553ed56382a9e6033a5a78784d7f1f497f,"It sounds like you're carrying a heavy load with the wedding planning, and it's affecting your relationships with David and Lily. Can you tell me more about what you're hoping to achieve with the wedding? What are your non-negotiables, and what are you willing to compromise on?",2.432378940284252,p13:2,303,1,0.11148885823786259,2.6196688413619995,3,state_a29f6bb7f961dea69b91,p13,False
M0+R0,0,context_only,"[2181, 10578, 1093, 499, 2351, 15691, 264, 8987, 4785, 389, 701, 28004, 11, 4560, 311, 3449, 5127, 596, 17078, 1418, 1101, 19994, 837, 311, 6261, 13, 3011, 649, 387, 2216, 79953, 13, 3053, 499, 3371, 757, 810, 922, 1148, 499, 3987, 311, 636, 704, 315, 420, 13306, 11, 7953, 1120, 279, 1567, 5196, 30, 3639, 596, 1455, 3062, 311, 499, 11, 323, 1148, 1053, 1304, 433, 2733, 9615, 3361, 30, 128009]",0.1299430150538683,391eb62b5e02e9d7fc1641bfc3dc5e5a596f8ea76135eaa3fe1f3da77edf1b62,1956.3411439303309,0.035665929317474365,72.18280294910073,fe0cf77b0ce622c994f569afcf3f2d39d94899c8917ce82b15775503f28d8cf5,316,1957.7487509232014,73.50071310065687,73.46046692691743,0a5973ca311e778170d39028495e258a3b621387c311a9ab4b43a87f5b43d685,True,374,71,0.0062908511608839035,4,0.008242903277277946,,1,r1:state_a29f6bb7f961dea69b91:context_only,55c3f4f593e80f7050cdae3c6b56907740dd3173078fce5ab57375536bb80a39,"It sounds like you're carrying a heavy weight on your shoulders, trying to meet everyone's expectations while also staying true to yourself. That can be really exhausting. Can you tell me more about what you hope to get out of this wedding, beyond just the event itself? What's most important to you, and what would make it feel truly special?",0.026156194508075714,p13:2,303,0,0.10854308493435383,1.0927650146186352,3,state_a29f6bb7f961dea69b91,p13,False
MSE+RS,0,rule_off,"[2181, 10578, 1093, 279, 4785, 315, 9293, 420, 9178, 70993, 374, 2216, 18534, 1523, 389, 499, 13, 3053, 499, 3371, 757, 810, 922, 1148, 596, 10043, 701, 12876, 311, 1304, 2771, 4395, 5900, 14268, 30, 2209, 433, 264, 8850, 315, 39223, 701, 4885, 11, 477, 2555, 775, 11622, 30, 128009]",0.17292494885623455,391eb62b5e02e9d7fc1641bfc3dc5e5a596f8ea76135eaa3fe1f3da77edf1b62,1613.0969349760562,0.043165870010852814,258.95368913188577,91373efe4fc6a0aaf224be0d1cf1ef1710252d6a9cfc7f391d59f7267967eadf,1539,1794.548193924129,440.2908720076084,440.2320231311023,48da0eb94f419b1a03f3378c98014ebfde43b30f0d9651d5a1d20294e14dbd46,True,375,50,165.4770679306239,0,0.034828903153538704,True,1,r1:state_9f80d2122468a6feed9e:rule_off,0ebf9fd90717ece4df807627f939785d33da586dc50b2fed787d633bc0d11128,"It sounds like the weight of planning this weekend getaway is really bearing down on you. Can you tell me more about what's driving your desire to make sure everything goes perfectly? Is it a fear of disappointing your friends, or something else entirely?",12.104296125471592,p3:2,303,3,0.10558008216321468,3.5133950877934694,3,state_9f80d2122468a6feed9e,p3,False
MPMS+RS,0,pm_off,"[2181, 10578, 1093, 279, 4785, 315, 9293, 420, 8577, 374, 2216, 18534, 1523, 389, 499, 13, 3053, 499, 3371, 757, 810, 922, 1148, 596, 10043, 701, 12876, 311, 1304, 2771, 4395, 374, 4832, 30, 2209, 433, 264, 8850, 315, 39223, 701, 4885, 11, 477, 2555, 775, 11622, 30, 128009]",0.11371192522346973,391eb62b5e02e9d7fc1641bfc3dc5e5a596f8ea76135eaa3fe1f3da77edf1b62,1430.5448629893363,0.06505614146590233,122.57177894935012,478e7dfc244d9475c8c4628e657d1ba3c34e437f296f264b62c1f9d677336fd5,723,1648.0151021387428,339.99259606935084,339.9283061735332,bc1efddc16d940978c451ff219fc52e91d4db643dca0845f449b79ee575155a0,True,376,49,7.173988968133926,1,0.05683419294655323,True,1,r1:state_9f80d2122468a6feed9e:pm_off,52b110e9357ca08fcfcde5a492821a2ee3cbb52fce2f0c7a6b0b8865fdef9310,"It sounds like the weight of planning this trip is really bearing down on you. Can you tell me more about what's driving your desire to make sure everything is perfect? Is it a fear of disappointing your friends, or something else entirely?",206.9639479741454,p3:2,303,3,0.15706405974924564,2.9396358877420425,3,state_9f80d2122468a6feed9e,p3,False
MPMSME+RS,0,fixed_off,"[2181, 10578, 1093, 279, 4785, 315, 9293, 420, 9178, 70993, 374, 2216, 18534, 1523, 389, 499, 13, 3053, 499, 3371, 757, 810, 922, 1148, 596, 10043, 701, 12876, 311, 1304, 2771, 4395, 5900, 14268, 30, 2209, 433, 264, 8850, 315, 39223, 701, 4885, 11, 477, 2555, 775, 11622, 30, 128009]",0.11369911953806877,391eb62b5e02e9d7fc1641bfc3dc5e5a596f8ea76135eaa3fe1f3da77edf1b62,1612.1163859497756,0.043340958654880524,260.20416687242687,6f878b65ede188abce2b59666351c9b033064a102302498140a9e707af9e2497,1565,1786.739107221365,434.7662341315299,434.7131890244782,744d49acfca98b1fa948a3dd698b4fc02a873f1807104c212827c439aaa44ea1,True,377,50,0.006569083780050278,2,0.04326016642153263,True,1,r1:state_9f80d2122468a6feed9e:fixed_off,0ebf9fd90717ece4df807627f939785d33da586dc50b2fed787d633bc0d11128,"It sounds like the weight of planning this weekend getaway is really bearing down on you. Can you tell me more about what's driving your desire to make sure everything goes perfectly? Is it a fear of disappointing your friends, or something else entirely?",170.63523386605084,p3:2,303,4,0.10927906259894371,3.671339014545083,3,state_9f80d2122468a6feed9e,p3,False
M0+R0,0,context_only,"[2181, 10578, 1093, 279, 4785, 315, 12014, 374, 2216, 18534, 1523, 389, 499, 13, 1102, 596, 49839, 430, 499, 1390, 311, 1893, 264, 3361, 3217, 369, 701, 4885, 11, 719, 433, 596, 1101, 17339, 311, 25670, 430, 499, 649, 956, 2585, 4395, 13, 3053, 499, 3371, 757, 810, 922, 1148, 596, 10043, 701, 1205, 369, 39143, 304, 420, 6671, 30, 128009]",0.12099789455533028,391eb62b5e02e9d7fc1641bfc3dc5e5a596f8ea76135eaa3fe1f3da77edf1b62,1682.9048811923712,0.034281983971595764,71.64811715483665,65073c3e867af5bd62da2ce596f729acc3f75dfccdba46718c2c55e6f92e548d,314,1684.3091840855777,72.96847715042531,72.9314221534878,ace22674e3f64500c710e25584efc82355390c7f9c852afee1cdcc31a273f3d5,True,378,61,0.006870832294225693,3,0.008451053872704506,,1,r1:state_9f80d2122468a6feed9e:context_only,ef395ce66766f7a5de30e0e51ce85f6d1ab1f3236d4ea64f1d35178c3bbe3ae5,"It sounds like the weight of responsibility is really bearing down on you. It's understandable that you want to create a special experience for your friends, but it's also okay to acknowledge that you can't control everything. Can you tell me more about what's driving your need for perfection in this situation?",0.028513139113783836,p3:2,303,0,0.1089111901819706,1.0962767992168665,3,state_9f80d2122468a6feed9e,p3,False
ME+R0,0,me_r0,"[2181, 10578, 1093, 499, 2351, 15691, 264, 2763, 315, 4785, 389, 701, 28004, 11, 323, 433, 596, 49839, 430, 499, 1390, 311, 1304, 2771, 5127, 706, 264, 2294, 892, 13, 3053, 499, 3371, 757, 810, 922, 1148, 596, 10043, 701, 12876, 369, 39143, 30, 2209, 433, 264, 8850, 315, 39223, 701, 4885, 11, 477, 2555, 775, 30, 128009]",0.17773103900253773,391eb62b5e02e9d7fc1641bfc3dc5e5a596f8ea76135eaa3fe1f3da77edf1b62,1762.2074268292636,0.03596511669456959,194.14709089323878,0a64c2688364f831e533e5ac23b122087af2cb386bc369089ff1ccf5c6f6db7a,1165,1767.87671004422,199.69283416867256,199.63864306919277,b38fa0839cb862f9e6aa7660ce123c86ef50fe5013016e93f7b3c3ea0286d4a0,True,379,58,0.007806112989783287,4,0.015001045539975166,,1,r1:state_9f80d2122468a6feed9e:me_r0,2c546ac96f190e91f4b0a97d70d60bd6ec5654867c91005e5ba806f1918176ee,"It sounds like you're carrying a lot of weight on your shoulders, and it's understandable that you want to make sure everyone has a great time. Can you tell me more about what's driving your desire for perfection? Is it a fear of disappointing your friends, or something else?",2.653755946084857,p3:2,303,1,0.10719802230596542,2.671825932338834,3,state_9f80d2122468a6feed9e,p3,False
MP+RS,0,pm_off,"[2181, 10578, 1093, 279, 7410, 311, 3197, 264, 4832, 8577, 374, 4737, 264, 26936, 389, 499, 13, 3053, 499, 3371, 757, 810, 922, 1148, 12716, 499, 16267, 11, 323, 1268, 499, 1781, 499, 649, 33435, 430, 1139, 420, 8577, 311, 1304, 433, 810, 32180, 369, 5127, 30, 128009]",0.11608283966779709,391eb62b5e02e9d7fc1641bfc3dc5e5a596f8ea76135eaa3fe1f3da77edf1b62,1387.7750809770077,0.0651420559734106,106.05550790205598,96a999591c68c5cf2a475f903b4c176bb0a7e20e5366f9807791154d82477bcc,544,1605.229239910841,323.472558055073,323.3935839962214,8802998900bb584d7c3945bbaa8adf12b2dc116102e4e6295adbd6e2bd2b6d53,True,380,48,6.9951030891388655,0,0.04909606650471687,True,1,r1:state_9e3983d41b32234f1cb8:pm_off,f709d809db6da53b03e698e279a47c02d0f7ea65fee9dffc9b7810769901dd39,"It sounds like the pressure to plan a perfect trip is taking a toll on you. Can you tell me more about what brings you joy, and how you think you can incorporate that into this trip to make it more enjoyable for everyone?",207.57476496510208,p3:2,101,2,0.15213899314403534,2.5018309243023396,3,state_9e3983d41b32234f1cb8,p3,False
ME+R0,0,me_r0,"[2181, 10578, 1093, 499, 2351, 15691, 264, 2763, 315, 4785, 389, 701, 28004, 11, 323, 433, 596, 912, 5895, 499, 2351, 8430, 38100, 922, 420, 8577, 13, 1102, 596, 2294, 430, 499, 2351, 61708, 701, 24087, 323, 19762, 311, 1304, 2771, 5127, 706, 264, 1695, 892, 13, 3053, 499, 3371, 757, 810, 922, 1148, 499, 1781, 1053, 1304, 420, 8577, 264, 2450, 11, 323, 1148, 499, 2351, 16026, 311, 11322, 555, 9293, 433, 30, 128009]",0.12677698396146297,391eb62b5e02e9d7fc1641bfc3dc5e5a596f8ea76135eaa3fe1f3da77edf1b62,2210.9100038651377,0.03527314402163029,194.45365900173783,089657ff298aa4aace7812449f0a4af4f4d83860d7dff8166fa2b2e8a67eaaa2,1179,2216.7092708405107,200.1834949478507,200.1261489931494,38aee7925b8322a96898d8b03389c8ccca14c8118e055f1732689f6420c8cd49,True,381,75,0.0065390486270189285,1,0.015320023521780968,,1,r1:state_9e3983d41b32234f1cb8:me_r0,a2f8ad2c00b204d4c2dd29fb2157ef5593b76fcfa48a4156e9fbcdfcf58c6e52,"It sounds like you're carrying a lot of weight on your shoulders, and it's no wonder you're feeling anxious about this trip. It's great that you're acknowledging your fears and wanting to make sure everyone has a good time. Can you tell me more about what you think would make this trip a success, and what you're hoping to achieve by planning it?",2.762512071058154,p3:2,101,1,0.11095288209617138,2.741892822086811,3,state_9e3983d41b32234f1cb8,p3,False
M0+R0,0,context_only,"[2181, 10578, 1093, 279, 7410, 311, 1893, 264, 4832, 8577, 374, 4737, 264, 26936, 389, 701, 1664, 33851, 13, 1102, 596, 6724, 49839, 311, 1390, 311, 1304, 2771, 5127, 706, 264, 2294, 892, 11, 719, 433, 596, 1101, 3062, 311, 6227, 430, 433, 596, 17339, 422, 2574, 1541, 956, 733, 7041, 439, 13205, 13, 3053, 499, 3371, 757, 810, 922, 1148, 499, 1781, 1053, 3621, 422, 701, 4885, 3287, 956, 617, 264, 2294, 892, 30, 128009]",0.13234000653028488,391eb62b5e02e9d7fc1641bfc3dc5e5a596f8ea76135eaa3fe1f3da77edf1b62,2088.8024671003222,0.032248906791210175,71.59322500228882,ca2deef3f6e77008cf6d02c0c2831cf04261abaca7e8e67c2604e5850d113c8f,311,2090.1766419410706,72.86811294034123,72.83505983650684,35949ebf7f91f205ec76122052ba62d85c9e8a121239e23abead1e2cf884feb8,True,382,76,0.006661983206868172,2,0.008814036846160889,,1,r1:state_9e3983d41b32234f1cb8:context_only,6b895e7f32abb522e9b48e7bd0ccb8392c0e7f19af8d308e20085d888d4e19bb,"It sounds like the pressure to create a perfect trip is taking a toll on your well-being. It's completely understandable to want to make sure everyone has a great time, but it's also important to remember that it's okay if things don't go exactly as planned. Can you tell me more about what you think would happen if your friends didn't have a great time?",0.025562942028045654,p3:2,101,0,0.11042086407542229,1.058126101270318,3,state_9e3983d41b32234f1cb8,p3,False
MPMSME+RS,0,fixed_off,"[2181, 10578, 1093, 279, 4785, 315, 9293, 420, 8577, 374, 2216, 18534, 1523, 389, 499, 13, 3053, 499, 3371, 757, 810, 922, 1148, 596, 10043, 701, 12876, 369, 4395, 311, 733, 39511, 30, 3639, 596, 279, 1455, 3062, 961, 315, 420, 8577, 369, 499, 30, 128009]",0.10796915739774704,391eb62b5e02e9d7fc1641bfc3dc5e5a596f8ea76135eaa3fe1f3da77edf1b62,1482.966281939298,0.04349998198449612,242.16853315010667,2457e3f9dad37660b45bb79859d87259d19cb57e9b7ee8df122dede0c1db79ab,1479,1657.670068088919,416.80944594554603,416.76435014232993,80833312092ece44b56a7718b8d3538de5defbf7d6aeccb93f8b030874f9ba52,True,383,46,0.006756046786904335,3,0.04467600956559181,True,1,r1:state_9e3983d41b32234f1cb8:fixed_off,18705c491c6fc2c538bf2a7a50aea51b74511a1043cf4c50a65f07738950f7ec,It sounds like the weight of planning this trip is really bearing down on you. Can you tell me more about what's driving your desire for everything to go smoothly? What's the most important part of this trip for you?,170.87782896123827,p3:2,101,4,0.1077649649232626,3.515291027724743,3,state_9e3983d41b32234f1cb8,p3,False
MSE+RS,0,rule_off,"[2181, 10578, 1093, 279, 4785, 315, 9293, 420, 8577, 374, 2216, 18534, 1523, 389, 499, 13, 3053, 499, 3371, 757, 810, 922, 1148, 596, 10043, 701, 12876, 369, 4395, 311, 733, 39511, 30, 3639, 596, 279, 1455, 3062, 961, 315, 420, 8577, 369, 499, 30, 128009]",0.11535617522895336,391eb62b5e02e9d7fc1641bfc3dc5e5a596f8ea76135eaa3fe1f3da77edf1b62,1484.841053839773,0.040694139897823334,246.36419489979744,7a034aa542a6558c2fa3ef3ff7490095faebfd0fa6911065dc0857f373015a63,1453,1794.3250150419772,555.7926220353693,555.7327999267727,e7cc0c913a811b304e43582a700903f8043eaf6a72d5764995d8edaaf45a7d6d,True,384,46,157.43193100206554,4,0.04247087053954601,True,1,r1:state_9e3983d41b32234f1cb8:rule_off,18705c491c6fc2c538bf2a7a50aea51b74511a1043cf4c50a65f07738950f7ec,It sounds like the weight of planning this trip is really bearing down on you. Can you tell me more about what's driving your desire for everything to go smoothly? What's the most important part of this trip for you?,148.40596611611545,p3:2,101,3,0.10706786997616291,3.3404750283807516,3,state_9e3983d41b32234f1cb8,p3,False
MSE+RS,0,rule_off,"[40, 649, 5647, 279, 4785, 315, 34951, 499, 2351, 15691, 11, 323, 433, 596, 49839, 311, 2733, 430, 1648, 994, 499, 2351, 25051, 16337, 922, 701, 10177, 596, 7319, 19821, 13, 1102, 596, 1093, 499, 2351, 21830, 1990, 1694, 6380, 369, 1461, 323, 8430, 1093, 499, 2351, 34568, 287, 701, 1866, 3966, 13, 3053, 499, 3371, 757, 810, 922, 1148, 499, 1781, 1053, 3621, 422, 499, 1051, 311, 7373, 25670, 323, 4287, 701, 16024, 315, 16337, 11, 2085, 19971, 30, 128009]",0.1290410291403532,391eb62b5e02e9d7fc1641bfc3dc5e5a596f8ea76135eaa3fe1f3da77edf1b62,2526.7672650516033,0.04287995398044586,305.6974499486387,1767911b948e52cd6d3115ed9d5d0f7eab5451e9262220be18c31386199eda9b,1818,2749.1009570658207,527.9499769676477,527.9021009337157,bd05807668b081e43b2a3b6d50e3d3a22ff8cbe1deef91c585b68defb304b43c,True,385,81,206.33976603858173,0,0.03615603782236576,True,1,r1:state_1bb2fbdd19dca1a22bdc:rule_off,5d1b3429c2b9e61e78eef47d978fe439ff7365d38f02d6753692a0126b58d61e,"I can sense the weight of guilt you're carrying, and it's understandable to feel that way when you're experiencing relief about your husband's increased absence. It's like you're torn between being happy for him and feeling like you're betraying your own needs. Can you tell me more about what you think would happen if you were to fully acknowledge and accept your feelings of relief, without judgment?",11.427714955061674,p10:1,202,3,0.11584791354835033,4.2422860860824585,8,state_1bb2fbdd19dca1a22bdc,p10,False
M0+R0,0,context_only,"[2181, 10578, 1093, 499, 2351, 15691, 264, 8987, 4785, 315, 34951, 11, 323, 430, 596, 2216, 11292, 13, 3053, 499, 3371, 757, 810, 922, 1148, 596, 4920, 420, 8430, 315, 34951, 30, 2209, 433, 264, 8850, 315, 13490, 701, 10177, 596, 6666, 11, 477, 2555, 775, 11622, 30, 128009]",0.11567492038011551,391eb62b5e02e9d7fc1641bfc3dc5e5a596f8ea76135eaa3fe1f3da77edf1b62,1377.8895610012114,0.0345669686794281,86.93773509003222,d4fa418a2f95fe60296868a8ddcef37f8ac02dad4a84028c656e8c3ff8f9dfb2,436,1379.5447079464793,88.51630613207817,88.47720711492002,bcb4f1d1d6d9cc0928c59187dbefb5ed0ee1441aadeeef263ccce0110e2a9258,True,386,49,0.0070231035351753235,1,0.009803101420402527,,1,r1:state_1bb2fbdd19dca1a22bdc:context_only,60d03f96dab7edcc680376eb21d2fe906ab07f35ee06a84c17d501a926867570,"It sounds like you're carrying a heavy weight of guilt, and that's really tough. Can you tell me more about what's behind this feeling of guilt? Is it a fear of losing your husband's attention, or something else entirely?",0.03658980131149292,p10:1,202,0,0.11647702194750309,1.3350120279937983,8,state_1bb2fbdd19dca1a22bdc,p10,False
MPMSME+RS,0,fixed_off,"[40, 649, 5647, 279, 4785, 315, 34951, 499, 2351, 15691, 2212, 8430, 51512, 922, 701, 10177, 596, 7319, 19821, 13, 1102, 596, 49839, 311, 2733, 420, 1648, 11, 5423, 994, 433, 596, 17791, 311, 701, 12876, 311, 1862, 1461, 13, 3053, 499, 3371, 757, 810, 922, 1148, 499, 1781, 433, 1053, 3152, 311, 36297, 387, 6380, 369, 813, 2450, 2085, 8430, 1093, 499, 2351, 34568, 287, 701, 1866, 3966, 30, 128009]",0.12786197476089,391eb62b5e02e9d7fc1641bfc3dc5e5a596f8ea76135eaa3fe1f3da77edf1b62,2249.503504950553,0.043455976992845535,304.98274392448366,904f28674dff9ed3dc073a0ec065c81fe61750e5608118c92c5fce756be676a7,1846,2477.1745270118117,532.5743891298771,532.5259040109813,f7086cfe8b60ffe2801247e304b25dfe3eba03245b71f8bd6a2377d5b614b00f,True,387,71,0.0074659474194049835,2,0.050727976486086845,True,1,r1:state_1bb2fbdd19dca1a22bdc:fixed_off,5c103d42217d964a1e5213e3f68ecec13626b2ee1f9849954976bfb41d880119,"I can sense the weight of guilt you're carrying around feeling relieved about your husband's increased absence. It's understandable to feel this way, especially when it's tied to your desire to support him. Can you tell me more about what you think it would mean to genuinely be happy for his success without feeling like you're betraying your own needs?",223.1333910021931,p10:1,202,4,0.11359318159520626,4.1945260018110275,8,state_1bb2fbdd19dca1a22bdc,p10,False
MSE+RS,0,pm_off,"[40, 649, 5647, 279, 4785, 315, 34951, 499, 2351, 15691, 11, 323, 433, 596, 49839, 311, 2733, 430, 1648, 994, 499, 2351, 25051, 16337, 922, 701, 10177, 596, 7319, 19821, 13, 1102, 596, 1093, 499, 2351, 21830, 1990, 1694, 6380, 369, 1461, 323, 8430, 1093, 499, 2351, 34568, 287, 701, 1866, 3966, 13, 3053, 499, 3371, 757, 810, 922, 1148, 499, 1781, 1053, 3621, 422, 499, 1051, 311, 7373, 25670, 323, 4287, 701, 16024, 315, 16337, 11, 2085, 19971, 30, 128009]",0.129621010273695,391eb62b5e02e9d7fc1641bfc3dc5e5a596f8ea76135eaa3fe1f3da77edf1b62,2527.53813797608,0.044720014557242393,305.2555888425559,1767911b948e52cd6d3115ed9d5d0f7eab5451e9262220be18c31386199eda9b,1818,2756.106815068051,533.7599259801209,533.6946449242532,bd05807668b081e43b2a3b6d50e3d3a22ff8cbe1deef91c585b68defb304b43c,True,388,81,7.074702996760607,3,0.03987201489508152,True,1,r1:state_1bb2fbdd19dca1a22bdc:pm_off,5d1b3429c2b9e61e78eef47d978fe439ff7365d38f02d6753692a0126b58d61e,"I can sense the weight of guilt you're carrying, and it's understandable to feel that way when you're experiencing relief about your husband's increased absence. It's like you're torn between being happy for him and feeling like you're betraying your own needs. Can you tell me more about what you think would happen if you were to fully acknowledge and accept your feelings of relief, without judgment?",216.9286070857197,p10:1,202,3,0.112585024908185,4.2385689448565245,8,state_1bb2fbdd19dca1a22bdc,p10,False
ME+R0,0,me_r0,"[2181, 10578, 1093, 499, 2351, 15691, 264, 8987, 4785, 315, 34951, 323, 12014, 11, 8430, 1093, 499, 2351, 34568, 287, 701, 1866, 3966, 555, 8430, 51512, 922, 701, 10177, 596, 7319, 19821, 13, 3053, 499, 3371, 757, 810, 922, 1148, 499, 1781, 499, 2351, 10171, 311, 387, 8430, 4619, 30, 3639, 1587, 433, 3152, 311, 499, 311, 387, 264, 33445, 8427, 304, 420, 6671, 30, 128009]",0.12170081026852131,391eb62b5e02e9d7fc1641bfc3dc5e5a596f8ea76135eaa3fe1f3da77edf1b62,2032.8160640783608,0.035392120480537415,242.3137449659407,554a3f0f4a46b2859bd7d9d5f26849d060b1affde3e395245d7a88702a7b0861,1483,2038.6108048260212,248.03492496721447,247.9867849033326,86576f1d9d8b5fb0d49fba334c1c9a68c27e5ac80888749bf1e3f493e0466944,True,389,66,0.00744289718568325,4,0.015908852219581604,,1,r1:state_1bb2fbdd19dca1a22bdc:me_r0,001dce60a23bf39c38ddefb6cd67a34e33f08e8bf6aae4e18a34cb3fb1a41ac2,"It sounds like you're carrying a heavy weight of guilt and responsibility, feeling like you're betraying your own needs by feeling relieved about your husband's increased absence. Can you tell me more about what you think you're supposed to be feeling instead? What does it mean to you to be a supportive partner in this situation?",2.328042173758149,p10:1,202,1,0.11751195415854454,3.168741939589381,8,state_1bb2fbdd19dca1a22bdc,p10,False
M0+R0,0,context_only,"[4897, 649, 387, 264, 2216, 92890, 8430, 11, 1093, 499, 2351, 5496, 304, 264, 6926, 1614, 315, 330, 12840, 422, 1210, 1102, 596, 439, 422, 499, 2351, 18290, 430, 3885, 690, 7142, 701, 26617, 40206, 447, 27121, 323, 11913, 499, 25984, 398, 13, 3053, 499, 3371, 757, 810, 922, 1148, 433, 596, 1093, 311, 2733, 1093, 459, 737, 46501, 30, 3639, 527, 1063, 315, 279, 3230, 11555, 430, 2586, 709, 369, 499, 994, 499, 2351, 304, 420, 40543, 30, 128009]",0.13521197251975536,391eb62b5e02e9d7fc1641bfc3dc5e5a596f8ea76135eaa3fe1f3da77edf1b62,2218.7226959504187,0.03543589264154434,87.33697910793126,c13de0ec945a6e98b51aa4eafe74daed920904edbbbcb43381d42ffc05c15a26,444,2220.4048049170524,88.92852300778031,88.88387610204518,d09ab9a5bc981e226fb2ebf6695d279ec211844625457b53ff46bf45ad86c773,True,390,80,0.006834976375102997,0,0.008746981620788574,,1,r1:state_095e7d5a576866ef0fd9:context_only,a350cb69dbda2ccf3e662a11758bf20b13183574cea5fd76b6252f7556c91819,"That can be a really debilitating feeling, like you're living in a constant state of ""what if."" It's as if you're worried that others will discover your perceived inadequacies and judge you harshly. Can you tell me more about what it's like to feel like an imposter? What are some of the specific thoughts that come up for you when you're in this mindset?",0.033689895644783974,p16:1,101,0,0.10984111577272415,1.352348132058978,8,state_095e7d5a576866ef0fd9,p16,False
MPMSME+RS,0,fixed_off,"[2181, 10578, 1093, 82509, 269, 28439, 374, 7999, 264, 6324, 315, 23965, 311, 701, 16024, 922, 420, 502, 6776, 13, 1102, 596, 6724, 4725, 311, 2733, 36218, 922, 701, 18000, 11, 5423, 994, 4737, 389, 264, 502, 8815, 13, 20474, 430, 499, 3077, 1027, 6992, 304, 701, 7076, 779, 3117, 11, 323, 430, 596, 264, 61300, 311, 701, 7512, 323, 3217, 13, 1102, 2643, 387, 11190, 311, 5357, 389, 701, 36486, 323, 279, 29600, 430, 617, 6197, 311, 701, 3347, 48188, 13, 128009]",0.12772390618920326,391eb62b5e02e9d7fc1641bfc3dc5e5a596f8ea76135eaa3fe1f3da77edf1b62,2583.5114060901105,0.04428788088262081,305.4013270884752,8b76a43d069eca79f2c1cd0e5c0be8e25d725e77c5e27be61de8d76410c155f7,1839,2838.0083688534796,559.8363778553903,559.7705659456551,931cdb5896520ab2360b5566721a1ac8714581ddaffd59598f38f3405a224019,True,391,83,0.007081078365445137,1,0.04716217517852783,True,1,r1:state_095e7d5a576866ef0fd9:fixed_off,613fdb412192682a3253a252498d37bd52a41375757473846a0bc413039adbd7,"It sounds like impostor syndrome is adding a layer of complexity to your feelings about this new opportunity. It's completely normal to feel uncertain about your abilities, especially when taking on a new challenge. Remember that you've been successful in your career so far, and that's a testament to your skills and experience. It might be helpful to focus on your strengths and the qualities that have led to your past successes.",249.95292793028057,p16:1,101,4,0.11095288209617138,4.206826910376549,8,state_095e7d5a576866ef0fd9,p16,False
MSE+RS,0,rule_off,"[2181, 5097, 264, 2763, 315, 25775, 311, 25670, 323, 4430, 922, 82509, 269, 28439, 13, 1102, 596, 6724, 4725, 311, 2733, 420, 1648, 11, 5423, 994, 4737, 389, 264, 502, 3560, 477, 12014, 13, 20474, 430, 499, 3077, 1027, 6992, 304, 701, 7076, 779, 3117, 11, 323, 430, 596, 264, 61300, 311, 701, 18000, 13, 1102, 596, 17339, 311, 2733, 36218, 11, 719, 1456, 539, 311, 1095, 1884, 16024, 7124, 499, 13, 1472, 3077, 2751, 420, 11, 323, 499, 2351, 539, 7636, 304, 8430, 420, 1648, 13, 128009]",0.12938398867845535,391eb62b5e02e9d7fc1641bfc3dc5e5a596f8ea76135eaa3fe1f3da77edf1b62,2722.760337870568,0.042594969272613525,305.9226500336081,fa8722572f32f650f7425be0583897eed3cb9ffc7b06dc2cd0e57384fba97479,1809,2978.4161429852247,561.5042420104146,561.4490711595863,27e65da2d225118f4b504aa65657502829ad884896c1ee8e64dfd80b5e2dcdbe,True,392,88,237.9340990446508,2,0.042286934331059456,True,1,r1:state_095e7d5a576866ef0fd9:rule_off,5f7f35719c9bf1ef82c061edef808411bcaf00cc14d054dc46ff9cc2b4da21a6,"It takes a lot of courage to acknowledge and share about impostor syndrome. It's completely normal to feel this way, especially when taking on a new role or responsibility. Remember that you've been successful in your career so far, and that's a testament to your abilities. It's okay to feel uncertain, but try not to let those feelings define you. You've got this, and you're not alone in feeling this way.",13.180779991671443,p16:1,101,3,0.11708308011293411,4.209577105939388,8,state_095e7d5a576866ef0fd9,p16,False
ME+R0,0,me_r0,"[40, 2846, 779, 16089, 499, 2733, 10882, 11821, 420, 449, 757, 13, 14727, 537, 269, 28439, 649, 387, 264, 2216, 92890, 8430, 11, 5423, 994, 499, 2351, 2736, 8430, 38100, 922, 264, 502, 3560, 13, 1102, 10578, 1093, 499, 2351, 10917, 264, 2763, 315, 7410, 389, 6261, 311, 387, 4832, 11, 323, 430, 596, 264, 8987, 23104, 311, 6920, 13, 3053, 499, 3371, 757, 810, 922, 1148, 499, 1781, 1053, 3621, 422, 499, 1051, 330, 327, 3950, 1, 439, 539, 14392, 3403, 477, 539, 1694, 13171, 3403, 30, 3639, 596, 279, 12047, 39585, 15398, 430, 596, 5737, 704, 304, 701, 4059, 30, 128009]",0.1396730076521635,391eb62b5e02e9d7fc1641bfc3dc5e5a596f8ea76135eaa3fe1f3da77edf1b62,3058.6706830654293,0.03435206599533558,243.1066520512104,4c4174082a5a00db7385fd2df1e91bdab6740137ba99084a6f03044014d02df0,1508,3065.639751031995,249.98807604424655,249.93604701012373,9bd10215b8688087953956f487afaad127304cf3530e334725f8fc889a284039,True,393,103,0.0072070397436618805,3,0.016594072803854942,,1,r1:state_095e7d5a576866ef0fd9:me_r0,730c0e7181fcff01e18074e993d8d96f1ef23748244ec7c03e705b4ee9a6abfd,"I'm so glad you feel comfortable sharing this with me. Impostor syndrome can be a really debilitating feeling, especially when you're already feeling anxious about a new role. It sounds like you're putting a lot of pressure on yourself to be perfect, and that's a heavy burden to carry. Can you tell me more about what you think would happen if you were ""exposed"" as not knowing enough or not being capable enough? What's the worst-case scenario that's playing out in your mind?",3.430102951824665,p16:1,101,1,0.11845002882182598,3.222688799723983,8,state_095e7d5a576866ef0fd9,p16,False
MPMS+RS,0,pm_off,"[2181, 5097, 264, 2763, 315, 25775, 311, 25670, 323, 4430, 922, 82509, 269, 28439, 13, 1102, 596, 6724, 4725, 311, 2733, 420, 1648, 11, 5423, 994, 4737, 389, 264, 502, 323, 17436, 3560, 13, 20474, 430, 499, 3077, 1027, 6992, 304, 701, 7076, 779, 3117, 11, 323, 430, 596, 539, 2133, 311, 2349, 25402, 13, 1472, 617, 279, 7512, 323, 3217, 311, 3063, 420, 2447, 11, 323, 433, 596, 17339, 311, 4048, 323, 3139, 439, 499, 733, 13, 3639, 1053, 433, 1935, 369, 499, 311, 2733, 810, 16913, 304, 701, 18000, 1314, 1457, 30, 128009]",0.21552294492721558,391eb62b5e02e9d7fc1641bfc3dc5e5a596f8ea76135eaa3fe1f3da77edf1b62,2715.2788259554654,0.04432792775332928,141.0954180173576,2d182c83e424e08cee3bc6376e06bccb35d7dbb4358ce4bb264863864068bbd4,784,2976.2774689588696,401.92254609428346,401.8785380758345,d02d38ce42bf5ee8292bdb3b2b981e829d29d079135bb010221cdafc16537567,True,394,95,7.206103065982461,4,0.03813486546278,True,1,r1:state_095e7d5a576866ef0fd9:pm_off,a6237887cdaab71aefcffdbbeb419590ab5f1b26b1b118bed0b26b1b6b88f23d,"It takes a lot of courage to acknowledge and share about impostor syndrome. It's completely normal to feel this way, especially when taking on a new and challenging role. Remember that you've been successful in your career so far, and that's not going to change overnight. You have the skills and experience to lead this project, and it's okay to learn and grow as you go. What would it take for you to feel more confident in your abilities right now?",251.01088103838265,p16:1,101,3,0.11336198076605797,2.3703111801296473,8,state_095e7d5a576866ef0fd9,p16,False
MP+RS,0,pm_off,"[2181, 10578, 1093, 13176, 1521, 50446, 706, 1027, 264, 11292, 15530, 311, 42276, 11, 5423, 1306, 14892, 449, 1063, 11292, 11774, 304, 701, 2626, 13, 1102, 596, 49839, 311, 2733, 43206, 11, 719, 433, 596, 2294, 430, 499, 2351, 61708, 279, 1205, 369, 2349, 13, 3053, 499, 3371, 757, 810, 922, 1148, 596, 10168, 499, 1203, 505, 4737, 1957, 1314, 1457, 30, 128009]",0.12415600940585136,391eb62b5e02e9d7fc1641bfc3dc5e5a596f8ea76135eaa3fe1f3da77edf1b62,1798.6477620434016,0.05815597251057625,119.68702706508338,8b89d71d9d65520f29e0ebb4f64bdbde58438c424bc15098cb7956de205aa0b4,663,2014.7396251559258,335.7090740464628,335.6547341682017,0f32b0e16b9a4365d5aa0c48267543d1ed6ba6eb2f654fa348105fdf3b3d9455,True,395,63,7.04981992021203,0,0.04815193824470043,True,1,r1:state_f049f9aa281c155b885e:pm_off,bfe818f2dc4d33fd3609f34c8ec49bb148bc59ba0fa6b6ff8b252edc8ea538f6,"It sounds like facing these realities has been a tough pill to swallow, especially after dealing with some tough challenges in your business. It's understandable to feel overwhelmed, but it's great that you're acknowledging the need for change. Can you tell me more about what's holding you back from taking action right now?",206.09688409604132,p7:1,101,2,0.1569441519677639,2.5577510241419077,3,state_f049f9aa281c155b885e,p7,False
MSE+RS,0,rule_off,"[2181, 10578, 1093, 279, 54675, 2216, 36014, 2574, 709, 369, 499, 11, 323, 433, 596, 49839, 311, 2733, 43206, 555, 279, 49803, 315, 1268, 653, 61212, 499, 527, 13, 1102, 5097, 264, 2763, 315, 25775, 311, 25670, 5789, 1405, 584, 1205, 16048, 11, 5423, 994, 433, 4131, 311, 1057, 2626, 13, 3053, 499, 3371, 757, 810, 922, 1148, 596, 1027, 2133, 1555, 701, 4059, 2533, 279, 54675, 30, 3639, 527, 1063, 315, 279, 3230, 10742, 477, 24087, 430, 527, 10494, 499, 709, 520, 3814, 30, 128009]",0.1307970378547907,391eb62b5e02e9d7fc1641bfc3dc5e5a596f8ea76135eaa3fe1f3da77edf1b62,2613.6954419780523,0.04494492895901203,262.52983906306326,cf19429681294e37dcd563f70f0784047e9589cf43609d3ec9c33b1804344ce6,1610,2787.82641608268,436.5923630539328,436.53001612983644,691953a202f9184a390a50d98238dbd8c3b2e72b4beb2588a4e61339149f6e0e,True,396,86,159.3615710735321,1,0.03577396273612976,True,1,r1:state_f049f9aa281c155b885e:rule_off,bc66c0a4733aac0d166dd125a09867b919019d06c5e63d54708061d6268ea90f,"It sounds like the seminar really shook things up for you, and it's understandable to feel overwhelmed by the realization of how unprepared you are. It takes a lot of courage to acknowledge areas where we need improvement, especially when it comes to our business. Can you tell me more about what's been going through your mind since the seminar? What are some of the specific concerns or fears that are keeping you up at night?",10.551934828981757,p7:1,101,3,0.11671311222016811,3.8892391603440046,3,state_f049f9aa281c155b885e,p7,False
ME+R0,0,me_r0,"[2181, 10578, 1093, 499, 2351, 8430, 264, 6651, 315, 21958, 482, 18547, 11, 96848, 11, 323, 7344, 1524, 264, 2766, 315, 23023, 922, 539, 28118, 1521, 6020, 11774, 31373, 13, 3053, 499, 3371, 757, 810, 922, 1148, 596, 10168, 499, 1203, 505, 4737, 1957, 1314, 1457, 30, 3639, 596, 279, 1176, 3094, 499, 1781, 499, 1205, 311, 1935, 311, 1212, 8430, 810, 304, 2585, 315, 701, 2626, 40382, 30, 128009]",0.12541096657514572,391eb62b5e02e9d7fc1641bfc3dc5e5a596f8ea76135eaa3fe1f3da77edf1b62,2076.9173849839717,0.03642006777226925,195.13694592751563,4bb4e621d958d60d09dfe4e2b8a663da61562878c1ad908f450f9ff6f5f28e24,1202,2082.0913850329816,200.2377649769187,200.1855350099504,20148686c535ef3c333dbc45483e9720bf8ade0774800b9777f0bb3b67cf8ba4,True,397,70,0.006960006430745125,2,0.014747027307748795,,1,r1:state_f049f9aa281c155b885e:me_r0,4e5053064fad60e6461f0b0519da44cece33f3a1748e47ff70570e02542aa8b8,"It sounds like you're feeling a mix of emotions - anxiety, overwhelm, and maybe even a bit of regret about not addressing these financial challenges sooner. Can you tell me more about what's holding you back from taking action right now? What's the first step you think you need to take to start feeling more in control of your business finances?",2.0322951022535563,p7:1,101,1,0.1130059827119112,2.845160895958543,3,state_f049f9aa281c155b885e,p7,False
M0+R0,0,context_only,"[2181, 10578, 1093, 499, 2351, 8430, 264, 6651, 315, 21958, 482, 23023, 11, 96848, 11, 323, 264, 5647, 315, 12014, 13, 3011, 649, 387, 264, 8987, 23104, 311, 6920, 13, 3053, 499, 3371, 757, 810, 922, 1148, 596, 10168, 499, 1203, 505, 4737, 1957, 1314, 1457, 30, 3639, 596, 279, 1176, 3094, 499, 1781, 499, 1205, 311, 1935, 11, 323, 1148, 596, 3339, 433, 2653, 311, 1212, 30, 128009]",0.16294117085635662,391eb62b5e02e9d7fc1641bfc3dc5e5a596f8ea76135eaa3fe1f3da77edf1b62,1928.9737739600241,0.035427045077085495,71.17865700274706,9d195ac3f7a6a78ec16f5ef8ebde0e0333228683a383385a1389919c75fd9e02,309,1930.3685440681875,72.44444196112454,72.41048594005406,32740abee10cc65240ee0e5ecd21ef039a0ce7884c2806dbbcda7bd4f9d439ca,True,398,69,0.007383059710264206,3,0.008724164217710495,,1,r1:state_f049f9aa281c155b885e:context_only,decd6306edff02d4b730c56f99524d2f168acb94eea00221f0fb4bee2c0e26c2,"It sounds like you're feeling a mix of emotions - regret, overwhelm, and a sense of responsibility. That can be a heavy burden to carry. Can you tell me more about what's holding you back from taking action right now? What's the first step you think you need to take, and what's making it hard to start?",0.024858862161636353,p7:1,101,0,0.10748999193310738,1.0479458142071962,3,state_f049f9aa281c155b885e,p7,False
MPMSME+RS,0,fixed_off,"[2181, 10578, 1093, 420, 6020, 9293, 54675, 2216, 36014, 2574, 709, 369, 499, 11, 323, 433, 596, 49839, 311, 2733, 43206, 555, 279, 49803, 315, 1268, 653, 61212, 499, 527, 13, 1102, 5097, 264, 2763, 315, 25775, 311, 25670, 5789, 1405, 584, 1205, 16048, 11, 5423, 994, 433, 4131, 311, 1057, 2626, 323, 40382, 13, 3053, 499, 3371, 757, 810, 922, 1148, 596, 1027, 2133, 1555, 701, 4059, 2533, 279, 54675, 30, 3639, 527, 1063, 315, 279, 3230, 10742, 477, 24087, 430, 527, 10494, 499, 709, 520, 3814, 30, 128009]",0.1390310935676098,391eb62b5e02e9d7fc1641bfc3dc5e5a596f8ea76135eaa3fe1f3da77edf1b62,2750.359202036634,0.06594997830688953,264.7473360411823,614521cf926f1f2d0646107e7851ff97802201aa671024bb09204981412f6f17,1636,2957.0878089871258,471.44223703071475,471.33691189810634,d95396e455e4bd8e54f443d7f9f4349cd8df5559352eefa698ffe726ee59c746,True,399,90,0.008146045729517937,4,0.06715604104101658,True,1,r1:state_f049f9aa281c155b885e:fixed_off,ee0449dd43452b3c62eb51d6d6c043a0ab65501fbd03153f197e9d09bb968c93,"It sounds like this financial planning seminar really shook things up for you, and it's understandable to feel overwhelmed by the realization of how unprepared you are. It takes a lot of courage to acknowledge areas where we need improvement, especially when it comes to our business and finances. Can you tell me more about what's been going through your mind since the seminar? What are some of the specific concerns or fears that are keeping you up at night?",201.26980892382562,p7:1,101,4,0.11890591122210026,5.059608956798911,3,state_f049f9aa281c155b885e,p7,False
M0+R0,0,context_only,"[4897, 10578, 1093, 264, 2294, 3094, 4741, 13, 1102, 596, 11364, 430, 499, 2351, 4737, 59314, 11193, 311, 63652, 701, 14604, 1664, 33851, 13, 20636, 264, 3197, 304, 2035, 649, 8659, 1520, 499, 2733, 810, 45445, 323, 10235, 13, 2650, 656, 499, 1781, 499, 3358, 1440, 994, 499, 3077, 9749, 264, 1695, 8335, 1990, 1694, 33445, 315, 701, 506, 596, 23871, 323, 4737, 2512, 315, 6261, 30, 128009]",0.13344013132154942,391eb62b5e02e9d7fc1641bfc3dc5e5a596f8ea76135eaa3fe1f3da77edf1b62,1890.6096669379622,0.043007079511880875,85.99792909808457,83ab443806b9eb455e9084045455d5a10e2758043f28d4b809d4159ea3264fec,439,1892.582498025149,87.88190199993551,87.83732005394995,fe67667367f1b76a2edd03924b20df520c2edc0505a5c00bc9bbac708670a761,True,400,68,0.007114838808774948,0,0.01065409742295742,,1,r1:state_1a8e1eb1d03cc9252b38:context_only,ab69b841bcc4c061eb098069226b7df8b231bfaff425b1f98ad3c1f075f63ea6,That sounds like a great step forward. It's wonderful that you're taking proactive measures to prioritize your emotional well-being. Having a plan in place can definitely help you feel more grounded and prepared. How do you think you'll know when you've established a good balance between being supportive of your ex's happiness and taking care of yourself?,0.047655077651143074,p2:2,101,0,0.12793205678462982,1.603027805685997,8,state_1a8e1eb1d03cc9252b38,p2,False
MPMSME+RS,0,fixed_off,"[2181, 10578, 1093, 499, 2351, 3339, 1063, 2294, 5208, 304, 6968, 264, 3197, 311, 10519, 701, 470, 12313, 323, 14604, 20334, 2391, 279, 13306, 13, 3011, 596, 2216, 66388, 13, 358, 1781, 433, 596, 1101, 11364, 430, 499, 2351, 13126, 665, 35696, 279, 1520, 315, 3345, 4885, 369, 1862, 482, 3515, 264, 6573, 1862, 1887, 649, 1304, 264, 6908, 6811, 13, 3639, 656, 499, 1781, 922, 19261, 704, 311, 1124, 11951, 311, 3137, 922, 701, 23546, 323, 15174, 369, 11850, 29213, 21633, 477, 15082, 30, 128009]",0.13494491577148438,391eb62b5e02e9d7fc1641bfc3dc5e5a596f8ea76135eaa3fe1f3da77edf1b62,2660.7957060914487,0.04612701013684273,298.9151440560818,1f862fbf8d20cadf10cffa680cc1828fe4a09156f0eaa13f4ac7c2eed3ce0418,1790,2899.6146940626204,537.6654821448028,537.599187111482,8956071c8d5a669081c4f35b33699b414fb11df93f747c0e5b0e3fee032c2407,True,401,86,0.0069229863584041595,1,0.04795379936695099,True,1,r1:state_1a8e1eb1d03cc9252b38:fixed_off,f2d11544332140474f756cee4b65efdf5211b7f18279314d83c8b405e2845a21,It sounds like you're making some great progress in creating a plan to maintain your composure and emotional stability during the wedding. That's really empowering. I think it's also wonderful that you're considering enlisting the help of close friends for support - having a solid support system can make a huge difference. What do you think about reaching out to them specifically to talk about your boundaries and strategies for handling uncomfortable conversations or situations?,234.2646261677146,p2:2,101,4,0.12102699838578701,4.197386093437672,8,state_1a8e1eb1d03cc9252b38,p2,False
MSE+RS,0,rule_off,"[2181, 10578, 1093, 499, 2351, 3339, 1063, 2294, 5208, 389, 6968, 264, 3197, 311, 10519, 701, 470, 12313, 323, 14604, 20334, 2391, 279, 13306, 13, 3011, 596, 2216, 66388, 13, 358, 1781, 433, 596, 1101, 11364, 430, 499, 2351, 13126, 665, 35696, 279, 1520, 315, 3345, 4885, 369, 1862, 482, 3515, 264, 6573, 1862, 1887, 649, 1304, 264, 6908, 6811, 13, 3639, 656, 499, 1781, 922, 19261, 704, 311, 1124, 11951, 311, 3137, 922, 701, 23546, 323, 15174, 369, 11850, 29213, 21633, 477, 15082, 30, 128009]",0.1388872042298317,391eb62b5e02e9d7fc1641bfc3dc5e5a596f8ea76135eaa3fe1f3da77edf1b62,2655.4726879112422,0.042940955609083176,298.08915103785694,76102bb430f86840a1bdf05581e5f6c4d61437dc371213c60292d15b45ea546b,1757,3034.542664187029,677.0742661319673,677.0202401094139,f450b26fd70e1cafcea3b332815148b527cff50d0c82da2adba3ec77cc1e8f77,True,402,86,223.66950614377856,2,0.046045053750276566,True,1,r1:state_1a8e1eb1d03cc9252b38:rule_off,0ba07c746e0bea29a2ba4676641f62a3fb057f35f2e111076eb23d622e2b8a41,It sounds like you're making some great progress on creating a plan to maintain your composure and emotional stability during the wedding. That's really empowering. I think it's also wonderful that you're considering enlisting the help of close friends for support - having a solid support system can make a huge difference. What do you think about reaching out to them specifically to talk about your boundaries and strategies for handling uncomfortable conversations or situations?,150.94754192978144,p2:2,101,3,0.11592498049139977,4.109130008146167,8,state_1a8e1eb1d03cc9252b38,p2,False
ME+R0,0,me_r0,"[2181, 10578, 1093, 499, 2351, 3339, 1063, 2294, 5208, 304, 6968, 264, 3197, 311, 10519, 701, 470, 12313, 323, 14604, 20334, 2391, 279, 13306, 13, 3011, 5097, 264, 2763, 315, 25775, 323, 659, 66104, 2136, 13, 358, 2846, 16089, 499, 2351, 13126, 665, 35696, 279, 1520, 315, 3345, 4885, 369, 1862, 482, 3515, 264, 6573, 1862, 1887, 649, 1304, 264, 6908, 6811, 13, 3639, 656, 499, 1781, 374, 279, 1455, 17436, 961, 315, 31692, 23546, 323, 15174, 311, 5766, 29213, 21633, 477, 15082, 30, 128009]",0.13739312998950481,391eb62b5e02e9d7fc1641bfc3dc5e5a596f8ea76135eaa3fe1f3da77edf1b62,2557.088838890195,0.03810110501945019,245.07260788232088,4482e9a7456ee180230ecdc381d639756b102ed4ca2875e835cd0a1e62f69c19,1430,2564.0690980944782,251.9698990508914,251.91547395661473,e342590245a3514dcfbb34a60bba4e494aae2259bdca64d7b6382733a7525186,True,403,85,0.007855938747525215,3,0.016342848539352417,,1,r1:state_1a8e1eb1d03cc9252b38:me_r0,56d59b79b27edc605d35471a804de66eb3522bc57b4240c3dbf65ec8bd856aeb,It sounds like you're making some great progress in creating a plan to maintain your composure and emotional stability during the wedding. That takes a lot of courage and self-awareness. I'm glad you're considering enlisting the help of close friends for support - having a solid support system can make a huge difference. What do you think is the most challenging part of establishing boundaries and strategies to avoid uncomfortable conversations or situations?,3.4417621791362762,p2:2,101,1,0.11602393351495266,3.222780069336295,8,state_1a8e1eb1d03cc9252b38,p2,False
MSE+RS,0,pm_off,"[2181, 10578, 1093, 499, 2351, 3339, 1063, 2294, 5208, 389, 6968, 264, 3197, 311, 10519, 701, 470, 12313, 323, 14604, 20334, 2391, 279, 13306, 13, 3011, 596, 2216, 66388, 13, 358, 1781, 433, 596, 1101, 11364, 430, 499, 2351, 13126, 665, 35696, 279, 1520, 315, 3345, 4885, 369, 1862, 482, 3515, 264, 6573, 1862, 1887, 649, 1304, 264, 6908, 6811, 13, 3639, 656, 499, 1781, 922, 19261, 704, 311, 1124, 11951, 311, 3137, 922, 701, 23546, 323, 15174, 369, 11850, 29213, 21633, 477, 15082, 30, 128009]",0.2026099245995283,391eb62b5e02e9d7fc1641bfc3dc5e5a596f8ea76135eaa3fe1f3da77edf1b62,2669.4524011109024,0.0455689150840044,297.1742090303451,76102bb430f86840a1bdf05581e5f6c4d61437dc371213c60292d15b45ea546b,1757,2913.979758042842,541.5683309547603,541.4989560376853,f450b26fd70e1cafcea3b332815148b527cff50d0c82da2adba3ec77cc1e8f77,True,404,86,7.249851943925023,4,0.04119216464459896,True,1,r1:state_1a8e1eb1d03cc9252b38:pm_off,0ba07c746e0bea29a2ba4676641f62a3fb057f35f2e111076eb23d622e2b8a41,It sounds like you're making some great progress on creating a plan to maintain your composure and emotional stability during the wedding. That's really empowering. I think it's also wonderful that you're considering enlisting the help of close friends for support - having a solid support system can make a huge difference. What do you think about reaching out to them specifically to talk about your boundaries and strategies for handling uncomfortable conversations or situations?,232.75399790145457,p2:2,101,3,0.11208513751626015,4.122050944715738,8,state_1a8e1eb1d03cc9252b38,p2,False
ME+R0,0,me_r0,"[2181, 10578, 1093, 420, 16907, 13123, 449, 7762, 706, 2216, 66900, 499, 709, 13, 1102, 596, 1093, 499, 3077, 1027, 4295, 449, 264, 12330, 315, 21958, 430, 499, 3463, 499, 4265, 2736, 15590, 13, 3053, 499, 3371, 757, 810, 922, 1148, 499, 2351, 8430, 1314, 1457, 30, 3639, 596, 279, 1455, 22798, 477, 26175, 20356, 430, 596, 5108, 709, 369, 499, 30, 128009]",0.11788192205131054,391eb62b5e02e9d7fc1641bfc3dc5e5a596f8ea76135eaa3fe1f3da77edf1b62,1884.6347918733954,0.053344061598181725,180.54295098409057,a2289ea2b9d99e1099708276d3aca4df3f8035d11eb9ddb25c1ca0e7ef67d2ff,1118,1891.586092999205,187.47787503525615,187.3763701878488,20a273c0059760d0916d84072badb73eb86d1b295052e89d52ebac1e6ece15a2,True,405,63,0.009628012776374817,0,0.02001202665269375,,1,r1:state_addd9cc6e8fd4ccb6c2b:me_r0,e94303f3f69d1c240ebe9f1f2e818871474f32fd9f5331477d484a4f30bba98e,It sounds like this unexpected encounter with Jack has really shaken you up. It's like you've been hit with a wave of emotions that you thought you'd already processed. Can you tell me more about what you're feeling right now? What's the most overwhelming or painful emotion that's coming up for you?,3.0615159776061773,p6:1,303,1,0.16197911463677883,3.5269400104880333,3,state_addd9cc6e8fd4ccb6c2b,p6,False
MPMSME+RS,0,fixed_off,"[2181, 10578, 1093, 9298, 7762, 1578, 706, 75940, 709, 264, 2763, 315, 21958, 323, 16024, 499, 3463, 499, 4265, 7882, 3347, 13, 3053, 499, 3371, 757, 810, 922, 1148, 596, 1027, 2133, 1555, 701, 4059, 2533, 279, 13123, 30, 3639, 527, 1063, 315, 279, 11555, 323, 21958, 430, 617, 1027, 40986, 369, 499, 30, 128009]",0.17977599054574966,391eb62b5e02e9d7fc1641bfc3dc5e5a596f8ea76135eaa3fe1f3da77edf1b62,1746.4141850359738,0.04290393553674221,242.97033599577844,a4b675e4993b7c8c1af0e1faf1d64658c3430ca96e49de90ff0982aa10217cd6,1509,1933.2974650897086,429.7305201180279,429.67384005896747,5171c5c9bcc1bd326e50851ed91cf26bbdf01abc4101259d03007f40a89d6967,True,406,55,0.006566988304257393,1,0.04155910573899746,True,1,r1:state_addd9cc6e8fd4ccb6c2b:fixed_off,b8c6aa1bc9e152595362a20e8021f8e42fae1615daed95bbd857f48bd3c48f11,It sounds like seeing Jack again has stirred up a lot of emotions and feelings you thought you'd moved past. Can you tell me more about what's been going through your mind since the encounter? What are some of the thoughts and emotions that have been arising for you?,182.95771698467433,p6:1,303,4,0.10856101289391518,3.546196036040783,3,state_addd9cc6e8fd4ccb6c2b,p6,False
MPE+RS,0,pm_off,"[2181, 10578, 1093, 9298, 7762, 1578, 706, 2216, 75940, 709, 1063, 2362, 21958, 323, 1903, 499, 2733, 1093, 499, 2351, 539, 439, 62320, 439, 499, 3463, 13, 3053, 499, 3371, 757, 810, 922, 1148, 596, 1027, 2133, 1555, 701, 4059, 2533, 499, 5602, 1461, 30, 3639, 527, 1063, 315, 279, 11555, 323, 16024, 430, 617, 1027, 50949, 709, 369, 499, 30, 128009]",0.11940812692046165,391eb62b5e02e9d7fc1641bfc3dc5e5a596f8ea76135eaa3fe1f3da77edf1b62,1929.2552808765322,0.06992113776504993,246.5557768009603,fdcdcebe002ec4329844152e89acd4b8ee90d1d5c7f5ac1cd2c2fdb077f8ae03,1423,2168.3583531994373,485.6486660428345,485.5394409969449,b158b62b5520fa703d5332ad2097d879087547135c59e2bc9893959d7b7abcdb,True,407,62,7.930615916848183,2,0.07157702930271626,True,1,r1:state_addd9cc6e8fd4ccb6c2b:pm_off,8e9ebb8612f4ed21b1ce2d2b601ac11bfaf74552d82eab74241d507c2ead391b,It sounds like seeing Jack again has really stirred up some old emotions and made you feel like you're not as healed as you thought. Can you tell me more about what's been going through your mind since you saw him? What are some of the thoughts and feelings that have been popping up for you?,226.16835706867278,p6:1,303,3,0.16216817311942577,4.581024870276451,3,state_addd9cc6e8fd4ccb6c2b,p6,False
MSE+RS,0,rule_off,"[2181, 10578, 1093, 9298, 7762, 1578, 706, 75940, 709, 264, 2763, 315, 21958, 323, 16024, 499, 3463, 499, 4265, 7882, 3347, 13, 3053, 499, 3371, 757, 810, 922, 1148, 596, 1027, 2133, 1555, 701, 4059, 2533, 279, 13123, 30, 3639, 527, 1063, 315, 279, 11555, 323, 21958, 430, 617, 1027, 40986, 369, 499, 30, 128009]",0.16991817392408848,391eb62b5e02e9d7fc1641bfc3dc5e5a596f8ea76135eaa3fe1f3da77edf1b62,1735.240827780217,0.04309299401938915,241.88730493187904,b249481069328b7b4cbb5e516d03390423d8bf9625eecb1d0c3385a897ec4d10,1480,1924.9400100670755,431.47391197271645,431.4165690448135,24673abdf0a5e05a2586a9516605b1362edab281809acc64da52c4110aca47ed,True,408,55,173.89599396847188,3,0.035495031625032425,True,1,r1:state_addd9cc6e8fd4ccb6c2b:rule_off,b8c6aa1bc9e152595362a20e8021f8e42fae1615daed95bbd857f48bd3c48f11,It sounds like seeing Jack again has stirred up a lot of emotions and feelings you thought you'd moved past. Can you tell me more about what's been going through your mind since the encounter? What are some of the thoughts and emotions that have been arising for you?,11.995580047369003,p6:1,303,3,0.11016498319804668,3.448937088251114,3,state_addd9cc6e8fd4ccb6c2b,p6,False
M0+R0,0,context_only,"[2181, 10578, 1093, 499, 2351, 8430, 264, 2766, 1093, 499, 2351, 16075, 1990, 1403, 24800, 482, 279, 832, 1405, 499, 3463, 499, 4265, 7882, 389, 11, 323, 279, 832, 1405, 279, 2362, 21958, 323, 16024, 527, 2103, 1633, 1790, 3118, 13, 3011, 649, 387, 264, 2216, 29213, 323, 31715, 2035, 311, 387, 13, 3053, 499, 3371, 757, 810, 922, 1148, 596, 1027, 2133, 1555, 701, 4059, 323, 4851, 2533, 9298, 7762, 30, 128009]",0.19189389422535896,391eb62b5e02e9d7fc1641bfc3dc5e5a596f8ea76135eaa3fe1f3da77edf1b62,2044.4648719858378,0.05043298006057739,72.43961584754288,b5c0b4d6680db58a4fadfec8d6827e651b22ea8ff23a3e3b49e64838d580707e,312,2046.3928959798068,74.23042110167444,74.17574594728649,9535e2314b401be61ce48d4af9eba0a6b388a38ebb08ca529e596647d65fd061,True,409,73,0.009386101737618446,4,0.01109694130718708,,1,r1:state_addd9cc6e8fd4ccb6c2b:context_only,9e409a60b10ca0ddd182ae0897966e8d49727d0c6293ddc040b9e8ff1d53006e,"It sounds like you're feeling a bit like you're stuck between two worlds - the one where you thought you'd moved on, and the one where the old emotions and feelings are still very much present. That can be a really uncomfortable and confusing place to be. Can you tell me more about what's been going through your mind and heart since seeing Jack?",0.035834964364767075,p6:1,303,0,0.15412596985697746,1.4752531424164772,3,state_addd9cc6e8fd4ccb6c2b,p6,False
MPMS+RS,0,pm_off,"[2181, 10578, 1093, 499, 2351, 8430, 264, 2766, 43206, 555, 279, 4623, 315, 18667, 264, 1912, 11, 719, 1101, 49183, 430, 433, 1436, 387, 264, 2294, 6776, 369, 499, 311, 990, 389, 701, 3674, 74884, 32606, 323, 1935, 2512, 315, 701, 7106, 2890, 13, 3053, 499, 3371, 757, 810, 922, 1148, 596, 10168, 499, 1203, 505, 4737, 430, 1176, 3094, 30, 128009]",0.11934922076761723,391eb62b5e02e9d7fc1641bfc3dc5e5a596f8ea76135eaa3fe1f3da77edf1b62,1769.768558908254,0.04527391865849495,120.92934804968536,20700f4db81125205ac21fd23258eeafe99d82b0ff8cbe278a62ad77d68226c2,703,1972.0545220188797,323.13784188590944,323.0959619395435,d93ee38113eb7cacdc813e7d84a95b262bcd015b6dffbe5c1684b383e2af9745,True,410,62,7.019615964964032,0,0.037451041862368584,True,1,r1:state_4955ef7e024bd4351130:pm_off,20d7d1eb241f8d484d533baec5255178900ca2a8624dfd3c322d88c4a544c6be,"It sounds like you're feeling a bit overwhelmed by the idea of joining a group, but also recognizing that it could be a great opportunity for you to work on your social anxieties and take care of your physical health. Can you tell me more about what's holding you back from taking that first step?",192.78507307171822,p9:1,202,3,0.1488418783992529,2.130358014255762,3,state_4955ef7e024bd4351130,p9,False
ME+R0,0,me_r0,"[2181, 10578, 1093, 499, 2351, 8430, 264, 6651, 315, 21958, 922, 18667, 279, 4029, 39890, 2068, 482, 18547, 922, 1694, 304, 264, 1912, 6376, 11, 719, 1101, 264, 5647, 315, 26314, 311, 1935, 2512, 315, 701, 2890, 13, 3053, 499, 3371, 757, 810, 922, 1148, 596, 10168, 499, 1203, 505, 4737, 430, 1176, 3094, 30, 128009]",0.11549494229257107,391eb62b5e02e9d7fc1641bfc3dc5e5a596f8ea76135eaa3fe1f3da77edf1b62,1678.6477770656347,0.03514089621603489,180.97851099446416,7e782d782e0112660435c27fb782166c4c42fa679c278a6e35293948a4548320,1123,1683.6584438569844,185.93103089369833,185.87368284352124,73c19f6571d5484f534a119d08b75828190d2d6b6c5e7086d9f5b431229213c0,True,411,56,0.006105983629822731,1,0.012860167771577835,,1,r1:state_4955ef7e024bd4351130:me_r0,6a4b047b0c0f58b273f03807d90f9798185630a9a248b001bd9a18514f18ecda,"It sounds like you're feeling a mix of emotions about joining the community wellness program - anxiety about being in a group setting, but also a sense of determination to take care of your health. Can you tell me more about what's holding you back from taking that first step?",2.1133539266884327,p9:1,202,1,0.10699895210564137,2.620711922645569,3,state_4955ef7e024bd4351130,p9,False
M0+R0,0,context_only,"[4897, 5097, 264, 2763, 315, 25775, 311, 25670, 323, 3663, 13, 1102, 10578, 1093, 499, 2351, 8430, 264, 5647, 315, 34104, 11, 719, 1101, 264, 12876, 311, 1935, 2512, 315, 6261, 323, 1304, 264, 6928, 2349, 13, 3053, 499, 3371, 757, 810, 922, 1148, 596, 10168, 499, 1203, 505, 4737, 430, 1176, 3094, 1139, 279, 2068, 30, 128009]",0.11687516234815121,391eb62b5e02e9d7fc1641bfc3dc5e5a596f8ea76135eaa3fe1f3da77edf1b62,1606.3703708350658,0.03530201502144337,72.07491085864604,9ad66d6cd32e23680a961c2fbc5708bcf6565c2ac1510804dbfd52888d7c18c6,315,1607.715249992907,73.33988789469004,73.30291485413909,1de1584191f909c561af47b9bd635f651706bded114142ee3b91c3612d0a7b40,True,412,58,0.006625894457101822,2,0.008634990081191063,,1,r1:state_4955ef7e024bd4351130:context_only,4ccf8d5dee4be3621fee9a91c41c52d89418e1717ff25ea6171e9792d9e14c84,"That takes a lot of courage to acknowledge and face. It sounds like you're feeling a sense of vulnerability, but also a desire to take care of yourself and make a positive change. Can you tell me more about what's holding you back from taking that first step into the program?",0.024589011445641518,p9:1,202,0,0.10661291889846325,1.0462391655892134,3,state_4955ef7e024bd4351130,p9,False
MSE+RS,0,rule_off,"[2181, 10578, 1093, 499, 2351, 8430, 264, 6651, 315, 21958, 922, 18667, 279, 4029, 39890, 2068, 13, 1102, 596, 49839, 311, 2733, 38100, 922, 1694, 304, 264, 1912, 6376, 11, 5423, 994, 499, 2351, 2736, 14892, 449, 1203, 6784, 323, 8631, 505, 990, 13, 3053, 499, 3371, 757, 810, 922, 1148, 596, 10168, 499, 1203, 505, 4737, 420, 3094, 30, 128009]",0.1237550750374794,391eb62b5e02e9d7fc1641bfc3dc5e5a596f8ea76135eaa3fe1f3da77edf1b62,1896.6364990919828,0.04307297058403492,242.06597614102066,ebb6f00ff84a4f5ce584fe21f4a8132b296883e2ac8ed0ce868899e59a4d4aa3,1476,2078.952410025522,424.3159268517047,424.25813199952245,67f9870be32e38f7ed0380c529b99b24016560a4c5f70e6bf042f8b1fac1f144,True,413,61,167.78179095126688,3,0.031030038371682167,True,1,r1:state_4955ef7e024bd4351130:rule_off,d0f7d4500238015f57ecadefef413345bd2f0f5e4185ed5b02ebecf4e607706c,"It sounds like you're feeling a mix of emotions about joining the community wellness program. It's understandable to feel anxious about being in a group setting, especially when you're already dealing with back pain and stress from work. Can you tell me more about what's holding you back from taking this step?",10.728996014222503,p9:1,202,3,0.10651303455233574,3.5007528495043516,3,state_4955ef7e024bd4351130,p9,False
MPMSME+RS,0,fixed_off,"[2181, 10578, 1093, 499, 2351, 8430, 264, 6651, 315, 21958, 922, 18667, 279, 4029, 39890, 2068, 13, 1102, 596, 49839, 311, 2733, 38100, 922, 1694, 304, 264, 1912, 6376, 11, 5423, 994, 499, 2351, 2736, 14892, 449, 3674, 74884, 32606, 13, 12522, 499, 6646, 7556, 311, 279, 2068, 44318, 477, 264, 5687, 4562, 922, 701, 10742, 30, 2435, 1253, 387, 3025, 311, 3085, 1063, 55713, 477, 1862, 311, 1520, 499, 2733, 810, 10882, 13, 128009]",0.12319697998464108,391eb62b5e02e9d7fc1641bfc3dc5e5a596f8ea76135eaa3fe1f3da77edf1b62,2283.0290070269257,0.0425390899181366,242.93754692189395,44a69e6230d97aaf6476b18f00a94385123055037d8b00dc2d442f75bd2bf4fe,1502,2463.3111031726003,423.15745912492275,423.0964460875839,8660fc97084b286e8cbfeeaf661020b66ba64561eebb7350c947c32f3ffcaa70,True,414,75,0.007485970854759216,4,0.038294121623039246,True,1,r1:state_4955ef7e024bd4351130:fixed_off,74fde4a91030960536e420ae1de5f3bc4212f4d8e71a37b4b382ad8f9cea617f,"It sounds like you're feeling a mix of emotions about joining the community wellness program. It's understandable to feel anxious about being in a group setting, especially when you're already dealing with social anxieties. Have you considered talking to the program organizers or a staff member about your concerns? They may be able to offer some accommodations or support to help you feel more comfortable.",176.466102944687,p9:1,202,4,0.10695611126720905,3.4975209273397923,3,state_4955ef7e024bd4351130,p9,False
MPMSME+RS,0,fixed_off,"[40, 649, 5647, 1268, 22798, 420, 1920, 11321, 369, 499, 13, 1102, 596, 6724, 4725, 311, 2733, 85161, 555, 279, 4623, 315, 69027, 701, 2626, 596, 6020, 6373, 1887, 11, 5423, 994, 433, 596, 2555, 499, 3077, 28214, 449, 304, 279, 3347, 13, 19418, 499, 1093, 311, 3137, 810, 922, 1148, 596, 10168, 499, 1203, 505, 4737, 279, 1176, 3094, 11, 477, 374, 1070, 2555, 3230, 430, 596, 1027, 389, 701, 4059, 31445, 30, 128009]",0.19866111688315868,391eb62b5e02e9d7fc1641bfc3dc5e5a596f8ea76135eaa3fe1f3da77edf1b62,2342.7991589996964,0.04338100552558899,280.7340300641954,e7d9a3d217614e52babad1ae1791070fa0dccf36a6e5bfb3e86eb6b7b31376e7,1674,2584.9984760861844,522.7854601107538,522.7346860338002,f4f48fa51899b755d7cd1dcf4580a95488d45963ee9152584c0e3df58119ea40,True,415,75,0.006559072062373161,0,0.04311813972890377,True,1,r1:state_1679d891d5425f37ea08:fixed_off,f41257aad2dca921bbabd5f44ba9940276785c004a7457d77831a4fb34a8b50f,"I can sense how overwhelming this process feels for you. It's completely normal to feel intimidated by the idea of restructuring your business's financial management system, especially when it's something you've struggled with in the past. Would you like to talk more about what's holding you back from taking the first step, or is there something specific that's been on your mind lately?",237.83996189013124,p7:1,101,4,0.10952702723443508,3.9581088349223137,8,state_1679d891d5425f37ea08,p7,False
MSE+RS,0,rule_off,"[40, 649, 5647, 1268, 22798, 420, 1920, 11321, 369, 499, 13, 1102, 596, 6724, 4725, 311, 2733, 85161, 555, 279, 4623, 315, 69027, 701, 2626, 596, 6020, 6373, 1887, 11, 5423, 994, 433, 596, 2555, 499, 3077, 28214, 449, 304, 279, 3347, 13, 19418, 499, 1093, 311, 3137, 810, 922, 1148, 596, 10168, 499, 1203, 505, 4737, 279, 1176, 3094, 11, 477, 374, 1070, 2555, 3230, 430, 596, 1027, 389, 701, 4059, 31445, 30, 128009]",0.13025500811636448,391eb62b5e02e9d7fc1641bfc3dc5e5a596f8ea76135eaa3fe1f3da77edf1b62,2317.462953971699,0.06691692396998405,264.4818041007966,73855a5fd255428b5b5300a1aa30350b61b0d9eb4559b1425c69d074a9a546f1,1648,2619.815185898915,566.8192859739065,566.7037810198963,60721e9f4cd4e7a924ceb40c8a8154ab26408687a437dc348413034d31199a8b,True,416,75,280.928208027035,1,0.0612637959420681,True,1,r1:state_1679d891d5425f37ea08:rule_off,f41257aad2dca921bbabd5f44ba9940276785c004a7457d77831a4fb34a8b50f,"I can sense how overwhelming this process feels for you. It's completely normal to feel intimidated by the idea of restructuring your business's financial management system, especially when it's something you've struggled with in the past. Would you like to talk more about what's holding you back from taking the first step, or is there something specific that's been on your mind lately?",15.82888513803482,p7:1,101,3,0.1655819360166788,5.171121098101139,8,state_1679d891d5425f37ea08,p7,False
ME+R0,0,me_r0,"[2181, 10578, 1093, 279, 4623, 315, 69027, 701, 2626, 596, 6020, 6373, 1887, 374, 8430, 2216, 57697, 1314, 1457, 13, 3053, 499, 3371, 757, 810, 922, 1148, 596, 11951, 14718, 430, 8430, 315, 96848, 30, 2209, 433, 279, 3463, 315, 9455, 264, 6020, 31760, 11, 477, 374, 433, 810, 922, 279, 1920, 315, 10223, 701, 1510, 6067, 30, 128009]",0.11325906962156296,391eb62b5e02e9d7fc1641bfc3dc5e5a596f8ea76135eaa3fe1f3da77edf1b62,1830.0159049686044,0.03587803803384304,232.4886790011078,d69e9b246add0eb1ab6b0cad9fb85216f6c96e61db7fd9d5192b6b780ec04b09,1340,1835.8153810258955,238.23289899155498,238.17489598877728,56a5294f3c69bbc68113c43df22d5583438140b7f49960a2d91b8146bf0a9b75,True,417,59,0.006469897925853729,2,0.01491699367761612,,1,r1:state_1679d891d5425f37ea08:me_r0,aeff280d9b21e6f8beda72810fdffa81a9b466ac0e876301d6af78c6d9835df1,"It sounds like the idea of restructuring your business's financial management system is feeling really daunting right now. Can you tell me more about what's specifically causing that feeling of overwhelm? Is it the thought of finding a financial consultant, or is it more about the process of changing your current systems?",2.529595047235489,p7:1,101,1,0.11646305210888386,2.9828939586877823,8,state_1679d891d5425f37ea08,p7,False
MSE+RS,0,pm_off,"[40, 649, 5647, 1268, 22798, 420, 1920, 11321, 369, 499, 13, 1102, 596, 6724, 4725, 311, 2733, 85161, 555, 279, 4623, 315, 69027, 701, 2626, 596, 6020, 6373, 1887, 11, 5423, 994, 433, 596, 2555, 499, 3077, 28214, 449, 304, 279, 3347, 13, 19418, 499, 1093, 311, 3137, 810, 922, 1148, 596, 10168, 499, 1203, 505, 4737, 279, 1176, 3094, 11, 477, 374, 1070, 2555, 3230, 430, 596, 1027, 389, 701, 4059, 31445, 30, 128009]",0.1279341522604227,391eb62b5e02e9d7fc1641bfc3dc5e5a596f8ea76135eaa3fe1f3da77edf1b62,2311.6556538734585,0.041910912841558456,263.61621893011034,73855a5fd255428b5b5300a1aa30350b61b0d9eb4559b1425c69d074a9a546f1,1648,2691.906833089888,643.7868231441826,643.7394639942795,60721e9f4cd4e7a924ceb40c8a8154ab26408687a437dc348413034d31199a8b,True,418,75,7.113953121006489,3,0.03899913281202316,True,1,r1:state_1679d891d5425f37ea08:pm_off,f41257aad2dca921bbabd5f44ba9940276785c004a7457d77831a4fb34a8b50f,"I can sense how overwhelming this process feels for you. It's completely normal to feel intimidated by the idea of restructuring your business's financial management system, especially when it's something you've struggled with in the past. Would you like to talk more about what's holding you back from taking the first step, or is there something specific that's been on your mind lately?",368.9007319044322,p7:1,101,3,0.10677799582481384,3.9208719972521067,8,state_1679d891d5425f37ea08,p7,False
M0+R0,0,context_only,"[2181, 596, 6724, 4725, 311, 2733, 43206, 555, 279, 4623, 315, 69027, 701, 6020, 6373, 1887, 13, 1102, 596, 264, 2466, 49326, 11, 323, 433, 596, 5933, 311, 2733, 85161, 555, 279, 1920, 13, 2030, 1618, 596, 279, 3245, 25, 499, 3077, 2736, 4529, 264, 6908, 3094, 555, 61708, 279, 1205, 369, 2349, 323, 11125, 1862, 13, 3011, 5097, 264, 2763, 315, 25775, 13, 3639, 422, 584, 1464, 1523, 279, 1920, 1139, 9333, 11, 810, 71128, 7504, 30, 3639, 1053, 433, 1935, 369, 499, 311, 2733, 810, 16913, 323, 304, 2585, 439, 499, 3351, 4741, 30, 128009]",0.14174380339682102,391eb62b5e02e9d7fc1641bfc3dc5e5a596f8ea76135eaa3fe1f3da77edf1b62,2670.823324006051,0.03502704203128815,86.8239919655025,12a45d09bbee39e96d727dc9a4fb4cdb69d070a027a0b5f5429a2216f515880b,438,2672.5406339392066,88.44243292696774,88.39955809526145,d5b50025a63c2578211ce95136bd71f5a889276429b3a59e6c2e5852c0c33fc0,True,419,97,0.00723707489669323,4,0.008266884833574295,,1,r1:state_1679d891d5425f37ea08:context_only,78868f792d07ce6b8096f46e1b47cf81947de14f066096842feb04f8138d98f7,"It's completely normal to feel overwhelmed by the idea of restructuring your financial management system. It's a big undertaking, and it's natural to feel intimidated by the process. But here's the thing: you've already taken a huge step by acknowledging the need for change and seeking support. That takes a lot of courage. What if we break down the process into smaller, more manageable steps? What would it take for you to feel more confident and in control as you move forward?",0.036190031096339226,p7:1,101,0,0.11108000762760639,1.3777650892734528,8,state_1679d891d5425f37ea08,p7,False
M0+R0,0,context_only,"[4897, 2011, 617, 1027, 264, 2216, 11292, 3217, 369, 499, 13, 1102, 596, 1093, 1694, 4295, 449, 264, 12330, 315, 21958, 430, 499, 3463, 499, 4265, 2736, 15590, 13, 3053, 499, 3371, 757, 810, 922, 1148, 7077, 994, 499, 5602, 30750, 1578, 30, 3639, 574, 2133, 1555, 701, 4059, 323, 2547, 2391, 430, 13123, 30, 128009]",0.1183520071208477,391eb62b5e02e9d7fc1641bfc3dc5e5a596f8ea76135eaa3fe1f3da77edf1b62,1571.6076011303812,0.035281991586089134,87.11283095180988,82c64faae78980b5eac580c5f4b625ce1c4bcee045d0e658ee700169f4825890,441,1573.286454193294,88.70796300470829,88.67333200760186,a7495ac5c27ff56276b0f987d871f7ce8f30d08c23f3ef55aeddabba56a31f70,True,420,56,0.006573973223567009,0,0.009322073310613632,,1,r1:state_1ff7c99c51a76f3b833b:context_only,b311e886ad80bd121d2a359bc101e365c44afb2a99a9595658a001f6e9e8e9a2,That must have been a really tough experience for you. It's like being hit with a wave of emotions that you thought you'd already processed. Can you tell me more about what happened when you saw Jennifer again? What was going through your mind and body during that encounter?,0.03230688162147999,p8:2,303,0,0.10887417010962963,1.3681419659405947,8,state_1ff7c99c51a76f3b833b,p8,False
MSE+RS,0,rule_off,"[2181, 10578, 1093, 9298, 30750, 1578, 7263, 709, 264, 2763, 315, 21958, 323, 27924, 369, 499, 13, 3053, 499, 3371, 757, 810, 922, 1148, 499, 2351, 8430, 1314, 1457, 30, 3639, 596, 2133, 1555, 701, 4059, 323, 4851, 439, 499, 1920, 420, 16907, 13123, 30, 128009]",0.16643083654344082,391eb62b5e02e9d7fc1641bfc3dc5e5a596f8ea76135eaa3fe1f3da77edf1b62,1524.6789890807122,0.04252791404724121,264.98706405982375,eae6da03a6b8addd1f6887155c6e16bc270a418d190c0ec8a19bb60d22bc8306,1660,1769.270199816674,509.4637959264219,509.4118439592421,aefb5d90ecc983bc5a9b61fa0733c2604f3b7078b9239dcc82da97550897406f,True,421,46,226.04057402350008,1,0.0368321780115366,True,1,r1:state_1ff7c99c51a76f3b833b:rule_off,f99dbb5caba538abf15359a84c15b07da7c31bd87271bac0e659be3f68d15ffb,It sounds like seeing Jennifer again brought up a lot of emotions and uncertainty for you. Can you tell me more about what you're feeling right now? What's going through your mind and heart as you process this unexpected encounter?,14.346581883728504,p8:2,303,3,0.11072494089603424,3.847538959234953,8,state_1ff7c99c51a76f3b833b,p8,False
ME+R0,0,me_r0,"[40, 2846, 779, 16089, 499, 6612, 10882, 11821, 420, 449, 757, 13, 1102, 10578, 1093, 279, 16907, 13123, 449, 30750, 2216, 75940, 709, 264, 2763, 315, 21958, 323, 16024, 430, 499, 3463, 499, 4265, 2736, 15590, 13, 3053, 499, 3371, 757, 810, 922, 1148, 433, 574, 1093, 311, 1518, 1077, 1578, 30, 3639, 1051, 1063, 315, 279, 21958, 430, 3782, 709, 369, 499, 30, 128009]",0.12899795547127724,391eb62b5e02e9d7fc1641bfc3dc5e5a596f8ea76135eaa3fe1f3da77edf1b62,2006.4956250134856,0.05226209759712219,232.8015579842031,c5bbd6fee84415b6e797b099922a065a167fa50ccd0ab881601323e442928d14,1333,2015.9022421576083,242.17836512252688,242.07917717285454,32fc003b37153cc1d1c555dd067b764c68dda21a91f8fb0e5c02719838b50c96,True,422,65,0.010736985132098198,2,0.02337805926799774,,1,r1:state_1ff7c99c51a76f3b833b:me_r0,ba3e0eb77e7ec552a37db6774bbfc23528874206907747c54d869ae242fae405,I'm so glad you felt comfortable sharing this with me. It sounds like the unexpected encounter with Jennifer really stirred up a lot of emotions and feelings that you thought you'd already processed. Can you tell me more about what it was like to see her again? What were some of the emotions that came up for you?,5.127297947183251,p8:2,303,1,0.1638270914554596,3.9001170080155134,8,state_1ff7c99c51a76f3b833b,p8,False
MPMSME+RS,0,fixed_off,"[2181, 10578, 1093, 9298, 30750, 1578, 706, 75940, 709, 264, 2763, 315, 21958, 369, 499, 13, 3053, 499, 3371, 757, 810, 922, 1148, 499, 2351, 8430, 1314, 1457, 30, 3639, 596, 1027, 279, 1455, 17436, 961, 315, 420, 3217, 369, 499, 30, 128009]",0.11085812002420425,391eb62b5e02e9d7fc1641bfc3dc5e5a596f8ea76135eaa3fe1f3da77edf1b62,1444.9850590899587,0.04339800216257572,280.43978521600366,2a7dcabc9a14fd83af9ad1219aa8cd55038d079a9bac33fd8c2e92c58e353f32,1684,1693.1294221431017,528.5355991218239,528.4732901491225,6cfd33fc1c08f87fdce151387056f917ba16bacb65e3644e530c8bc8fe439053,True,423,43,0.006684102118015289,3,0.04629208706319332,True,1,r1:state_1ff7c99c51a76f3b833b:fixed_off,2d9f9e9d948406152eb9dd610f791da88f0a3890f0b413791e4d27f7d4845b55,It sounds like seeing Jennifer again has stirred up a lot of emotions for you. Can you tell me more about what you're feeling right now? What's been the most challenging part of this experience for you?,243.78688586875796,p8:2,303,4,0.1117209903895855,4.038523882627487,8,state_1ff7c99c51a76f3b833b,p8,False
MSE+RS,0,pm_off,"[2181, 10578, 1093, 9298, 30750, 1578, 7263, 709, 264, 2763, 315, 21958, 323, 27924, 369, 499, 13, 3053, 499, 3371, 757, 810, 922, 1148, 499, 2351, 8430, 1314, 1457, 30, 3639, 596, 2133, 1555, 701, 4059, 323, 4851, 439, 499, 1920, 420, 16907, 13123, 30, 128009]",0.11501205153763294,391eb62b5e02e9d7fc1641bfc3dc5e5a596f8ea76135eaa3fe1f3da77edf1b62,1527.8968610800803,0.06643892265856266,265.53932297974825,eae6da03a6b8addd1f6887155c6e16bc270a418d190c0ec8a19bb60d22bc8306,1660,1832.4848641641438,570.1066851615906,570.0123140122741,aefb5d90ecc983bc5a9b61fa0733c2604f3b7078b9239dcc82da97550897406f,True,424,46,8.20717797614634,4,0.067469896748662,True,1,r1:state_1ff7c99c51a76f3b833b:pm_off,f99dbb5caba538abf15359a84c15b07da7c31bd87271bac0e659be3f68d15ffb,It sounds like seeing Jennifer again brought up a lot of emotions and uncertainty for you. Can you tell me more about what you're feeling right now? What's going through your mind and heart as you process this unexpected encounter?,290.87465605698526,p8:2,303,3,0.12277602218091488,5.134472157806158,8,state_1ff7c99c51a76f3b833b,p8,False
MPMSME+RS,0,fixed_off,"[2181, 10578, 1093, 9298, 3842, 1578, 706, 75940, 709, 264, 2763, 315, 21958, 323, 1903, 499, 3488, 701, 21730, 5208, 13, 3011, 649, 387, 2216, 11292, 311, 21546, 13, 3053, 499, 3371, 757, 810, 922, 1148, 596, 1027, 2133, 1555, 701, 4059, 2533, 279, 13123, 30, 3639, 527, 1063, 315, 279, 11555, 323, 16024, 430, 617, 1027, 40986, 369, 499, 30, 128009]",0.17473194748163223,391eb62b5e02e9d7fc1641bfc3dc5e5a596f8ea76135eaa3fe1f3da77edf1b62,1958.025958854705,0.04239007830619812,262.2460899874568,6ea14956e3e218c0ff81ad2c1b6f98ae4ec0d25e4716395eaa3a798bdca7d070,1618,2130.078379996121,434.2042370699346,434.123779181391,5fe12dbe2cd69ca1c7c595d2d19cb0a5bc95797b7475cd6936d7726b8392d740,True,425,62,0.006549060344696045,0,0.043252017349004745,True,1,r1:state_7b616bddefee4a946561:fixed_off,010387abc807840d3e5e5a0978be0e2c9f03447df5475eee05761cc8628ce7b7,It sounds like seeing John again has stirred up a lot of emotions and made you question your healing progress. That can be really tough to navigate. Can you tell me more about what's been going through your mind since the encounter? What are some of the thoughts and feelings that have been arising for you?,167.94471186585724,p11:2,101,4,0.11112610809504986,3.72966006398201,3,state_7b616bddefee4a946561,p11,False
MSE+RS,0,rule_off,"[2181, 10578, 1093, 9298, 3842, 1578, 706, 75940, 709, 264, 2763, 315, 21958, 323, 1903, 499, 3488, 701, 21730, 5208, 13, 3011, 649, 387, 2216, 11292, 311, 21546, 13, 3053, 499, 3371, 757, 810, 922, 1148, 596, 1027, 2133, 1555, 701, 4059, 2533, 279, 13123, 30, 3639, 527, 1063, 315, 279, 11555, 323, 16024, 430, 617, 1027, 40986, 369, 499, 30, 128009]",0.11702999472618103,391eb62b5e02e9d7fc1641bfc3dc5e5a596f8ea76135eaa3fe1f3da77edf1b62,1950.2088190056384,0.06426498293876648,260.8462520875037,88b6997a6b6b54fad531aaf864f31394226f099c98bd35cb1e678d86f95e0dee,1589,2163.979952922091,474.61013100109994,474.50035600923,4ec7758d0d800ad42649f8158de1409ede7e0e71a97eac07a4e89b48e9268f69,True,426,62,193.0284989066422,1,0.054573873057961464,True,1,r1:state_7b616bddefee4a946561:rule_off,010387abc807840d3e5e5a0978be0e2c9f03447df5475eee05761cc8628ce7b7,It sounds like seeing John again has stirred up a lot of emotions and made you question your healing progress. That can be really tough to navigate. Can you tell me more about what's been going through your mind since the encounter? What are some of the thoughts and feelings that have been arising for you?,15.520942164584994,p11:2,101,3,0.1484360545873642,4.837387939915061,3,state_7b616bddefee4a946561,p11,False
ME+R0,0,me_r0,"[2181, 10578, 1093, 9298, 3842, 1578, 706, 75940, 709, 264, 2763, 315, 21958, 323, 1903, 499, 3488, 701, 21730, 5208, 13, 3011, 649, 387, 2216, 11292, 13, 3053, 499, 3371, 757, 810, 922, 1148, 499, 2351, 16026, 311, 11322, 304, 3878, 315, 21730, 323, 7366, 389, 30, 3639, 1587, 430, 1427, 1093, 369, 499, 30, 128009]",0.18102792091667652,391eb62b5e02e9d7fc1641bfc3dc5e5a596f8ea76135eaa3fe1f3da77edf1b62,1714.1763831023127,0.03519398160278797,194.64860507287085,6a8fc3c1df280b7716761ab44f1f51cdcd2184a3ff692919e9da90f82ca1760f,1187,1719.7419139556587,200.10337908752263,200.03310800530016,db6229fac977d3ba449969166ed6a61b71dc3062dd55767bef14022484eeb0d3,True,427,56,0.0072410330176353455,2,0.016452977433800697,,1,r1:state_7b616bddefee4a946561:me_r0,16035850c3ca97f5f5e10dfcda3631027228770f6d27e1e65aad199e9cef2bb0,It sounds like seeing John again has stirred up a lot of emotions and made you question your healing progress. That can be really tough. Can you tell me more about what you're hoping to achieve in terms of healing and moving on? What does that look like for you?,2.52589606679976,p11:2,101,1,0.10907696560025215,2.6906419079750776,3,state_7b616bddefee4a946561,p11,False
M0+R0,0,context_only,"[2181, 596, 6724, 4725, 311, 2733, 1093, 499, 3077, 4529, 264, 3094, 1203, 11, 5423, 994, 17011, 449, 264, 8346, 1093, 9298, 459, 506, 13, 1102, 3250, 956, 3152, 499, 2351, 539, 21730, 11, 719, 4856, 430, 499, 2351, 2103, 3318, 1555, 1063, 315, 279, 21958, 430, 527, 2103, 3118, 13, 3053, 499, 3371, 757, 810, 922, 1148, 499, 3152, 555, 330, 359, 40847, 16024, 323, 19459, 44969, 3639, 11951, 706, 1027, 5108, 709, 369, 499, 2533, 9298, 3842, 30, 128009]",0.138923991471529,391eb62b5e02e9d7fc1641bfc3dc5e5a596f8ea76135eaa3fe1f3da77edf1b62,2247.828533872962,0.051246024668216705,72.64990289695561,a43db1ff72baa1d1ae4d1384eb5b52a4c6cd65c4c8c6b9b18e79c2ad83bfecd3,311,2249.719503801316,74.47281898930669,74.4019488338381,df0255124b5883d0057c1dddfb91f0cce2c8df89d9d3a62b8f813d607a515702,True,428,81,0.00986107625067234,3,0.01268414780497551,,1,r1:state_7b616bddefee4a946561:context_only,6ba5710987c84b420006595037345556d295afb8b61e5d0d62fa68597b066911,"It's completely normal to feel like you've taken a step back, especially when faced with a trigger like seeing an ex. It doesn't mean you're not healing, but rather that you're still working through some of the emotions that are still present. Can you tell me more about what you mean by ""unresolved feelings and memories""? What specifically has been coming up for you since seeing John?",0.04099588841199875,p11:2,101,0,0.15436182729899883,1.4828969724476337,3,state_7b616bddefee4a946561,p11,False
MP+RS,0,pm_off,"[2181, 10578, 1093, 9298, 3842, 1578, 706, 75940, 709, 264, 2763, 315, 21958, 323, 19459, 505, 701, 3347, 5133, 13, 3011, 649, 387, 2216, 11292, 311, 21546, 11, 5423, 994, 499, 3463, 499, 4265, 1903, 5208, 304, 21730, 13, 3053, 499, 3371, 757, 810, 922, 1148, 596, 1027, 2133, 1555, 701, 4059, 323, 4851, 2533, 279, 13123, 30, 3639, 527, 1063, 315, 279, 11555, 323, 16024, 430, 617, 1027, 40986, 369, 499, 30, 128009]",0.12965593487024307,391eb62b5e02e9d7fc1641bfc3dc5e5a596f8ea76135eaa3fe1f3da77edf1b62,2092.554216971621,0.04423805512487888,120.31344696879387,631e38f0a7ad6f755e9909fca88b701a56708f7b5fc98991fa452cd391b038b6,667,2266.442887019366,294.1200661007315,294.07246108166873,7157b3ebb7684f0abb69aa35ef5bacd5f1d4669419e34ebb4d26ffcd1eeab30a,True,429,74,5.987752927467227,4,0.031905947253108025,True,1,r1:state_7b616bddefee4a946561:pm_off,c56fb2c2c229661ce1144e8d0f16948ebda0b0a74e3863b54c8ea5dd7b717d7e,"It sounds like seeing John again has stirred up a lot of emotions and memories from your past relationship. That can be really tough to navigate, especially when you thought you'd made progress in healing. Can you tell me more about what's been going through your mind and heart since the encounter? What are some of the thoughts and feelings that have been arising for you?",165.55398213677108,p11:2,101,2,0.10682502761483192,2.034310018643737,3,state_7b616bddefee4a946561,p11,False
ME+R0,0,me_r0,"[40, 2846, 779, 16089, 499, 2733, 10882, 11821, 420, 449, 757, 13, 1102, 10578, 1093, 499, 2351, 15691, 264, 8987, 23104, 449, 44463, 701, 7978, 323, 4737, 2512, 315, 701, 7106, 323, 10723, 2890, 13, 3053, 499, 3371, 757, 810, 922, 1148, 596, 1027, 2133, 389, 449, 701, 4007, 9899, 30, 3639, 527, 1063, 3230, 11774, 499, 2351, 13176, 11, 323, 1268, 656, 499, 1781, 499, 649, 1212, 311, 1304, 1063, 34074, 311, 63652, 701, 1664, 33851, 30, 128009]",0.16895798034965992,391eb62b5e02e9d7fc1641bfc3dc5e5a596f8ea76135eaa3fe1f3da77edf1b62,2373.0373790021986,0.034771161153912544,231.8305689841509,51b4e4b9d926634eb7e60aa722dc896d9315b67de6b8ee0c5c9784acfed8651d,1317,2379.2536980472505,237.92627803049982,237.87793004885316,5100a3d0f8b87ac9d2f53f4ff8ca1e884cc9f4245005b5d61f961d8e590ac1cd,True,430,79,0.006803078576922417,0,0.01547415740787983,,1,r1:state_db22d2c498fc000886f2:me_r0,ca977dd6be032d45a5879068c6d4d98e9e42f308a7b8e1e9eb69cfacbe0e1d6b,"I'm so glad you feel comfortable sharing this with me. It sounds like you're carrying a heavy burden with balancing your studies and taking care of your physical and mental health. Can you tell me more about what's been going on with your study schedule? What are some specific challenges you're facing, and how do you think you can start to make some adjustments to prioritize your well-being?",2.971178852021694,p11:1,303,1,0.11445092968642712,2.9046828858554363,8,state_db22d2c498fc000886f2,p11,False
MPMSME+RS,0,fixed_off,"[40, 649, 5647, 279, 4785, 315, 12014, 499, 2351, 15691, 11, 323, 433, 596, 6724, 49839, 311, 2733, 43206, 555, 279, 7410, 311, 2804, 1664, 13, 1102, 10578, 1093, 499, 2351, 2216, 20558, 311, 8335, 701, 7978, 449, 4737, 2512, 315, 701, 7106, 323, 10723, 2890, 13, 3053, 499, 3371, 757, 810, 922, 1148, 596, 1027, 2133, 389, 449, 701, 4007, 9899, 30, 3639, 527, 1063, 315, 279, 2574, 430, 527, 3339, 433, 2653, 369, 499, 311, 1505, 264, 8335, 30, 128009]",0.20469794981181622,391eb62b5e02e9d7fc1641bfc3dc5e5a596f8ea76135eaa3fe1f3da77edf1b62,2580.95586206764,0.06264704279601574,297.9018969926983,9bcd8b6bdcb15372a0581093fe3d4c41eb470bb0f05e7f75189c8cc85cbc256d,1761,2871.2931310292333,588.1241241004318,588.03446800448,6c546324901878ab565a538cb478156b30541db161c1afdd83b8e0e2b117e58d,True,431,82,0.009186100214719772,1,0.06691203452646732,True,1,r1:state_db22d2c498fc000886f2:fixed_off,1fd823f942074491a718a0f133497313b118e5182c0cc5fe6f043da14b3c02e4,"I can sense the weight of responsibility you're carrying, and it's completely understandable to feel overwhelmed by the pressure to perform well. It sounds like you're really struggling to balance your studies with taking care of your physical and mental health. Can you tell me more about what's been going on with your study schedule? What are some of the things that are making it hard for you to find a balance?",284.50819896534085,p11:1,303,4,0.13738800771534443,5.3482388611882925,8,state_db22d2c498fc000886f2,p11,False
MSE+RS,0,rule_off,"[40, 649, 5647, 279, 4785, 315, 12014, 499, 2351, 15691, 11, 323, 433, 596, 6724, 49839, 311, 2733, 43206, 555, 279, 7410, 311, 2804, 1664, 13, 1102, 10578, 1093, 499, 2351, 2216, 20558, 311, 8335, 701, 7978, 449, 4737, 2512, 315, 701, 7106, 323, 10723, 2890, 13, 3053, 499, 3371, 757, 810, 922, 1148, 596, 1027, 2133, 389, 449, 701, 4007, 9899, 30, 3639, 527, 1063, 3230, 11774, 499, 2351, 13176, 11, 323, 1268, 656, 499, 1781, 499, 649, 1212, 311, 1304, 1063, 34074, 311, 63652, 701, 1664, 33851, 30, 128009]",0.13523618690669537,391eb62b5e02e9d7fc1641bfc3dc5e5a596f8ea76135eaa3fe1f3da77edf1b62,2808.379085967317,0.06563286297023296,296.2449579499662,688d37c5dc5495cf13d2dd993add8aaa16fc5d0b24514219845d94ea5ee3efa2,1732,3101.4806770253927,589.290329022333,589.2113128211349,626071569a29226dce405704c916dc9c12310f41b8830a386ff958ede0b73787,True,432,91,270.72392706759274,2,0.05754595622420311,True,1,r1:state_db22d2c498fc000886f2:rule_off,c6a22e9f862809d1cf33513cb3e06212e15fe26fd3134d3a3afd26dc72afb72c,"I can sense the weight of responsibility you're carrying, and it's completely understandable to feel overwhelmed by the pressure to perform well. It sounds like you're really struggling to balance your studies with taking care of your physical and mental health. Can you tell me more about what's been going on with your study schedule? What are some specific challenges you're facing, and how do you think you can start to make some adjustments to prioritize your well-being?",16.69940399006009,p11:1,303,3,0.15969481319189072,5.260150181129575,8,state_db22d2c498fc000886f2,p11,False
M0+R0,0,context_only,"[2181, 10578, 1093, 499, 2351, 15691, 264, 8987, 2865, 1314, 1457, 11, 323, 433, 596, 8056, 430, 499, 2351, 61708, 279, 12939, 315, 4737, 2512, 315, 6261, 65904, 682, 420, 7410, 13, 20474, 11, 701, 1664, 33851, 374, 539, 8821, 505, 701, 14584, 2450, 482, 433, 596, 3604, 264, 16996, 961, 315, 433, 13, 3053, 499, 3371, 757, 810, 922, 1148, 264, 24770, 9899, 1053, 1427, 1093, 369, 499, 11, 323, 1148, 2678, 7504, 499, 1781, 499, 1436, 1935, 3432, 311, 1212, 45777, 4954, 701, 2890, 30, 128009]",0.13487599790096283,391eb62b5e02e9d7fc1641bfc3dc5e5a596f8ea76135eaa3fe1f3da77edf1b62,2432.174398098141,0.03467989154160023,87.26733713410795,40987e4cbf0c538d4e915f2e7f3fa78bfc55b54710edc7a2528a2d2040e5c4e9,444,2433.858474018052,88.85416993871331,88.81653705611825,3e82a52ab9801ceb6b6a6eef9a9a2193c33eb9300a9abe1e3e86c0538bf8e3ec,True,433,88,0.007834983989596367,3,0.00944407656788826,,1,r1:state_db22d2c498fc000886f2:context_only,97e2c166661640e6920ba6ee27ae936e80d1914f501ecbaf03fb8d3388be8f19,"It sounds like you're carrying a heavy load right now, and it's amazing that you're acknowledging the importance of taking care of yourself amidst all this pressure. Remember, your well-being is not separate from your academic success - it's actually a crucial part of it. Can you tell me more about what a balanced schedule would look like for you, and what small steps you think you could take today to start prioritizing your health?",0.03634905442595482,p11:1,303,0,0.11506490409374237,1.3458270113915205,8,state_db22d2c498fc000886f2,p11,False
MSE+RS,0,pm_off,"[40, 649, 5647, 279, 4785, 315, 12014, 499, 2351, 15691, 11, 323, 433, 596, 6724, 49839, 311, 2733, 43206, 555, 279, 7410, 311, 2804, 1664, 13, 1102, 10578, 1093, 499, 2351, 2216, 20558, 311, 8335, 701, 7978, 449, 4737, 2512, 315, 701, 7106, 323, 10723, 2890, 13, 3053, 499, 3371, 757, 810, 922, 1148, 596, 1027, 2133, 389, 449, 701, 4007, 9899, 30, 3639, 527, 1063, 3230, 11774, 499, 2351, 13176, 11, 323, 1268, 656, 499, 1781, 499, 649, 1212, 311, 1304, 1063, 34074, 311, 63652, 701, 1664, 33851, 30, 128009]",0.134193804115057,391eb62b5e02e9d7fc1641bfc3dc5e5a596f8ea76135eaa3fe1f3da77edf1b62,2790.362348081544,0.04683109000325203,295.4051070846617,688d37c5dc5495cf13d2dd993add8aaa16fc5d0b24514219845d94ea5ee3efa2,1732,3040.597336832434,545.5704820342362,545.5059020314366,626071569a29226dce405704c916dc9c12310f41b8830a386ff958ede0b73787,True,434,91,7.207780843600631,4,0.041597988456487656,True,1,r1:state_db22d2c498fc000886f2:pm_off,c6a22e9f862809d1cf33513cb3e06212e15fe26fd3134d3a3afd26dc72afb72c,"I can sense the weight of responsibility you're carrying, and it's completely understandable to feel overwhelmed by the pressure to perform well. It sounds like you're really struggling to balance your studies with taking care of your physical and mental health. Can you tell me more about what's been going on with your study schedule? What are some specific challenges you're facing, and how do you think you can start to make some adjustments to prioritize your well-being?",238.4617980569601,p11:1,303,3,0.10682502761483192,4.235961940139532,8,state_db22d2c498fc000886f2,p11,False
MPMSME+RS,0,fixed_off,"[2181, 10578, 1093, 279, 59263, 323, 4754, 5536, 389, 701, 3070, 596, 2512, 527, 47826, 17345, 389, 701, 4059, 13, 3053, 499, 3371, 757, 810, 922, 1148, 596, 1027, 2133, 1555, 701, 11555, 31445, 30, 3639, 527, 1063, 315, 279, 3230, 10742, 499, 617, 922, 4737, 389, 420, 502, 3560, 30, 128009]",0.17162691801786423,391eb62b5e02e9d7fc1641bfc3dc5e5a596f8ea76135eaa3fe1f3da77edf1b62,1727.8473251499236,0.043309060856699944,299.17942406609654,720a2ccb7da8a3a4a56b0ffc1d4189a4afa068f17525a1f07ab33fa19226dee0,1789,1954.4099001213908,525.6246470380574,525.5703721195459,7781d3d747ff9ee2d64a6303a30ba452684120c81585a0dc283bc04c68acffb7,True,435,52,0.00699399970471859,0,0.045980094000697136,True,1,r1:state_e4cf97356c4208ddbc78:fixed_off,731c4c360221c4e0364dfef8fc500eb47f7e238899fd80f690607967775237ec,It sounds like the commute and potential impact on your family's care are weighing heavily on your mind. Can you tell me more about what's been going through your thoughts lately? What are some of the specific concerns you have about taking on this new role?,222.02246286906302,p18:1,303,4,0.11438014917075634,4.157821880653501,8,state_e4cf97356c4208ddbc78,p18,False
M0+R0,0,context_only,"[2181, 10578, 1093, 279, 4754, 5536, 389, 701, 3070, 323, 701, 3450, 596, 2512, 374, 264, 5199, 4747, 369, 499, 13, 3053, 499, 3371, 757, 810, 922, 1148, 596, 520, 18783, 369, 499, 304, 3878, 315, 701, 12135, 323, 701, 3450, 596, 1664, 33851, 30, 3639, 527, 1063, 315, 279, 3230, 24087, 477, 38145, 430, 527, 10043, 701, 18547, 922, 420, 5597, 30, 128009]",0.18544006161391735,391eb62b5e02e9d7fc1641bfc3dc5e5a596f8ea76135eaa3fe1f3da77edf1b62,1810.1897710002959,0.052734045311808586,87.9133241251111,afbe8e9a2c8ef24432370127746dc1a8f6973ab88263f095e5670f60d8c10894,440,1812.4678959138691,90.07843979634345,90.00600897707045,aa6f0417570b2ae00191247e14df1c895ec30f99afda25047c1ab8c2be5fcd8b,True,436,64,0.00867689959704876,1,0.013633165508508682,,1,r1:state_e4cf97356c4208ddbc78:context_only,654bdfc4bd44d8572eee46e8340221075447ed005e42427767720bfb7c9f3bd5,It sounds like the potential impact on your family and your mom's care is a significant concern for you. Can you tell me more about what's at stake for you in terms of your relationships and your mom's well-being? What are some of the specific fears or worries that are driving your anxiety about this decision?,0.05157105624675751,p18:1,303,0,0.15378487296402454,1.8122848123311996,8,state_e4cf97356c4208ddbc78,p18,False
MSE+RS,0,rule_off,"[40, 649, 5647, 279, 4785, 315, 12014, 499, 2351, 15691, 11, 5423, 994, 433, 4131, 311, 701, 3450, 596, 2512, 13, 1102, 596, 6724, 49839, 430, 499, 2351, 18290, 922, 279, 5536, 315, 264, 502, 2683, 389, 701, 3070, 30295, 13, 3053, 499, 3371, 757, 810, 922, 1148, 499, 1781, 1053, 1205, 311, 3621, 369, 499, 311, 2733, 810, 16913, 304, 701, 5597, 28846, 323, 2753, 38100, 922, 279, 4754, 16296, 30, 128009]",0.12460490688681602,391eb62b5e02e9d7fc1641bfc3dc5e5a596f8ea76135eaa3fe1f3da77edf1b62,2319.1786219831556,0.043179141357541084,297.1461908891797,a27ef1c40e2eeb435fe5d6d9af4da0ce49304cd15876d0c0d513dcc8551b6be1,1759,2789.8749739397317,767.812151927501,767.717937938869,dba0745f7e86d5082f0aeb1d87b6e4b354e5067edd21d5971a15ae388e1d3180,True,437,73,258.94438312388957,2,0.049108872190117836,True,1,r1:state_e4cf97356c4208ddbc78:rule_off,f81cf446e7c472e60b0452152080aeac14e7e24d5dc04d00ff178a1ee51c08a4,"I can sense the weight of responsibility you're carrying, especially when it comes to your mom's care. It's completely understandable that you're worried about the impact of a new job on your family dynamics. Can you tell me more about what you think would need to happen for you to feel more confident in your decision-making and less anxious about the potential consequences?",207.15604396536946,p18:1,303,3,0.15060999430716038,4.228421952575445,8,state_e4cf97356c4208ddbc78,p18,False
MSE+RS,0,pm_off,"[40, 649, 5647, 279, 4785, 315, 12014, 499, 2351, 15691, 11, 5423, 994, 433, 4131, 311, 701, 3450, 596, 2512, 13, 1102, 596, 6724, 49839, 430, 499, 2351, 18290, 922, 279, 5536, 315, 264, 502, 2683, 389, 701, 3070, 30295, 13, 3053, 499, 3371, 757, 810, 922, 1148, 499, 1781, 1053, 1205, 311, 3621, 369, 499, 311, 2733, 810, 16913, 304, 701, 5597, 28846, 323, 2753, 38100, 922, 279, 4754, 16296, 30, 128009]",0.1219138503074646,391eb62b5e02e9d7fc1641bfc3dc5e5a596f8ea76135eaa3fe1f3da77edf1b62,2292.7417459432036,0.04353909753262997,296.87737580388784,a27ef1c40e2eeb435fe5d6d9af4da0ce49304cd15876d0c0d513dcc8551b6be1,1759,2526.083492906764,530.1476151216775,530.097208917141,dba0745f7e86d5082f0aeb1d87b6e4b354e5067edd21d5971a15ae388e1d3180,True,438,73,7.220288971439004,3,0.04006992094218731,True,1,r1:state_e4cf97356c4208ddbc78:pm_off,f81cf446e7c472e60b0452152080aeac14e7e24d5dc04d00ff178a1ee51c08a4,"I can sense the weight of responsibility you're carrying, especially when it comes to your mom's care. It's completely understandable that you're worried about the impact of a new job on your family dynamics. Can you tell me more about what you think would need to happen for you to feel more confident in your decision-making and less anxious about the potential consequences?",221.78360703401268,p18:1,303,3,0.11395104229450226,4.018377047032118,8,state_e4cf97356c4208ddbc78,p18,False
ME+R0,0,me_r0,"[40, 649, 5647, 279, 4785, 315, 12014, 499, 2351, 15691, 11, 539, 1120, 369, 701, 3450, 596, 2512, 11, 719, 1101, 369, 701, 3070, 596, 1664, 33851, 13, 1102, 596, 49839, 430, 279, 3463, 315, 264, 1317, 59263, 323, 3779, 26800, 389, 701, 12135, 374, 14718, 499, 5199, 18547, 13, 3053, 499, 3371, 757, 810, 922, 1148, 596, 10168, 499, 1203, 505, 13126, 1023, 2671, 11, 1093, 24919, 19303, 990, 28904, 477, 11125, 1862, 369, 701, 3450, 596, 2512, 11, 430, 2643, 61705, 1063, 315, 420, 8631, 30, 128009]",0.19468506798148155,391eb62b5e02e9d7fc1641bfc3dc5e5a596f8ea76135eaa3fe1f3da77edf1b62,2667.717126896605,0.03692694008350372,233.28656191006303,64af6daf068a8a06693821d53f304fa8de180f106e77a64f59bcecf2fce0526f,1401,2673.200041987002,238.6346289422363,238.57479193247855,9f27d52003afa99289c7ed13e0aba87100a2e66cfe1cf41a8a8fbd98fc63682e,True,439,89,0.006688991561532021,4,0.016713980585336685,,1,r1:state_e4cf97356c4208ddbc78:me_r0,9caae0939f26c82fae4dfc983d536330462a698e3812bbbb3aef9598178863b6,"I can sense the weight of responsibility you're carrying, not just for your mom's care, but also for your family's well-being. It's understandable that the thought of a long commute and added strain on your relationships is causing you significant anxiety. Can you tell me more about what's holding you back from considering other options, like exploring flexible work arrangements or seeking support for your mom's care, that might alleviate some of this stress?",1.9095069728791714,p18:1,303,1,0.11559808626770973,3.2027950510382652,8,state_e4cf97356c4208ddbc78,p18,False
MPMSME+RS,0,fixed_off,"[2181, 10578, 1093, 499, 2351, 8430, 264, 2763, 315, 4785, 389, 701, 28004, 449, 420, 5597, 13, 3053, 499, 3371, 757, 810, 922, 1148, 596, 1027, 2133, 389, 449, 701, 3450, 596, 2512, 323, 1268, 430, 596, 74055, 701, 7446, 2324, 30, 128009]",0.10892096906900406,391eb62b5e02e9d7fc1641bfc3dc5e5a596f8ea76135eaa3fe1f3da77edf1b62,1423.930485965684,0.0653550960123539,262.4495830386877,c95b5f49f0d207fcb2f482e7ae8d793e41c297b609aa55ea526298b6337f47bc,1603,1624.888394959271,463.4315920993686,463.2985710632056,9dc7d4f713934f9dbeb4a5cb4561d0f821c0d1789d3150ab8d62fe2c28f77640,True,440,43,0.009897863492369652,0,0.07185898721218109,True,1,r1:state_e3ae4b1a11e31be0e9cc:fixed_off,9c5c5cb32de1f133f3e5cbaf56e5706a05dde661cf5402eeab2fff522d708f9f,It sounds like you're feeling a lot of weight on your shoulders with this decision. Can you tell me more about what's been going on with your mom's care and how that's impacting your daily life?,195.59250702150166,p18:1,202,4,0.1498861238360405,4.959482932463288,3,state_e3ae4b1a11e31be0e9cc,p18,False
M0+R0,0,context_only,"[2181, 10578, 1093, 499, 2351, 15691, 264, 2763, 315, 4785, 389, 701, 28004, 11, 539, 1120, 449, 279, 5597, 5196, 11, 719, 1101, 449, 279, 8850, 315, 3339, 2500, 5873, 430, 2643, 539, 990, 704, 13, 3053, 499, 3371, 757, 810, 922, 1148, 596, 1027, 2133, 1555, 701, 4059, 994, 499, 1781, 922, 3339, 264, 5597, 430, 2643, 3063, 311, 23023, 30, 128009]",0.12082606554031372,391eb62b5e02e9d7fc1641bfc3dc5e5a596f8ea76135eaa3fe1f3da77edf1b62,1736.0788469668478,0.03550387918949127,72.16509315185249,7faf26fc4759b5749616560dfb2e653d0c603da36e482321c5ab597fe5d10c21,317,1737.4342870898545,73.43703717924654,73.39970720931888,37f4864d2f185f9f46f5eebab7a5740bf59bb6b8451483b4add8210553149957,True,441,63,0.00706198625266552,1,0.009160023182630539,,1,r1:state_e3ae4b1a11e31be0e9cc:context_only,d9ef026a21047f0880f47df389418c40d7febd381ef15c6db918e00762b7710c,"It sounds like you're carrying a lot of weight on your shoulders, not just with the decision itself, but also with the fear of making another choice that might not work out. Can you tell me more about what's been going through your mind when you think about making a decision that might lead to regret?",0.025819987058639526,p18:1,202,0,0.10844413191080093,1.04862404987216,3,state_e3ae4b1a11e31be0e9cc,p18,False
MSE+RS,0,pm_off,"[2181, 10578, 1093, 499, 2351, 8430, 2216, 21830, 922, 420, 5597, 11, 323, 433, 596, 47826, 17345, 389, 499, 13, 3053, 499, 3371, 757, 810, 922, 1148, 596, 1027, 2133, 1555, 701, 4059, 994, 499, 1781, 922, 279, 8882, 323, 1615, 315, 420, 502, 2683, 3085, 30, 3639, 527, 1063, 315, 279, 2574, 430, 527, 3339, 433, 2653, 369, 499, 311, 10491, 30, 128009]",0.12036203406751156,391eb62b5e02e9d7fc1641bfc3dc5e5a596f8ea76135eaa3fe1f3da77edf1b62,1997.2864969167858,0.04453212022781372,259.5051978714764,be1732aed9823224a1b131c52438e48234976c3e28be29427ef9fb416725c9c8,1573,2164.793133037165,426.9544209819287,426.89147195778787,8d3ec92774755b416cb6036d274420edc4c72bf8ca011ce69c1dab08a27ec725,True,442,64,5.919006187468767,2,0.03750016912817955,True,1,r1:state_e3ae4b1a11e31be0e9cc:pm_off,539092c058fa807bfc01d1c0469a90a271efc6495f1fe482aa5525430d405b01,"It sounds like you're feeling really torn about this decision, and it's weighing heavily on you. Can you tell me more about what's been going through your mind when you think about the pros and cons of this new job offer? What are some of the things that are making it hard for you to decide?",157.4118328280747,p18:1,202,3,0.10755588300526142,3.865846898406744,3,state_e3ae4b1a11e31be0e9cc,p18,False
ME+R0,0,me_r0,"[2181, 10578, 1093, 499, 2351, 15691, 264, 8987, 4785, 449, 420, 5597, 11, 323, 433, 596, 49839, 430, 499, 2351, 18290, 922, 3339, 279, 5076, 5873, 1578, 13, 3053, 499, 3371, 757, 810, 922, 1148, 596, 10168, 499, 1203, 505, 3339, 264, 5597, 430, 11321, 1314, 369, 499, 11, 8994, 279, 8882, 315, 279, 502, 2683, 3085, 30, 128009]",0.15743705444037914,391eb62b5e02e9d7fc1641bfc3dc5e5a596f8ea76135eaa3fe1f3da77edf1b62,1794.1073800902814,0.035000964999198914,198.0935970786959,92131d617ccbcfc6c63eb263cf93a88315288a9048665371097fd9fffb6c2b52,1278,1798.8278360571712,202.69988989457488,202.65661599114537,2eb6883494006d9ef6e68a858ac81d078647c6ddd40ea898d5d1b044e4ac6a8d,True,443,59,0.0072980765253305435,3,0.015009893104434013,,1,r1:state_e3ae4b1a11e31be0e9cc:me_r0,f6feea343cbbc5647799fec204c369431501dcf096d843fb21af9505e8da80da,"It sounds like you're carrying a heavy weight with this decision, and it's understandable that you're worried about making the wrong choice again. Can you tell me more about what's holding you back from making a decision that feels right for you, despite the pros of the new job offer?",1.494402065873146,p18:1,202,1,0.10818988084793091,2.9031180310994387,3,state_e3ae4b1a11e31be0e9cc,p18,False
MSE+RS,0,rule_off,"[2181, 10578, 1093, 499, 2351, 8430, 2216, 21830, 922, 420, 5597, 11, 323, 433, 596, 47826, 17345, 389, 499, 13, 3053, 499, 3371, 757, 810, 922, 1148, 596, 1027, 2133, 1555, 701, 4059, 994, 499, 1781, 922, 279, 8882, 323, 1615, 315, 420, 502, 2683, 3085, 30, 3639, 527, 1063, 315, 279, 2574, 430, 527, 3339, 433, 2653, 369, 499, 311, 10491, 30, 128009]",0.1227320171892643,391eb62b5e02e9d7fc1641bfc3dc5e5a596f8ea76135eaa3fe1f3da77edf1b62,2019.2605298943818,0.06643310189247131,261.1277608666569,be1732aed9823224a1b131c52438e48234976c3e28be29427ef9fb416725c9c8,1573,2225.313300965354,467.1897569205612,467.0577999204397,8d3ec92774755b416cb6036d274420edc4c72bf8ca011ce69c1dab08a27ec725,True,444,64,186.9203990790993,4,0.0578099861741066,True,1,r1:state_e3ae4b1a11e31be0e9cc:rule_off,539092c058fa807bfc01d1c0469a90a271efc6495f1fe482aa5525430d405b01,"It sounds like you're feeling really torn about this decision, and it's weighing heavily on you. Can you tell me more about what's been going through your mind when you think about the pros and cons of this new job offer? What are some of the things that are making it hard for you to decide?",13.779775006696582,p18:1,202,3,0.14229794032871723,4.963323939591646,3,state_e3ae4b1a11e31be0e9cc,p18,False
ME+R0,0,me_r0,"[2181, 10578, 1093, 499, 2351, 4737, 264, 2466, 3094, 555, 13126, 18667, 264, 4029, 1912, 11, 323, 430, 5097, 264, 2763, 315, 25775, 13, 3639, 656, 499, 1781, 374, 279, 1455, 57697, 961, 315, 420, 3217, 369, 499, 1314, 1457, 30, 2209, 433, 279, 8850, 315, 1694, 45487, 11, 477, 2555, 775, 30, 128009]",0.1622720155864954,391eb62b5e02e9d7fc1641bfc3dc5e5a596f8ea76135eaa3fe1f3da77edf1b62,1703.5877199377865,0.034742988646030426,231.17295699194074,c3d948e14655b3f93ce3bebc0cab15368b7d1df60c22d14521758f4f1b17e44d,1301,1709.4318820163608,236.90418689511716,236.85484705492854,1221e162ecefec38b3c6dfb2cda5804cb73a88893ba5eb6009279cab47bbd308,True,445,54,0.007318099960684776,0,0.015780795365571976,,1,r1:state_5995d11f3914014f832f:me_r0,aaf63351f8d582b4bd5d836f615b0564133987302b3bc050ecb506da5ddbc57c,"It sounds like you're taking a big step by considering joining a community group, and that takes a lot of courage. What do you think is the most daunting part of this experience for you right now? Is it the fear of being judged, or something else?",2.6311189867556095,p12:2,202,1,0.11608796194195747,2.8768412303179502,8,state_5995d11f3914014f832f,p12,False
MPMSME+RS,0,fixed_off,"[4897, 10578, 1093, 264, 2216, 13548, 3094, 11, 13126, 18667, 264, 2254, 4029, 1912, 13, 1102, 596, 2294, 430, 499, 2351, 7422, 922, 4737, 1957, 311, 3449, 502, 1274, 323, 9407, 701, 3674, 12960, 13, 3639, 596, 1027, 10168, 499, 1203, 505, 4737, 279, 1828, 3094, 323, 19261, 704, 311, 279, 1912, 30, 128009]",0.1158879604190588,391eb62b5e02e9d7fc1641bfc3dc5e5a596f8ea76135eaa3fe1f3da77edf1b62,1750.733532011509,0.06118905730545521,281.9693800993264,9d959a4fbf27b24aeb6f0e40b5def7479c1ba44a9519b9a1e21dda28fa11a3de,1684,2045.7788950297982,576.9657730124891,576.8988551571965,dcdf6b407d3785ed780be9914a3e1b93cfb98f0f98337002d419a3a86163bda8,True,446,54,0.008179107680916786,1,0.07562083192169666,True,1,r1:state_5995d11f3914014f832f:fixed_off,cb571c4200a628ebdb1a0423129054a19040e680374a57c9c2e3df6a7018b645,"That sounds like a really exciting step, considering joining a local community group. It's great that you're thinking about taking action to meet new people and expand your social circle. What's been holding you back from taking the next step and reaching out to the group?",289.4668660592288,p12:2,202,4,0.14325696974992752,5.1743630319833755,8,state_5995d11f3914014f832f,p12,False
MSE+RS,0,rule_off,"[4897, 10578, 1093, 264, 2216, 13548, 3094, 11, 13126, 18667, 264, 2254, 4029, 1912, 13, 1102, 596, 2294, 430, 499, 2351, 7422, 922, 4737, 1957, 311, 3449, 502, 1274, 323, 9407, 701, 3674, 12960, 13, 3639, 596, 1027, 10168, 499, 1203, 505, 4737, 279, 1828, 3094, 323, 19261, 704, 311, 279, 1912, 30, 128009]",0.11714501306414604,391eb62b5e02e9d7fc1641bfc3dc5e5a596f8ea76135eaa3fe1f3da77edf1b62,1730.8430399280041,0.04323618486523628,264.40844289027154,e28b21b5ef51128d9165b77aba3da75825bff48eb3903da7ee174e0fa4a386ca,1658,1971.299892058596,504.8132059164345,504.74815000779927,a74da35eb04ddc58b91a49687e23f04bd9d00509cdb27ddc2f7b599e4fd759cd,True,447,54,224.7461478691548,2,0.03592297434806824,True,1,r1:state_5995d11f3914014f832f:rule_off,cb571c4200a628ebdb1a0423129054a19040e680374a57c9c2e3df6a7018b645,"That sounds like a really exciting step, considering joining a local community group. It's great that you're thinking about taking action to meet new people and expand your social circle. What's been holding you back from taking the next step and reaching out to the group?",11.444956995546818,p12:2,202,3,0.11512311175465584,3.9543199818581343,8,state_5995d11f3914014f832f,p12,False
MSE+RS,0,pm_off,"[4897, 10578, 1093, 264, 2216, 13548, 3094, 11, 13126, 18667, 264, 2254, 4029, 1912, 13, 1102, 596, 2294, 430, 499, 2351, 7422, 922, 4737, 1957, 311, 3449, 502, 1274, 323, 9407, 701, 3674, 12960, 13, 3639, 596, 1027, 10168, 499, 1203, 505, 4737, 279, 1828, 3094, 323, 19261, 704, 311, 279, 1912, 30, 128009]",0.11811102740466595,391eb62b5e02e9d7fc1641bfc3dc5e5a596f8ea76135eaa3fe1f3da77edf1b62,1732.28267300874,0.04591909237205982,264.90047900006175,e28b21b5ef51128d9165b77aba3da75825bff48eb3903da7ee174e0fa4a386ca,1658,1985.4029170237482,517.9562198463827,517.9026119876653,a74da35eb04ddc58b91a49687e23f04bd9d00509cdb27ddc2f7b599e4fd759cd,True,448,54,7.22620589658618,3,0.04372396506369114,True,1,r1:state_5995d11f3914014f832f:pm_off,cb571c4200a628ebdb1a0423129054a19040e680374a57c9c2e3df6a7018b645,"That sounds like a really exciting step, considering joining a local community group. It's great that you're thinking about taking action to meet new people and expand your social circle. What's been holding you back from taking the next step and reaching out to the group?",241.5741952136159,p12:2,202,3,0.1125219278037548,3.9995668921619654,8,state_5995d11f3914014f832f,p12,False
M0+R0,0,context_only,"[4897, 10578, 1093, 264, 2294, 3094, 7119, 4737, 1957, 323, 4857, 701, 3674, 13537, 13, 1102, 596, 6724, 4725, 311, 2733, 38100, 922, 433, 11, 719, 6227, 430, 5127, 8638, 15038, 11, 323, 433, 596, 17339, 311, 1304, 21294, 13, 3639, 596, 832, 2678, 3245, 499, 1436, 656, 311, 10772, 6261, 369, 18667, 279, 4029, 1912, 11, 1093, 45243, 279, 1912, 596, 7640, 477, 7556, 311, 4423, 889, 596, 2736, 264, 4562, 30, 128009]",0.21065399050712585,391eb62b5e02e9d7fc1641bfc3dc5e5a596f8ea76135eaa3fe1f3da77edf1b62,2083.5768789984286,0.03542494960129261,87.38234196789563,800e6a03014149c4fe358890599c654e24e8851760ea28b78e74cdd2ae7e1664,447,2085.341933881864,88.99903786368668,88.93674286082387,9659de57756423c6d43760b35611dee141b83cc27ffb33b03d80487bc5220ad5,True,449,74,0.007223803550004959,4,0.009370967745780945,,1,r1:state_5995d11f3914014f832f:context_only,d35018f62474903b0df5a74762e46e4e0177aa812bd82365e0cc1d7898177bb3,"That sounds like a great step towards taking action and building your social connections. It's completely normal to feel anxious about it, but remember that everyone starts somewhere, and it's okay to make mistakes. What's one small thing you could do to prepare yourself for joining the community group, like researching the group's activities or talking to someone who's already a member?",0.03410107456147671,p12:2,202,0,0.11374498717486858,1.3545351102948189,8,state_5995d11f3914014f832f,p12,False
MSE+RS,0,rule_off,"[2181, 10578, 1093, 279, 13123, 449, 30750, 706, 75940, 709, 264, 2763, 315, 21958, 323, 40017, 922, 701, 5133, 449, 35266, 13, 1102, 596, 6724, 4725, 311, 2733, 36218, 323, 43206, 994, 17011, 449, 16907, 16024, 505, 279, 3347, 13, 4718, 5208, 304, 8486, 287, 323, 1912, 15419, 374, 264, 61300, 311, 701, 15507, 311, 4443, 6650, 323, 14604, 2890, 13, 3053, 499, 3371, 757, 810, 922, 1148, 596, 1027, 2133, 1555, 701, 4059, 2533, 9298, 30750, 1578, 30, 3639, 527, 1063, 315, 279, 3230, 11555, 323, 16024, 430, 617, 1027, 40986, 369, 499, 30, 128009]",0.14012493193149567,391eb62b5e02e9d7fc1641bfc3dc5e5a596f8ea76135eaa3fe1f3da77edf1b62,2892.327653011307,0.04621804691851139,265.5582728330046,6156d4fc2be5138cceeac0b54306a013f8924390faa4f789d279c857fd98b117,1653,3210.0732300896198,583.2218171563,583.1637249793857,0fcbbb5b893c09f3facae40f6f071233fcf12b8b63bb2abebb6bc0a470ad22c9,True,450,96,298.4015471301973,0,0.04975008778274059,True,1,r1:state_2f772b1e6c2c8aab174c:rule_off,7b93f81f7a96c5e116fb2cf7fdd7dfc5762b872cce20298cb779349f2730715c,It sounds like the encounter with Jennifer has stirred up a lot of emotions and doubts about your relationship with Emily. It's completely normal to feel uncertain and overwhelmed when faced with unexpected feelings from the past. Your progress in journaling and group therapy is a testament to your commitment to personal growth and emotional health. Can you tell me more about what's been going through your mind since seeing Jennifer again? What are some of the specific thoughts and feelings that have been arising for you?,14.929169788956642,p8:2,202,3,0.16709906049072742,4.011668032035232,8,state_2f772b1e6c2c8aab174c,p8,False
ME+R0,0,me_r0,"[2181, 10578, 1093, 499, 3077, 1027, 3815, 1063, 2294, 990, 389, 701, 4443, 6650, 323, 14604, 2890, 11, 323, 433, 596, 16358, 430, 499, 3077, 1027, 3025, 311, 1304, 5208, 1555, 8486, 287, 323, 1912, 15419, 16079, 13, 4452, 11, 433, 596, 2867, 430, 279, 16907, 13123, 449, 30750, 706, 7263, 709, 1063, 81261, 21958, 323, 40017, 922, 701, 5133, 449, 35266, 13, 3053, 499, 3371, 757, 810, 922, 1148, 596, 1027, 2133, 1555, 701, 4059, 2533, 9298, 30750, 1578, 30, 3639, 527, 1063, 315, 279, 3230, 11555, 323, 16024, 430, 617, 1027, 40986, 369, 499, 30, 128009]",0.14303112402558327,391eb62b5e02e9d7fc1641bfc3dc5e5a596f8ea76135eaa3fe1f3da77edf1b62,2896.8912318814546,0.033332034945487976,232.17074293643236,ca0e848a131e8c84074f451c2d18b753597c760f6fa5573ee93e5bed93a36029,1324,2904.4430900830775,239.64410298503935,239.57957001402974,e3e67c9a1b82098625eb12a2239985d2cb552ee9e0d71c974f92e4344f136c27,True,451,98,0.0071551185101270676,1,0.016903970390558243,,1,r1:state_2f772b1e6c2c8aab174c:me_r0,db7ca3e000cb81f33b80e2ec6beb8b253f7274f475f0026f09cae635c234b250,"It sounds like you've been doing some great work on your personal growth and emotional health, and it's impressive that you've been able to make progress through journaling and group therapy sessions. However, it's clear that the unexpected encounter with Jennifer has brought up some unresolved emotions and doubts about your relationship with Emily. Can you tell me more about what's been going through your mind since seeing Jennifer again? What are some of the specific thoughts and feelings that have been arising for you?",4.3354269582778215,p8:2,202,1,0.11658389121294022,2.8994251042604446,8,state_2f772b1e6c2c8aab174c,p8,False
MPMSME+RS,0,fixed_off,"[2181, 10578, 1093, 279, 13123, 449, 30750, 706, 75940, 709, 264, 2763, 315, 21958, 323, 40017, 922, 701, 5133, 449, 35266, 13, 1102, 596, 6724, 4725, 311, 2733, 36218, 323, 43206, 994, 17011, 449, 16907, 16024, 505, 279, 3347, 13, 4718, 5208, 304, 8486, 287, 323, 1912, 15419, 374, 264, 61300, 311, 701, 15507, 311, 4443, 6650, 323, 14604, 2890, 13, 3053, 499, 3371, 757, 810, 922, 1148, 596, 10168, 499, 1203, 505, 8430, 810, 3738, 922, 701, 21958, 323, 701, 5133, 449, 35266, 30, 128009]",0.136832008138299,391eb62b5e02e9d7fc1641bfc3dc5e5a596f8ea76135eaa3fe1f3da77edf1b62,2634.9218990653753,0.04366086795926094,280.1189760211855,b2d0b416cadaf21519c7a3a4c37f8cc56936f3c4d27c2e2a0d7e8f736d33c389,1677,2865.0457109324634,510.15607989393175,510.1059558801353,76ccd841cb59c73aeb753e1df5ea1e151a5842839e2a0c54f9f644468fc0858f,True,452,86,0.00700121745467186,2,0.04653190262615681,True,1,r1:state_2f772b1e6c2c8aab174c:fixed_off,e6db0595038dd7ed12ac4105fc533d6b8acdf7f64acb2b2b7a8c5822f995e75e,It sounds like the encounter with Jennifer has stirred up a lot of emotions and doubts about your relationship with Emily. It's completely normal to feel uncertain and overwhelmed when faced with unexpected feelings from the past. Your progress in journaling and group therapy is a testament to your commitment to personal growth and emotional health. Can you tell me more about what's holding you back from feeling more certain about your emotions and your relationship with Emily?,225.83856293931603,p8:2,202,4,0.11582882143557072,3.935394110158086,8,state_2f772b1e6c2c8aab174c,p8,False
M0+R0,0,context_only,"[2181, 10578, 1093, 499, 3077, 1027, 3815, 1063, 2294, 990, 389, 6261, 11, 323, 433, 596, 16358, 430, 499, 3077, 1027, 3025, 311, 1304, 5208, 1555, 8486, 287, 323, 1912, 15419, 13, 4452, 11, 433, 596, 1101, 2867, 430, 420, 3293, 13123, 449, 30750, 706, 75940, 709, 1063, 81261, 21958, 13, 3053, 499, 3371, 757, 810, 922, 1148, 499, 3152, 555, 330, 336, 41964, 22722, 1, 323, 1148, 499, 2351, 16026, 311, 11322, 304, 3878, 315, 8430, 810, 15528, 323, 9966, 304, 701, 21958, 30, 128009]",0.13941596262156963,391eb62b5e02e9d7fc1641bfc3dc5e5a596f8ea76135eaa3fe1f3da77edf1b62,2381.339511135593,0.03604101948440075,86.6418310906738,de0a29e03319923ae925a102cfff3bebc55913ce4580133d88a6211ddefb468a,439,2383.0134619493037,88.2125988136977,88.17636594176292,8e7f329ff2154649e45a9fdbe70ebd1d84eedef71b32c4989156ce04a63d47f8,True,453,86,0.0073069240897893906,3,0.0096932053565979,,1,r1:state_2f772b1e6c2c8aab174c:context_only,94585e6ee3483f64d8693173e373fa66cb3860d654dc6150118d1a8cc5414309,"It sounds like you've been doing some great work on yourself, and it's impressive that you've been able to make progress through journaling and group therapy. However, it's also clear that this recent encounter with Jennifer has stirred up some unresolved emotions. Can you tell me more about what you mean by ""emotional closure"" and what you're hoping to achieve in terms of feeling more stable and secure in your emotions?",0.033665914088487625,p8:2,202,0,0.11543696746230125,1.332390820607543,8,state_2f772b1e6c2c8aab174c,p8,False
MSE+RS,0,pm_off,"[2181, 10578, 1093, 279, 13123, 449, 30750, 706, 75940, 709, 264, 2763, 315, 21958, 323, 40017, 922, 701, 5133, 449, 35266, 13, 1102, 596, 6724, 4725, 311, 2733, 36218, 323, 43206, 994, 17011, 449, 16907, 16024, 505, 279, 3347, 13, 4718, 5208, 304, 8486, 287, 323, 1912, 15419, 374, 264, 61300, 311, 701, 15507, 311, 4443, 6650, 323, 14604, 2890, 13, 3053, 499, 3371, 757, 810, 922, 1148, 596, 1027, 2133, 1555, 701, 4059, 2533, 9298, 30750, 1578, 30, 3639, 527, 1063, 315, 279, 3230, 11555, 323, 16024, 430, 617, 1027, 40986, 369, 499, 30, 128009]",0.14450307935476303,391eb62b5e02e9d7fc1641bfc3dc5e5a596f8ea76135eaa3fe1f3da77edf1b62,2889.2365200445056,0.043200794607400894,263.64417211152613,6156d4fc2be5138cceeac0b54306a013f8924390faa4f789d279c857fd98b117,1653,3266.6094980668277,640.9301520325243,640.8726470544934,0fcbbb5b893c09f3facae40f6f071233fcf12b8b63bb2abebb6bc0a470ad22c9,True,454,96,7.196366088464856,4,0.047824811190366745,True,1,r1:state_2f772b1e6c2c8aab174c:pm_off,7b93f81f7a96c5e116fb2cf7fdd7dfc5762b872cce20298cb779349f2730715c,It sounds like the encounter with Jennifer has stirred up a lot of emotions and doubts about your relationship with Emily. It's completely normal to feel uncertain and overwhelmed when faced with unexpected feelings from the past. Your progress in journaling and group therapy is a testament to your commitment to personal growth and emotional health. Can you tell me more about what's been going through your mind since seeing Jennifer again? What are some of the specific thoughts and feelings that have been arising for you?,365.8591420389712,p8:2,202,3,0.11006300337612629,3.97187820635736,8,state_2f772b1e6c2c8aab174c,p8,False
MSE+RS,0,rule_off,"[2181, 10578, 1093, 499, 2351, 8430, 264, 2763, 315, 7410, 505, 5361, 18445, 1314, 1457, 13, 1102, 596, 6724, 49839, 311, 2733, 43206, 994, 13126, 264, 2466, 2349, 1093, 7366, 304, 449, 701, 8427, 11, 5423, 994, 499, 2351, 2103, 48309, 704, 701, 7076, 323, 14584, 1853, 13, 3053, 499, 3371, 757, 810, 922, 1148, 596, 10168, 499, 1203, 505, 8430, 5644, 369, 420, 1828, 3094, 30, 128009]",0.193870160728693,391eb62b5e02e9d7fc1641bfc3dc5e5a596f8ea76135eaa3fe1f3da77edf1b62,2087.453472893685,0.04440406337380409,232.1300650946796,89f020bc751e5a9aeaaa31dd0be3e3cd6cd43fcb6610671eb02da7b03160fc50,1385,2269.7304270695895,414.2579329200089,414.2131491098553,ff86d66230ff26009733318cfd98f87c724fbb1862cf81012b4e830902278755,True,455,68,167.14724292978644,0,0.03352109342813492,True,1,r1:state_6c0300648c118135c8d6:rule_off,3b04bc26294904db14a9ae089a91547e8879f2dab9ed18a0a655cf6f36a1ec8b,"It sounds like you're feeling a lot of pressure from multiple directions right now. It's completely understandable to feel overwhelmed when considering a big change like moving in with your partner, especially when you're still figuring out your career and academic path. Can you tell me more about what's holding you back from feeling ready for this next step?",11.305647902190685,p15:2,202,3,0.11144112795591354,3.4408268984407187,3,state_6c0300648c118135c8d6,p15,False
MS+RS,0,pm_off,"[2181, 10578, 1093, 499, 2351, 8430, 264, 2766, 21830, 1990, 279, 28361, 315, 420, 502, 3094, 304, 701, 5133, 323, 279, 27924, 922, 3508, 499, 2351, 5644, 369, 433, 13, 3011, 596, 264, 2216, 4279, 8430, 11, 5423, 994, 499, 2351, 304, 264, 4261, 315, 9320, 323, 48309, 704, 701, 1828, 7504, 13, 3053, 499, 3371, 757, 810, 922, 1148, 596, 10168, 499, 1203, 505, 8430, 810, 16913, 922, 420, 5597, 30, 128009]",0.1439440529793501,391eb62b5e02e9d7fc1641bfc3dc5e5a596f8ea76135eaa3fe1f3da77edf1b62,2097.573085920885,0.06668595597147942,121.3154720608145,1e599108258b5d0b48765bbfcb680042c445d5b17b6b16352b537740a83d33f1,682,2319.757428020239,343.4302939567715,343.3558701071888,4e25dddc4ba24e0490b6347da4febb3c72b1005568a47792aca663634a0d3020,True,456,73,7.510367082431912,1,0.04942878149449825,True,1,r1:state_6c0300648c118135c8d6:pm_off,f9ac0a01ee3f4f5922e8f6138160504127f7d864b19848cd5b421ee78476d641,"It sounds like you're feeling a bit torn between the excitement of this new step in your relationship and the uncertainty about whether you're ready for it. That's a really common feeling, especially when you're in a period of transition and figuring out your next steps. Can you tell me more about what's holding you back from feeling more confident about this decision?",211.49748703464866,p15:2,202,2,0.15423004515469074,2.7621991466730833,3,state_6c0300648c118135c8d6,p15,False
ME+R0,0,me_r0,"[2181, 10578, 1093, 499, 2351, 8430, 264, 2763, 315, 7410, 505, 5361, 18445, 1314, 1457, 13, 1102, 596, 6724, 49839, 430, 499, 2351, 8430, 36218, 922, 40583, 311, 7366, 304, 449, 19475, 994, 499, 2351, 2103, 48309, 704, 701, 7076, 323, 4443, 5216, 13, 3053, 499, 3371, 757, 810, 922, 1148, 596, 10168, 499, 1203, 505, 8430, 810, 16913, 304, 701, 5597, 28846, 1314, 1457, 30, 128009]",0.12378511019051075,391eb62b5e02e9d7fc1641bfc3dc5e5a596f8ea76135eaa3fe1f3da77edf1b62,2008.0201178789139,0.0399730633944273,179.97496388852596,b22249411d34b3c7b2cb0acdbd0088bd4249ac892e275e7021872faad5fd7174,1026,2013.7692980933934,185.65564113669097,185.60035899281502,653dd6470bffe276a5b2b3721ae74d90704de9b7e41e55e18fa8d56eff890fd8,True,457,67,0.008160015568137169,2,0.014567049220204353,,1,r1:state_6c0300648c118135c8d6:me_r0,d19fe5fff5a17dcbaa3f0f91e25cfd13ec03f55c0d734603aa75979558ce8ae9,It sounds like you're feeling a lot of pressure from multiple directions right now. It's completely understandable that you're feeling uncertain about committing to moving in with Matthew when you're still figuring out your career and personal direction. Can you tell me more about what's holding you back from feeling more confident in your decision-making right now?,2.677913988009095,p15:2,202,1,0.1238090917468071,2.7609718963503838,3,state_6c0300648c118135c8d6,p15,False
MPMSME+RS,0,fixed_off,"[2181, 10578, 1093, 499, 2351, 8430, 264, 2763, 315, 7410, 505, 5361, 18445, 1314, 1457, 13, 1102, 596, 6724, 49839, 311, 2733, 43206, 994, 499, 2351, 4560, 311, 8335, 701, 14584, 323, 4443, 2324, 13, 3053, 499, 3371, 757, 810, 922, 1148, 596, 1027, 2133, 389, 449, 701, 14584, 28970, 30, 3639, 11951, 706, 1027, 17436, 369, 499, 30, 128009]",0.11555501259863377,391eb62b5e02e9d7fc1641bfc3dc5e5a596f8ea76135eaa3fe1f3da77edf1b62,1866.3143129087985,0.04271091893315315,244.72142686136067,a568fc63194d7581c2e044be0d28905ea4e8cefcb4e171307a56fe4da4ec6970,1412,2042.285504983738,420.6275260075927,420.57706392370164,0dbcb0e38eef9368df1d32b99c488f795c0a1a2d8f2198bdde1a65b1dcbd8bd1,True,458,60,0.009837094694375992,3,0.03912486135959625,True,1,r1:state_6c0300648c118135c8d6:fixed_off,9a20dddda1ed3e9d644a8b1412db72d40fdd2680f6f2e5367dd1a5581655608f,It sounds like you're feeling a lot of pressure from multiple directions right now. It's completely understandable to feel overwhelmed when you're trying to balance your academic and personal life. Can you tell me more about what's been going on with your academic struggles? What specifically has been challenging for you?,172.36891202628613,p15:2,202,4,0.11461600661277771,3.2804361544549465,3,state_6c0300648c118135c8d6,p15,False
M0+R0,0,context_only,"[2181, 10578, 1093, 499, 2351, 8430, 264, 2766, 21830, 1990, 279, 28361, 315, 420, 502, 12735, 449, 19475, 323, 279, 27924, 315, 701, 1866, 1853, 13, 3011, 649, 387, 264, 2216, 11292, 7858, 311, 387, 304, 13, 3053, 499, 3371, 757, 810, 922, 1148, 596, 10043, 701, 18547, 2212, 3339, 264, 15507, 1093, 7366, 304, 3871, 30, 2209, 433, 279, 8850, 315, 13490, 701, 24589, 11, 477, 2555, 775, 11622, 30, 128009]",0.13040099292993546,391eb62b5e02e9d7fc1641bfc3dc5e5a596f8ea76135eaa3fe1f3da77edf1b62,1983.2375289406627,0.03419513814151287,72.22910597920418,e4b14f3dd3826cb0f1d6c4b01dc165dd5603b12324be1ff2c7f9033f0308c1c7,314,1984.629045939073,73.52512096986175,73.49022198468447,b8809a602f2e98933ea5f39a2a6419bc8316a3c7d1746e8a642dc605cdccef41,True,459,72,0.0062230974435806274,4,0.007999828085303307,,1,r1:state_6c0300648c118135c8d6:context_only,63693b2195212ba8f13a48a3c13c6bc0117af3f03868b80d2149daff934eb454,"It sounds like you're feeling a bit torn between the excitement of this new chapter with Matthew and the uncertainty of your own path. That can be a really tough spot to be in. Can you tell me more about what's driving your anxiety around making a commitment like moving in together? Is it the fear of losing your independence, or something else entirely?",0.026826979592442513,p15:2,202,0,0.11060992255806923,1.075261039659381,3,state_6c0300648c118135c8d6,p15,False
M0+R0,0,context_only,"[2181, 10578, 1093, 499, 2351, 8430, 264, 2766, 16075, 1990, 19762, 311, 51136, 323, 1694, 36218, 922, 1268, 311, 21546, 1884, 3347, 26885, 13, 3053, 499, 3371, 757, 810, 922, 1148, 596, 10168, 499, 1203, 505, 19261, 704, 311, 37979, 30, 128009]",0.18922006711363792,391eb62b5e02e9d7fc1641bfc3dc5e5a596f8ea76135eaa3fe1f3da77edf1b62,1186.1194560769945,0.03423704765737057,71.86282007023692,aeec760d850be9e5630b76dde53c9790c66cbc4e8b7a2d8988aaa3811f5ccdc1,314,1187.5820180866867,73.1706500519067,73.13616201281548,537ff7a6659383e9456af5ad160e37df0d3700b16980199fa6429c46108b53b5,True,460,42,0.00720401294529438,0,0.00826898030936718,,1,r1:state_653f2779410b1620f004:context_only,fb81bbee5d1cb9d9a1da5c78b78db255259dbb3382ce4d532cbe364447834252,It sounds like you're feeling a bit stuck between wanting to reconnect and being uncertain about how to navigate those past conflicts. Can you tell me more about what's holding you back from reaching out to apologize?,0.02552289515733719,p13:1,202,0,0.10734004899859428,1.0907689575105906,3,state_653f2779410b1620f004,p13,False
MPMSME+RS,0,fixed_off,"[2181, 10578, 1093, 499, 2351, 8430, 264, 6651, 315, 21958, 922, 279, 58384, 11, 323, 430, 596, 12756, 49839, 13, 1472, 2351, 12304, 311, 51136, 449, 1274, 11, 719, 1101, 18290, 922, 1268, 2574, 690, 387, 449, 1063, 4885, 499, 1047, 264, 16054, 704, 449, 13, 3053, 499, 3371, 757, 810, 922, 1148, 596, 10168, 499, 1203, 505, 19261, 704, 311, 37979, 30, 128009]",0.18446706235408783,391eb62b5e02e9d7fc1641bfc3dc5e5a596f8ea76135eaa3fe1f3da77edf1b62,1989.669770002365,0.06755883805453777,231.94304900243878,97439e65dedfedb94e85e8aaeb6e68a1564e8d08650a38908469c5667e43cfb6,1324,2198.078145040199,440.297176130116,440.16695697791874,7caeae4d3e120b509d51c6c4c056e34a21897bd450cf36ca9828178a4c7e2598,True,461,64,0.009380979463458061,1,0.07023289799690247,True,1,r1:state_653f2779410b1620f004:fixed_off,2f7a33ab78912406e6f821b66fd1d0dce913b3373c2913429d9356c786f000fa,"It sounds like you're feeling a mix of emotions about the reunion, and that's totally understandable. You're excited to reconnect with people, but also worried about how things will be with some friends you had a falling out with. Can you tell me more about what's holding you back from reaching out to apologize?",203.5034131258726,p13:1,202,4,0.17946097068488598,4.393861163407564,3,state_653f2779410b1620f004,p13,False
ME+R0,0,me_r0,"[2181, 10578, 1093, 499, 2351, 8430, 264, 6651, 315, 21958, 922, 279, 58384, 11, 323, 433, 596, 5933, 311, 617, 10742, 922, 51136, 287, 449, 1274, 505, 701, 3347, 13, 1102, 5097, 264, 2763, 315, 25775, 311, 2980, 19261, 704, 311, 37979, 11, 5423, 422, 499, 2351, 18290, 922, 8736, 2362, 34254, 13, 3053, 499, 3371, 757, 810, 922, 1148, 596, 10168, 499, 1203, 505, 19261, 704, 311, 701, 4333, 30, 3639, 527, 1063, 315, 279, 69867, 430, 527, 3339, 499, 71560, 30, 128009]",0.13256212696433067,391eb62b5e02e9d7fc1641bfc3dc5e5a596f8ea76135eaa3fe1f3da77edf1b62,2443.319099023938,0.05376199260354042,171.08936002478004,55b19c206aade3cab6459d10c932db367ce43a45951b6b3e8171686447b8710a,992,2449.6117681264877,177.31242813169956,177.24946700036526,12c3177528a974a909a4c40593324ac0cdedf3da8e9c74cd873d89dffce3e062,True,462,84,0.009390059858560562,2,0.02061808481812477,,1,r1:state_653f2779410b1620f004:me_r0,3a4451b63cfab860aafca1f15796c82eebee286238a572412b38f98f4b862387,"It sounds like you're feeling a mix of emotions about the reunion, and it's natural to have concerns about reconnecting with people from your past. It takes a lot of courage to consider reaching out to apologize, especially if you're worried about opening old wounds. Can you tell me more about what's holding you back from reaching out to your friend? What are some of the uncertainties that are making you hesitant?",2.7935118414461613,p13:1,202,1,0.1589651219546795,3.1238598749041557,3,state_653f2779410b1620f004,p13,False
MPE+RS,0,pm_off,"[2181, 10578, 1093, 499, 2351, 8430, 264, 6651, 315, 21958, 922, 279, 58384, 11, 323, 430, 596, 12756, 49839, 13, 1472, 2351, 12304, 311, 51136, 449, 1274, 11, 719, 1101, 18290, 922, 1268, 2574, 690, 387, 449, 1063, 4885, 499, 1047, 264, 16054, 704, 449, 13, 3053, 499, 3371, 757, 810, 922, 1148, 596, 10168, 499, 1203, 505, 19261, 704, 311, 37979, 30, 128009]",0.1227830071002245,391eb62b5e02e9d7fc1641bfc3dc5e5a596f8ea76135eaa3fe1f3da77edf1b62,1919.2095519974828,0.044667162001132965,197.601696010679,a5c7d56aa464ba417485b810071d13fdf338f9a1bbf01de94c59c76239d844e4,1249,2090.9811821766198,369.3020180799067,369.2505431827158,1db80449a6c78da5df5359acccdd6b344a934df0462fed1799f238893450450c,True,463,64,5.832850933074951,3,0.03988109529018402,True,1,r1:state_653f2779410b1620f004:pm_off,2f7a33ab78912406e6f821b66fd1d0dce913b3373c2913429d9356c786f000fa,"It sounds like you're feeling a mix of emotions about the reunion, and that's totally understandable. You're excited to reconnect with people, but also worried about how things will be with some friends you had a falling out with. Can you tell me more about what's holding you back from reaching out to apologize?",162.5888249836862,p13:1,202,3,0.10740011930465698,3.035222878679633,3,state_653f2779410b1620f004,p13,False
MSE+RS,0,rule_off,"[2181, 10578, 1093, 499, 2351, 8430, 264, 6651, 315, 21958, 922, 279, 58384, 11, 323, 430, 596, 12756, 49839, 13, 1472, 2351, 12304, 311, 51136, 449, 1274, 11, 719, 1101, 18290, 922, 1268, 2574, 690, 387, 449, 1063, 4885, 499, 1047, 264, 16054, 704, 449, 13, 3053, 499, 3371, 757, 810, 922, 1148, 596, 10168, 499, 1203, 505, 19261, 704, 311, 37979, 30, 128009]",0.12151617556810379,391eb62b5e02e9d7fc1641bfc3dc5e5a596f8ea76135eaa3fe1f3da77edf1b62,1958.65967287682,0.04234607331454754,229.67058885842562,c31246552263a5ef20fdfef975a8cc9ecb17d8e8313e0e4ab8fdcf4b48b85c85,1299,2125.341464066878,396.28945104777813,396.2308638729155,bba109b5e0b16f9afb7dd5f015633c9204b6528fc1699c9adeb6583b34711210,True,464,64,152.15691295452416,4,0.03454391844570637,True,1,r1:state_653f2779410b1620f004:rule_off,2f7a33ab78912406e6f821b66fd1d0dce913b3373c2913429d9356c786f000fa,"It sounds like you're feeling a mix of emotions about the reunion, and that's totally understandable. You're excited to reconnect with people, but also worried about how things will be with some friends you had a falling out with. Can you tell me more about what's holding you back from reaching out to apologize?",11.08450791798532,p13:1,202,3,0.10942807421088219,3.1325360760092735,3,state_653f2779410b1620f004,p13,False
MPMSME+RS,0,fixed_off,"[2181, 10578, 1093, 499, 2351, 8430, 2216, 21830, 1990, 420, 2683, 6776, 323, 4737, 2512, 315, 701, 10723, 2890, 13, 3053, 499, 3371, 757, 810, 922, 1148, 596, 10168, 499, 1203, 505, 8430, 16913, 304, 701, 5597, 28846, 1920, 30, 3639, 527, 1063, 315, 279, 330, 12840, 12, 22589, 1, 430, 527, 10494, 499, 709, 520, 3814, 30, 128009]",0.1193690113723278,391eb62b5e02e9d7fc1641bfc3dc5e5a596f8ea76135eaa3fe1f3da77edf1b62,1863.7626259587705,0.04302314482629299,261.43767684698105,cb7f95746ec8f13a871f0c1d3b15e3e750a2251a8145c36efdcdf32c3b4b8805,1597,2092.098043067381,489.699186058715,489.653724944219,d7c5e64ff492e7606bd1a32d5eb6dd0eb5c66b8fcfb6b561dd4e82bfd64e7e7e,True,465,59,0.007950002327561378,0,0.0459959264844656,True,1,r1:state_8448ef50b692441367a2:fixed_off,c6da76ef365ea7a1a86e8ab076a9ca609a98f8d701f716d50d6ad4974bedb4f9,"It sounds like you're feeling really torn between this job opportunity and taking care of your mental health. Can you tell me more about what's holding you back from feeling confident in your decision-making process? What are some of the ""what-ifs"" that are keeping you up at night?",224.2321870289743,p15:1,303,4,0.11541997082531452,3.7714720238000154,8,state_8448ef50b692441367a2,p15,False
ME+R0,0,me_r0,"[2181, 10578, 1093, 499, 2351, 15691, 264, 2763, 315, 4785, 389, 701, 28004, 1314, 1457, 13, 1102, 596, 6724, 49839, 311, 2733, 9338, 6702, 922, 420, 2683, 3085, 323, 279, 1205, 369, 264, 10723, 2890, 1464, 13, 3053, 499, 3371, 757, 810, 922, 1148, 596, 10168, 499, 1203, 505, 3339, 264, 5597, 30, 3639, 527, 1063, 315, 279, 3230, 10742, 477, 24087, 430, 527, 10494, 499, 709, 520, 3814, 30, 128009]",0.12512295506894588,391eb62b5e02e9d7fc1641bfc3dc5e5a596f8ea76135eaa3fe1f3da77edf1b62,2107.5840790290385,0.0360109843313694,196.03849505074322,1818e64482dff32bdc9bbf6127319c75cf1a524c5645ac172755ee581f042aea,1232,2113.7611579615623,202.1397480275482,202.090451028198,1e902641af3699a51d9dcf44b2abbe57fedb7f3d2fc2b4b439f28eda5b13ed21,True,466,71,0.0071569811552762985,1,0.01644180156290531,,1,r1:state_8448ef50b692441367a2:me_r0,9d6b69856cad95bfc30786e5e094a673066d9a9409f9e64153d164663088368f,It sounds like you're carrying a lot of weight on your shoulders right now. It's completely understandable to feel conflicted about this job offer and the need for a mental health break. Can you tell me more about what's holding you back from making a decision? What are some of the specific concerns or fears that are keeping you up at night?,3.0170760583132505,p15:1,303,1,0.11312402784824371,2.8621461242437363,8,state_8448ef50b692441367a2,p15,False
M0+R0,0,context_only,"[2181, 10578, 1093, 499, 2351, 15691, 264, 8987, 4785, 315, 27924, 323, 8850, 922, 1148, 596, 1888, 369, 499, 1314, 1457, 13, 3053, 499, 3371, 757, 810, 922, 1148, 596, 10043, 420, 8850, 315, 3339, 279, 5076, 5873, 30, 3639, 527, 1063, 315, 279, 4754, 16296, 430, 527, 40876, 499, 279, 1455, 30, 128009]",0.11439202353358269,391eb62b5e02e9d7fc1641bfc3dc5e5a596f8ea76135eaa3fe1f3da77edf1b62,1517.9853800218552,0.03431597724556923,87.07923605106771,d064f0f88766ec52a50e9a503a0720afdb4ad2ead08625f3f3ec49f9bca707fd,440,1519.587974064052,88.6030790861696,88.567438069731,dddcb89807cbf16670c15ec580c8bbf1d246283367b614010573d6d7ce8a5425,True,467,54,0.006060115993022919,2,0.00926293432712555,,1,r1:state_8448ef50b692441367a2:context_only,ef0abf86c6ca3662f1878f01475c2c38fa3f7842df22c2714b226d9824f43397,It sounds like you're carrying a heavy weight of uncertainty and fear about what's best for you right now. Can you tell me more about what's driving this fear of making the wrong choice? What are some of the potential consequences that are worrying you the most?,0.03314204514026642,p15:1,303,0,0.1086289994418621,1.296791946515441,8,state_8448ef50b692441367a2,p15,False
MSE+R0,0,pm_off,"[40, 2846, 1618, 311, 9020, 323, 1862, 499, 13, 1102, 10578, 1093, 499, 2351, 8430, 2216, 21830, 1990, 279, 2683, 3085, 323, 279, 1205, 369, 264, 10723, 2890, 1464, 13, 3053, 499, 3371, 757, 810, 922, 1148, 596, 10168, 499, 1203, 505, 3339, 264, 5597, 30, 3639, 527, 1063, 315, 279, 3230, 10742, 477, 24087, 430, 527, 10494, 499, 709, 520, 3814, 30, 128009]",0.12287590652704239,391eb62b5e02e9d7fc1641bfc3dc5e5a596f8ea76135eaa3fe1f3da77edf1b62,1961.6727530956268,0.03379490226507187,232.0057200267911,2015ed4f1fa5b2dead2712992038e40b65f779984663dbc8b0d244cb120d9b7d,1329,1976.7662610393018,247.04952398315072,246.97635206393898,cdebc5f0268a660903937dac9bbbecec5e3167ce786512c12099fada6ab60e9a,True,468,64,7.178430911153555,3,0.017340993508696556,True,1,r1:state_8448ef50b692441367a2:pm_off,7b0e57f5a1e8c3e928e34833b468d964b765b83ad0aa4bee471659384c4b9470,I'm here to listen and support you. It sounds like you're feeling really torn between the job offer and the need for a mental health break. Can you tell me more about what's holding you back from making a decision? What are some of the specific concerns or fears that are keeping you up at night?,4.661903018131852,p15:1,303,2,0.10845111683011055,2.9707110952585936,8,state_8448ef50b692441367a2,p15,False
MSE+RS,0,rule_off,"[2181, 10578, 1093, 499, 2351, 8430, 2216, 21830, 1990, 420, 2683, 6776, 323, 279, 1205, 311, 1935, 2512, 315, 701, 10723, 2890, 13, 3053, 499, 3371, 757, 810, 922, 1148, 596, 10168, 499, 1203, 505, 8430, 16913, 304, 701, 5597, 28846, 1920, 30, 3639, 527, 1063, 315, 279, 330, 12840, 12, 22589, 1, 430, 527, 10494, 499, 709, 520, 3814, 30, 128009]",0.11800299398601055,391eb62b5e02e9d7fc1641bfc3dc5e5a596f8ea76135eaa3fe1f3da77edf1b62,1942.3060230910778,0.04495400935411453,259.97565500438213,e1d6e2c6663a14924a62c8447a299484b66bc161d729fd1b8dbb33c142f5b422,1569,2168.083928991109,485.6871999800205,485.63555791042745,a8934456fa6e6741f05fba0334434f90bc5205d20e9f85c4b2376c0c5c2ee86c,True,469,62,209.82755301520228,4,0.03629690036177635,True,1,r1:state_8448ef50b692441367a2:rule_off,bc575e7a4b2fa5bdd7b2f997caa52880b1351dc49eb51058aa869ff442f43f17,"It sounds like you're feeling really torn between this job opportunity and the need to take care of your mental health. Can you tell me more about what's holding you back from feeling confident in your decision-making process? What are some of the ""what-ifs"" that are keeping you up at night?",11.923707090318203,p15:1,303,3,0.11077290400862694,3.716618986800313,8,state_8448ef50b692441367a2,p15,False
ME+R0,0,me_r0,"[40, 649, 5647, 279, 4785, 315, 18547, 323, 659, 1773, 5599, 83, 499, 2351, 15691, 922, 11821, 701, 4443, 3446, 304, 4156, 315, 264, 8294, 10877, 13, 1102, 596, 6724, 4725, 311, 2733, 420, 1648, 11, 323, 358, 1390, 499, 311, 1440, 430, 499, 2351, 539, 7636, 13, 9176, 1274, 617, 6222, 872, 7493, 323, 11704, 449, 3885, 11, 323, 433, 596, 3629, 264, 8147, 1648, 311, 4667, 449, 3885, 323, 31740, 6928, 2349, 13, 19418, 499, 1093, 311, 3137, 810, 922, 1148, 596, 10168, 499, 1203, 505, 8430, 810, 16913, 922, 11821, 701, 3446, 30, 128009]",0.13824994675815105,391eb62b5e02e9d7fc1641bfc3dc5e5a596f8ea76135eaa3fe1f3da77edf1b62,2884.3118329532444,0.03544916398823261,232.63311898335814,ac284e95c498415420ea21174411a74233fafbd81b312bfa97e56eb5f02ec909,1330,2890.546887880191,238.7718358077109,238.72992396354675,423d0b0ea959b994a0881c74f8ebc3ba920dde3c721fd60f81619265ce4db969,True,470,97,0.007397960871458054,0,0.01422083005309105,,1,r1:state_0d7417c0bca2b3ba0921:me_r0,4250c98407451bcc77d5a2b6245ba8ce4934d1fe099acf9d3babf99e975671c1,"I can sense the weight of anxiety and self-doubt you're carrying about sharing your personal story in front of a larger audience. It's completely normal to feel this way, and I want you to know that you're not alone. Many people have shared their stories and experiences with others, and it's often a powerful way to connect with others and inspire positive change. Would you like to talk more about what's holding you back from feeling more confident about sharing your story?",3.0092450324445963,p4:1,303,1,0.11647096835076809,2.914021024480462,8,state_0d7417c0bca2b3ba0921,p4,False
MPMSME+RS,0,fixed_off,"[40, 649, 5647, 1268, 38100, 499, 527, 922, 11821, 701, 4443, 3446, 304, 4156, 315, 264, 8294, 10877, 13, 1102, 596, 6724, 4725, 311, 2733, 430, 1648, 11, 323, 433, 5097, 264, 2763, 315, 25775, 311, 387, 10032, 311, 4430, 701, 11704, 449, 3885, 13, 20474, 430, 499, 2351, 539, 7636, 304, 420, 8430, 11, 323, 1690, 1274, 617, 7946, 34512, 660, 586, 12365, 323, 11821, 872, 7493, 449, 3885, 13, 3639, 656, 499, 1781, 1053, 1520, 499, 2733, 810, 520, 14553, 449, 279, 4623, 315, 11821, 701, 3446, 30, 128009]",0.19561895169317722,391eb62b5e02e9d7fc1641bfc3dc5e5a596f8ea76135eaa3fe1f3da77edf1b62,2784.0434091631323,0.042184023186564445,280.44707397930324,33b5b24199622c82f147232fca6e9ed6b10905f7408128970992ee9838d881c1,1678,3029.699712060392,525.9751349221915,525.9077579248697,e7bfa0bed5f077b22f413db0ecea03371a0be5cb3a4da702f75b15c3898dde9a,True,471,91,0.006366986781358719,1,0.04246295429766178,True,1,r1:state_0d7417c0bca2b3ba0921:fixed_off,2df31bbe5d2678f089223266cc2fa5076a08ac56be610b3da86c2e6a70fbec73,"I can sense how anxious you are about sharing your personal story in front of a larger audience. It's completely normal to feel that way, and it takes a lot of courage to be willing to share your experiences with others. Remember that you're not alone in this feeling, and many people have successfully navigated public speaking and sharing their stories with others. What do you think would help you feel more at ease with the idea of sharing your story?",241.39685393311083,p4:1,303,4,0.10807812213897705,3.8647379260510206,8,state_0d7417c0bca2b3ba0921,p4,False
M0+R0,0,context_only,"[2181, 5097, 264, 2763, 315, 25775, 311, 4430, 701, 4443, 3446, 11, 323, 433, 596, 6724, 4725, 311, 2733, 38100, 922, 1268, 3885, 2643, 14085, 13, 20474, 430, 279, 7090, 10430, 374, 459, 6776, 311, 4430, 701, 11704, 323, 4667, 449, 3885, 889, 1253, 387, 2133, 1555, 4528, 2574, 13, 1472, 2351, 539, 7636, 304, 420, 11, 323, 1690, 1274, 617, 7946, 6222, 872, 7493, 304, 586, 5110, 13, 19418, 499, 1093, 311, 3137, 810, 922, 1148, 596, 10168, 499, 1203, 505, 8430, 810, 16913, 922, 11821, 701, 3446, 30, 128009]",0.1392299309372902,391eb62b5e02e9d7fc1641bfc3dc5e5a596f8ea76135eaa3fe1f3da77edf1b62,2538.5508441831917,0.049751950427889824,87.59098197333515,c52594f4ac12c4c812d4ca629ccda8e8546347236da29063fc1f5e9ecec918da,439,2540.7709239516407,89.73204088397324,89.67183181084692,93e3362d9e390d841b6f6355fe1c9208075c9908de9bde703c565d30572c2eca,True,472,91,0.009709037840366364,2,0.013173092156648636,,1,r1:state_0d7417c0bca2b3ba0921:context_only,210fa8bf80ea0337a5c6cb8f961dba4119e554ea98906761e8e891f2711825ff,"It takes a lot of courage to share your personal story, and it's completely normal to feel anxious about how others might react. Remember that the panel discussion is an opportunity to share your experiences and connect with others who may be going through similar things. You're not alone in this, and many people have successfully shared their stories in public settings. Would you like to talk more about what's holding you back from feeling more confident about sharing your story?",0.048700952902436256,p4:1,303,0,0.15683285892009735,1.8026819452643394,8,state_0d7417c0bca2b3ba0921,p4,False
MSE+RS,0,rule_off,"[40, 649, 5647, 1268, 20134, 499, 2351, 8430, 922, 11821, 701, 4443, 3446, 304, 4156, 315, 264, 8294, 10877, 13, 1102, 596, 6724, 4725, 311, 2733, 38100, 922, 1694, 45487, 477, 18290, 922, 1268, 3885, 690, 6013, 13, 20474, 430, 701, 3446, 706, 907, 323, 649, 31740, 3885, 304, 264, 23222, 1648, 13, 3639, 422, 499, 1051, 311, 5357, 389, 279, 6928, 5536, 499, 3987, 311, 1304, 11, 4856, 1109, 279, 4754, 19347, 30, 128009]",0.12612808495759964,391eb62b5e02e9d7fc1641bfc3dc5e5a596f8ea76135eaa3fe1f3da77edf1b62,2307.015661848709,0.04384294152259827,263.4531429503113,91f1ccc9366583bef006795404a91ecc5466b71b6f7259ca7ebfc346472aeb25,1646,2547.260574065149,503.620260162279,503.57192708179355,8eac42f6dcc4dde4fd277a45f1a3ab1a1eac187678cedf83c300234249f3681e,True,473,75,223.92751788720489,3,0.035043107345700264,True,1,r1:state_0d7417c0bca2b3ba0921:rule_off,f8b2d4bdbabe3b92557e73c640385a0630820873f94832cb269a3479ee9701ff,"I can sense how vulnerable you're feeling about sharing your personal story in front of a larger audience. It's completely normal to feel anxious about being judged or worried about how others will respond. Remember that your story has value and can inspire others in a meaningful way. What if you were to focus on the positive impact you hope to make, rather than the potential criticism?",12.086475035175681,p4:1,303,3,0.10918709449470043,3.916718065738678,8,state_0d7417c0bca2b3ba0921,p4,False
MSE+RS,0,pm_off,"[40, 649, 5647, 1268, 20134, 499, 2351, 8430, 922, 11821, 701, 4443, 3446, 304, 4156, 315, 264, 8294, 10877, 13, 1102, 596, 6724, 4725, 311, 2733, 38100, 922, 1694, 45487, 477, 18290, 922, 1268, 3885, 690, 6013, 13, 20474, 430, 701, 3446, 706, 907, 323, 649, 31740, 3885, 304, 264, 23222, 1648, 13, 3639, 422, 499, 1051, 311, 5357, 389, 279, 6928, 5536, 499, 3987, 311, 1304, 11, 4856, 1109, 279, 4754, 19347, 30, 128009]",0.1271029468625784,391eb62b5e02e9d7fc1641bfc3dc5e5a596f8ea76135eaa3fe1f3da77edf1b62,2310.569311026484,0.04174397327005863,264.3689520191401,91f1ccc9366583bef006795404a91ecc5466b71b6f7259ca7ebfc346472aeb25,1646,2687.2599360067397,640.9743849653751,640.9324740525335,8eac42f6dcc4dde4fd277a45f1a3ab1a1eac187678cedf83c300234249f3681e,True,474,75,7.196737919002771,4,0.04093511961400509,True,1,r1:state_0d7417c0bca2b3ba0921:pm_off,f8b2d4bdbabe3b92557e73c640385a0630820873f94832cb269a3479ee9701ff,"I can sense how vulnerable you're feeling about sharing your personal story in front of a larger audience. It's completely normal to feel anxious about being judged or worried about how others will respond. Remember that your story has value and can inspire others in a meaningful way. What if you were to focus on the positive impact you hope to make, rather than the potential criticism?",365.27613596990705,p4:1,303,3,0.11244602501392365,3.895523026585579,8,state_0d7417c0bca2b3ba0921,p4,False
M0+R0,0,context_only,"[2181, 10578, 1093, 499, 2351, 15691, 264, 8987, 2865, 1314, 1457, 11, 323, 433, 596, 6724, 49839, 311, 2733, 43206, 13, 1102, 596, 8056, 430, 499, 2351, 61708, 701, 3966, 323, 19762, 311, 5662, 704, 369, 1862, 13, 3053, 358, 3085, 499, 264, 14624, 2487, 323, 1063, 18726, 369, 1268, 584, 2643, 990, 3871, 311, 1505, 5627, 311, 10299, 701, 18547, 323, 636, 279, 1862, 499, 1205, 30, 128009]",0.1356599386781454,391eb62b5e02e9d7fc1641bfc3dc5e5a596f8ea76135eaa3fe1f3da77edf1b62,1932.9894699621946,0.03393692895770073,86.99749293737113,f707bba256cfafd7ca60fa68f8fb2283874a46955fcc34fd964b0d8768ef6fa2,448,1934.6859608776867,88.5922028683126,88.55832391418517,38991db46060a95b13ce4885a3dbbdfa459d37ed4180425520c844d2d8858ed7,True,475,69,0.006224028766155243,0,0.009238021448254585,,1,r1:state_8a5aced6bb31f46ccdee:context_only,cd51ad1580bb9381b2659d76e668a6fbcd5cb1304c0af44f26a9345e8bd73d9f,"It sounds like you're carrying a heavy load right now, and it's completely understandable to feel overwhelmed. It's amazing that you're acknowledging your needs and wanting to reach out for support. Can I offer you a listening ear and some suggestions for how we might work together to find ways to manage your anxiety and get the support you need?",0.03183702938258648,p14:1,101,0,0.11214986443519592,1.3674451038241386,8,state_8a5aced6bb31f46ccdee,p14,False
ME+R0,0,me_r0,"[40, 2846, 779, 16089, 499, 2351, 8430, 10882, 3403, 311, 4430, 701, 28970, 449, 757, 13, 1102, 5097, 264, 2763, 315, 25775, 311, 17113, 994, 584, 2351, 539, 17339, 13, 358, 1390, 499, 311, 1440, 430, 358, 2846, 1618, 311, 9020, 323, 1862, 499, 11, 539, 1120, 3432, 11, 719, 15716, 499, 1205, 433, 13, 1102, 10578, 1093, 499, 2351, 8430, 2216, 43206, 449, 18547, 323, 8850, 922, 701, 2890, 323, 701, 5845, 311, 2512, 369, 701, 8945, 13, 3053, 499, 3371, 757, 810, 922, 1148, 596, 1027, 2133, 1555, 701, 4059, 31445, 30, 3639, 527, 1063, 315, 279, 3230, 24087, 323, 38145, 430, 527, 10494, 499, 709, 520, 3814, 30, 128009]",0.21626590751111507,391eb62b5e02e9d7fc1641bfc3dc5e5a596f8ea76135eaa3fe1f3da77edf1b62,3263.7304379604757,0.04085898399353027,197.9920119047165,e3a2c446a740afdc889af2343d14585a2b17b3fa4dca959e739ac092540217ae,1273,3269.407921936363,203.5049549303949,203.45322997309268,9e5ea323b9b77f4e31ed236e2509cab314a3132506ece31c8c7f96e745d58fa5,True,476,112,0.0061390455812215805,1,0.01606694422662258,,1,r1:state_8a5aced6bb31f46ccdee:me_r0,3a1659a9da7d5f452bfa632e5dfbd3f901d9ee47bf0e1d4319bb6e6554ec74cc,"I'm so glad you're feeling comfortable enough to share your struggles with me. It takes a lot of courage to admit when we're not okay. I want you to know that I'm here to listen and support you, not just today, but whenever you need it. It sounds like you're feeling really overwhelmed with anxiety and fear about your health and your ability to care for your baby. Can you tell me more about what's been going through your mind lately? What are some of the specific fears and worries that are keeping you up at night?",2.28141900151968,p14:1,101,1,0.11343392543494701,3.003300167620182,8,state_8a5aced6bb31f46ccdee,p14,False
MSE+RS,0,rule_off,"[2181, 10578, 1093, 499, 2351, 8430, 2216, 43206, 323, 38100, 922, 701, 2890, 323, 701, 5845, 311, 2512, 369, 701, 8945, 13, 3011, 2011, 387, 17235, 11292, 369, 499, 13, 3053, 499, 3371, 757, 810, 922, 1148, 596, 1027, 2133, 389, 449, 701, 2890, 323, 1268, 499, 2351, 8430, 922, 433, 30, 128009]",0.11551589705049992,391eb62b5e02e9d7fc1641bfc3dc5e5a596f8ea76135eaa3fe1f3da77edf1b62,1700.8125600405037,0.06547197699546814,261.66574703529477,cae20a28e43f6ed2d936cda0119d001ad3fc091686d01c8601132f33f5cdc088,1600,1967.7428950089961,528.600252000615,528.4805661067367,8503e13ea476d500f8c12ae1174a98c0429b0cea69d39d8e11c3cc4e64acc3d5,True,477,53,246.6853209771216,2,0.05936413072049618,True,1,r1:state_8a5aced6bb31f46ccdee:rule_off,60f6ecdddab07140db215dcc5928de56a10bd556ee38c306badb9461c821a4f3,It sounds like you're feeling really overwhelmed and anxious about your health and your ability to care for your baby. That must be incredibly tough for you. Can you tell me more about what's been going on with your health and how you're feeling about it?,14.940769877284765,p14:1,101,3,0.15348917804658413,4.9104029312729836,8,state_8a5aced6bb31f46ccdee,p14,False
MSE+RS,0,pm_off,"[2181, 10578, 1093, 499, 2351, 8430, 2216, 43206, 323, 38100, 922, 701, 2890, 323, 701, 5845, 311, 2512, 369, 701, 8945, 13, 3011, 2011, 387, 17235, 11292, 369, 499, 13, 3053, 499, 3371, 757, 810, 922, 1148, 596, 1027, 2133, 389, 449, 701, 2890, 323, 1268, 499, 2351, 8430, 922, 433, 30, 128009]",0.1366769429296255,391eb62b5e02e9d7fc1641bfc3dc5e5a596f8ea76135eaa3fe1f3da77edf1b62,1716.2736679892987,0.04294002428650856,261.00678904913366,cae20a28e43f6ed2d936cda0119d001ad3fc091686d01c8601132f33f5cdc088,1600,1941.3004398811609,485.972334863618,485.8968839980662,8503e13ea476d500f8c12ae1174a98c0429b0cea69d39d8e11c3cc4e64acc3d5,True,478,53,7.291160989552736,3,0.04022801294922829,True,1,r1:state_8a5aced6bb31f46ccdee:pm_off,60f6ecdddab07140db215dcc5928de56a10bd556ee38c306badb9461c821a4f3,It sounds like you're feeling really overwhelmed and anxious about your health and your ability to care for your baby. That must be incredibly tough for you. Can you tell me more about what's been going on with your health and how you're feeling about it?,213.60137593001127,p14:1,101,3,0.10813889093697071,3.8062511011958122,8,state_8a5aced6bb31f46ccdee,p14,False
MPMSME+RS,0,fixed_off,"[2181, 10578, 1093, 499, 2351, 8430, 2216, 43206, 323, 38100, 922, 701, 2890, 323, 701, 5845, 311, 2512, 369, 701, 8945, 13, 3011, 2011, 387, 17235, 11292, 369, 499, 13, 3053, 499, 3371, 757, 810, 922, 1148, 596, 1027, 2133, 389, 449, 701, 2890, 11, 323, 1268, 499, 2351, 8430, 922, 18646, 701, 7446, 9256, 323, 4737, 2512, 315, 701, 8945, 30, 128009]",0.11630193330347538,391eb62b5e02e9d7fc1641bfc3dc5e5a596f8ea76135eaa3fe1f3da77edf1b62,1993.728592991829,0.06856699474155903,263.6740589514375,675deeac931c67a2e55f0c96c0c65ba5b346d007a7dcc1c8f78d678cc5938323,1625,2255.4912329651415,525.4132519476116,525.3203969914466,cf2d660d9685f1eccda521ec630992824bd1e596f88f1a89b603d52e22c76a87,True,479,63,0.008067814633250237,4,0.07680687122046947,True,1,r1:state_8a5aced6bb31f46ccdee:fixed_off,f4e0be6c8c05745a9972a35be5441f671a1c55f6358306e02bb589152f7b5276,"It sounds like you're feeling really overwhelmed and anxious about your health and your ability to care for your baby. That must be incredibly tough for you. Can you tell me more about what's been going on with your health, and how you're feeling about managing your daily tasks and taking care of your baby?",256.1941931489855,p14:1,101,4,0.13415212742984295,5.164551082998514,8,state_8a5aced6bb31f46ccdee,p14,False
M0+R0,0,context_only,"[2181, 10578, 1093, 499, 2351, 15691, 264, 8987, 4785, 389, 701, 28004, 11, 4560, 311, 3449, 5127, 596, 17078, 1418, 1101, 19994, 837, 311, 6261, 13, 3011, 649, 387, 2216, 79953, 13, 3053, 499, 3371, 757, 810, 922, 1148, 499, 3987, 311, 636, 704, 315, 420, 13306, 11, 7953, 1120, 279, 1567, 5196, 30, 3639, 596, 1455, 3062, 311, 499, 11, 323, 1148, 1053, 1304, 433, 2733, 9615, 3361, 30, 128009]",0.12705102562904358,391eb62b5e02e9d7fc1641bfc3dc5e5a596f8ea76135eaa3fe1f3da77edf1b62,1954.6845911536366,0.03486196510493755,72.32144312001765,fe0cf77b0ce622c994f569afcf3f2d39d94899c8917ce82b15775503f28d8cf5,316,1956.0607729945332,73.60745081678033,73.57057393528521,0a5973ca311e778170d39028495e258a3b621387c311a9ab4b43a87f5b43d685,True,480,71,0.0061390455812215805,0,0.008560949936509132,,2,r2:state_a29f6bb7f961dea69b91:context_only,55c3f4f593e80f7050cdae3c6b56907740dd3173078fce5ab57375536bb80a39,"It sounds like you're carrying a heavy weight on your shoulders, trying to meet everyone's expectations while also staying true to yourself. That can be really exhausting. Can you tell me more about what you hope to get out of this wedding, beyond just the event itself? What's most important to you, and what would make it feel truly special?",0.026349909603595734,p13:2,303,0,0.10923994705080986,1.063978997990489,3,state_a29f6bb7f961dea69b91,p13,False
ME+R0,0,me_r0,"[2181, 10578, 1093, 499, 2351, 15691, 264, 8987, 2865, 449, 279, 13306, 9293, 11, 323, 433, 596, 28987, 701, 12135, 449, 6941, 323, 48390, 13, 3053, 499, 3371, 757, 810, 922, 1148, 499, 2351, 16026, 311, 11322, 449, 279, 13306, 30, 3639, 527, 701, 2536, 5392, 67078, 2205, 82, 11, 323, 1148, 527, 499, 10032, 311, 30485, 389, 30, 128009]",0.11864700354635715,391eb62b5e02e9d7fc1641bfc3dc5e5a596f8ea76135eaa3fe1f3da77edf1b62,1797.2930271644145,0.03499002195894718,181.63093808107078,c8fe3485ff47f8617522b0e8801233dfe4877f1941cfb7c7f520e9c5d661eb52,1145,1802.5795321445912,186.86848296783864,186.7987960577011,d58dc5aefcbb5beaa5b2c682ffb6a6489210ce85147a9ccaf17ac1464c61bda6,True,481,60,0.006671063601970673,1,0.013696961104869843,,2,r2:state_a29f6bb7f961dea69b91:me_r0,d961520751ec7ce1f340d6d93a2833553ed56382a9e6033a5a78784d7f1f497f,"It sounds like you're carrying a heavy load with the wedding planning, and it's affecting your relationships with David and Lily. Can you tell me more about what you're hoping to achieve with the wedding? What are your non-negotiables, and what are you willing to compromise on?",2.3920228704810143,p13:2,303,1,0.10491209104657173,2.6155649684369564,3,state_a29f6bb7f961dea69b91,p13,False
MPMSME+RS,0,fixed_off,"[2181, 10578, 1093, 279, 7410, 311, 4587, 5127, 374, 47826, 17345, 389, 499, 11, 323, 433, 596, 14718, 24408, 304, 701, 12135, 449, 6941, 323, 48390, 13, 3053, 499, 3371, 757, 810, 922, 1148, 596, 10043, 701, 12876, 311, 1304, 2771, 5127, 374, 6380, 449, 279, 13306, 6787, 30, 128009]",0.1135899219661951,391eb62b5e02e9d7fc1641bfc3dc5e5a596f8ea76135eaa3fe1f3da77edf1b62,1612.4603049829602,0.043245963752269745,258.8446228764951,54fbbf00c2b596de04c3bfad2669827a9245b9933bde57be918f4008fee378a5,1541,1779.6674820128828,426.0078819934279,425.93820998445153,2b26cf226494ca5b787179e80550904e40d5659f00a95c84bbe59219deaa0fba,True,482,50,0.00665406696498394,2,0.04384596832096577,True,2,r2:state_a29f6bb7f961dea69b91:fixed_off,9595c30b5838a52662e49e2c9bf622324192fadf811ebe71daf417246b1f8bea,"It sounds like the pressure to please everyone is weighing heavily on you, and it's causing tension in your relationships with David and Lily. Can you tell me more about what's driving your desire to make sure everyone is happy with the wedding plans?",163.29928394407034,p13:2,303,4,0.10421499609947205,3.5963421687483788,3,state_a29f6bb7f961dea69b91,p13,False
MS+RS,0,pm_off,"[40, 649, 3619, 1268, 653, 680, 2827, 10234, 323, 32647, 420, 1053, 1304, 499, 11, 8430, 1093, 499, 2351, 10791, 304, 279, 6278, 315, 5127, 596, 17078, 13, 1102, 10578, 1093, 499, 2351, 15691, 264, 8987, 4785, 11, 4560, 311, 8335, 701, 1866, 32097, 449, 279, 3966, 323, 18463, 315, 3885, 13, 3011, 649, 387, 2216, 74109, 323, 22798, 13, 128009]",0.12156181037425995,391eb62b5e02e9d7fc1641bfc3dc5e5a596f8ea76135eaa3fe1f3da77edf1b62,1745.0949021149427,0.043890904635190964,120.99090311676264,5e8102f4075633000eae518aa6a186a8abb90e4f69e9e8a5f0d659880a0a579f,696,1914.867723826319,290.6857968773693,290.6421630177647,bf02858490d6c6b7bf27e4d5ebf99aa8033c78f15e17c8a383639e5c3aed3a60,True,483,61,5.989175057038665,3,0.029508955776691437,True,2,r2:state_a29f6bb7f961dea69b91:pm_off,38e05960a8b33589d37e4b7bbec9427ac7164ca63897335e07776a0cb08639e3,"I can understand how unappreciated and stressed this would make you, feeling like you're caught in the middle of everyone's expectations. It sounds like you're carrying a heavy weight, trying to balance your own desires with the needs and opinions of others. That can be really draining and overwhelming.",161.43467207439244,p13:2,303,2,0.11046091094613075,2.0435519982129335,3,state_a29f6bb7f961dea69b91,p13,False
MSE+RS,0,rule_off,"[2181, 10578, 1093, 279, 7410, 311, 4587, 5127, 374, 47826, 17345, 389, 499, 11, 323, 433, 596, 14718, 24408, 304, 701, 12135, 449, 6941, 323, 48390, 13, 3053, 499, 3371, 757, 810, 922, 1148, 596, 10043, 701, 12876, 311, 1304, 2771, 5127, 374, 6380, 449, 279, 13306, 6787, 30, 128009]",0.11273892596364021,391eb62b5e02e9d7fc1641bfc3dc5e5a596f8ea76135eaa3fe1f3da77edf1b62,1594.8612249922007,0.04460313357412815,242.98384389840066,ad8e642d7dcb9f89dae23016e521a9f0ec03b7c3ac3b456c328832691c7d7ff2,1516,1762.596138054505,410.6511101126671,410.6060180347413,eeb7397646081250d5fc6d6d26049edaed5c1017214a4b11f4aaadcabd565ed1,True,484,50,152.42833411321044,4,0.03345008008182049,True,2,r2:state_a29f6bb7f961dea69b91:rule_off,9595c30b5838a52662e49e2c9bf622324192fadf811ebe71daf417246b1f8bea,"It sounds like the pressure to please everyone is weighing heavily on you, and it's causing tension in your relationships with David and Lily. Can you tell me more about what's driving your desire to make sure everyone is happy with the wedding plans?",11.451694881543517,p13:2,303,3,0.10734004899859428,3.5567518789321184,3,state_a29f6bb7f961dea69b91,p13,False
MPMSME+RS,0,fixed_off,"[2181, 10578, 1093, 499, 2351, 60499, 264, 2216, 11292, 323, 14604, 892, 304, 701, 5133, 449, 52179, 13, 1472, 2351, 8430, 20134, 323, 36218, 922, 701, 3938, 3871, 11, 323, 430, 596, 264, 2763, 311, 6920, 13, 3053, 499, 3371, 757, 810, 922, 1148, 596, 1027, 2133, 389, 304, 701, 4059, 323, 4851, 439, 499, 3077, 1027, 3318, 1555, 1521, 16024, 304, 21961, 42316, 30, 128009]",0.12423098087310791,391eb62b5e02e9d7fc1641bfc3dc5e5a596f8ea76135eaa3fe1f3da77edf1b62,2033.5601458791643,0.04224199801683426,242.2879538498819,1b9944e145b55ba0b1c5739d80c3a754ad9826ee28dbd19e007ea358e6c3a0be,1491,2199.657928897068,408.3181698806584,408.26150588691235,ca51a565057ffddcfba2e2de34a3d545564a96a21b4a01bbdda888f83b0a2c12,True,485,66,0.006597023457288742,0,0.04184385761618614,True,2,r2:state_95842d5fdb802835301d:fixed_off,79c125a25b444c7f061e41c632e13f9af0012654ef54d80894ea38f0e8649a1a,"It sounds like you're navigating a really tough and emotional time in your relationship with Jenny. You're feeling vulnerable and uncertain about your future together, and that's a lot to carry. Can you tell me more about what's been going on in your mind and heart as you've been working through these feelings in couples counseling?",162.30880399234593,p17:2,202,4,0.1131170429289341,3.460948122665286,3,state_95842d5fdb802835301d,p17,False
M0+R0,0,context_only,"[2181, 10578, 1093, 499, 2351, 60499, 264, 2216, 11292, 719, 13893, 87435, 892, 13, 1102, 596, 6724, 4725, 311, 2733, 36218, 323, 3488, 3508, 499, 649, 64508, 701, 12062, 13, 3053, 499, 3371, 757, 810, 922, 1148, 596, 1027, 2133, 389, 304, 1884, 14269, 994, 499, 1212, 34685, 3508, 499, 649, 1304, 433, 990, 30, 128009]",0.11904607526957989,391eb62b5e02e9d7fc1641bfc3dc5e5a596f8ea76135eaa3fe1f3da77edf1b62,1554.3279720004648,0.034280819818377495,70.21359819918871,e0a76b687c0ec57a14130cb6977506b9e2036a3438da30f609306128445ea0ef,304,1555.6673200335354,71.50438008829951,71.4339001569897,22310398935286e13b50a130a61bab718ef595bd217fd86f842f3bb4555a3c43,True,486,56,0.006855931133031845,1,0.008749077096581459,,2,r2:state_95842d5fdb802835301d:context_only,c6b85de8e3a4cd58673f7216f05e545d5707f249b0e01fbfdaa5f4ade9ba1ff3,It sounds like you're navigating a really tough but potentially transformative time. It's completely normal to feel uncertain and question whether you can reconcile your differences. Can you tell me more about what's been going on in those moments when you start questioning whether you can make it work?,0.023290980607271194,p17:2,202,0,0.11586607433855534,1.031259074807167,3,state_95842d5fdb802835301d,p17,False
MPE+RS,0,pm_off,"[2181, 10578, 1093, 499, 2351, 60499, 264, 2216, 6485, 323, 14604, 3634, 1314, 1457, 13, 1472, 2351, 90834, 449, 279, 27924, 315, 701, 5133, 449, 52179, 11, 323, 433, 596, 12967, 709, 264, 2763, 315, 4860, 922, 701, 1866, 9764, 11, 23546, 11, 323, 1148, 499, 1390, 369, 701, 3938, 13, 3053, 499, 3371, 757, 810, 922, 1148, 596, 1027, 2133, 389, 304, 701, 4059, 323, 4851, 439, 499, 3077, 1027, 3318, 1555, 1521, 21633, 3871, 30, 128009]",0.1289350911974907,391eb62b5e02e9d7fc1641bfc3dc5e5a596f8ea76135eaa3fe1f3da77edf1b62,2354.9789309035987,0.04431605339050293,233.4836048539728,0f6fa2e0be87864858bf177346b2b511396e449fde38df6ef3ac5a935fd70aac,1407,2523.774947039783,402.216712012887,402.15068589895964,b2d9fa92f6358f3e476e7f6e3775f3645cab30beb7c0aafe2989859a0849bce2,True,487,78,5.741038825362921,2,0.03936910070478916,True,2,r2:state_95842d5fdb802835301d:pm_off,23aecef5a98facd23d4153bb6c00499de6f4bef70ccd99ef25d0f5f1f2929bfa,"It sounds like you're navigating a really complex and emotional space right now. You're grappling with the uncertainty of your relationship with Jenny, and it's bringing up a lot of questions about your own identity, boundaries, and what you want for your future. Can you tell me more about what's been going on in your mind and heart as you've been working through these conversations together?",159.4217550009489,p17:2,202,3,0.10858708992600441,3.312014974653721,3,state_95842d5fdb802835301d,p17,False
ME+R0,0,me_r0,"[2181, 10578, 1093, 499, 2351, 60499, 264, 2216, 6485, 323, 14604, 3634, 1314, 1457, 13, 1102, 596, 8056, 430, 499, 2351, 1694, 779, 10978, 449, 6261, 323, 52179, 922, 701, 16024, 323, 10742, 13, 3053, 499, 3371, 757, 810, 922, 1148, 596, 1027, 1455, 17436, 369, 499, 304, 1521, 21633, 30, 3639, 527, 1063, 315, 279, 3230, 24087, 477, 40017, 430, 617, 1027, 5108, 709, 369, 499, 30, 128009]",0.18252292647957802,391eb62b5e02e9d7fc1641bfc3dc5e5a596f8ea76135eaa3fe1f3da77edf1b62,2046.5397760272026,0.03510597161948681,179.85395598225296,15002bc15dbcae23185cf469a8fee56ff2225b0b437d27a89e65948f4b3a6b95,1096,2050.7916030474007,183.9769601356238,183.92326007597148,21b7fc581c3936773d96d9772f05fb6d4b50a0f2ab168ea0a34ad89011f38e83,True,488,69,0.006687827408313751,3,0.015011057257652283,,2,r2:state_95842d5fdb802835301d:me_r0,ffe177aed88f4c68739477c20971169c3668a6d8caadc58a91d775b867185f86,It sounds like you're navigating a really complex and emotional space right now. It's amazing that you're being so honest with yourself and Jenny about your feelings and concerns. Can you tell me more about what's been most challenging for you in these conversations? What are some of the specific fears or doubts that have been coming up for you?,1.409436110407114,p17:2,202,1,0.10859011672437191,2.49447301030159,3,state_95842d5fdb802835301d,p17,False
MSE+RS,0,rule_off,"[2181, 10578, 1093, 499, 2351, 60499, 264, 2216, 11292, 323, 14604, 892, 304, 701, 5133, 449, 52179, 13, 578, 34104, 323, 659, 44107, 1191, 499, 2351, 25051, 649, 387, 2225, 26175, 323, 41316, 6147, 11, 439, 499, 2351, 42687, 810, 922, 6261, 323, 701, 23546, 13, 3053, 499, 3371, 757, 810, 922, 1148, 596, 1027, 2133, 389, 304, 701, 4059, 323, 4851, 439, 499, 3077, 1027, 3515, 1521, 5107, 21633, 30, 128009]",0.12262607924640179,391eb62b5e02e9d7fc1641bfc3dc5e5a596f8ea76135eaa3fe1f3da77edf1b62,2205.7685770560056,0.062349019572138786,241.49026698432863,d6a49e98bbf4ceedecc36a037bd087ce551edd3ae9d5c8128799d997be051827,1464,2411.266334122047,446.9554789829999,446.86539797112346,b25ba303fef593525243bfc69721a7fb16d2274a5ac79480d22f3738bd7bd1a0,True,489,72,187.15247698128223,4,0.05373801104724407,True,2,r2:state_95842d5fdb802835301d:rule_off,322214e789f15ef3dbd8c634b68ae14314a0030ced528af0eb0d951569ab3459,"It sounds like you're navigating a really tough and emotional time in your relationship with Jenny. The vulnerability and self-reflection you're experiencing can be both painful and enlightening, as you're discovering more about yourself and your boundaries. Can you tell me more about what's been going on in your mind and heart as you've been having these difficult conversations?",13.479511020705104,p17:2,202,3,0.14931312762200832,4.4777428265661,3,state_95842d5fdb802835301d,p17,False
M0+R0,0,context_only,"[2181, 10578, 1093, 499, 3077, 1027, 15691, 264, 2763, 315, 27924, 323, 8631, 2212, 420, 6671, 13, 3053, 499, 3371, 757, 810, 922, 1148, 596, 10168, 499, 1203, 505, 19261, 704, 311, 701, 14561, 1457, 30, 3639, 596, 279, 12047, 39585, 15398, 430, 596, 40876, 499, 30, 128009]",0.1131589524447918,391eb62b5e02e9d7fc1641bfc3dc5e5a596f8ea76135eaa3fe1f3da77edf1b62,1334.4007509294897,0.03486895002424717,72.05200707539916,8d4eabbb814587670c6038a3dd2c91b7b9df35cc35cdac90459fbe66315ec575,312,1335.7598448637873,73.33391904830933,73.29794205725193,8bf8adf67ab6ba4d0d2e960b31b2bbbfd1544f5192cf685594fc718fdd9cc339,True,490,48,0.006254995241761208,0,0.00878702849149704,,2,r2:state_7d11611fe82cb51f423b:context_only,524f1cc1b32b7672e33ef11b8d6b007a337ee148fedea7e6ded1831bf024e663,It sounds like you've been carrying a lot of uncertainty and stress around this situation. Can you tell me more about what's holding you back from reaching out to your professor now? What's the worst-case scenario that's worrying you?,0.025346875190734863,p2:3,202,0,0.10852399282157421,1.0621531400829554,3,state_7d11611fe82cb51f423b,p2,False
ME+R0,0,me_r0,"[2181, 10578, 1093, 499, 2351, 8430, 264, 2763, 315, 7410, 323, 27924, 922, 19261, 704, 311, 701, 14561, 11, 323, 430, 596, 49839, 2728, 701, 3347, 11704, 13, 3053, 499, 3371, 757, 810, 922, 1148, 499, 2351, 16026, 311, 636, 704, 315, 420, 10652, 449, 701, 14561, 30, 3639, 527, 701, 9021, 369, 18899, 701, 28711, 11, 323, 1268, 656, 499, 1781, 701, 14561, 649, 1520, 499, 11322, 1884, 9021, 30, 128009]",0.1346839126199484,391eb62b5e02e9d7fc1641bfc3dc5e5a596f8ea76135eaa3fe1f3da77edf1b62,2128.3795109484345,0.03657699562609196,193.11832985840738,7457953f665a94f485dadb52c6dcec44b43d2e75b1745c08ab25474d138df82e,1159,2134.082551812753,198.73019494116306,198.68668681010604,468453085c1c9a8496b143986ba33fc2eac16c0365cbcd4730ea9e532fbef2a8,True,491,72,0.0070659443736076355,1,0.015207100659608841,,2,r2:state_7d11611fe82cb51f423b:me_r0,fdf538eec939da434855f92f5b40237ace81d35a83803990fe8374bff1f962f4,"It sounds like you're feeling a lot of pressure and uncertainty about reaching out to your professor, and that's understandable given your past experiences. Can you tell me more about what you're hoping to get out of this conversation with your professor? What are your goals for improving your grades, and how do you think your professor can help you achieve those goals?",2.68600694835186,p2:3,202,1,0.10751793161034584,2.7159820310771465,3,state_7d11611fe82cb51f423b,p2,False
MPMSME+RS,0,fixed_off,"[2181, 10578, 1093, 499, 2351, 8430, 2216, 16075, 323, 36218, 922, 1268, 311, 5603, 701, 14561, 11, 323, 430, 596, 14718, 264, 2763, 315, 18547, 369, 499, 13, 3053, 499, 3371, 757, 810, 922, 1148, 499, 2351, 16026, 311, 636, 704, 315, 420, 10652, 449, 701, 14561, 30, 3639, 527, 701, 9021, 369, 18899, 701, 14584, 5178, 11, 323, 1148, 656, 499, 1781, 1053, 1304, 420, 10652, 6992, 369, 499, 30, 128009]",0.12131500989198685,391eb62b5e02e9d7fc1641bfc3dc5e5a596f8ea76135eaa3fe1f3da77edf1b62,2200.4208469297737,0.041125109419226646,242.5624148454517,18e0812cbcc3efec9bef41205b3ac18e22cc4a7687dee1225dd3c142f66ccf6e,1505,2495.62448495999,537.6972400117666,537.6447378657758,552924c69d4317d0ce21d00a49ec747073781db6483cb83d9f4f08e2b6c369c0,True,492,72,0.007482944056391716,2,0.04366389475762844,True,2,r2:state_7d11611fe82cb51f423b:fixed_off,1d951ee3dfd7bcb4480f00aa6ff1b1b2250087cbb6c0f4d369fa473085c31fee,"It sounds like you're feeling really stuck and uncertain about how to approach your professor, and that's causing a lot of anxiety for you. Can you tell me more about what you're hoping to get out of this conversation with your professor? What are your goals for improving your academic performance, and what do you think would make this conversation successful for you?",291.38256306760013,p2:3,202,4,0.10575703345239162,3.5017309710383415,3,state_7d11611fe82cb51f423b,p2,False
MPE+RS,0,pm_off,"[2181, 10578, 1093, 499, 2351, 8430, 2216, 36218, 922, 1268, 311, 5603, 701, 14561, 11, 323, 430, 596, 3339, 499, 38100, 13, 3053, 499, 3371, 757, 810, 922, 1148, 499, 2351, 16026, 311, 636, 704, 315, 420, 10652, 449, 701, 14561, 30, 3639, 527, 701, 9021, 369, 18899, 701, 28711, 11, 323, 1148, 656, 499, 1781, 1053, 1304, 420, 10652, 6992, 369, 499, 30, 128009]",0.11711800470948219,391eb62b5e02e9d7fc1641bfc3dc5e5a596f8ea76135eaa3fe1f3da77edf1b62,1990.6141420360655,0.042623141780495644,232.78147098608315,5bad16a430a3fadbfbd6b5fd6d350164b1db3875b4eef561c462bf273e67bcc6,1403,2160.8981450553983,402.9995580203831,402.94835600070655,ff885b3de0dbd56083f2d1d338c94b5d565d660b3ddab1a9cc9166dda3713383,True,493,65,5.821692990139127,3,0.03946409560739994,True,2,r2:state_7d11611fe82cb51f423b:pm_off,34c12a36cfc557299170b271009e7c25858e448f8256bf7c8c82fde8a84c7cbe,"It sounds like you're feeling really uncertain about how to approach your professor, and that's making you anxious. Can you tell me more about what you're hoping to get out of this conversation with your professor? What are your goals for improving your grades, and what do you think would make this conversation successful for you?",160.82358779385686,p2:3,202,3,0.10743807069957256,3.3320789225399494,3,state_7d11611fe82cb51f423b,p2,False
MSE+RS,0,rule_off,"[2181, 10578, 1093, 499, 2351, 8430, 2216, 16075, 323, 36218, 922, 1268, 311, 5603, 701, 14561, 11, 323, 430, 596, 14718, 264, 2763, 315, 18547, 369, 499, 13, 3053, 499, 3371, 757, 810, 922, 1148, 499, 2351, 16026, 311, 636, 704, 315, 420, 10652, 449, 701, 14561, 30, 3639, 527, 701, 9021, 369, 18899, 701, 14584, 5178, 11, 323, 1148, 656, 499, 1781, 1053, 1304, 420, 10652, 6992, 369, 499, 30, 128009]",0.24917302653193474,391eb62b5e02e9d7fc1641bfc3dc5e5a596f8ea76135eaa3fe1f3da77edf1b62,2218.3023041579872,0.04121987149119377,241.42198520712554,8eaace596c12f3213b0959913e28177014a48d05e7ec71ac6ac8931c710c5a1c,1472,2384.5434540417045,407.45564200915396,407.4139620643109,bc7dd4c381164bac3f4d052f55068db630625657c425cb49e0a88db5a10b55bf,True,494,72,150.96748806536198,4,0.03307592123746872,True,2,r2:state_7d11611fe82cb51f423b:rule_off,1d951ee3dfd7bcb4480f00aa6ff1b1b2250087cbb6c0f4d369fa473085c31fee,"It sounds like you're feeling really stuck and uncertain about how to approach your professor, and that's causing a lot of anxiety for you. Can you tell me more about what you're hoping to get out of this conversation with your professor? What are your goals for improving your academic performance, and what do you think would make this conversation successful for you?",11.461541056632996,p2:3,202,3,0.10809488594532013,3.380557056516409,3,state_7d11611fe82cb51f423b,p2,False
ME+R0,0,me_r0,"[40, 649, 5647, 279, 4785, 315, 44696, 2968, 323, 6996, 315, 2585, 304, 701, 2324, 1314, 1457, 13, 1102, 10578, 1093, 499, 2351, 8430, 43206, 11, 32647, 11, 323, 33630, 11, 539, 1120, 449, 701, 8427, 596, 990, 9899, 11, 719, 1101, 449, 279, 5536, 433, 596, 3515, 389, 701, 8244, 1664, 33851, 13, 3053, 499, 3371, 757, 810, 922, 1148, 499, 1781, 1053, 1520, 499, 2733, 810, 304, 2585, 323, 15528, 304, 420, 6671, 30, 128009]",0.19199983216822147,391eb62b5e02e9d7fc1641bfc3dc5e5a596f8ea76135eaa3fe1f3da77edf1b62,2348.838306032121,0.0528490636497736,233.34116395562887,8732152bee94b9730833bbe540b0bad407431e9a553f50094c979fa3d386e2e9,1339,2355.747110908851,240.17072888091207,240.0579690001905,99f0502b63b1a0cce0dcabe0f2ff920a8afc40e60558512fe4e7d03c095880d8,True,495,77,0.009620096534490585,0,0.022449996322393417,,2,r2:state_5ef2ff288425670c81ce:me_r0,e0a0f717ef4ebe593d3e18717b056dacbb0e64e78e5b1ebe1b1a207b62defe49,"I can sense the weight of unpredictability and lack of control in your life right now. It sounds like you're feeling overwhelmed, stressed, and frustrated, not just with your partner's work schedule, but also with the impact it's having on your overall well-being. Can you tell me more about what you think would help you feel more in control and stable in this situation?",2.649847883731127,p14:2,101,1,0.15388987958431244,3.8281481247395277,8,state_5ef2ff288425670c81ce,p14,False
M0+R0,0,context_only,"[2181, 10578, 1093, 499, 2351, 8430, 2216, 61508, 323, 20558, 311, 2567, 709, 449, 279, 18651, 315, 701, 2162, 2324, 13, 1102, 596, 6724, 49839, 430, 499, 2351, 8430, 43206, 13, 3053, 499, 3371, 757, 810, 922, 1148, 499, 1781, 1053, 1205, 311, 2349, 304, 2015, 369, 499, 311, 2733, 810, 304, 2585, 323, 15528, 30, 128009]",0.16501802019774914,391eb62b5e02e9d7fc1641bfc3dc5e5a596f8ea76135eaa3fe1f3da77edf1b62,1627.3335230071098,0.051909126341342926,87.28313609026372,0b108c5eccab33f3151f6cf98210e0e0776f0baba5c7e1ac4adc76665ecfcef6,440,1629.5798630453646,89.42811307497323,89.36445810832083,39b3099c0680e36bffaa5bbfbd7d0a26405056876db43e189c6e2b9548b0ec9c,True,496,57,0.009048962965607643,1,0.012450851500034332,,2,r2:state_5ef2ff288425670c81ce:context_only,0f5068561f5a7554a8aae01f05887fe381f24c3139e0fb3b6d87b34fdeb833b1,It sounds like you're feeling really drained and struggling to keep up with the demands of your home life. It's completely understandable that you're feeling overwhelmed. Can you tell me more about what you think would need to change in order for you to feel more in control and stable?,0.045909080654382706,p14:2,101,0,0.1504030078649521,1.8116009887307882,8,state_5ef2ff288425670c81ce,p14,False
MSE+RS,0,rule_off,"[40, 649, 5647, 1268, 22798, 323, 35711, 420, 6671, 374, 369, 499, 13, 1102, 10578, 1093, 499, 2351, 8430, 264, 6996, 315, 2585, 323, 20334, 304, 701, 2162, 2324, 11, 902, 374, 28987, 701, 7106, 323, 14604, 1664, 33851, 13, 3053, 499, 3371, 757, 810, 922, 1148, 499, 1781, 1053, 1520, 499, 2733, 810, 304, 2585, 323, 15528, 304, 420, 6671, 30, 128009]",0.18514390103518963,391eb62b5e02e9d7fc1641bfc3dc5e5a596f8ea76135eaa3fe1f3da77edf1b62,2026.9743280950934,0.06567197851836681,281.5631479024887,803872110af781fff1159a61cce0433b7b01a0fcb42fcdb3f6333e716324ac8f,1701,2315.9437039867043,570.4360960517079,570.3473798930645,510320a3bf897d624c7169874a7c855c297f6c6d9c59fd8de8b70b31369c6a97,True,497,63,267.6761450711638,2,0.06399396806955338,True,2,r2:state_5ef2ff288425670c81ce:rule_off,206120b74b220a7478fd7b55b57900b061826d28e3e53226588514d66b8052af,"I can sense how overwhelming and frustrating this situation is for you. It sounds like you're feeling a lack of control and stability in your home life, which is affecting your physical and emotional well-being. Can you tell me more about what you think would help you feel more in control and stable in this situation?",15.551032032817602,p14:2,101,3,0.14550797641277313,5.281880963593721,8,state_5ef2ff288425670c81ce,p14,False
MSE+RS,0,pm_off,"[40, 649, 5647, 1268, 22798, 323, 35711, 420, 6671, 374, 369, 499, 13, 1102, 10578, 1093, 499, 2351, 8430, 264, 6996, 315, 2585, 323, 20334, 304, 701, 2162, 2324, 11, 902, 374, 28987, 701, 7106, 323, 14604, 1664, 33851, 13, 3053, 499, 3371, 757, 810, 922, 1148, 499, 1781, 1053, 1520, 499, 2733, 810, 304, 2585, 323, 15528, 304, 420, 6671, 30, 128009]",0.13480405323207378,391eb62b5e02e9d7fc1641bfc3dc5e5a596f8ea76135eaa3fe1f3da77edf1b62,2012.6429540105164,0.06794207729399204,281.6671149339527,803872110af781fff1159a61cce0433b7b01a0fcb42fcdb3f6333e716324ac8f,1701,2307.7628340106457,576.7586599104106,576.65219088085,510320a3bf897d624c7169874a7c855c297f6c6d9c59fd8de8b70b31369c6a97,True,498,63,8.666457142680883,3,0.06891600787639618,True,2,r2:state_5ef2ff288425670c81ce:pm_off,206120b74b220a7478fd7b55b57900b061826d28e3e53226588514d66b8052af,"I can sense how overwhelming and frustrating this situation is for you. It sounds like you're feeling a lack of control and stability in your home life, which is affecting your physical and emotional well-being. Can you tell me more about what you think would help you feel more in control and stable in this situation?",280.68554890342057,p14:2,101,3,0.16020191833376884,5.33600989729166,8,state_5ef2ff288425670c81ce,p14,False
MPMSME+RS,0,fixed_off,"[40, 649, 5647, 1268, 22798, 323, 35711, 420, 6671, 374, 369, 499, 13, 1102, 10578, 1093, 499, 2351, 8430, 264, 6996, 315, 2585, 323, 20334, 304, 701, 2162, 2324, 11, 902, 374, 28987, 701, 7106, 323, 14604, 1664, 33851, 13, 3053, 499, 3371, 757, 810, 922, 1148, 499, 1781, 1053, 1520, 499, 2733, 810, 304, 2585, 323, 15528, 304, 420, 6671, 30, 128009]",0.17470307648181915,391eb62b5e02e9d7fc1641bfc3dc5e5a596f8ea76135eaa3fe1f3da77edf1b62,2029.9487959127873,0.06542215123772621,284.52118881978095,695cd3d149ad8a92790d5aec8505b9c9000f65092d6d04432211d25b2531ad87,1726,2311.8558661080897,566.3567581214011,566.2535559386015,faa807751fac6ab0a8ab2e2e9d4e6e196fd2d1a08e382b8efdfadeb86eccad52,True,499,63,0.008519971743226051,4,0.06916001439094543,True,2,r2:state_5ef2ff288425670c81ce:fixed_off,206120b74b220a7478fd7b55b57900b061826d28e3e53226588514d66b8052af,"I can sense how overwhelming and frustrating this situation is for you. It sounds like you're feeling a lack of control and stability in your home life, which is affecting your physical and emotional well-being. Can you tell me more about what you think would help you feel more in control and stable in this situation?",276.2521591503173,p14:2,101,4,0.12386497110128403,5.213240860030055,8,state_5ef2ff288425670c81ce,p14,False
MSE+RS,0,rule_off,"[2181, 10578, 1093, 499, 2351, 3815, 264, 2294, 2683, 315, 4737, 2512, 315, 6261, 11, 5423, 449, 33862, 323, 10374, 892, 449, 60626, 13, 2650, 656, 499, 1781, 499, 1436, 3881, 1063, 315, 1884, 659, 41206, 15174, 311, 279, 6671, 449, 701, 4333, 505, 279, 3347, 30, 128009]",0.1119021326303482,391eb62b5e02e9d7fc1641bfc3dc5e5a596f8ea76135eaa3fe1f3da77edf1b62,1558.284647995606,0.06393087096512318,260.77191112563014,c5fc10fa544fa365aaa511eb683ef72789ab53f7d8cf870d4c74603b9b80379d,1579,1846.5239962097257,548.9627621136606,548.8993572071195,c670dbe54d148e619c376311aa0962369ae376a3d73e8ebdd6a2f21a1728d3ff,True,500,48,266.6504289954901,0,0.0607040710747242,True,2,r2:state_1de690d6e150d375223f:rule_off,aaabd5d5ade2f514281df4dcd899b30c35aba73e4c70ab73f20ed824fd35e046,"It sounds like you're doing a great job of taking care of yourself, especially with meditation and spending time with Buddy. How do you think you could apply some of those self-care strategies to the situation with your friend from the past?",16.315567074343562,p13:1,202,3,0.1563969999551773,4.880418069660664,8,state_1de690d6e150d375223f,p13,False
M0+R0,0,context_only,"[2181, 10578, 1093, 499, 2351, 4737, 1063, 11364, 7504, 311, 10299, 701, 8631, 11, 323, 433, 596, 2294, 430, 60626, 374, 8405, 1063, 6981, 13, 1102, 596, 6724, 49839, 430, 499, 2351, 2103, 20558, 11, 5423, 449, 279, 3779, 8631, 315, 13306, 9293, 323, 3347, 18547, 13, 3053, 499, 3371, 757, 810, 922, 1148, 596, 1027, 52605, 1884, 22743, 8951, 31445, 30, 128009]",0.11839601211249828,391eb62b5e02e9d7fc1641bfc3dc5e5a596f8ea76135eaa3fe1f3da77edf1b62,1753.674707841128,0.03375811502337456,85.61426401138306,49c80764479b8551916177f1301e3ef28de215c5fc9c4b086d3f4b87f19f5e60,420,1755.270673893392,87.13173493742943,87.09183405153453,83176590ad9d4f7521ce0ef0fe16f75ccf745264c805838e65e06489f5e5ea34,True,501,63,0.006115995347499847,1,0.009075971320271492,,2,r2:state_1de690d6e150d375223f:context_only,c80cda5e65101d121fb5e62124ff36e42b1d2b0930252eadea8af5dca6ac2b02,"It sounds like you're taking some wonderful steps to manage your stress, and it's great that Buddy is providing some comfort. It's completely understandable that you're still struggling, especially with the added stress of wedding planning and past anxiety. Can you tell me more about what's been triggering those panic attacks lately?",0.03438396379351616,p13:1,202,0,0.110232038423419,1.2840039562433958,8,state_1de690d6e150d375223f,p13,False
MPMSME+RS,0,fixed_off,"[2181, 10578, 1093, 499, 2351, 3815, 264, 2294, 2683, 315, 4737, 2512, 315, 6261, 11, 5423, 449, 33862, 323, 10374, 892, 449, 60626, 13, 2650, 656, 499, 1781, 499, 1436, 3881, 1063, 315, 1884, 659, 41206, 15174, 311, 279, 6671, 449, 701, 4333, 505, 279, 3347, 30, 128009]",0.18385984003543854,391eb62b5e02e9d7fc1641bfc3dc5e5a596f8ea76135eaa3fe1f3da77edf1b62,1565.0365930050611,0.044838059693574905,260.48223301768303,79f0fc07d0c4d74ecc1c4a34222051828faaae5e78f30dc77ec1f348414f5528,1604,1801.368379034102,496.6823949944228,496.6301592066884,cb5652fd7a817e97e84f309597bb902b3ff7478d01205f7ce40ffc68e65823d4,True,502,48,0.00831112265586853,2,0.045900000259280205,True,2,r2:state_1de690d6e150d375223f:fixed_off,aaabd5d5ade2f514281df4dcd899b30c35aba73e4c70ab73f20ed824fd35e046,"It sounds like you're doing a great job of taking care of yourself, especially with meditation and spending time with Buddy. How do you think you could apply some of those self-care strategies to the situation with your friend from the past?",232.03762690536678,p13:1,202,4,0.12485007755458355,3.8864000234752893,8,state_1de690d6e150d375223f,p13,False
MSE+R0,0,pm_off,"[2181, 10578, 1093, 499, 2351, 3815, 264, 2294, 2683, 315, 4737, 2512, 315, 6261, 11, 5423, 449, 33862, 323, 10374, 892, 449, 60626, 13, 1102, 596, 11364, 430, 499, 2351, 61708, 279, 12939, 315, 8335, 304, 701, 2324, 11, 5423, 449, 279, 13306, 9293, 323, 990, 8631, 13, 20474, 11, 433, 596, 17339, 311, 539, 617, 682, 279, 11503, 1314, 1457, 11, 323, 433, 596, 17339, 311, 2610, 369, 1520, 994, 499, 1205, 433, 13, 3639, 422, 11, 4619, 315, 21760, 389, 1268, 311, 5603, 279, 58384, 477, 701, 4333, 11, 499, 1051, 311, 5357, 389, 1148, 499, 649, 2585, 304, 420, 4545, 30, 3639, 2678, 7504, 649, 499, 1935, 311, 63652, 701, 1866, 1664, 33851, 323, 4774, 279, 58384, 11, 15851, 315, 1148, 8741, 449, 701, 4333, 30, 128009]",0.22342288866639137,391eb62b5e02e9d7fc1641bfc3dc5e5a596f8ea76135eaa3fe1f3da77edf1b62,3819.6494800504297,0.054688891395926476,233.15029498189688,32fba793faba4bfbc161e63b21496100357734361a626408d028ef643d4c3952,1365,3838.240677025169,251.62075110711157,251.51806906796992,74b92941a6e544945d513abc1791793676f26edb852517b72f42ea3f2a2b9447,True,503,130,8.540573995560408,3,0.026700086891651154,True,2,r2:state_1de690d6e150d375223f:pm_off,dd951da9faafd6faae51d4c0f35aa46c813795a3393320f3deb6da51f2b05f70,"It sounds like you're doing a great job of taking care of yourself, especially with meditation and spending time with Buddy. It's wonderful that you're acknowledging the importance of balance in your life, especially with the wedding planning and work stress. Remember, it's okay to not have all the answers right now, and it's okay to ask for help when you need it. What if, instead of focusing on how to approach the reunion or your friend, you were to focus on what you can control in this moment? What small steps can you take to prioritize your own well-being and enjoy the reunion, regardless of what happens with your friend?",5.546762840822339,p13:1,202,2,0.163189135491848,4.035859135910869,8,state_1de690d6e150d375223f,p13,False
ME+R0,0,me_r0,"[2181, 10578, 1093, 499, 2351, 3815, 264, 2294, 2683, 315, 4737, 2512, 315, 6261, 11, 5423, 449, 33862, 323, 10374, 892, 449, 60626, 13, 1102, 596, 11364, 430, 499, 2351, 61708, 279, 12939, 315, 8335, 304, 701, 2324, 11, 5423, 449, 279, 13306, 9293, 323, 990, 8631, 13, 20474, 11, 433, 596, 17339, 311, 539, 617, 682, 279, 11503, 1314, 1457, 11, 323, 433, 596, 17339, 311, 2610, 369, 1520, 994, 499, 1205, 433, 13, 3639, 422, 584, 1464, 1523, 701, 10742, 1139, 9333, 11, 71128, 7504, 30, 1226, 1436, 13488, 5627, 311, 5603, 279, 58384, 11, 323, 1101, 4358, 15174, 369, 18646, 701, 18547, 323, 8631, 304, 279, 4545, 13, 19418, 430, 2733, 11190, 311, 499, 30, 128009]",0.15124096535146236,391eb62b5e02e9d7fc1641bfc3dc5e5a596f8ea76135eaa3fe1f3da77edf1b62,3444.9961418285966,0.05387910641729832,198.47683794796467,e064cd223c2c5f5eacad547df53d7300928f36b51b4fb04b349bce20277567ab,1280,3452.6497279293835,206.0640500858426,205.97918308340013,df1c06e12f48ef3ca11457ee0c4c8f716f15ed836055e072ff7a09dfefa8a240,True,504,119,0.009719980880618095,4,0.02270401455461979,,2,r2:state_1de690d6e150d375223f:me_r0,c0ea5cacbd6a2b5cced169b0c0dc926ddad1ff653962e54410ac24b6337c0df8,"It sounds like you're doing a great job of taking care of yourself, especially with meditation and spending time with Buddy. It's wonderful that you're acknowledging the importance of balance in your life, especially with the wedding planning and work stress. Remember, it's okay to not have all the answers right now, and it's okay to ask for help when you need it. What if we break down your concerns into smaller, manageable steps? We could explore ways to approach the reunion, and also discuss strategies for managing your anxiety and stress in the moment. Would that feel helpful to you?",3.4830239601433277,p13:1,202,1,0.1550661399960518,3.7779519334435463,8,state_1de690d6e150d375223f,p13,False
MSE+RS,0,rule_off,"[2181, 10578, 1093, 499, 2351, 8430, 43206, 555, 279, 12014, 315, 35821, 279, 26129, 323, 18646, 701, 892, 1990, 430, 323, 701, 14584, 28423, 13, 1472, 2351, 18290, 922, 539, 1694, 3025, 311, 1893, 23387, 16079, 323, 6106, 264, 27331, 3217, 369, 279, 13324, 11, 902, 374, 7718, 369, 279, 2450, 315, 279, 26129, 13, 3053, 499, 3371, 757, 810, 922, 1148, 596, 1027, 2133, 1555, 701, 4059, 31445, 30, 3639, 527, 1063, 315, 279, 3230, 10742, 477, 24087, 430, 527, 14718, 499, 279, 1455, 8631, 30, 128009]",0.13242685236036777,391eb62b5e02e9d7fc1641bfc3dc5e5a596f8ea76135eaa3fe1f3da77edf1b62,2709.618311142549,0.044011976569890976,296.3529219850898,c3373d03bd47ccc3aa0110fc35d33f55e00fc1cd675a8dcf9dc810ddc6ad4353,1766,2948.283044854179,534.9384329747409,534.8852288443595,3ddeaf7ccaa39d5df26dfeedcd08a042e3f48905ee4ca5c9afc88e546b31d21f,True,505,88,221.16469987668097,0,0.03968295641243458,True,2,r2:state_50459bc9b13d5cca092f:rule_off,cfff516a036a889b155a3eb02fa4a56566bceeb54c7460ce3a6ff7d6cc2a0fac,"It sounds like you're feeling overwhelmed by the responsibility of organizing the workshop and managing your time between that and your academic responsibilities. You're worried about not being able to create engaging sessions and ensure a productive experience for the participants, which is essential for the success of the workshop. Can you tell me more about what's been going through your mind lately? What are some of the specific concerns or fears that are causing you the most stress?",12.977186124771833,p2:1,303,3,0.11158199049532413,4.195143934339285,8,state_50459bc9b13d5cca092f,p2,False
M0+R0,0,context_only,"[2181, 10578, 1093, 279, 4785, 315, 12014, 374, 8430, 14770, 520, 3115, 13, 3053, 499, 1935, 264, 5655, 11745, 449, 757, 323, 25670, 430, 433, 596, 17339, 311, 2733, 43206, 30, 1472, 2351, 4737, 389, 264, 2466, 3465, 11, 323, 433, 596, 4725, 311, 2733, 36218, 922, 1268, 311, 10299, 433, 682, 13, 3639, 422, 584, 1464, 433, 1523, 3871, 11, 832, 3094, 520, 264, 892, 11, 323, 5357, 389, 3339, 5208, 4856, 1109, 39143, 30, 128009]",0.13190088793635368,391eb62b5e02e9d7fc1641bfc3dc5e5a596f8ea76135eaa3fe1f3da77edf1b62,2136.2732951529324,0.03599398769438267,86.44670201465487,fb8a68f34e3fc189020bdf2ad843300922f15393208dc93ac6df46ff972e3769,432,2137.9296188242733,88.00945477560163,87.97112479805946,65789ef8feedbaa129e2aae4c3813c38993b5f757beaebfc1d6c27d311014914,True,506,77,0.007181894034147263,1,0.009038951247930527,,2,r2:state_50459bc9b13d5cca092f:context_only,2bc1fbd0d8a8f43db42b8100a04d3b9555faa0d1e8c3512fb3909f89c1f06b9c,"It sounds like the weight of responsibility is feeling crushing at times. Can you take a deep breath with me and acknowledge that it's okay to feel overwhelmed? You're taking on a big task, and it's normal to feel uncertain about how to manage it all. What if we break it down together, one step at a time, and focus on making progress rather than perfection?",0.03292900510132313,p2:1,303,0,0.11610100045800209,1.323177944868803,8,state_50459bc9b13d5cca092f,p2,False
MPMSME+RS,0,fixed_off,"[2181, 10578, 1093, 499, 2351, 8430, 43206, 555, 279, 12014, 315, 35821, 279, 26129, 323, 18646, 701, 892, 1990, 430, 323, 701, 14584, 28423, 13, 1472, 2351, 18290, 922, 539, 1694, 3025, 311, 1893, 23387, 16079, 323, 6106, 264, 27331, 3217, 369, 279, 13324, 11, 902, 374, 7718, 369, 279, 2450, 315, 279, 26129, 13, 3053, 499, 3371, 757, 810, 922, 1148, 596, 10168, 499, 1203, 505, 8430, 810, 16913, 323, 10235, 304, 420, 3158, 30, 128009]",0.12713810428977013,391eb62b5e02e9d7fc1641bfc3dc5e5a596f8ea76135eaa3fe1f3da77edf1b62,2417.7470030263066,0.04394981078803539,305.02091301605105,11b71861a723f173b47baff6e980d644d7d0b887624bc5d68e07a9e678567a71,1799,2662.408448057249,549.6341539546847,549.5552199427038,54aae1524717e8ef2c9360daa8a574dba7a18d437e024cfe005b48670ee4ede5,True,507,77,0.007428927347064018,2,0.043951207771897316,True,2,r2:state_50459bc9b13d5cca092f:fixed_off,a0fbf066ce5f64969fad1d12315a7ac68709ff1e89c8b154394f8e26ab39e751,"It sounds like you're feeling overwhelmed by the responsibility of organizing the workshop and managing your time between that and your academic responsibilities. You're worried about not being able to create engaging sessions and ensure a productive experience for the participants, which is essential for the success of the workshop. Can you tell me more about what's holding you back from feeling more confident and prepared in this area?",240.13541894964874,p2:1,303,4,0.10884902440011501,4.1947090066969395,8,state_50459bc9b13d5cca092f,p2,False
ME+R0,0,me_r0,"[40, 2846, 779, 16089, 499, 2733, 10882, 11821, 701, 10742, 449, 757, 13, 1102, 10578, 1093, 499, 2351, 8430, 43206, 555, 279, 12014, 315, 35821, 279, 26129, 323, 18646, 701, 892, 1990, 430, 323, 701, 14584, 28423, 13, 3011, 649, 387, 264, 2763, 311, 3790, 11, 5423, 994, 499, 2351, 18290, 922, 6968, 23387, 16079, 323, 23391, 264, 27331, 3217, 369, 279, 13324, 13, 3053, 499, 3371, 757, 810, 922, 1148, 596, 10043, 701, 12876, 311, 1304, 420, 26129, 264, 2450, 30, 3639, 596, 520, 279, 4851, 315, 701, 10742, 30, 128009]",0.1325660850852728,391eb62b5e02e9d7fc1641bfc3dc5e5a596f8ea76135eaa3fe1f3da77edf1b62,2783.48491108045,0.03519398160278797,246.0227811243385,afc0b3abe16f50a1ac70570a7b20a5369b7ac776bb3102073d66813bed11d3d5,1423,2790.1978080626577,252.67081800848246,252.60311202146113,324074cc8fb72f9110d0b226b15312408bcc40760cccb8d766de19b2736f150b,True,508,92,0.007321126759052277,3,0.015771016478538513,,2,r2:state_50459bc9b13d5cca092f:me_r0,821d6e1c0e2301dec477ac40b29730eb91d60ddce05e68ee09ca5e84dfbc1e26,"I'm so glad you feel comfortable sharing your concerns with me. It sounds like you're feeling overwhelmed by the responsibility of organizing the workshop and managing your time between that and your academic responsibilities. That can be a lot to handle, especially when you're worried about creating engaging sessions and ensuring a productive experience for the participants. Can you tell me more about what's driving your desire to make this workshop a success? What's at the heart of your concerns?",3.3114708494395018,p2:1,303,1,0.11296896263957024,3.0976049602031708,8,state_50459bc9b13d5cca092f,p2,False
MSE+RS,0,pm_off,"[2181, 10578, 1093, 499, 2351, 8430, 43206, 555, 279, 12014, 315, 35821, 279, 26129, 323, 18646, 701, 892, 1990, 430, 323, 701, 14584, 28423, 13, 1472, 2351, 18290, 922, 539, 1694, 3025, 311, 1893, 23387, 16079, 323, 6106, 264, 27331, 3217, 369, 279, 13324, 11, 902, 374, 7718, 369, 279, 2450, 315, 279, 26129, 13, 3053, 499, 3371, 757, 810, 922, 1148, 596, 1027, 2133, 1555, 701, 4059, 31445, 30, 3639, 527, 1063, 315, 279, 3230, 10742, 477, 24087, 430, 527, 14718, 499, 279, 1455, 8631, 30, 128009]",0.17339317128062248,391eb62b5e02e9d7fc1641bfc3dc5e5a596f8ea76135eaa3fe1f3da77edf1b62,2711.880969814956,0.04316912963986397,297.2207060083747,c3373d03bd47ccc3aa0110fc35d33f55e00fc1cd675a8dcf9dc810ddc6ad4353,1766,2950.9489280171692,536.1719380598515,536.1152710393071,3ddeaf7ccaa39d5df26dfeedcd08a042e3f48905ee4ca5c9afc88e546b31d21f,True,509,88,7.181195076555014,4,0.041730934754014015,True,2,r2:state_50459bc9b13d5cca092f:pm_off,cfff516a036a889b155a3eb02fa4a56566bceeb54c7460ce3a6ff7d6cc2a0fac,"It sounds like you're feeling overwhelmed by the responsibility of organizing the workshop and managing your time between that and your academic responsibilities. You're worried about not being able to create engaging sessions and ensure a productive experience for the participants, which is essential for the success of the workshop. Can you tell me more about what's been going through your mind lately? What are some of the specific concerns or fears that are causing you the most stress?",227.45811799541116,p2:1,303,3,0.10643596760928631,4.063915926963091,8,state_50459bc9b13d5cca092f,p2,False
MSE+RS,0,pm_off,"[40, 649, 5647, 1268, 22798, 420, 1920, 11321, 369, 499, 13, 1102, 596, 6724, 4725, 311, 2733, 85161, 555, 279, 4623, 315, 69027, 701, 2626, 596, 6020, 6373, 1887, 11, 5423, 994, 433, 596, 2555, 499, 3077, 28214, 449, 304, 279, 3347, 13, 19418, 499, 1093, 311, 3137, 810, 922, 1148, 596, 10168, 499, 1203, 505, 4737, 279, 1176, 3094, 11, 477, 374, 1070, 2555, 3230, 430, 596, 1027, 389, 701, 4059, 31445, 30, 128009]",0.12661796063184738,391eb62b5e02e9d7fc1641bfc3dc5e5a596f8ea76135eaa3fe1f3da77edf1b62,2318.1878190953285,0.05305605009198189,263.57961911708117,73855a5fd255428b5b5300a1aa30350b61b0d9eb4559b1425c69d074a9a546f1,1648,2820.739933056757,766.0875921137631,766.0051151178777,60721e9f4cd4e7a924ceb40c8a8154ab26408687a437dc348413034d31199a8b,True,510,75,8.495338028296828,0,0.05133193917572498,True,2,r2:state_1679d891d5425f37ea08:pm_off,f41257aad2dca921bbabd5f44ba9940276785c004a7457d77831a4fb34a8b50f,"I can sense how overwhelming this process feels for you. It's completely normal to feel intimidated by the idea of restructuring your business's financial management system, especially when it's something you've struggled with in the past. Would you like to talk more about what's holding you back from taking the first step, or is there something specific that's been on your mind lately?",489.0481529291719,p7:1,101,3,0.13535399921238422,4.642263054847717,8,state_1679d891d5425f37ea08,p7,False
MSE+RS,0,rule_off,"[40, 649, 5647, 1268, 22798, 420, 1920, 11321, 369, 499, 13, 1102, 596, 6724, 4725, 311, 2733, 85161, 555, 279, 4623, 315, 69027, 701, 2626, 596, 6020, 6373, 1887, 11, 5423, 994, 433, 596, 2555, 499, 3077, 28214, 449, 304, 279, 3347, 13, 19418, 499, 1093, 311, 3137, 810, 922, 1148, 596, 10168, 499, 1203, 505, 4737, 279, 1176, 3094, 11, 477, 374, 1070, 2555, 3230, 430, 596, 1027, 389, 701, 4059, 31445, 30, 128009]",0.18294411711394787,391eb62b5e02e9d7fc1641bfc3dc5e5a596f8ea76135eaa3fe1f3da77edf1b62,2323.2374899089336,0.04515587352216244,263.9379540923983,73855a5fd255428b5b5300a1aa30350b61b0d9eb4559b1425c69d074a9a546f1,1648,2572.7810370735824,513.3578879758716,513.2985571399331,60721e9f4cd4e7a924ceb40c8a8154ab26408687a437dc348413034d31199a8b,True,511,75,233.029369963333,1,0.04154210910201073,True,2,r2:state_1679d891d5425f37ea08:rule_off,f41257aad2dca921bbabd5f44ba9940276785c004a7457d77831a4fb34a8b50f,"I can sense how overwhelming this process feels for you. It's completely normal to feel intimidated by the idea of restructuring your business's financial management system, especially when it's something you've struggled with in the past. Would you like to talk more about what's holding you back from taking the first step, or is there something specific that's been on your mind lately?",12.14713603258133,p7:1,101,3,0.11531799100339413,3.982081077992916,8,state_1679d891d5425f37ea08,p7,False
MPMSME+RS,0,fixed_off,"[40, 649, 5647, 1268, 22798, 420, 1920, 11321, 369, 499, 13, 1102, 596, 6724, 4725, 311, 2733, 85161, 555, 279, 4623, 315, 69027, 701, 2626, 596, 6020, 6373, 1887, 11, 5423, 994, 433, 596, 2555, 499, 3077, 28214, 449, 304, 279, 3347, 13, 19418, 499, 1093, 311, 3137, 810, 922, 1148, 596, 10168, 499, 1203, 505, 4737, 279, 1176, 3094, 11, 477, 374, 1070, 2555, 3230, 430, 596, 1027, 389, 701, 4059, 31445, 30, 128009]",0.12483890168368816,391eb62b5e02e9d7fc1641bfc3dc5e5a596f8ea76135eaa3fe1f3da77edf1b62,2329.0590760298073,0.06412994116544724,281.82105510495603,e7d9a3d217614e52babad1ae1791070fa0dccf36a6e5bfb3e86eb6b7b31376e7,1674,2625.1773010008037,577.870300039649,577.8144411742687,f4f48fa51899b755d7cd1dcf4580a95488d45963ee9152584c0e3df58119ea40,True,512,75,0.010303920134902,2,0.06509805098176003,True,2,r2:state_1679d891d5425f37ea08:fixed_off,f41257aad2dca921bbabd5f44ba9940276785c004a7457d77831a4fb34a8b50f,"I can sense how overwhelming this process feels for you. It's completely normal to feel intimidated by the idea of restructuring your business's financial management system, especially when it's something you've struggled with in the past. Would you like to talk more about what's holding you back from taking the first step, or is there something specific that's been on your mind lately?",290.60466308146715,p7:1,101,4,0.1576901413500309,5.0915009342134,8,state_1679d891d5425f37ea08,p7,False
ME+R0,0,me_r0,"[2181, 10578, 1093, 279, 4623, 315, 69027, 701, 2626, 596, 6020, 6373, 1887, 374, 8430, 2216, 57697, 1314, 1457, 13, 3053, 499, 3371, 757, 810, 922, 1148, 596, 11951, 14718, 430, 8430, 315, 96848, 30, 2209, 433, 279, 3463, 315, 9455, 264, 6020, 31760, 11, 477, 374, 433, 810, 922, 279, 1920, 315, 10223, 701, 1510, 6067, 30, 128009]",0.11350493878126144,391eb62b5e02e9d7fc1641bfc3dc5e5a596f8ea76135eaa3fe1f3da77edf1b62,1824.90412495099,0.03489712253212929,232.51720098778605,d69e9b246add0eb1ab6b0cad9fb85216f6c96e61db7fd9d5192b6b780ec04b09,1340,1830.6162990629673,238.17801917903125,238.115870160982,56a5294f3c69bbc68113c43df22d5583438140b7f49960a2d91b8146bf0a9b75,True,513,59,0.0068801455199718475,3,0.014093006029725075,,2,r2:state_1679d891d5425f37ea08:me_r0,aeff280d9b21e6f8beda72810fdffa81a9b466ac0e876301d6af78c6d9835df1,"It sounds like the idea of restructuring your business's financial management system is feeling really daunting right now. Can you tell me more about what's specifically causing that feeling of overwhelm? Is it the thought of finding a financial consultant, or is it more about the process of changing your current systems?",2.505304990336299,p7:1,101,1,0.11190399527549744,2.9255899135023355,8,state_1679d891d5425f37ea08,p7,False
M0+R0,0,context_only,"[2181, 596, 6724, 4725, 311, 2733, 43206, 555, 279, 4623, 315, 69027, 701, 6020, 6373, 1887, 13, 1102, 596, 264, 2466, 49326, 11, 323, 433, 596, 5933, 311, 2733, 85161, 555, 279, 1920, 13, 2030, 1618, 596, 279, 3245, 25, 499, 3077, 2736, 4529, 264, 6908, 3094, 555, 61708, 279, 1205, 369, 2349, 323, 11125, 1862, 13, 3011, 5097, 264, 2763, 315, 25775, 13, 3639, 422, 584, 1464, 1523, 279, 1920, 1139, 9333, 11, 810, 71128, 7504, 30, 3639, 1053, 433, 1935, 369, 499, 311, 2733, 810, 16913, 323, 304, 2585, 439, 499, 3351, 4741, 30, 128009]",0.14926795847713947,391eb62b5e02e9d7fc1641bfc3dc5e5a596f8ea76135eaa3fe1f3da77edf1b62,2700.7078260648996,0.03584893420338631,86.67082386091352,12a45d09bbee39e96d727dc9a4fb4cdb69d070a027a0b5f5429a2216f515880b,438,2702.42642913945,88.2782421540469,88.240158976987,d5b50025a63c2578211ce95136bd71f5a889276429b3a59e6c2e5852c0c33fc0,True,514,97,0.006066169589757919,4,0.01595006324350834,,2,r2:state_1679d891d5425f37ea08:context_only,78868f792d07ce6b8096f46e1b47cf81947de14f066096842feb04f8138d98f7,"It's completely normal to feel overwhelmed by the idea of restructuring your financial management system. It's a big undertaking, and it's natural to feel intimidated by the process. But here's the thing: you've already taken a huge step by acknowledging the need for change and seeking support. That takes a lot of courage. What if we break down the process into smaller, more manageable steps? What would it take for you to feel more confident and in control as you move forward?",0.03385287709534168,p7:1,101,0,0.1120429951697588,1.3655740767717361,8,state_1679d891d5425f37ea08,p7,False
MPMSME+RS,0,fixed_off,"[2181, 10578, 1093, 9298, 7762, 1578, 706, 75940, 709, 264, 2763, 315, 21958, 323, 16024, 499, 3463, 499, 4265, 7882, 3347, 13, 3053, 499, 3371, 757, 810, 922, 1148, 596, 1027, 2133, 1555, 701, 4059, 2533, 279, 13123, 30, 3639, 527, 1063, 315, 279, 11555, 323, 21958, 430, 617, 1027, 40986, 369, 499, 30, 128009]",0.11175987310707569,391eb62b5e02e9d7fc1641bfc3dc5e5a596f8ea76135eaa3fe1f3da77edf1b62,1746.486535994336,0.058974139392375946,244.23846206627786,a4b675e4993b7c8c1af0e1faf1d64658c3430ca96e49de90ff0982aa10217cd6,1509,1962.898975936696,460.61636111699045,460.5391421355307,5171c5c9bcc1bd326e50851ed91cf26bbdf01abc4101259d03007f40a89d6967,True,515,55,0.008238013833761215,0,0.057931989431381226,True,2,r2:state_addd9cc6e8fd4ccb6c2b:fixed_off,b8c6aa1bc9e152595362a20e8021f8e42fae1615daed95bbd857f48bd3c48f11,It sounds like seeing Jack again has stirred up a lot of emotions and feelings you thought you'd moved past. Can you tell me more about what's been going through your mind since the encounter? What are some of the thoughts and emotions that have been arising for you?,211.7118900641799,p6:1,303,4,0.11522392742335796,4.348421934992075,3,state_addd9cc6e8fd4ccb6c2b,p6,False
MSE+RS,0,rule_off,"[2181, 10578, 1093, 9298, 7762, 1578, 706, 75940, 709, 264, 2763, 315, 21958, 323, 16024, 499, 3463, 499, 4265, 7882, 3347, 13, 3053, 499, 3371, 757, 810, 922, 1148, 596, 1027, 2133, 1555, 701, 4059, 2533, 279, 13123, 30, 3639, 527, 1063, 315, 279, 11555, 323, 21958, 430, 617, 1027, 40986, 369, 499, 30, 128009]",0.16789487563073635,391eb62b5e02e9d7fc1641bfc3dc5e5a596f8ea76135eaa3fe1f3da77edf1b62,1747.0005110371858,0.041452934965491295,242.33362497761846,b249481069328b7b4cbb5e516d03390423d8bf9625eecb1d0c3385a897ec4d10,1480,1931.1304688453674,426.35698593221605,426.29568791016936,24673abdf0a5e05a2586a9516605b1362edab281809acc64da52c4110aca47ed,True,516,55,169.12595788016915,1,0.030283117666840553,True,2,r2:state_addd9cc6e8fd4ccb6c2b:rule_off,b8c6aa1bc9e152595362a20e8021f8e42fae1615daed95bbd857f48bd3c48f11,It sounds like seeing Jack again has stirred up a lot of emotions and feelings you thought you'd moved past. Can you tell me more about what's been going through your mind since the encounter? What are some of the thoughts and emotions that have been arising for you?,11.232641991227865,p6:1,303,3,0.10838196612894535,3.4233450423926115,3,state_addd9cc6e8fd4ccb6c2b,p6,False
M0+R0,0,context_only,"[2181, 10578, 1093, 499, 2351, 8430, 264, 2766, 1093, 499, 2351, 16075, 1990, 1403, 24800, 482, 279, 832, 1405, 499, 3463, 499, 4265, 7882, 389, 11, 323, 279, 832, 1405, 279, 2362, 21958, 323, 16024, 527, 2103, 1633, 1790, 3118, 13, 3011, 649, 387, 264, 2216, 29213, 323, 31715, 2035, 311, 387, 13, 3053, 499, 3371, 757, 810, 922, 1148, 596, 1027, 2133, 1555, 701, 4059, 323, 4851, 2533, 9298, 7762, 30, 128009]",0.12612598948180676,391eb62b5e02e9d7fc1641bfc3dc5e5a596f8ea76135eaa3fe1f3da77edf1b62,2019.1882939543575,0.052480027079582214,72.20898801460862,b5c0b4d6680db58a4fadfec8d6827e651b22ea8ff23a3e3b49e64838d580707e,312,2021.0641890298575,74.0140990819782,73.95875710062683,9535e2314b401be61ce48d4af9eba0a6b388a38ebb08ca529e596647d65fd061,True,517,73,0.010032905265688896,2,0.011750031262636185,,2,r2:state_addd9cc6e8fd4ccb6c2b:context_only,9e409a60b10ca0ddd182ae0897966e8d49727d0c6293ddc040b9e8ff1d53006e,"It sounds like you're feeling a bit like you're stuck between two worlds - the one where you thought you'd moved on, and the one where the old emotions and feelings are still very much present. That can be a really uncomfortable and confusing place to be. Can you tell me more about what's been going through your mind and heart since seeing Jack?",0.037783058360219,p6:1,303,0,0.15366706065833569,1.4840560033917427,3,state_addd9cc6e8fd4ccb6c2b,p6,False
ME+R0,0,me_r0,"[2181, 10578, 1093, 420, 16907, 13123, 449, 7762, 706, 2216, 66900, 499, 709, 13, 1102, 596, 1093, 499, 3077, 1027, 4295, 449, 264, 12330, 315, 21958, 430, 499, 3463, 499, 4265, 2736, 15590, 13, 3053, 499, 3371, 757, 810, 922, 1148, 499, 2351, 8430, 1314, 1457, 30, 3639, 596, 279, 1455, 22798, 477, 26175, 20356, 430, 596, 5108, 709, 369, 499, 30, 128009]",0.1274461392313242,391eb62b5e02e9d7fc1641bfc3dc5e5a596f8ea76135eaa3fe1f3da77edf1b62,1869.0103217959404,0.035501085221767426,180.5256837978959,a2289ea2b9d99e1099708276d3aca4df3f8035d11eb9ddb25c1ca0e7ef67d2ff,1118,1874.5806210208684,186.01594190113246,185.9685368835926,20a273c0059760d0916d84072badb73eb86d1b295052e89d52ebac1e6ece15a2,True,518,63,0.006602145731449127,3,0.013206154108047485,,2,r2:state_addd9cc6e8fd4ccb6c2b:me_r0,e94303f3f69d1c240ebe9f1f2e818871474f32fd9f5331477d484a4f30bba98e,It sounds like this unexpected encounter with Jack has really shaken you up. It's like you've been hit with a wave of emotions that you thought you'd already processed. Can you tell me more about what you're feeling right now? What's the most overwhelming or painful emotion that's coming up for you?,2.6205338072031736,p6:1,303,1,0.10843994095921516,2.6585699524730444,3,state_addd9cc6e8fd4ccb6c2b,p6,False
MPE+RS,0,pm_off,"[2181, 10578, 1093, 9298, 7762, 1578, 706, 2216, 75940, 709, 1063, 2362, 21958, 323, 1903, 499, 2733, 1093, 499, 2351, 539, 439, 62320, 439, 499, 3463, 13, 3053, 499, 3371, 757, 810, 922, 1148, 596, 1027, 2133, 1555, 701, 4059, 2533, 499, 5602, 1461, 30, 3639, 527, 1063, 315, 279, 11555, 323, 16024, 430, 617, 1027, 50949, 709, 369, 499, 30, 128009]",0.18797791562974453,391eb62b5e02e9d7fc1641bfc3dc5e5a596f8ea76135eaa3fe1f3da77edf1b62,1929.5992210973054,0.04245201125741005,245.11686712503433,fdcdcebe002ec4329844152e89acd4b8ee90d1d5c7f5ac1cd2c2fdb077f8ae03,1423,2120.6498669926077,436.03378790430725,435.9795351047069,b158b62b5520fa703d5332ad2097d879087547135c59e2bc9893959d7b7abcdb,True,519,62,5.873977905139327,4,0.038007041439414024,True,2,r2:state_addd9cc6e8fd4ccb6c2b:pm_off,8e9ebb8612f4ed21b1ce2d2b601ac11bfaf74552d82eab74241d507c2ead391b,It sounds like seeing Jack again has really stirred up some old emotions and made you feel like you're not as healed as you thought. Can you tell me more about what's been going through your mind since you saw him? What are some of the thoughts and feelings that have been popping up for you?,181.4219590742141,p6:1,303,3,0.10793609544634819,3.378335852175951,3,state_addd9cc6e8fd4ccb6c2b,p6,False
M0+R0,0,context_only,"[2181, 10578, 1093, 499, 2351, 15691, 264, 8987, 2865, 1314, 1457, 11, 323, 433, 596, 6724, 49839, 311, 2733, 43206, 13, 1102, 596, 8056, 430, 499, 2351, 61708, 701, 3966, 323, 19762, 311, 5662, 704, 369, 1862, 13, 3053, 358, 3085, 499, 264, 14624, 2487, 323, 1063, 18726, 369, 1268, 584, 2643, 990, 3871, 311, 1505, 5627, 311, 10299, 701, 18547, 323, 636, 279, 1862, 499, 1205, 30, 128009]",0.12421305291354656,391eb62b5e02e9d7fc1641bfc3dc5e5a596f8ea76135eaa3fe1f3da77edf1b62,1923.0753728188574,0.05329912528395653,87.84035197459161,f707bba256cfafd7ca60fa68f8fb2283874a46955fcc34fd964b0d8768ef6fa2,448,1925.364248920232,90.07043996825814,90.00501502305269,38991db46060a95b13ce4885a3dbbdfa459d37ed4180425520c844d2d8858ed7,True,520,69,0.010262010619044304,0,0.014309072867035866,,2,r2:state_8a5aced6bb31f46ccdee:context_only,cd51ad1580bb9381b2659d76e668a6fbcd5cb1304c0af44f26a9345e8bd73d9f,"It sounds like you're carrying a heavy load right now, and it's completely understandable to feel overwhelmed. It's amazing that you're acknowledging your needs and wanting to reach out for support. Can I offer you a listening ear and some suggestions for how we might work together to find ways to manage your anxiety and get the support you need?",0.05326489917933941,p14:1,101,0,0.17888005822896957,1.854647882282734,8,state_8a5aced6bb31f46ccdee,p14,False
ME+R0,0,me_r0,"[40, 2846, 779, 16089, 499, 2351, 8430, 10882, 3403, 311, 4430, 701, 28970, 449, 757, 13, 1102, 5097, 264, 2763, 315, 25775, 311, 17113, 994, 584, 2351, 539, 17339, 13, 358, 1390, 499, 311, 1440, 430, 358, 2846, 1618, 311, 9020, 323, 1862, 499, 11, 539, 1120, 3432, 11, 719, 15716, 499, 1205, 433, 13, 1102, 10578, 1093, 499, 2351, 8430, 2216, 43206, 449, 18547, 323, 8850, 922, 701, 2890, 323, 701, 5845, 311, 2512, 369, 701, 8945, 13, 3053, 499, 3371, 757, 810, 922, 1148, 596, 1027, 2133, 1555, 701, 4059, 31445, 30, 3639, 527, 1063, 315, 279, 3230, 24087, 323, 38145, 430, 527, 10494, 499, 709, 520, 3814, 30, 128009]",0.14604092575609684,391eb62b5e02e9d7fc1641bfc3dc5e5a596f8ea76135eaa3fe1f3da77edf1b62,3243.151000002399,0.04261103458702564,197.72801198996603,e3a2c446a740afdc889af2343d14585a2b17b3fa4dca959e739ac092540217ae,1273,3248.5542509239167,203.04107386618853,202.98522198572755,9e5ea323b9b77f4e31ed236e2509cab314a3132506ece31c8c7f96e745d58fa5,True,521,112,0.007091090083122253,1,0.015115132555365562,,2,r2:state_8a5aced6bb31f46ccdee:me_r0,3a1659a9da7d5f452bfa632e5dfbd3f901d9ee47bf0e1d4319bb6e6554ec74cc,"I'm so glad you're feeling comfortable enough to share your struggles with me. It takes a lot of courage to admit when we're not okay. I want you to know that I'm here to listen and support you, not just today, but whenever you need it. It sounds like you're feeling really overwhelmed with anxiety and fear about your health and your ability to care for your baby. Can you tell me more about what's been going through your mind lately? What are some of the specific fears and worries that are keeping you up at night?",2.22173985093832,p14:1,101,1,0.11007394641637802,2.860578941181302,8,state_8a5aced6bb31f46ccdee,p14,False
MSE+RS,0,pm_off,"[2181, 10578, 1093, 499, 2351, 8430, 2216, 43206, 323, 38100, 922, 701, 2890, 323, 701, 5845, 311, 2512, 369, 701, 8945, 13, 3011, 2011, 387, 17235, 11292, 369, 499, 13, 3053, 499, 3371, 757, 810, 922, 1148, 596, 1027, 2133, 389, 449, 701, 2890, 323, 1268, 499, 2351, 8430, 922, 433, 30, 128009]",0.11078198440372944,391eb62b5e02e9d7fc1641bfc3dc5e5a596f8ea76135eaa3fe1f3da77edf1b62,1697.788329096511,0.045931898057460785,261.0460070427507,cae20a28e43f6ed2d936cda0119d001ad3fc091686d01c8601132f33f5cdc088,1600,1922.31653095223,485.50953599624336,485.4634269140661,8503e13ea476d500f8c12ae1174a98c0429b0cea69d39d8e11c3cc4e64acc3d5,True,522,53,7.225974928587675,2,0.041697872802615166,True,2,r2:state_8a5aced6bb31f46ccdee:pm_off,60f6ecdddab07140db215dcc5928de56a10bd556ee38c306badb9461c821a4f3,It sounds like you're feeling really overwhelmed and anxious about your health and your ability to care for your baby. That must be incredibly tough for you. Can you tell me more about what's been going on with your health and how you're feeling about it?,213.11713010072708,p14:1,101,3,0.11557596735656261,3.871109103783965,8,state_8a5aced6bb31f46ccdee,p14,False
MPMSME+RS,0,fixed_off,"[2181, 10578, 1093, 499, 2351, 8430, 2216, 43206, 323, 38100, 922, 701, 2890, 323, 701, 5845, 311, 2512, 369, 701, 8945, 13, 3011, 2011, 387, 17235, 11292, 369, 499, 13, 3053, 499, 3371, 757, 810, 922, 1148, 596, 1027, 2133, 389, 449, 701, 2890, 11, 323, 1268, 499, 2351, 8430, 922, 18646, 701, 7446, 9256, 323, 4737, 2512, 315, 701, 8945, 30, 128009]",0.11308793909847736,391eb62b5e02e9d7fc1641bfc3dc5e5a596f8ea76135eaa3fe1f3da77edf1b62,1979.055877076462,0.04679197445511818,262.71281694062054,675deeac931c67a2e55f0c96c0c65ba5b346d007a7dcc1c8f78d678cc5938323,1625,2197.4577349610627,481.0507430229336,481.0015868861228,cf2d660d9685f1eccda521ec630992824bd1e596f88f1a89b603d52e22c76a87,True,523,63,0.008011935278773308,3,0.04891795106232166,True,2,r2:state_8a5aced6bb31f46ccdee:fixed_off,f4e0be6c8c05745a9972a35be5441f671a1c55f6358306e02bb589152f7b5276,"It sounds like you're feeling really overwhelmed and anxious about your health and your ability to care for your baby. That must be incredibly tough for you. Can you tell me more about what's been going on with your health, and how you're feeling about managing your daily tasks and taking care of your baby?",214.11547507159412,p14:1,101,4,0.11606002226471901,3.95351299084723,8,state_8a5aced6bb31f46ccdee,p14,False
MSE+RS,0,rule_off,"[2181, 10578, 1093, 499, 2351, 8430, 2216, 43206, 323, 38100, 922, 701, 2890, 323, 701, 5845, 311, 2512, 369, 701, 8945, 13, 3011, 2011, 387, 17235, 11292, 369, 499, 13, 3053, 499, 3371, 757, 810, 922, 1148, 596, 1027, 2133, 389, 449, 701, 2890, 323, 1268, 499, 2351, 8430, 922, 433, 30, 128009]",0.11195708066225052,391eb62b5e02e9d7fc1641bfc3dc5e5a596f8ea76135eaa3fe1f3da77edf1b62,1698.322671931237,0.04282011650502682,261.1318959388882,cae20a28e43f6ed2d936cda0119d001ad3fc091686d01c8601132f33f5cdc088,1600,1918.376486049965,481.11871094442904,481.073752976954,8503e13ea476d500f8c12ae1174a98c0429b0cea69d39d8e11c3cc4e64acc3d5,True,524,53,204.77294106967747,4,0.03814208321273327,True,2,r2:state_8a5aced6bb31f46ccdee:rule_off,60f6ecdddab07140db215dcc5928de56a10bd556ee38c306badb9461c821a4f3,It sounds like you're feeling really overwhelmed and anxious about your health and your ability to care for your baby. That must be incredibly tough for you. Can you tell me more about what's been going on with your health and how you're feeling about it?,11.12720393575728,p14:1,101,3,0.11399388313293457,3.846755949780345,8,state_8a5aced6bb31f46ccdee,p14,False
MPMSME+RS,0,fixed_off,"[2181, 10578, 1093, 499, 2351, 3339, 1063, 2294, 5208, 304, 6968, 264, 3197, 311, 10519, 701, 470, 12313, 323, 14604, 20334, 2391, 279, 13306, 13, 3011, 596, 2216, 66388, 13, 358, 1781, 433, 596, 1101, 11364, 430, 499, 2351, 13126, 665, 35696, 279, 1520, 315, 3345, 4885, 369, 1862, 482, 3515, 264, 6573, 1862, 1887, 649, 1304, 264, 6908, 6811, 13, 3639, 656, 499, 1781, 922, 19261, 704, 311, 1124, 11951, 311, 3137, 922, 701, 23546, 323, 15174, 369, 11850, 29213, 21633, 477, 15082, 30, 128009]",0.13128085993230343,391eb62b5e02e9d7fc1641bfc3dc5e5a596f8ea76135eaa3fe1f3da77edf1b62,2656.239008065313,0.04468904808163643,298.89544495381415,1f862fbf8d20cadf10cffa680cc1828fe4a09156f0eaa13f4ac7c2eed3ce0418,1790,2895.650317892432,538.2192640099674,538.175473921001,8956071c8d5a669081c4f35b33699b414fb11df93f747c0e5b0e3fee032c2407,True,525,86,0.0064158812165260315,0,0.04692398943006992,True,2,r2:state_1a8e1eb1d03cc9252b38:fixed_off,f2d11544332140474f756cee4b65efdf5211b7f18279314d83c8b405e2845a21,It sounds like you're making some great progress in creating a plan to maintain your composure and emotional stability during the wedding. That's really empowering. I think it's also wonderful that you're considering enlisting the help of close friends for support - having a solid support system can make a huge difference. What do you think about reaching out to them specifically to talk about your boundaries and strategies for handling uncomfortable conversations or situations?,234.83912204392254,p2:2,101,4,0.11235103011131287,4.23052697442472,8,state_1a8e1eb1d03cc9252b38,p2,False
MSE+RS,0,pm_off,"[2181, 10578, 1093, 499, 2351, 3339, 1063, 2294, 5208, 389, 6968, 264, 3197, 311, 10519, 701, 470, 12313, 323, 14604, 20334, 2391, 279, 13306, 13, 3011, 596, 2216, 66388, 13, 358, 1781, 433, 596, 1101, 11364, 430, 499, 2351, 13126, 665, 35696, 279, 1520, 315, 3345, 4885, 369, 1862, 482, 3515, 264, 6573, 1862, 1887, 649, 1304, 264, 6908, 6811, 13, 3639, 656, 499, 1781, 922, 19261, 704, 311, 1124, 11951, 311, 3137, 922, 701, 23546, 323, 15174, 369, 11850, 29213, 21633, 477, 15082, 30, 128009]",0.13916497118771076,391eb62b5e02e9d7fc1641bfc3dc5e5a596f8ea76135eaa3fe1f3da77edf1b62,2655.3162538912147,0.043037114664912224,297.33129194937646,76102bb430f86840a1bdf05581e5f6c4d61437dc371213c60292d15b45ea546b,1757,3037.8320750314742,679.7549140173942,679.7079481184483,f450b26fd70e1cafcea3b332815148b527cff50d0c82da2adba3ec77cc1e8f77,True,526,86,7.212045835331082,1,0.046002911403775215,True,2,r2:state_1a8e1eb1d03cc9252b38:pm_off,0ba07c746e0bea29a2ba4676641f62a3fb057f35f2e111076eb23d622e2b8a41,It sounds like you're making some great progress on creating a plan to maintain your composure and emotional stability during the wedding. That's really empowering. I think it's also wonderful that you're considering enlisting the help of close friends for support - having a solid support system can make a huge difference. What do you think about reaching out to them specifically to talk about your boundaries and strategies for handling uncomfortable conversations or situations?,370.8150500897318,p2:2,101,3,0.11152820661664009,4.148992011323571,8,state_1a8e1eb1d03cc9252b38,p2,False
MSE+RS,0,rule_off,"[2181, 10578, 1093, 499, 2351, 3339, 1063, 2294, 5208, 389, 6968, 264, 3197, 311, 10519, 701, 470, 12313, 323, 14604, 20334, 2391, 279, 13306, 13, 3011, 596, 2216, 66388, 13, 358, 1781, 433, 596, 1101, 11364, 430, 499, 2351, 13126, 665, 35696, 279, 1520, 315, 3345, 4885, 369, 1862, 482, 3515, 264, 6573, 1862, 1887, 649, 1304, 264, 6908, 6811, 13, 3639, 656, 499, 1781, 922, 19261, 704, 311, 1124, 11951, 311, 3137, 922, 701, 23546, 323, 15174, 369, 11850, 29213, 21633, 477, 15082, 30, 128009]",0.13413000851869583,391eb62b5e02e9d7fc1641bfc3dc5e5a596f8ea76135eaa3fe1f3da77edf1b62,2653.7509439513087,0.04347600042819977,297.94737603515387,76102bb430f86840a1bdf05581e5f6c4d61437dc371213c60292d15b45ea546b,1757,2897.740077925846,541.8676380068064,541.8023800011724,f450b26fd70e1cafcea3b332815148b527cff50d0c82da2adba3ec77cc1e8f77,True,527,86,226.28570906817913,2,0.040184007957577705,True,2,r2:state_1a8e1eb1d03cc9252b38:rule_off,0ba07c746e0bea29a2ba4676641f62a3fb057f35f2e111076eb23d622e2b8a41,It sounds like you're making some great progress on creating a plan to maintain your composure and emotional stability during the wedding. That's really empowering. I think it's also wonderful that you're considering enlisting the help of close friends for support - having a solid support system can make a huge difference. What do you think about reaching out to them specifically to talk about your boundaries and strategies for handling uncomfortable conversations or situations?,13.215522980317473,p2:2,101,3,0.11479388922452927,4.155318019911647,8,state_1a8e1eb1d03cc9252b38,p2,False
M0+R0,0,context_only,"[4897, 10578, 1093, 264, 2294, 3094, 4741, 13, 1102, 596, 11364, 430, 499, 2351, 4737, 59314, 11193, 311, 63652, 701, 14604, 1664, 33851, 13, 20636, 264, 3197, 304, 2035, 649, 8659, 1520, 499, 2733, 810, 45445, 323, 10235, 13, 2650, 656, 499, 1781, 499, 3358, 1440, 994, 499, 3077, 9749, 264, 1695, 8335, 1990, 1694, 33445, 315, 701, 506, 596, 23871, 323, 4737, 2512, 315, 6261, 30, 128009]",0.12507988139986992,391eb62b5e02e9d7fc1641bfc3dc5e5a596f8ea76135eaa3fe1f3da77edf1b62,1891.104124020785,0.035899924114346504,87.00581593438983,83ab443806b9eb455e9084045455d5a10e2758043f28d4b809d4159ea3264fec,439,1892.7519919816405,88.56368507258594,88.52860401384532,fe67667367f1b76a2edd03924b20df520c2edc0505a5c00bc9bbac708670a761,True,528,68,0.006986083462834358,3,0.009314855560660362,,2,r2:state_1a8e1eb1d03cc9252b38:context_only,ab69b841bcc4c061eb098069226b7df8b231bfaff425b1f98ad3c1f075f63ea6,That sounds like a great step forward. It's wonderful that you're taking proactive measures to prioritize your emotional well-being. Having a plan in place can definitely help you feel more grounded and prepared. How do you think you'll know when you've established a good balance between being supportive of your ex's happiness and taking care of yourself?,0.03305310383439064,p2:2,101,0,0.1143990084528923,1.3231351040303707,8,state_1a8e1eb1d03cc9252b38,p2,False
ME+R0,0,me_r0,"[2181, 10578, 1093, 499, 2351, 3339, 1063, 2294, 5208, 304, 6968, 264, 3197, 311, 10519, 701, 470, 12313, 323, 14604, 20334, 2391, 279, 13306, 13, 3011, 5097, 264, 2763, 315, 25775, 323, 659, 66104, 2136, 13, 358, 2846, 16089, 499, 2351, 13126, 665, 35696, 279, 1520, 315, 3345, 4885, 369, 1862, 482, 3515, 264, 6573, 1862, 1887, 649, 1304, 264, 6908, 6811, 13, 3639, 656, 499, 1781, 374, 279, 1455, 17436, 961, 315, 31692, 23546, 323, 15174, 311, 5766, 29213, 21633, 477, 15082, 30, 128009]",0.20206207409501076,391eb62b5e02e9d7fc1641bfc3dc5e5a596f8ea76135eaa3fe1f3da77edf1b62,2582.303775008768,0.036654993891716,246.08892994001508,4482e9a7456ee180230ecdc381d639756b102ed4ca2875e835cd0a1e62f69c19,1430,2589.3215811811388,252.96137598343194,252.90467403829098,e342590245a3514dcfbb34a60bba4e494aae2259bdca64d7b6382733a7525186,True,529,85,0.007600057870149612,4,0.016399193555116653,,2,r2:state_1a8e1eb1d03cc9252b38:me_r0,56d59b79b27edc605d35471a804de66eb3522bc57b4240c3dbf65ec8bd856aeb,It sounds like you're making some great progress in creating a plan to maintain your composure and emotional stability during the wedding. That takes a lot of courage and self-awareness. I'm glad you're considering enlisting the help of close friends for support - having a solid support system can make a huge difference. What do you think is the most challenging part of establishing boundaries and strategies to avoid uncomfortable conversations or situations?,3.434938844293356,p2:2,101,1,0.11255010031163692,3.2076009083539248,8,state_1a8e1eb1d03cc9252b38,p2,False
MPMSME+RS,0,fixed_off,"[2181, 10578, 1093, 499, 2351, 8430, 264, 6651, 315, 21958, 922, 279, 58384, 11, 323, 430, 596, 12756, 49839, 13, 1472, 2351, 12304, 311, 51136, 449, 1274, 11, 719, 1101, 18290, 922, 1268, 2574, 690, 387, 449, 1063, 4885, 499, 1047, 264, 16054, 704, 449, 13, 3053, 499, 3371, 757, 810, 922, 1148, 596, 10168, 499, 1203, 505, 19261, 704, 311, 37979, 30, 128009]",0.11841906234622002,391eb62b5e02e9d7fc1641bfc3dc5e5a596f8ea76135eaa3fe1f3da77edf1b62,1973.1523040682077,0.06429199129343033,232.61820408515632,97439e65dedfedb94e85e8aaeb6e68a1564e8d08650a38908469c5667e43cfb6,1324,2180.183290038258,439.6280189976096,439.5307709928602,7caeae4d3e120b509d51c6c4c056e34a21897bd450cf36ca9828178a4c7e2598,True,530,64,0.009342096745967865,0,0.07126899436116219,True,2,r2:state_653f2779410b1620f004:fixed_off,2f7a33ab78912406e6f821b66fd1d0dce913b3373c2913429d9356c786f000fa,"It sounds like you're feeling a mix of emotions about the reunion, and that's totally understandable. You're excited to reconnect with people, but also worried about how things will be with some friends you had a falling out with. Can you tell me more about what's holding you back from reaching out to apologize?",202.27113901637495,p13:1,202,4,0.15386799350380898,4.3426568154245615,3,state_653f2779410b1620f004,p13,False
M0+R0,0,context_only,"[2181, 10578, 1093, 499, 2351, 8430, 264, 2766, 16075, 1990, 19762, 311, 51136, 323, 1694, 36218, 922, 1268, 311, 21546, 1884, 3347, 26885, 13, 3053, 499, 3371, 757, 810, 922, 1148, 596, 10168, 499, 1203, 505, 19261, 704, 311, 37979, 30, 128009]",0.10632607154548168,391eb62b5e02e9d7fc1641bfc3dc5e5a596f8ea76135eaa3fe1f3da77edf1b62,1175.753589021042,0.03427499905228615,71.60452217794955,aeec760d850be9e5630b76dde53c9790c66cbc4e8b7a2d8988aaa3811f5ccdc1,314,1177.143771899864,72.91890284977853,72.88837898522615,537ff7a6659383e9456af5ad160e37df0d3700b16980199fa6429c46108b53b5,True,531,42,0.006689922884106636,1,0.008813804015517235,,2,r2:state_653f2779410b1620f004:context_only,fb81bbee5d1cb9d9a1da5c78b78db255259dbb3382ce4d532cbe364447834252,It sounds like you're feeling a bit stuck between wanting to reconnect and being uncertain about how to navigate those past conflicts. Can you tell me more about what's holding you back from reaching out to apologize?,0.027472153306007385,p13:1,202,0,0.1097959466278553,1.0968099813908339,3,state_653f2779410b1620f004,p13,False
MPE+RS,0,pm_off,"[2181, 10578, 1093, 499, 2351, 8430, 264, 6651, 315, 21958, 922, 279, 58384, 11, 323, 430, 596, 12756, 49839, 13, 1472, 2351, 12304, 311, 51136, 449, 1274, 11, 719, 1101, 18290, 922, 1268, 2574, 690, 387, 449, 1063, 4885, 499, 1047, 264, 16054, 704, 449, 13, 3053, 499, 3371, 757, 810, 922, 1148, 596, 10168, 499, 1203, 505, 19261, 704, 311, 37979, 30, 128009]",0.12121722102165222,391eb62b5e02e9d7fc1641bfc3dc5e5a596f8ea76135eaa3fe1f3da77edf1b62,1922.9285719338804,0.044476939365267754,197.56238209083676,a5c7d56aa464ba417485b810071d13fdf338f9a1bbf01de94c59c76239d844e4,1249,2093.1215612217784,367.68363416194916,367.63415415771306,1db80449a6c78da5df5359acccdd6b344a934df0462fed1799f238893450450c,True,532,64,5.764393834397197,2,0.0395849347114563,True,2,r2:state_653f2779410b1620f004:pm_off,2f7a33ab78912406e6f821b66fd1d0dce913b3373c2913429d9356c786f000fa,"It sounds like you're feeling a mix of emotions about the reunion, and that's totally understandable. You're excited to reconnect with people, but also worried about how things will be with some friends you had a falling out with. Can you tell me more about what's holding you back from reaching out to apologize?",160.99442704580724,p13:1,202,3,0.106399180367589,3.12249013222754,3,state_653f2779410b1620f004,p13,False
MSE+RS,0,rule_off,"[2181, 10578, 1093, 499, 2351, 8430, 264, 6651, 315, 21958, 922, 279, 58384, 11, 323, 430, 596, 12756, 49839, 13, 1472, 2351, 12304, 311, 51136, 449, 1274, 11, 719, 1101, 18290, 922, 1268, 2574, 690, 387, 449, 1063, 4885, 499, 1047, 264, 16054, 704, 449, 13, 3053, 499, 3371, 757, 810, 922, 1148, 596, 10168, 499, 1203, 505, 19261, 704, 311, 37979, 30, 128009]",0.1759000588208437,391eb62b5e02e9d7fc1641bfc3dc5e5a596f8ea76135eaa3fe1f3da77edf1b62,1966.9829569756985,0.04299893043935299,228.92472799867392,c31246552263a5ef20fdfef975a8cc9ecb17d8e8313e0e4ab8fdcf4b48b85c85,1299,2137.0950581040233,398.91175110824406,398.86092906817794,bba109b5e0b16f9afb7dd5f015633c9204b6528fc1699c9adeb6583b34711210,True,533,64,155.38069186732173,3,0.032673124223947525,True,2,r2:state_653f2779410b1620f004:rule_off,2f7a33ab78912406e6f821b66fd1d0dce913b3373c2913429d9356c786f000fa,"It sounds like you're feeling a mix of emotions about the reunion, and that's totally understandable. You're excited to reconnect with people, but also worried about how things will be with some friends you had a falling out with. Can you tell me more about what's holding you back from reaching out to apologize?",11.165247997269034,p13:1,202,3,0.11252914555370808,3.20206000469625,3,state_653f2779410b1620f004,p13,False
ME+R0,0,me_r0,"[2181, 10578, 1093, 499, 2351, 8430, 264, 6651, 315, 21958, 922, 279, 58384, 11, 323, 433, 596, 5933, 311, 617, 10742, 922, 51136, 287, 449, 1274, 505, 701, 3347, 13, 1102, 5097, 264, 2763, 315, 25775, 311, 2980, 19261, 704, 311, 37979, 11, 5423, 422, 499, 2351, 18290, 922, 8736, 2362, 34254, 13, 3053, 499, 3371, 757, 810, 922, 1148, 596, 10168, 499, 1203, 505, 19261, 704, 311, 701, 4333, 30, 3639, 527, 1063, 315, 279, 69867, 430, 527, 3339, 499, 71560, 30, 128009]",0.1464569941163063,391eb62b5e02e9d7fc1641bfc3dc5e5a596f8ea76135eaa3fe1f3da77edf1b62,2463.207202963531,0.05107605829834938,170.7241809926927,55b19c206aade3cab6459d10c932db367ce43a45951b6b3e8171686447b8710a,992,2469.6167109068483,177.08905995823443,176.9872319418937,12c3177528a974a909a4c40593324ac0cdedf3da8e9c74cd873d89dffce3e062,True,534,84,0.00909506343305111,4,0.02243812195956707,,2,r2:state_653f2779410b1620f004:me_r0,3a4451b63cfab860aafca1f15796c82eebee286238a572412b38f98f4b862387,"It sounds like you're feeling a mix of emotions about the reunion, and it's natural to have concerns about reconnecting with people from your past. It takes a lot of courage to consider reaching out to apologize, especially if you're worried about opening old wounds. Can you tell me more about what's holding you back from reaching out to your friend? What are some of the uncertainties that are making you hesitant?",2.9057548381388187,p13:1,202,1,0.1538810320198536,3.120805835351348,3,state_653f2779410b1620f004,p13,False
MSE+RS,0,rule_off,"[40, 649, 5647, 279, 4785, 315, 12014, 499, 2351, 15691, 439, 264, 2748, 11, 323, 433, 596, 6724, 49839, 311, 2733, 43206, 13, 1102, 10578, 1093, 499, 2351, 17693, 29091, 304, 12899, 701, 1716, 596, 1664, 33851, 11, 323, 430, 596, 9615, 85684, 13, 3053, 499, 3371, 757, 810, 922, 1148, 499, 3152, 555, 6968, 264, 84911, 4676, 520, 2162, 30, 3639, 527, 1063, 3230, 2574, 499, 2351, 3815, 11, 323, 1148, 656, 499, 3987, 311, 11322, 449, 1884, 9045, 30, 128009]",0.16768695786595345,391eb62b5e02e9d7fc1641bfc3dc5e5a596f8ea76135eaa3fe1f3da77edf1b62,2519.1416509915143,0.04276609979569912,262.702242936939,ebc07e31a1608797391d66e1f75b6a5fdb0afd948341e39312a0db1ec30b29ca,1624,2740.9069258719683,484.3776929192245,484.299830859527,9e4c820cbed1c4cd8dbeff6d4a9598d80ba22089cea30032f6bc113c2ed4124c,True,535,82,206.78682392463088,0,0.036872923374176025,True,2,r2:state_d80a3fc38721df9b55fe:rule_off,9e4f5fa435dc37e31b6e9471b56e34c33b808b8b8b8cfce62e682f569a1294bf,"I can sense the weight of responsibility you're carrying as a parent, and it's completely understandable to feel overwhelmed. It sounds like you're deeply invested in supporting your child's well-being, and that's truly admirable. Can you tell me more about what you mean by creating a nurturing environment at home? What are some specific things you're doing, and what do you hope to achieve with those efforts?",10.865779127925634,p14:3,101,3,0.10887091048061848,3.7564749363809824,8,state_d80a3fc38721df9b55fe,p14,False
MSE+RS,0,pm_off,"[40, 649, 5647, 279, 4785, 315, 12014, 499, 2351, 15691, 439, 264, 2748, 11, 323, 433, 596, 6724, 49839, 311, 2733, 43206, 13, 1102, 10578, 1093, 499, 2351, 17693, 29091, 304, 12899, 701, 1716, 596, 1664, 33851, 11, 323, 430, 596, 9615, 85684, 13, 3053, 499, 3371, 757, 810, 922, 1148, 499, 3152, 555, 6968, 264, 84911, 4676, 520, 2162, 30, 3639, 527, 1063, 3230, 2574, 499, 2351, 3815, 11, 323, 1148, 656, 499, 3987, 311, 11322, 449, 1884, 9045, 30, 128009]",0.14553009532392025,391eb62b5e02e9d7fc1641bfc3dc5e5a596f8ea76135eaa3fe1f3da77edf1b62,2505.0572929903865,0.05011400207877159,262.9777721595019,ebc07e31a1608797391d66e1f75b6a5fdb0afd948341e39312a0db1ec30b29ca,1624,2762.38854508847,520.2212610747665,520.1634941622615,9e4c820cbed1c4cd8dbeff6d4a9598d80ba22089cea30032f6bc113c2ed4124c,True,536,82,8.492809953168035,1,0.047134002670645714,True,2,r2:state_d80a3fc38721df9b55fe:pm_off,9e4f5fa435dc37e31b6e9471b56e34c33b808b8b8b8cfce62e682f569a1294bf,"I can sense the weight of responsibility you're carrying as a parent, and it's completely understandable to feel overwhelmed. It sounds like you're deeply invested in supporting your child's well-being, and that's truly admirable. Can you tell me more about what you mean by creating a nurturing environment at home? What are some specific things you're doing, and what do you hope to achieve with those efforts?",244.30331587791443,p14:3,101,3,0.14750217087566853,4.144845996052027,8,state_d80a3fc38721df9b55fe,p14,False
M0+R0,0,context_only,"[2181, 596, 6366, 430, 499, 2351, 45777, 4954, 701, 1716, 596, 1664, 33851, 323, 19762, 311, 387, 264, 33445, 7216, 369, 1124, 13, 1102, 596, 6724, 4725, 311, 2733, 43206, 323, 36218, 922, 1268, 311, 21546, 420, 6671, 13, 3053, 499, 3371, 757, 810, 922, 1148, 596, 10043, 701, 8850, 369, 701, 1716, 596, 1664, 33851, 30, 3639, 527, 1063, 3230, 10742, 499, 617, 30, 128009]",0.1216190867125988,391eb62b5e02e9d7fc1641bfc3dc5e5a596f8ea76135eaa3fe1f3da77edf1b62,1841.2073459476233,0.038732076063752174,87.10907585918903,858642ab7954caa0479beaf8c651488e7481aa8fd49cf9208644f8f704031984,436,1842.9304361343384,88.76907709054649,88.71054695919156,b7a73ea7b94f26c2c7c33fb6a46554159fff055f1eb2c3f50966839a0dc827b3,True,537,66,0.007011927664279938,2,0.00984896905720234,,2,r2:state_d80a3fc38721df9b55fe:context_only,bdd44e27a56983a29d5625f05d72ca9597d190ae7e7a32ec173da79b96fba4cf,It's beautiful that you're prioritizing your child's well-being and wanting to be a supportive figure for them. It's completely normal to feel overwhelmed and uncertain about how to navigate this situation. Can you tell me more about what's driving your fear for your child's well-being? What are some specific concerns you have?,0.0346361193805933,p14:3,101,0,0.11527212336659431,1.3959698844701052,8,state_d80a3fc38721df9b55fe,p14,False
ME+R0,0,me_r0,"[2181, 10578, 1093, 499, 2351, 15691, 264, 8987, 2865, 1314, 1457, 11, 323, 433, 596, 8056, 430, 499, 2351, 61708, 701, 12876, 311, 387, 264, 33445, 7216, 369, 701, 1716, 13, 3011, 5097, 264, 2763, 315, 25775, 323, 3021, 13, 3053, 499, 3371, 757, 810, 922, 1148, 499, 3152, 555, 330, 46002, 264, 84911, 4676, 520, 2162, 44969, 3639, 1587, 430, 1427, 1093, 311, 499, 11, 323, 1148, 527, 1063, 2574, 499, 3077, 1027, 4560, 311, 656, 311, 1304, 430, 3621, 30, 128009]",0.12917094863951206,391eb62b5e02e9d7fc1641bfc3dc5e5a596f8ea76135eaa3fe1f3da77edf1b62,2449.8558279592544,0.03476208075881004,197.76898599229753,245f072c2ad300096a9a18402d6de6e70a362d1c582989067a906b3e75b0058b,1273,2455.3230449091643,203.15744588151574,203.10703199356794,d5bfd80a98a96ab71f8c6a4b432eb7e04d8cde818db16635c08847e6e32cc788,True,538,83,0.006929971277713776,3,0.01540081575512886,,2,r2:state_d80a3fc38721df9b55fe:me_r0,c410dadc4aae0505522af2b2e6c8d6e1947ff233a30217d7bf734ace0bf14ad5,"It sounds like you're carrying a heavy load right now, and it's amazing that you're acknowledging your desire to be a supportive figure for your child. That takes a lot of courage and love. Can you tell me more about what you mean by ""creating a nurturing environment at home""? What does that look like to you, and what are some things you've been trying to do to make that happen?",2.2556520998477936,p14:3,101,1,0.11206697672605515,2.913234056904912,8,state_d80a3fc38721df9b55fe,p14,False
MPMSME+RS,0,fixed_off,"[40, 649, 5647, 279, 4785, 315, 12014, 499, 2351, 15691, 439, 264, 2748, 11, 323, 433, 596, 6724, 49839, 311, 2733, 43206, 13, 1102, 10578, 1093, 499, 2351, 17693, 29091, 304, 12899, 701, 1716, 596, 1664, 33851, 11, 323, 430, 596, 9615, 85684, 13, 3053, 499, 3371, 757, 810, 922, 1148, 499, 3152, 555, 330, 46002, 264, 84911, 4676, 520, 2162, 44969, 3639, 527, 1063, 3230, 2574, 499, 2351, 4560, 311, 656, 477, 11322, 304, 430, 3634, 30, 128009]",0.12588896788656712,391eb62b5e02e9d7fc1641bfc3dc5e5a596f8ea76135eaa3fe1f3da77edf1b62,2427.00243415311,0.04103081300854683,265.3146660886705,3023900b758f86ad4bb707b29ba515ed0e7829e1cc7dd53c905eeec8ad85d573,1649,2643.417467130348,481.65280697867274,481.6038100980222,98143ffff64a1e97fce3fd22fb090beb728ad49ba240e224f4395357d7e61626,True,539,79,0.0072319526225328445,4,0.045496970415115356,True,2,r2:state_d80a3fc38721df9b55fe:fixed_off,2423f4d76e5154db2e7f2b4f874d0e1625f71acc04723260848af82206737f0d,"I can sense the weight of responsibility you're carrying as a parent, and it's completely understandable to feel overwhelmed. It sounds like you're deeply invested in supporting your child's well-being, and that's truly admirable. Can you tell me more about what you mean by ""creating a nurturing environment at home""? What are some specific things you're trying to do or achieve in that space?",212.1447380632162,p14:3,101,4,0.1114110928028822,3.9392351172864437,8,state_d80a3fc38721df9b55fe,p14,False
MPMS+RS,0,pm_off,"[2181, 10578, 1093, 499, 2351, 8430, 264, 6651, 315, 21958, 482, 16337, 11, 3987, 11, 323, 1101, 18547, 922, 279, 3938, 13, 3011, 596, 264, 2216, 4725, 2077, 311, 264, 2466, 10652, 1093, 279, 832, 499, 1047, 449, 701, 6699, 13, 3053, 499, 3371, 757, 810, 922, 1148, 596, 40876, 499, 922, 20958, 420, 8830, 323, 19994, 837, 311, 6261, 30, 128009]",0.12131896801292896,391eb62b5e02e9d7fc1641bfc3dc5e5a596f8ea76135eaa3fe1f3da77edf1b62,1770.9530380088836,0.043733976781368256,119.0029529388994,fe0736adb2d468f1b5032bb8882c724f77efb3b192a29bbc7da647e94fc23492,644,1938.3491771295667,286.3357779569924,286.27777309156954,0bad7e9d62a9a0bfaaf49639955820dc77f28951fe8729c8b4807cb2cb66b427,True,540,62,5.901402095332742,0,0.03533298149704933,True,2,r2:state_73e829c020bc7f1a0ced:pm_off,93efa74b00fdb4c72dd85575bc73713bee63b978f15502426539d7a9a39ae338,"It sounds like you're feeling a mix of emotions - relief, hope, and also anxiety about the future. That's a really normal response to a big conversation like the one you had with your parents. Can you tell me more about what's worrying you about maintaining this understanding and staying true to yourself?",159.20672402717173,p1:1,101,3,0.11271098628640175,1.974916085600853,3,state_73e829c020bc7f1a0ced,p1,False
ME+R0,0,me_r0,"[2181, 10578, 1093, 499, 2351, 8430, 264, 6651, 315, 21958, 482, 16337, 11, 3987, 11, 323, 1101, 18547, 922, 279, 3938, 13, 1102, 596, 6724, 4725, 311, 2733, 43206, 555, 279, 23965, 315, 44463, 701, 1866, 3966, 449, 279, 17078, 315, 3885, 13, 3053, 499, 3371, 757, 810, 922, 1148, 596, 1027, 389, 701, 4059, 31445, 11, 323, 1148, 3230, 10742, 527, 3339, 499, 2733, 38100, 922, 279, 3938, 30, 128009]",0.18156482838094234,391eb62b5e02e9d7fc1641bfc3dc5e5a596f8ea76135eaa3fe1f3da77edf1b62,2166.8982692062855,0.035552773624658585,231.98636015877128,a04438c5031d3a32110d15a064e63aead941e0b4e6f4d40a07bc9416b3c3615f,1358,2173.824480967596,238.77413803711534,238.73100709170103,0eeb722beab5cb15c924fb3f1e879c07e0b95dd4416020e4594755c956553ce5,True,541,71,0.008032890036702156,1,0.014603836461901665,,2,r2:state_73e829c020bc7f1a0ced:me_r0,207d714186ec55906d55dafba3b393053e27f67c04c5a6e24eefd9f3b6613961,"It sounds like you're feeling a mix of emotions - relief, hope, and also anxiety about the future. It's completely normal to feel overwhelmed by the complexity of balancing your own needs with the expectations of others. Can you tell me more about what's been on your mind lately, and what specific concerns are making you feel anxious about the future?",3.487365087494254,p1:1,101,1,0.1114171463996172,3.0876751989126205,3,state_73e829c020bc7f1a0ced,p1,False
MSE+RS,0,rule_off,"[2181, 10578, 1093, 499, 2351, 8430, 264, 6651, 315, 21958, 482, 16337, 11, 3987, 11, 323, 1101, 18547, 922, 279, 3938, 13, 1102, 596, 6724, 4725, 311, 2733, 43206, 994, 60499, 6485, 12135, 323, 4443, 17078, 13, 3053, 499, 3371, 757, 810, 922, 1148, 596, 1027, 389, 701, 4059, 31445, 11, 323, 1148, 596, 1027, 279, 1455, 17436, 961, 315, 44463, 701, 1866, 3966, 449, 701, 3070, 596, 17078, 30, 128009]",0.12497790157794952,391eb62b5e02e9d7fc1641bfc3dc5e5a596f8ea76135eaa3fe1f3da77edf1b62,2215.834017144516,0.060403021052479744,265.47684404067695,4b3f9e15f28f8c3c723c67207cb6f7a8a5a328d343b1682118dec93e782abe21,1655,2422.513067955151,472.1095650456846,472.0309169497341,9c4bd2e66f3fdd6970ff2583f672a049af5d2209124d085e73799c755c4727e7,True,542,71,184.32183493860066,2,0.06356998346745968,True,2,r2:state_73e829c020bc7f1a0ced:rule_off,5b79b59127e7817538dd546c35ab944d3696265bffb9ae720e1724f7ecfc6ad8,"It sounds like you're feeling a mix of emotions - relief, hope, and also anxiety about the future. It's completely normal to feel overwhelmed when navigating complex relationships and personal expectations. Can you tell me more about what's been on your mind lately, and what's been the most challenging part of balancing your own needs with your family's expectations?",16.85447501949966,p1:1,101,3,0.14947494491934776,5.104315001517534,3,state_73e829c020bc7f1a0ced,p1,False
M0+R0,0,context_only,"[2181, 10578, 1093, 499, 2351, 8430, 264, 6651, 315, 21958, 482, 16337, 11, 3987, 11, 323, 1101, 18547, 922, 279, 9987, 13, 3011, 596, 6724, 4725, 13, 1102, 596, 1093, 499, 2351, 60499, 264, 502, 25911, 11, 323, 433, 596, 17339, 311, 1935, 701, 892, 311, 7216, 2574, 704, 13, 3053, 499, 3371, 757, 810, 922, 1148, 596, 40876, 499, 922, 3938, 39510, 30, 3639, 527, 1063, 3230, 26350, 477, 10742, 430, 527, 389, 701, 4059, 30, 128009]",0.12766593135893345,391eb62b5e02e9d7fc1641bfc3dc5e5a596f8ea76135eaa3fe1f3da77edf1b62,2145.830187946558,0.03468617796897888,71.75115100108087,8022d4604e376d1741ededde0b6844e5f849a4563182c52c103c9c4b2eb1a8b7,313,2147.2135030198842,73.04269401356578,73.00680014304817,1d04d11a8ce152a4c3e2fd0694e4c03ebf67788197d4d59b42c3c7dd5632cfdb,True,543,78,0.006999121978878975,3,0.009148847311735153,,2,r2:state_73e829c020bc7f1a0ced:context_only,850887bc59dbf8ffd206e45a9e7cab671b965a164f6a44856ca392cc98f49833,"It sounds like you're feeling a mix of emotions - relief, hope, and also anxiety about the unknown. That's completely normal. It's like you're navigating a new terrain, and it's okay to take your time to figure things out. Can you tell me more about what's worrying you about future tensions? What are some specific scenarios or concerns that are on your mind?",0.025586923584342003,p1:1,101,0,0.10875705629587173,1.0704710148274899,3,state_73e829c020bc7f1a0ced,p1,False
MPMSME+RS,0,fixed_off,"[2181, 10578, 1093, 499, 2351, 8430, 264, 6651, 315, 21958, 482, 16337, 11, 3987, 11, 323, 1101, 27924, 922, 279, 3938, 13, 1102, 596, 6724, 4725, 311, 2733, 43206, 555, 279, 14604, 23965, 315, 60499, 701, 12135, 323, 4443, 6650, 13, 3053, 499, 3371, 757, 810, 922, 1148, 596, 1027, 389, 701, 4059, 31445, 11, 323, 1148, 596, 1027, 279, 1455, 17436, 961, 315, 44463, 701, 98304, 17078, 449, 701, 1866, 3966, 30, 128009]",0.12984499335289001,391eb62b5e02e9d7fc1641bfc3dc5e5a596f8ea76135eaa3fe1f3da77edf1b62,2299.617931013927,0.04091393202543259,280.4128099232912,1738b14e5841694109342a4e63f19f44fc23cf421ea39d58728a6faa0d1ec3ce,1680,2468.269086908549,448.9783199969679,448.9341208245605,808818326b9e4aec8487779928f176df15961e3b7be987f1607c6174b1b40966,True,544,74,0.00699702650308609,4,0.044108834117650986,True,2,r2:state_73e829c020bc7f1a0ced:fixed_off,e114a303d412b99bc647d5518ca546d805ee269812ed546050359fa2dd0e77d5,"It sounds like you're feeling a mix of emotions - relief, hope, and also uncertainty about the future. It's completely normal to feel overwhelmed by the emotional complexity of navigating your relationships and personal growth. Can you tell me more about what's been on your mind lately, and what's been the most challenging part of balancing your familial expectations with your own needs?",164.35996000654995,p1:1,101,4,0.10745297186076641,3.961878130212426,3,state_73e829c020bc7f1a0ced,p1,False
MSE+RS,0,rule_off,"[2181, 10578, 1093, 279, 54675, 2216, 36014, 2574, 709, 369, 499, 11, 323, 433, 596, 49839, 311, 2733, 43206, 555, 279, 49803, 315, 1268, 653, 61212, 499, 527, 13, 1102, 5097, 264, 2763, 315, 25775, 311, 25670, 5789, 1405, 584, 1205, 16048, 11, 5423, 994, 433, 4131, 311, 1057, 2626, 13, 3053, 499, 3371, 757, 810, 922, 1148, 596, 1027, 2133, 1555, 701, 4059, 2533, 279, 54675, 30, 3639, 527, 1063, 315, 279, 3230, 10742, 477, 24087, 430, 527, 10494, 499, 709, 520, 3814, 30, 128009]",0.1994529739022255,391eb62b5e02e9d7fc1641bfc3dc5e5a596f8ea76135eaa3fe1f3da77edf1b62,2631.515924120322,0.0414049718528986,262.42631510831416,cf19429681294e37dcd563f70f0784047e9589cf43609d3ec9c33b1804344ce6,1610,2935.3111339733005,566.0705040208995,566.0220719873905,691953a202f9184a390a50d98238dbd8c3b2e72b4beb2588a4e61339149f6e0e,True,545,86,158.84616621769965,0,0.04074606113135815,True,2,r2:state_f049f9aa281c155b885e:rule_off,bc66c0a4733aac0d166dd125a09867b919019d06c5e63d54708061d6268ea90f,"It sounds like the seminar really shook things up for you, and it's understandable to feel overwhelmed by the realization of how unprepared you are. It takes a lot of courage to acknowledge areas where we need improvement, especially when it comes to our business. Can you tell me more about what's been going through your mind since the seminar? What are some of the specific concerns or fears that are keeping you up at night?",140.8265708014369,p7:1,101,3,0.11089886538684368,3.729969961568713,3,state_f049f9aa281c155b885e,p7,False
MP+RS,0,pm_off,"[2181, 10578, 1093, 13176, 1521, 50446, 706, 1027, 264, 11292, 15530, 311, 42276, 11, 5423, 1306, 14892, 449, 1063, 11292, 11774, 304, 701, 2626, 13, 1102, 596, 49839, 311, 2733, 43206, 11, 719, 433, 596, 2294, 430, 499, 2351, 61708, 279, 1205, 369, 2349, 13, 3053, 499, 3371, 757, 810, 922, 1148, 596, 10168, 499, 1203, 505, 4737, 1957, 1314, 1457, 30, 128009]",0.1742010936141014,391eb62b5e02e9d7fc1641bfc3dc5e5a596f8ea76135eaa3fe1f3da77edf1b62,1823.9619920495898,0.06758281961083412,120.1538061723113,8b89d71d9d65520f29e0ebb4f64bdbde58438c424bc15098cb7956de205aa0b4,663,2043.059143004939,339.1681129578501,339.0767560340464,0f32b0e16b9a4365d5aa0c48267543d1ed6ba6eb2f654fa348105fdf3b3d9455,True,546,63,7.009916007518768,1,0.061393016949296,True,2,r2:state_f049f9aa281c155b885e:pm_off,bfe818f2dc4d33fd3609f34c8ec49bb148bc59ba0fa6b6ff8b252edc8ea538f6,"It sounds like facing these realities has been a tough pill to swallow, especially after dealing with some tough challenges in your business. It's understandable to feel overwhelmed, but it's great that you're acknowledging the need for change. Can you tell me more about what's holding you back from taking action right now?",208.75302399508655,p7:1,101,2,0.16254186630249023,2.868492156267166,3,state_f049f9aa281c155b885e,p7,False
M0+R0,0,context_only,"[2181, 10578, 1093, 499, 2351, 8430, 264, 6651, 315, 21958, 482, 23023, 11, 96848, 11, 323, 264, 5647, 315, 12014, 13, 3011, 649, 387, 264, 8987, 23104, 311, 6920, 13, 3053, 499, 3371, 757, 810, 922, 1148, 596, 10168, 499, 1203, 505, 4737, 1957, 1314, 1457, 30, 3639, 596, 279, 1176, 3094, 499, 1781, 499, 1205, 311, 1935, 11, 323, 1148, 596, 3339, 433, 2653, 311, 1212, 30, 128009]",0.12001302093267441,391eb62b5e02e9d7fc1641bfc3dc5e5a596f8ea76135eaa3fe1f3da77edf1b62,1904.9019718077034,0.05151121877133846,72.36119289882481,9d195ac3f7a6a78ec16f5ef8ebde0e0333228683a383385a1389919c75fd9e02,309,1906.762634869665,74.18488385155797,74.10184293985367,32740abee10cc65240ee0e5ecd21ef039a0ce7884c2806dbbcda7bd4f9d439ca,True,547,69,0.01013302244246006,2,0.012266915291547775,,2,r2:state_f049f9aa281c155b885e:context_only,decd6306edff02d4b730c56f99524d2f168acb94eea00221f0fb4bee2c0e26c2,"It sounds like you're feeling a mix of emotions - regret, overwhelm, and a sense of responsibility. That can be a heavy burden to carry. Can you tell me more about what's holding you back from taking action right now? What's the first step you think you need to take, and what's making it hard to start?",0.03647408448159695,p7:1,101,0,0.15099486336112022,1.4792699366807938,3,state_f049f9aa281c155b885e,p7,False
MPMSME+RS,0,fixed_off,"[2181, 10578, 1093, 420, 6020, 9293, 54675, 2216, 36014, 2574, 709, 369, 499, 11, 323, 433, 596, 49839, 311, 2733, 43206, 555, 279, 49803, 315, 1268, 653, 61212, 499, 527, 13, 1102, 5097, 264, 2763, 315, 25775, 311, 25670, 5789, 1405, 584, 1205, 16048, 11, 5423, 994, 433, 4131, 311, 1057, 2626, 323, 40382, 13, 3053, 499, 3371, 757, 810, 922, 1148, 596, 1027, 2133, 1555, 701, 4059, 2533, 279, 54675, 30, 3639, 527, 1063, 315, 279, 3230, 10742, 477, 24087, 430, 527, 10494, 499, 709, 520, 3814, 30, 128009]",0.2026669681072235,391eb62b5e02e9d7fc1641bfc3dc5e5a596f8ea76135eaa3fe1f3da77edf1b62,2755.958341062069,0.04360591992735863,264.2390229739249,614521cf926f1f2d0646107e7851ff97802201aa671024bb09204981412f6f17,1636,2930.5475959554315,438.6831179726869,438.6256108991802,d95396e455e4bd8e54f443d7f9f4349cd8df5559352eefa698ffe726ee59c746,True,548,90,0.007455004379153252,3,0.041079940274357796,True,2,r2:state_f049f9aa281c155b885e:fixed_off,ee0449dd43452b3c62eb51d6d6c043a0ab65501fbd03153f197e9d09bb968c93,"It sounds like this financial planning seminar really shook things up for you, and it's understandable to feel overwhelmed by the realization of how unprepared you are. It takes a lot of courage to acknowledge areas where we need improvement, especially when it comes to our business and finances. Can you tell me more about what's been going through your mind since the seminar? What are some of the specific concerns or fears that are keeping you up at night?",170.3086281195283,p7:1,101,4,0.10779686272144318,3.878022078424692,3,state_f049f9aa281c155b885e,p7,False
ME+R0,0,me_r0,"[2181, 10578, 1093, 499, 2351, 8430, 264, 6651, 315, 21958, 482, 18547, 11, 96848, 11, 323, 7344, 1524, 264, 2766, 315, 23023, 922, 539, 28118, 1521, 6020, 11774, 31373, 13, 3053, 499, 3371, 757, 810, 922, 1148, 596, 10168, 499, 1203, 505, 4737, 1957, 1314, 1457, 30, 3639, 596, 279, 1176, 3094, 499, 1781, 499, 1205, 311, 1935, 311, 1212, 8430, 810, 304, 2585, 315, 701, 2626, 40382, 30, 128009]",0.12196507304906845,391eb62b5e02e9d7fc1641bfc3dc5e5a596f8ea76135eaa3fe1f3da77edf1b62,2078.3463360276073,0.05406397394835949,194.9316910468042,4bb4e621d958d60d09dfe4e2b8a663da61562878c1ad908f450f9ff6f5f28e24,1202,2084.5800370443612,201.1022730730474,201.04342699050903,20148686c535ef3c333dbc45483e9720bf8ade0774800b9777f0bb3b67cf8ba4,True,549,70,0.010282965376973152,4,0.019747065380215645,,2,r2:state_f049f9aa281c155b885e:me_r0,4e5053064fad60e6461f0b0519da44cece33f3a1748e47ff70570e02542aa8b8,"It sounds like you're feeling a mix of emotions - anxiety, overwhelm, and maybe even a bit of regret about not addressing these financial challenges sooner. Can you tell me more about what's holding you back from taking action right now? What's the first step you think you need to take to start feeling more in control of your business finances?",2.2797060664743185,p7:1,101,1,0.158586073666811,3.5893497988581657,3,state_f049f9aa281c155b885e,p7,False
MSE+RS,0,rule_off,"[40, 649, 5647, 279, 4785, 315, 12014, 499, 2351, 15691, 11, 323, 433, 596, 6724, 49839, 311, 2733, 43206, 555, 279, 7410, 311, 2804, 1664, 13, 1102, 10578, 1093, 499, 2351, 2216, 20558, 311, 8335, 701, 7978, 449, 4737, 2512, 315, 701, 7106, 323, 10723, 2890, 13, 3053, 499, 3371, 757, 810, 922, 1148, 596, 1027, 2133, 389, 449, 701, 4007, 9899, 30, 3639, 527, 1063, 3230, 11774, 499, 2351, 13176, 11, 323, 1268, 656, 499, 1781, 499, 649, 1212, 311, 1304, 1063, 34074, 311, 63652, 701, 1664, 33851, 30, 128009]",0.13179192319512367,391eb62b5e02e9d7fc1641bfc3dc5e5a596f8ea76135eaa3fe1f3da77edf1b62,2796.191879082471,0.043459003791213036,295.1364091131836,688d37c5dc5495cf13d2dd993add8aaa16fc5d0b24514219845d94ea5ee3efa2,1732,3036.8541351053864,535.7242040336132,535.6668732129037,626071569a29226dce405704c916dc9c12310f41b8830a386ff958ede0b73787,True,550,91,223.9236868917942,0,0.03847712650895119,True,2,r2:state_db22d2c498fc000886f2:rule_off,c6a22e9f862809d1cf33513cb3e06212e15fe26fd3134d3a3afd26dc72afb72c,"I can sense the weight of responsibility you're carrying, and it's completely understandable to feel overwhelmed by the pressure to perform well. It sounds like you're really struggling to balance your studies with taking care of your physical and mental health. Can you tell me more about what's been going on with your study schedule? What are some specific challenges you're facing, and how do you think you can start to make some adjustments to prioritize your well-being?",12.430666014552116,p11:1,303,3,0.1114171463996172,3.982757916674018,8,state_db22d2c498fc000886f2,p11,False
MSE+RS,0,pm_off,"[40, 649, 5647, 279, 4785, 315, 12014, 499, 2351, 15691, 11, 323, 433, 596, 6724, 49839, 311, 2733, 43206, 555, 279, 7410, 311, 2804, 1664, 13, 1102, 10578, 1093, 499, 2351, 2216, 20558, 311, 8335, 701, 7978, 449, 4737, 2512, 315, 701, 7106, 323, 10723, 2890, 13, 3053, 499, 3371, 757, 810, 922, 1148, 596, 1027, 2133, 389, 449, 701, 4007, 9899, 30, 3639, 527, 1063, 3230, 11774, 499, 2351, 13176, 11, 323, 1268, 656, 499, 1781, 499, 649, 1212, 311, 1304, 1063, 34074, 311, 63652, 701, 1664, 33851, 30, 128009]",0.13072695583105087,391eb62b5e02e9d7fc1641bfc3dc5e5a596f8ea76135eaa3fe1f3da77edf1b62,2792.0543770305812,0.04478194750845432,295.1670461334288,688d37c5dc5495cf13d2dd993add8aaa16fc5d0b24514219845d94ea5ee3efa2,1732,3037.4811799265444,540.5080479104072,540.463122073561,626071569a29226dce405704c916dc9c12310f41b8830a386ff958ede0b73787,True,551,91,7.255668984726071,1,0.03923708572983742,True,2,r2:state_db22d2c498fc000886f2:pm_off,c6a22e9f862809d1cf33513cb3e06212e15fe26fd3134d3a3afd26dc72afb72c,"I can sense the weight of responsibility you're carrying, and it's completely understandable to feel overwhelmed by the pressure to perform well. It sounds like you're really struggling to balance your studies with taking care of your physical and mental health. Can you tell me more about what's been going on with your study schedule? What are some specific challenges you're facing, and how do you think you can start to make some adjustments to prioritize your well-being?",233.85991109535098,p11:1,303,3,0.11130888015031815,3.985167946666479,8,state_db22d2c498fc000886f2,p11,False
ME+R0,0,me_r0,"[40, 2846, 779, 16089, 499, 2733, 10882, 11821, 420, 449, 757, 13, 1102, 10578, 1093, 499, 2351, 15691, 264, 8987, 23104, 449, 44463, 701, 7978, 323, 4737, 2512, 315, 701, 7106, 323, 10723, 2890, 13, 3053, 499, 3371, 757, 810, 922, 1148, 596, 1027, 2133, 389, 449, 701, 4007, 9899, 30, 3639, 527, 1063, 3230, 11774, 499, 2351, 13176, 11, 323, 1268, 656, 499, 1781, 499, 649, 1212, 311, 1304, 1063, 34074, 311, 63652, 701, 1664, 33851, 30, 128009]",0.12527103535830975,391eb62b5e02e9d7fc1641bfc3dc5e5a596f8ea76135eaa3fe1f3da77edf1b62,2370.881587965414,0.037108082324266434,231.76223901100457,51b4e4b9d926634eb7e60aa722dc896d9315b67de6b8ee0c5c9784acfed8651d,1317,2377.104668179527,237.9128581378609,237.86004818975925,5100a3d0f8b87ac9d2f53f4ff8ca1e884cc9f4245005b5d61f961d8e590ac1cd,True,552,79,0.008378876373171806,2,0.015849946066737175,,2,r2:state_db22d2c498fc000886f2:me_r0,ca977dd6be032d45a5879068c6d4d98e9e42f308a7b8e1e9eb69cfacbe0e1d6b,"I'm so glad you feel comfortable sharing this with me. It sounds like you're carrying a heavy burden with balancing your studies and taking care of your physical and mental health. Can you tell me more about what's been going on with your study schedule? What are some specific challenges you're facing, and how do you think you can start to make some adjustments to prioritize your well-being?",2.9945620335638523,p11:1,303,1,0.11766212992370129,2.9242481105029583,8,state_db22d2c498fc000886f2,p11,False
MPMSME+RS,0,fixed_off,"[40, 649, 5647, 279, 4785, 315, 12014, 499, 2351, 15691, 11, 323, 433, 596, 6724, 49839, 311, 2733, 43206, 555, 279, 7410, 311, 2804, 1664, 13, 1102, 10578, 1093, 499, 2351, 2216, 20558, 311, 8335, 701, 7978, 449, 4737, 2512, 315, 701, 7106, 323, 10723, 2890, 13, 3053, 499, 3371, 757, 810, 922, 1148, 596, 1027, 2133, 389, 449, 701, 4007, 9899, 30, 3639, 527, 1063, 315, 279, 2574, 430, 527, 3339, 433, 2653, 369, 499, 311, 1505, 264, 8335, 30, 128009]",0.12886105105280876,391eb62b5e02e9d7fc1641bfc3dc5e5a596f8ea76135eaa3fe1f3da77edf1b62,2564.3714778125286,0.04437915049493313,297.9254010133445,9bcd8b6bdcb15372a0581093fe3d4c41eb470bb0f05e7f75189c8cc85cbc256d,1761,2800.32949289307,533.8014089502394,533.7545550428331,6c546324901878ab565a538cb478156b30541db161c1afdd83b8e0e2b117e58d,True,553,82,0.006583984941244125,3,0.04385504871606827,True,2,r2:state_db22d2c498fc000886f2:fixed_off,1fd823f942074491a718a0f133497313b118e5182c0cc5fe6f043da14b3c02e4,"I can sense the weight of responsibility you're carrying, and it's completely understandable to feel overwhelmed by the pressure to perform well. It sounds like you're really struggling to balance your studies with taking care of your physical and mental health. Can you tell me more about what's been going on with your study schedule? What are some of the things that are making it hard for you to find a balance?",231.5865468699485,p11:1,303,4,0.1094830222427845,4.038305953145027,8,state_db22d2c498fc000886f2,p11,False
M0+R0,0,context_only,"[2181, 10578, 1093, 499, 2351, 15691, 264, 8987, 2865, 1314, 1457, 11, 323, 433, 596, 8056, 430, 499, 2351, 61708, 279, 12939, 315, 4737, 2512, 315, 6261, 65904, 682, 420, 7410, 13, 20474, 11, 701, 1664, 33851, 374, 539, 8821, 505, 701, 14584, 2450, 482, 433, 596, 3604, 264, 16996, 961, 315, 433, 13, 3053, 499, 3371, 757, 810, 922, 1148, 264, 24770, 9899, 1053, 1427, 1093, 369, 499, 11, 323, 1148, 2678, 7504, 499, 1781, 499, 1436, 1935, 3432, 311, 1212, 45777, 4954, 701, 2890, 30, 128009]",0.13740407302975655,391eb62b5e02e9d7fc1641bfc3dc5e5a596f8ea76135eaa3fe1f3da77edf1b62,2433.502906933427,0.035738106817007065,86.95986401289701,40987e4cbf0c538d4e915f2e7f3fa78bfc55b54710edc7a2528a2d2040e5c4e9,444,2435.243461979553,88.59565295279026,88.5630149859935,3e82a52ab9801ceb6b6a6eef9a9a2193c33eb9300a9abe1e3e86c0538bf8e3ec,True,554,88,0.0073320697993040085,4,0.01023709774017334,,2,r2:state_db22d2c498fc000886f2:context_only,97e2c166661640e6920ba6ee27ae936e80d1914f501ecbaf03fb8d3388be8f19,"It sounds like you're carrying a heavy load right now, and it's amazing that you're acknowledging the importance of taking care of yourself amidst all this pressure. Remember, your well-being is not separate from your academic success - it's actually a crucial part of it. Can you tell me more about what a balanced schedule would look like for you, and what small steps you think you could take today to start prioritizing your health?",0.03760284744203091,p11:1,303,0,0.1314349938184023,1.3808058574795723,8,state_db22d2c498fc000886f2,p11,False
ME+R0,0,me_r0,"[40, 2846, 779, 16089, 499, 6612, 10882, 11821, 420, 449, 757, 13, 1102, 10578, 1093, 279, 16907, 13123, 449, 30750, 2216, 75940, 709, 264, 2763, 315, 21958, 323, 16024, 430, 499, 3463, 499, 4265, 2736, 15590, 13, 3053, 499, 3371, 757, 810, 922, 1148, 433, 574, 1093, 311, 1518, 1077, 1578, 30, 3639, 1051, 1063, 315, 279, 21958, 430, 3782, 709, 369, 499, 30, 128009]",0.18051802180707455,391eb62b5e02e9d7fc1641bfc3dc5e5a596f8ea76135eaa3fe1f3da77edf1b62,2014.940258814022,0.035164179280400276,232.50543186441064,c5bbd6fee84415b6e797b099922a065a167fa50ccd0ab881601323e442928d14,1333,2022.590853041038,240.05130608566105,239.97550806961954,32fc003b37153cc1d1c555dd067b764c68dda21a91f8fb0e5c02719838b50c96,True,555,65,0.007465016096830368,0,0.01699593849480152,,2,r2:state_1ff7c99c51a76f3b833b:me_r0,ba3e0eb77e7ec552a37db6774bbfc23528874206907747c54d869ae242fae405,I'm so glad you felt comfortable sharing this with me. It sounds like the unexpected encounter with Jennifer really stirred up a lot of emotions and feelings that you thought you'd already processed. Can you tell me more about what it was like to see her again? What were some of the emotions that came up for you?,4.348399117588997,p8:2,303,1,0.1097000204026699,2.9523519333451986,8,state_1ff7c99c51a76f3b833b,p8,False
M0+R0,0,context_only,"[4897, 2011, 617, 1027, 264, 2216, 11292, 3217, 369, 499, 13, 1102, 596, 1093, 1694, 4295, 449, 264, 12330, 315, 21958, 430, 499, 3463, 499, 4265, 2736, 15590, 13, 3053, 499, 3371, 757, 810, 922, 1148, 7077, 994, 499, 5602, 30750, 1578, 30, 3639, 574, 2133, 1555, 701, 4059, 323, 2547, 2391, 430, 13123, 30, 128009]",0.11528702452778816,391eb62b5e02e9d7fc1641bfc3dc5e5a596f8ea76135eaa3fe1f3da77edf1b62,1579.4326621107757,0.06365799345076084,87.93578809127212,82c64faae78980b5eac580c5f4b625ce1c4bcee045d0e658ee700169f4825890,441,1581.6662821453065,90.12142708525062,90.05412110127509,a7495ac5c27ff56276b0f987d871f7ce8f30d08c23f3ef55aeddabba56a31f70,True,556,56,0.01013604924082756,1,0.013318844139575958,,2,r2:state_1ff7c99c51a76f3b833b:context_only,b311e886ad80bd121d2a359bc101e365c44afb2a99a9595658a001f6e9e8e9a2,That must have been a really tough experience for you. It's like being hit with a wave of emotions that you thought you'd already processed. Can you tell me more about what happened when you saw Jennifer again? What was going through your mind and body during that encounter?,0.046696048229932785,p8:2,303,0,0.15440001152455807,1.8301240634173155,8,state_1ff7c99c51a76f3b833b,p8,False
MSE+RS,0,rule_off,"[2181, 10578, 1093, 9298, 30750, 1578, 7263, 709, 264, 2763, 315, 21958, 323, 27924, 369, 499, 13, 3053, 499, 3371, 757, 810, 922, 1148, 499, 2351, 8430, 1314, 1457, 30, 3639, 596, 2133, 1555, 701, 4059, 323, 4851, 439, 499, 1920, 420, 16907, 13123, 30, 128009]",0.16573211178183556,391eb62b5e02e9d7fc1641bfc3dc5e5a596f8ea76135eaa3fe1f3da77edf1b62,1510.1460150908679,0.04243385046720505,264.2495231702924,eae6da03a6b8addd1f6887155c6e16bc270a418d190c0ec8a19bb60d22bc8306,1660,1758.199101081118,512.1926499996334,512.1368770487607,aefb5d90ecc983bc5a9b61fa0733c2604f3b7078b9239dcc82da97550897406f,True,557,46,229.26000994630158,2,0.03706291317939758,True,2,r2:state_1ff7c99c51a76f3b833b:rule_off,f99dbb5caba538abf15359a84c15b07da7c31bd87271bac0e659be3f68d15ffb,It sounds like seeing Jennifer again brought up a lot of emotions and uncertainty for you. Can you tell me more about what you're feeling right now? What's going through your mind and heart as you process this unexpected encounter?,14.563677133992314,p8:2,303,3,0.10907696560025215,3.8750930689275265,8,state_1ff7c99c51a76f3b833b,p8,False
MSE+RS,0,pm_off,"[2181, 10578, 1093, 9298, 30750, 1578, 7263, 709, 264, 2763, 315, 21958, 323, 27924, 369, 499, 13, 3053, 499, 3371, 757, 810, 922, 1148, 499, 2351, 8430, 1314, 1457, 30, 3639, 596, 2133, 1555, 701, 4059, 323, 4851, 439, 499, 1920, 420, 16907, 13123, 30, 128009]",0.10817381553351879,391eb62b5e02e9d7fc1641bfc3dc5e5a596f8ea76135eaa3fe1f3da77edf1b62,1519.4214330986142,0.06522005423903465,265.1037289761007,eae6da03a6b8addd1f6887155c6e16bc270a418d190c0ec8a19bb60d22bc8306,1660,1831.2578578479588,576.9222939852625,576.8319799099118,aefb5d90ecc983bc5a9b61fa0733c2604f3b7078b9239dcc82da97550897406f,True,558,46,8.669069036841393,3,0.07021077908575535,True,2,r2:state_1ff7c99c51a76f3b833b:pm_off,f99dbb5caba538abf15359a84c15b07da7c31bd87271bac0e659be3f68d15ffb,It sounds like seeing Jennifer again brought up a lot of emotions and uncertainty for you. Can you tell me more about what you're feeling right now? What's going through your mind and heart as you process this unexpected encounter?,297.629363136366,p8:2,303,3,0.16181985847651958,5.132568068802357,8,state_1ff7c99c51a76f3b833b,p8,False
MPMSME+RS,0,fixed_off,"[2181, 10578, 1093, 9298, 30750, 1578, 706, 75940, 709, 264, 2763, 315, 21958, 369, 499, 13, 3053, 499, 3371, 757, 810, 922, 1148, 499, 2351, 8430, 1314, 1457, 30, 3639, 596, 1027, 279, 1455, 17436, 961, 315, 420, 3217, 369, 499, 30, 128009]",0.10703504085540771,391eb62b5e02e9d7fc1641bfc3dc5e5a596f8ea76135eaa3fe1f3da77edf1b62,1446.6730419080704,0.044720014557242393,281.37114085257053,2a7dcabc9a14fd83af9ad1219aa8cd55038d079a9bac33fd8c2e92c58e353f32,1684,1694.302906980738,528.9603050332516,528.8939708843827,6cfd33fc1c08f87fdce151387056f917ba16bacb65e3644e530c8bc8fe439053,True,559,43,0.007387017831206322,4,0.047226203605532646,True,2,r2:state_1ff7c99c51a76f3b833b:fixed_off,2d9f9e9d948406152eb9dd610f791da88f0a3890f0b413791e4d27f7d4845b55,It sounds like seeing Jennifer again has stirred up a lot of emotions for you. Can you tell me more about what you're feeling right now? What's been the most challenging part of this experience for you?,243.38227091357112,p8:2,303,4,0.11338689364492893,3.9278389886021614,8,state_1ff7c99c51a76f3b833b,p8,False
MPMSME+RS,0,fixed_off,"[2181, 10578, 1093, 51136, 287, 449, 8766, 706, 75940, 709, 264, 2763, 315, 21958, 323, 27924, 369, 499, 13, 1102, 596, 49839, 430, 499, 2351, 8430, 264, 6651, 315, 16024, 11, 5423, 2728, 701, 3925, 3871, 13, 3053, 499, 3371, 757, 810, 922, 1148, 596, 1027, 2133, 1555, 701, 4059, 2533, 499, 6755, 505, 1461, 30, 3639, 527, 1063, 315, 279, 11555, 323, 16024, 430, 617, 1027, 40986, 369, 499, 30, 128009]",0.12169196270406246,391eb62b5e02e9d7fc1641bfc3dc5e5a596f8ea76135eaa3fe1f3da77edf1b62,2261.5912090986967,0.04369090311229229,295.02861201763153,e04d4da2910451da88f83ef3b9ffcb79ad99ce17f1694fe25ecb3afd2cd2a266,1733,2506.292008096352,539.6641220431775,539.607719052583,d5977dc88f48650eca62060b490dfb0dee0514ffcf892e81659677d01ecc3273,True,560,72,0.006873859092593193,0,0.04474609158933163,True,2,r2:state_2c520491a6f996b397f7:fixed_off,e050d541580ebd034f8a9ac8cba0e8deea597acc9febff34e2ab7fe29af4c39b,"It sounds like reconnecting with Bill has stirred up a lot of emotions and uncertainty for you. It's understandable that you're feeling a mix of feelings, especially given your history together. Can you tell me more about what's been going through your mind since you heard from him? What are some of the thoughts and feelings that have been arising for you?",240.3660360723734,p16:2,202,4,0.10863807983696461,4.0091220289468765,8,state_2c520491a6f996b397f7,p16,False
MSE+RS,0,rule_off,"[2181, 10578, 1093, 51136, 287, 449, 8766, 706, 75940, 709, 264, 2763, 315, 21958, 369, 499, 11, 323, 433, 596, 49839, 430, 499, 2351, 8430, 36218, 323, 27207, 13, 1102, 596, 2867, 430, 499, 2103, 2512, 922, 1461, 17693, 11, 323, 430, 596, 264, 2466, 961, 315, 3249, 420, 374, 779, 17436, 369, 499, 13, 3053, 499, 3371, 757, 810, 922, 1148, 499, 2351, 16026, 311, 636, 704, 315, 420, 6671, 11, 323, 1148, 499, 2351, 16984, 315, 30, 128009]",0.12349104508757591,391eb62b5e02e9d7fc1641bfc3dc5e5a596f8ea76135eaa3fe1f3da77edf1b62,2468.812699895352,0.04111509770154953,281.55869292095304,1b379efa264dfcbf7fa16885774afae6553a653183361ce4381e0f6b0ee8087f,1703,2853.286410914734,665.9635880496353,665.9089128952473,8489d8fda7da13b194ded8235db69a0500050dd9513bfcb66c2d6d1e6cf69a91,True,561,80,232.00792213901877,1,0.047557055950164795,True,2,r2:state_2c520491a6f996b397f7:rule_off,0af1e6a1fb66203330b77e13d40ea78835ed3d661d77a8e56acd38382eb87601,"It sounds like reconnecting with Bill has stirred up a lot of emotions for you, and it's understandable that you're feeling uncertain and scared. It's clear that you still care about him deeply, and that's a big part of why this is so challenging for you. Can you tell me more about what you're hoping to get out of this situation, and what you're afraid of?",148.11017690226436,p16:2,202,3,0.11321785859763622,4.030230920761824,8,state_2c520491a6f996b397f7,p16,False
ME+R0,0,me_r0,"[2181, 10578, 1093, 51136, 287, 449, 8766, 706, 75940, 709, 264, 2763, 315, 21958, 323, 19459, 505, 701, 3347, 5133, 13, 1102, 596, 49839, 430, 499, 2351, 8430, 36218, 323, 7344, 1524, 264, 2697, 27207, 922, 1148, 420, 3445, 369, 499, 13, 3053, 499, 3371, 757, 810, 922, 1148, 596, 1027, 2133, 1555, 701, 4059, 2533, 499, 1766, 704, 568, 8813, 704, 311, 499, 30, 3639, 527, 1063, 315, 279, 11555, 323, 16024, 430, 617, 1027, 40986, 369, 499, 30, 128009]",0.12791715562343597,391eb62b5e02e9d7fc1641bfc3dc5e5a596f8ea76135eaa3fe1f3da77edf1b62,2435.24899892509,0.0349308829754591,233.4225820377469,d47bbf8dd09b3350d227e5fbf1ea42ac11c3d953251e91b1f293d9813b2c89c9,1393,2441.821090178564,239.91321003995836,239.86675613559783,df8bde7b20f3ce6ba6585e32eaeb343a42fe52612ede7151567965ee34777081,True,562,81,0.00685080885887146,2,0.016072997823357582,,2,r2:state_2c520491a6f996b397f7:me_r0,2de0ce9f0105da85de91647dfb3c71d61be6ded4496fa3ee6a2a1d1466685523,It sounds like reconnecting with Bill has stirred up a lot of emotions and memories from your past relationship. It's understandable that you're feeling uncertain and maybe even a little scared about what this means for you. Can you tell me more about what's been going through your mind since you found out he reached out to you? What are some of the thoughts and feelings that have been arising for you?,3.2530021853744984,p16:2,202,1,0.11299317702651024,3.020324045792222,8,state_2c520491a6f996b397f7,p16,False
M0+R0,0,context_only,"[2181, 10578, 1093, 279, 3347, 5133, 449, 8766, 10187, 264, 3361, 2035, 304, 701, 4851, 11, 323, 430, 596, 3339, 420, 1510, 6671, 1524, 810, 6485, 13, 1102, 596, 6724, 49839, 430, 499, 2351, 20558, 311, 21546, 701, 21958, 11, 5423, 2728, 279, 3925, 499, 6222, 3871, 13, 3053, 499, 3371, 757, 810, 922, 1148, 596, 1027, 2133, 1555, 701, 4059, 2533, 279, 13123, 449, 8766, 30, 128009]",0.2121159341186285,391eb62b5e02e9d7fc1641bfc3dc5e5a596f8ea76135eaa3fe1f3da77edf1b62,1896.0424370598048,0.03498583100736141,87.2204820625484,e0a40f9313e56fabcfe817f5463253e0191f8517e46b75ced9a743f610fd5e52,442,1897.7933458518237,88.80405593663454,88.75927492044866,7ea4cdf7f88df72b8d4f685f3a0c725d5b8e07b8a25e0439a620b9f39c3606b1,True,563,68,0.006817979738116264,3,0.009158160537481308,,2,r2:state_2c520491a6f996b397f7:context_only,d0c9a8a260c693f831827346c99dd162d10b95500356f699a92224cd58e76e4a,"It sounds like the past relationship with Bill holds a special place in your heart, and that's making this current situation even more complex. It's completely understandable that you're struggling to navigate your emotions, especially given the history you shared together. Can you tell me more about what's been going through your mind since the encounter with Bill?",0.032171839848160744,p16:2,202,0,0.1112970057874918,1.3443620409816504,8,state_2c520491a6f996b397f7,p16,False
MPE+RS,0,pm_off,"[2181, 10578, 1093, 51136, 287, 449, 8766, 706, 75940, 709, 264, 2763, 315, 21958, 323, 19459, 505, 701, 3347, 5133, 13, 1102, 596, 49839, 430, 499, 2351, 8430, 36218, 323, 27207, 922, 1148, 420, 3445, 369, 499, 13, 3053, 499, 3371, 757, 810, 922, 1148, 596, 1027, 2133, 1555, 701, 4059, 2533, 499, 6755, 505, 1461, 30, 3639, 527, 1063, 315, 279, 11555, 323, 16024, 430, 617, 1027, 40986, 369, 499, 30, 128009]",0.19447202794253826,391eb62b5e02e9d7fc1641bfc3dc5e5a596f8ea76135eaa3fe1f3da77edf1b62,2296.1904748808593,0.06486522033810616,264.715532772243,bdef0761bfbdf4a4706dcb1e103e6ceeac219261fb24a9e7f369e0feb2e0855b,1649,2602.041726000607,570.4714870080352,570.3723118640482,87d257ef09c0a7cdaa7b26fc62cf35d86bca5f32149f246b1d3e049cdd6f76b2,True,564,73,8.756429189816117,4,0.0708580482751131,True,2,r2:state_2c520491a6f996b397f7:pm_off,04dd053d0a4587d4f5bdd3b1763d8e7b57eeb638342cb19ea42224a10b0dfe06,It sounds like reconnecting with Bill has stirred up a lot of emotions and memories from your past relationship. It's understandable that you're feeling uncertain and scared about what this means for you. Can you tell me more about what's been going through your mind since you heard from him? What are some of the thoughts and feelings that have been arising for you?,291.39282391406596,p16:2,202,3,0.1579888630658388,5.213813856244087,8,state_2c520491a6f996b397f7,p16,False
MSE+RS,0,pm_off,"[40, 649, 5647, 1268, 20134, 499, 2351, 8430, 922, 11821, 701, 4443, 3446, 304, 4156, 315, 264, 8294, 10877, 13, 1102, 596, 6724, 4725, 311, 2733, 38100, 922, 1694, 45487, 477, 18290, 922, 1268, 3885, 690, 6013, 13, 20474, 430, 701, 3446, 706, 907, 323, 649, 31740, 3885, 304, 264, 23222, 1648, 13, 3639, 422, 499, 1051, 311, 5357, 389, 279, 6928, 5536, 499, 3987, 311, 1304, 11, 4856, 1109, 279, 4754, 19347, 30, 128009]",0.1271569635719061,391eb62b5e02e9d7fc1641bfc3dc5e5a596f8ea76135eaa3fe1f3da77edf1b62,2308.4470839239657,0.0460711307823658,263.58561986126006,91f1ccc9366583bef006795404a91ecc5466b71b6f7259ca7ebfc346472aeb25,1646,2583.439698908478,538.4992850013077,538.4510778822005,8eac42f6dcc4dde4fd277a45f1a3ab1a1eac187678cedf83c300234249f3681e,True,565,75,8.56976117938757,0,0.039760954678058624,True,2,r2:state_0d7417c0bca2b3ba0921:pm_off,f8b2d4bdbabe3b92557e73c640385a0630820873f94832cb269a3479ee9701ff,"I can sense how vulnerable you're feeling about sharing your personal story in front of a larger audience. It's completely normal to feel anxious about being judged or worried about how others will respond. Remember that your story has value and can inspire others in a meaningful way. What if you were to focus on the positive impact you hope to make, rather than the potential criticism?",262.06729584373534,p4:1,303,3,0.1567509025335312,3.9858180098235607,8,state_0d7417c0bca2b3ba0921,p4,False
MSE+RS,0,rule_off,"[40, 649, 5647, 1268, 20134, 499, 2351, 8430, 922, 11821, 701, 4443, 3446, 304, 4156, 315, 264, 8294, 10877, 13, 1102, 596, 6724, 4725, 311, 2733, 38100, 922, 1694, 45487, 477, 18290, 922, 1268, 3885, 690, 6013, 13, 20474, 430, 701, 3446, 706, 907, 323, 649, 31740, 3885, 304, 264, 23222, 1648, 13, 3639, 422, 499, 1051, 311, 5357, 389, 279, 6928, 5536, 499, 3987, 311, 1304, 11, 4856, 1109, 279, 4754, 19347, 30, 128009]",0.12333807535469532,391eb62b5e02e9d7fc1641bfc3dc5e5a596f8ea76135eaa3fe1f3da77edf1b62,2313.011910067871,0.04343199543654919,263.3345159702003,91f1ccc9366583bef006795404a91ecc5466b71b6f7259ca7ebfc346472aeb25,1646,2550.087684066966,500.3342069685459,500.28695189394057,8eac42f6dcc4dde4fd277a45f1a3ab1a1eac187678cedf83c300234249f3681e,True,566,75,220.59820010326803,1,0.03585591912269592,True,2,r2:state_0d7417c0bca2b3ba0921:rule_off,f8b2d4bdbabe3b92557e73c640385a0630820873f94832cb269a3479ee9701ff,"I can sense how vulnerable you're feeling about sharing your personal story in front of a larger audience. It's completely normal to feel anxious about being judged or worried about how others will respond. Remember that your story has value and can inspire others in a meaningful way. What if you were to focus on the positive impact you hope to make, rather than the potential criticism?",12.22776505164802,p4:1,303,3,0.11415896005928516,3.9330238942056894,8,state_0d7417c0bca2b3ba0921,p4,False
ME+R0,0,me_r0,"[40, 649, 5647, 279, 4785, 315, 18547, 323, 659, 1773, 5599, 83, 499, 2351, 15691, 922, 11821, 701, 4443, 3446, 304, 4156, 315, 264, 8294, 10877, 13, 1102, 596, 6724, 4725, 311, 2733, 420, 1648, 11, 323, 358, 1390, 499, 311, 1440, 430, 499, 2351, 539, 7636, 13, 9176, 1274, 617, 6222, 872, 7493, 323, 11704, 449, 3885, 11, 323, 433, 596, 3629, 264, 8147, 1648, 311, 4667, 449, 3885, 323, 31740, 6928, 2349, 13, 19418, 499, 1093, 311, 3137, 810, 922, 1148, 596, 10168, 499, 1203, 505, 8430, 810, 16913, 922, 11821, 701, 3446, 30, 128009]",0.13518007472157478,391eb62b5e02e9d7fc1641bfc3dc5e5a596f8ea76135eaa3fe1f3da77edf1b62,2871.003430802375,0.03757304511964321,231.93626198917627,ac284e95c498415420ea21174411a74233fafbd81b312bfa97e56eb5f02ec909,1330,2877.378410892561,238.23850601911545,238.1760620046407,423d0b0ea959b994a0881c74f8ebc3ba920dde3c721fd60f81619265ce4db969,True,567,97,0.008102040737867355,2,0.01506810076534748,,2,r2:state_0d7417c0bca2b3ba0921:me_r0,4250c98407451bcc77d5a2b6245ba8ce4934d1fe099acf9d3babf99e975671c1,"I can sense the weight of anxiety and self-doubt you're carrying about sharing your personal story in front of a larger audience. It's completely normal to feel this way, and I want you to know that you're not alone. Many people have shared their stories and experiences with others, and it's often a powerful way to connect with others and inspire positive change. Would you like to talk more about what's holding you back from feeling more confident about sharing your story?",2.9911769088357687,p4:1,303,1,0.11957786045968533,3.068302059546113,8,state_0d7417c0bca2b3ba0921,p4,False
MPMSME+RS,0,fixed_off,"[40, 649, 5647, 1268, 38100, 499, 527, 922, 11821, 701, 4443, 3446, 304, 4156, 315, 264, 8294, 10877, 13, 1102, 596, 6724, 4725, 311, 2733, 430, 1648, 11, 323, 433, 5097, 264, 2763, 315, 25775, 311, 387, 10032, 311, 4430, 701, 11704, 449, 3885, 13, 20474, 430, 499, 2351, 539, 7636, 304, 420, 8430, 11, 323, 1690, 1274, 617, 7946, 34512, 660, 586, 12365, 323, 11821, 872, 7493, 449, 3885, 13, 3639, 656, 499, 1781, 1053, 1520, 499, 2733, 810, 520, 14553, 449, 279, 4623, 315, 11821, 701, 3446, 30, 128009]",0.13126898556947708,391eb62b5e02e9d7fc1641bfc3dc5e5a596f8ea76135eaa3fe1f3da77edf1b62,2793.1563570164144,0.04244199953973293,281.04466712102294,33b5b24199622c82f147232fca6e9ed6b10905f7408128970992ee9838d881c1,1678,3031.583226053044,519.3844870664179,519.3402671720833,e7bfa0bed5f077b22f413db0ecea03371a0be5cb3a4da702f75b15c3898dde9a,True,568,91,0.006427988409996033,3,0.042765866965055466,True,2,r2:state_0d7417c0bca2b3ba0921:fixed_off,2df31bbe5d2678f089223266cc2fa5076a08ac56be610b3da86c2e6a70fbec73,"I can sense how anxious you are about sharing your personal story in front of a larger audience. It's completely normal to feel that way, and it takes a lot of courage to be willing to share your experiences with others. Remember that you're not alone in this feeling, and many people have successfully navigated public speaking and sharing their stories with others. What do you think would help you feel more at ease with the idea of sharing your story?",234.11328601650894,p4:1,303,4,0.11178618296980858,3.978891996666789,8,state_0d7417c0bca2b3ba0921,p4,False
M0+R0,0,context_only,"[2181, 5097, 264, 2763, 315, 25775, 311, 4430, 701, 4443, 3446, 11, 323, 433, 596, 6724, 4725, 311, 2733, 38100, 922, 1268, 3885, 2643, 14085, 13, 20474, 430, 279, 7090, 10430, 374, 459, 6776, 311, 4430, 701, 11704, 323, 4667, 449, 3885, 889, 1253, 387, 2133, 1555, 4528, 2574, 13, 1472, 2351, 539, 7636, 304, 420, 11, 323, 1690, 1274, 617, 7946, 6222, 872, 7493, 304, 586, 5110, 13, 19418, 499, 1093, 311, 3137, 810, 922, 1148, 596, 10168, 499, 1203, 505, 8430, 810, 16913, 922, 11821, 701, 3446, 30, 128009]",0.14180387370288372,391eb62b5e02e9d7fc1641bfc3dc5e5a596f8ea76135eaa3fe1f3da77edf1b62,2514.011943945661,0.034283148124814034,86.96848899126053,c52594f4ac12c4c812d4ca629ccda8e8546347236da29063fc1f5e9ecec918da,439,2515.6763929408044,88.52591505274177,88.49113411270082,93e3362d9e390d841b6f6355fe1c9208075c9908de9bde703c565d30572c2eca,True,569,91,0.006299931555986404,4,0.009234994649887085,,2,r2:state_0d7417c0bca2b3ba0921:context_only,210fa8bf80ea0337a5c6cb8f961dba4119e554ea98906761e8e891f2711825ff,"It takes a lot of courage to share your personal story, and it's completely normal to feel anxious about how others might react. Remember that the panel discussion is an opportunity to share your experiences and connect with others who may be going through similar things. You're not alone in this, and many people have successfully shared their stories in public settings. Would you like to talk more about what's holding you back from feeling more confident about sharing your story?",0.03226613625884056,p4:1,303,0,0.11224206537008286,1.3283188454806805,8,state_0d7417c0bca2b3ba0921,p4,False
ME+R0,0,me_r0,"[40, 649, 5647, 279, 18547, 323, 27924, 499, 2351, 8430, 922, 312, 15674, 2785, 701, 5133, 449, 8683, 13, 1102, 596, 1093, 499, 2351, 11509, 520, 264, 5425, 43791, 11, 47826, 279, 4754, 7720, 2403, 279, 14604, 15635, 13, 3053, 499, 3371, 757, 810, 922, 1148, 596, 10168, 499, 1203, 505, 3339, 264, 5597, 30, 3639, 527, 1063, 315, 279, 3230, 10742, 499, 617, 922, 3794, 1203, 3871, 449, 8683, 30, 128009]",0.19342289306223392,391eb62b5e02e9d7fc1641bfc3dc5e5a596f8ea76135eaa3fe1f3da77edf1b62,2220.758880022913,0.03414391539990902,246.48323212750256,7d31e5d705c6a3bd08bf16d221655dc56e43c7eb8174cf4dc078a57e5b4093e5,1432,2227.106944890693,252.6820010971278,252.63787410221994,14a1d8044395dd3d6edd3a914d8b1536eafdd4120c0ea5dcf6d9eacf274c81f8,True,570,72,0.006370944902300835,0,0.01692795194685459,,2,r2:state_547bc005cd05ca042368:me_r0,e656cb941bf7c04daaecc1f51e248a23398039e05d74b56f289b1c380702b8b5,"I can sense the anxiety and uncertainty you're feeling about rekindling your relationship with Alex. It's like you're standing at a crossroads, weighing the potential benefits against the emotional risks. Can you tell me more about what's holding you back from making a decision? What are some of the specific concerns you have about getting back together with Alex?",2.8727189637720585,p12:1,202,1,0.11113402433693409,3.1133461743593216,8,state_547bc005cd05ca042368,p12,False
MPMSME+RS,0,fixed_off,"[2181, 10578, 1093, 499, 2351, 8430, 38100, 922, 279, 13336, 315, 312, 15674, 2785, 701, 5133, 449, 8683, 323, 18290, 430, 433, 2643, 53132, 553, 701, 5208, 304, 4857, 14604, 24589, 323, 659, 41206, 13, 3053, 499, 3371, 757, 810, 922, 1148, 596, 10168, 499, 1203, 505, 8430, 810, 3738, 922, 701, 5597, 30, 128009]",0.11528003960847855,391eb62b5e02e9d7fc1641bfc3dc5e5a596f8ea76135eaa3fe1f3da77edf1b62,1798.3386779669672,0.04126201383769512,296.1894560139626,ca77fb3994464c3d907c6808621862f3827dc93a6e6074c8e27833af6a2fe988,1741,2043.8228719867766,541.6279151104391,541.5583699941635,b4cab62a305ad17a2055a091624ec7806c6b23fd7fe306625431a5bedde0ba30,True,571,55,0.008443137630820274,1,0.04543410614132881,True,2,r2:state_547bc005cd05ca042368:fixed_off,a65dceff8259dec2f7ba7d1fa579e5b2fa268b69274bd1f1a94683206aad758f,It sounds like you're feeling anxious about the possibility of rekindling your relationship with Alex and worried that it might jeopardize your progress in building emotional independence and self-care. Can you tell me more about what's holding you back from feeling more certain about your decision?,241.0817409399897,p12:1,202,4,0.15267194248735905,4.0393618401139975,8,state_547bc005cd05ca042368,p12,False
MSE+RS,0,rule_off,"[2181, 10578, 1093, 499, 2351, 8430, 38100, 922, 279, 13336, 315, 312, 15674, 2785, 701, 5133, 449, 8683, 323, 18290, 430, 433, 2643, 53132, 553, 701, 5208, 304, 4857, 14604, 24589, 323, 659, 41206, 13, 3053, 499, 3371, 757, 810, 922, 1148, 596, 10168, 499, 1203, 505, 8430, 810, 3738, 922, 701, 5597, 30, 128009]",0.11753197759389877,391eb62b5e02e9d7fc1641bfc3dc5e5a596f8ea76135eaa3fe1f3da77edf1b62,1778.9595008362085,0.04358519800007343,284.5858079381287,a0245b96880ed519e9dd8f078cdfb74f810e54e7edb864d290a0193f4b8ef1b0,1715,2011.0468468628824,516.6105160024017,516.5556219872087,d3bbc8d7e142dd1c2a7d915d0cab448a8dac5b4b4a486758d1f7016f1212dd63,True,572,55,215.38557903841138,2,0.03967108204960823,True,2,r2:state_547bc005cd05ca042368:rule_off,a65dceff8259dec2f7ba7d1fa579e5b2fa268b69274bd1f1a94683206aad758f,It sounds like you're feeling anxious about the possibility of rekindling your relationship with Alex and worried that it might jeopardize your progress in building emotional independence and self-care. Can you tell me more about what's holding you back from feeling more certain about your decision?,12.368747964501381,p12:1,202,3,0.11277594603598118,4.019454820081592,8,state_547bc005cd05ca042368,p12,False
MSE+RS,0,pm_off,"[2181, 10578, 1093, 499, 2351, 8430, 38100, 922, 279, 13336, 315, 312, 15674, 2785, 701, 5133, 449, 8683, 323, 18290, 430, 433, 2643, 53132, 553, 701, 5208, 304, 4857, 14604, 24589, 323, 659, 41206, 13, 3053, 499, 3371, 757, 810, 922, 1148, 596, 10168, 499, 1203, 505, 8430, 810, 3738, 922, 701, 5597, 30, 128009]",0.12060999870300293,391eb62b5e02e9d7fc1641bfc3dc5e5a596f8ea76135eaa3fe1f3da77edf1b62,1780.209818156436,0.04320405423641205,284.1211720369756,a0245b96880ed519e9dd8f078cdfb74f810e54e7edb864d290a0193f4b8ef1b0,1715,2021.6653631068766,525.5173200275749,525.4561069887131,d3bbc8d7e142dd1c2a7d915d0cab448a8dac5b4b4a486758d1f7016f1212dd63,True,573,55,7.395477034151554,3,0.04101404920220375,True,2,r2:state_547bc005cd05ca042368:pm_off,a65dceff8259dec2f7ba7d1fa579e5b2fa268b69274bd1f1a94683206aad758f,It sounds like you're feeling anxious about the possibility of rekindling your relationship with Alex and worried that it might jeopardize your progress in building emotional independence and self-care. Can you tell me more about what's holding you back from feeling more certain about your decision?,229.74222898483276,p12:1,202,3,0.11448794975876808,3.9985228795558214,8,state_547bc005cd05ca042368,p12,False
M0+R0,0,context_only,"[2181, 10578, 1093, 499, 2351, 8430, 264, 2763, 315, 27924, 323, 18547, 922, 420, 6671, 13, 1102, 596, 6724, 49839, 430, 499, 4265, 1390, 311, 6144, 279, 5208, 499, 3077, 1903, 304, 4857, 701, 14604, 24589, 13, 3053, 499, 3371, 757, 810, 922, 1148, 596, 3339, 499, 38100, 922, 312, 15674, 2785, 279, 5133, 449, 8683, 30, 128009]",0.11952896602451801,391eb62b5e02e9d7fc1641bfc3dc5e5a596f8ea76135eaa3fe1f3da77edf1b62,1625.7400049362332,0.03616488538682461,86.18314191699028,080f2e8be8cdaf9abf0481fb42ffaaf292fb5654fed45b2f20540bcd4835b1c6,427,1627.3991540074348,87.76027802377939,87.72276202216744,a05808949747588e1673db4804537adff043321bbc6cc6cb84733291caa77854,True,574,58,0.0066158827394247055,4,0.010467134416103363,,2,r2:state_547bc005cd05ca042368:context_only,5639bfc39a7ff2e8567d7d327775c94730c38bc686e064e7f70936b1ae2cfafe,It sounds like you're feeling a lot of uncertainty and anxiety about this situation. It's completely understandable that you'd want to protect the progress you've made in building your emotional independence. Can you tell me more about what's making you anxious about rekindling the relationship with Alex?,0.04116795025765896,p12:1,202,0,0.11386722326278687,1.3313370291143656,8,state_547bc005cd05ca042368,p12,False
MSE+RS,0,pm_off,"[2181, 10578, 1093, 499, 2351, 8430, 264, 6651, 315, 21958, 922, 3794, 264, 6896, 369, 35266, 482, 28361, 369, 279, 4754, 7720, 11, 719, 1101, 18547, 922, 279, 3779, 12014, 323, 892, 15507, 13, 1472, 2351, 18290, 922, 44463, 279, 6896, 596, 3966, 449, 701, 6484, 42356, 11, 323, 433, 596, 5933, 311, 2733, 430, 1648, 13, 3053, 499, 3371, 757, 810, 922, 1148, 596, 10168, 499, 1203, 505, 7373, 56501, 420, 4623, 30, 128009]",0.1273748930543661,391eb62b5e02e9d7fc1641bfc3dc5e5a596f8ea76135eaa3fe1f3da77edf1b62,2306.26083095558,0.04514399915933609,260.3792429435998,3365c6e2e7b0b62f469f3c3a918aa43bbf5e1e625c62fe19662b110511a06c7b,1582,2478.5131560638547,432.5838841032237,432.50419315882027,d979bc44be8f15549ed4e3201a8b198665124068cfc8ece208610dbbd76c25d7,True,575,75,5.792542127892375,0,0.03967783413827419,True,2,r2:state_ce63694b53376eb98c5b:pm_off,8153aacc0a65eaa36223dd1078291824ccc23bb4bda048a8d92a51434a9a6be5,"It sounds like you're feeling a mix of emotions about getting a pet for Emily - excitement for the potential benefits, but also anxiety about the added responsibility and time commitment. You're worried about balancing the pet's needs with your existing commitments, and it's natural to feel that way. Can you tell me more about what's holding you back from fully embracing this idea?",162.33557206578553,p5:1,303,3,0.1073440071195364,3.8046701811254025,3,state_ce63694b53376eb98c5b,p5,False
ME+R0,0,me_r0,"[2181, 10578, 1093, 499, 2351, 8430, 264, 6651, 315, 21958, 922, 3794, 264, 6896, 369, 35266, 13, 1952, 832, 1450, 11, 499, 2351, 12304, 922, 279, 4754, 7720, 369, 1077, 11, 719, 389, 279, 1023, 1450, 11, 499, 2351, 18290, 922, 4737, 389, 279, 3779, 12014, 13, 3053, 499, 3371, 757, 810, 922, 1148, 596, 10168, 499, 1203, 505, 7373, 56501, 420, 4623, 30, 3639, 527, 1063, 315, 279, 3230, 10742, 499, 617, 922, 18646, 701, 892, 323, 3339, 2771, 4395, 8640, 39511, 30, 128009]",0.13076909817755222,391eb62b5e02e9d7fc1641bfc3dc5e5a596f8ea76135eaa3fe1f3da77edf1b62,2491.8985420372337,0.036295969039201736,195.05920493975282,3da5dda52b891bb920f8073da6abc94c207c9526d618dd57f99288600936bb45,1204,2496.9995010178536,200.07750601507723,200.02939482219517,7fb318ab88b91925c7de712cb53da092e03596f236e5eb46575a69a8dbe9323d,True,576,85,0.006949994713068008,1,0.015971018001437187,,2,r2:state_ce63694b53376eb98c5b:me_r0,67d953fb0da747e2285cde29b985865c703f2e0a36c0d69d0af2c79d785d8fb4,"It sounds like you're feeling a mix of emotions about getting a pet for Emily. On one hand, you're excited about the potential benefits for her, but on the other hand, you're worried about taking on the added responsibility. Can you tell me more about what's holding you back from fully embracing this idea? What are some of the specific concerns you have about managing your time and making sure everything runs smoothly?",2.0666751079261303,p5:1,303,1,0.11178082786500454,2.7325169648975134,3,state_ce63694b53376eb98c5b,p5,False
M0+R0,0,context_only,"[2181, 10578, 1093, 499, 2351, 15691, 264, 5647, 315, 65875, 323, 264, 12876, 311, 53875, 264, 6928, 3217, 369, 35266, 11, 1418, 1101, 8430, 43206, 555, 279, 3779, 28423, 13, 3011, 596, 264, 2763, 311, 2980, 13, 3053, 499, 3371, 757, 810, 922, 1148, 596, 40876, 499, 922, 44463, 279, 6896, 596, 3966, 449, 701, 6484, 42356, 30, 128009]",0.12339907698333263,391eb62b5e02e9d7fc1641bfc3dc5e5a596f8ea76135eaa3fe1f3da77edf1b62,1632.3346621356905,0.034945784136652946,71.81878900155425,d419d91cb0cecc99bbd2c1c57b1133b9bef15c0a011978fdae2396da86d571f9,311,1633.7318650912493,73.13812896609306,73.09259288012981,a0512fb705154d292f14007c5ed22614a30bdd59c6ff28684782a6c244ed3c7f,True,577,59,0.006868969649076462,2,0.008741859346628189,,2,r2:state_ce63694b53376eb98c5b:context_only,df6a5bdc4aef3ebf6fb8b0de936bb4b05947a728d78a514535fba8c73382d510,"It sounds like you're carrying a sense of nostalgia and a desire to recreate a positive experience for Emily, while also feeling overwhelmed by the added responsibilities. That's a lot to consider. Can you tell me more about what's worrying you about balancing the pet's needs with your existing commitments?",0.026523135602474213,p5:1,303,0,0.10805297642946243,1.0886711534112692,3,state_ce63694b53376eb98c5b,p5,False
MPMSME+RS,0,fixed_off,"[2181, 10578, 1093, 499, 2351, 8430, 264, 6651, 315, 21958, 922, 3794, 264, 6896, 369, 35266, 13, 1952, 832, 1450, 11, 499, 2351, 12304, 922, 279, 4754, 7720, 369, 1077, 2890, 323, 23871, 11, 719, 389, 279, 1023, 1450, 11, 499, 2351, 18290, 922, 4737, 389, 279, 3779, 12014, 323, 18646, 701, 892, 13750, 13, 3053, 499, 3371, 757, 810, 922, 1148, 596, 1027, 2133, 1555, 701, 4059, 994, 499, 1781, 922, 420, 30, 128009]",0.12458791024982929,391eb62b5e02e9d7fc1641bfc3dc5e5a596f8ea76135eaa3fe1f3da77edf1b62,2312.9880889318883,0.042779138311743736,261.5859059151262,f90b97acacfec76b12b6887bb0d3ba4256c2a175b4be09175d033857d720094d,1608,2479.5844350010157,428.1083680689335,428.0576640740037,138422e108dafb59a5a896958ffaf3761dbd43c1b502c820fa457f1414afd536,True,578,75,0.007062917575240135,3,0.043978914618492126,True,2,r2:state_ce63694b53376eb98c5b:fixed_off,fcc646681aedfea39755cc89eae65bcb41cfe1dc394502c2ff9b714a95d24f39,"It sounds like you're feeling a mix of emotions about getting a pet for Emily. On one hand, you're excited about the potential benefits for her health and happiness, but on the other hand, you're worried about taking on the added responsibility and managing your time effectively. Can you tell me more about what's been going through your mind when you think about this?",162.53120615147054,p5:1,303,4,0.10800710879266262,3.7387239281088114,3,state_ce63694b53376eb98c5b,p5,False
MSE+RS,0,rule_off,"[2181, 10578, 1093, 499, 2351, 8430, 264, 6651, 315, 21958, 922, 3794, 264, 6896, 369, 35266, 482, 28361, 369, 279, 4754, 7720, 11, 719, 1101, 18547, 922, 279, 3779, 12014, 323, 892, 15507, 13, 1472, 2351, 18290, 922, 44463, 279, 6896, 596, 3966, 449, 701, 6484, 42356, 11, 323, 433, 596, 5933, 311, 2733, 430, 1648, 13, 3053, 499, 3371, 757, 810, 922, 1148, 596, 10168, 499, 1203, 505, 7373, 56501, 420, 4623, 30, 128009]",0.1279241405427456,391eb62b5e02e9d7fc1641bfc3dc5e5a596f8ea76135eaa3fe1f3da77edf1b62,2312.134614912793,0.04454306326806545,259.76155791431665,3365c6e2e7b0b62f469f3c3a918aa43bbf5e1e625c62fe19662b110511a06c7b,1582,2476.217749994248,423.7791779451072,423.716768855229,d979bc44be8f15549ed4e3201a8b198665124068cfc8ece208610dbbd76c25d7,True,579,75,149.57332494668663,4,0.03596395254135132,True,2,r2:state_ce63694b53376eb98c5b:rule_off,8153aacc0a65eaa36223dd1078291824ccc23bb4bda048a8d92a51434a9a6be5,"It sounds like you're feeling a mix of emotions about getting a pet for Emily - excitement for the potential benefits, but also anxiety about the added responsibility and time commitment. You're worried about balancing the pet's needs with your existing commitments, and it's natural to feel that way. Can you tell me more about what's holding you back from fully embracing this idea?",10.480951983481646,p5:1,303,3,0.1050999853760004,3.7153270095586777,3,state_ce63694b53376eb98c5b,p5,False
MSE+RS,0,rule_off,"[2181, 10578, 1093, 499, 2351, 8430, 264, 2763, 315, 7410, 505, 5361, 18445, 1314, 1457, 13, 1102, 596, 6724, 49839, 311, 2733, 43206, 994, 13126, 264, 2466, 2349, 1093, 7366, 304, 449, 701, 8427, 11, 5423, 994, 499, 2351, 2103, 48309, 704, 701, 7076, 323, 14584, 1853, 13, 3053, 499, 3371, 757, 810, 922, 1148, 596, 10168, 499, 1203, 505, 8430, 5644, 369, 420, 1828, 3094, 30, 128009]",0.13865111395716667,391eb62b5e02e9d7fc1641bfc3dc5e5a596f8ea76135eaa3fe1f3da77edf1b62,2077.7038279920816,0.04157284274697304,231.72973794862628,89f020bc751e5a9aeaaa31dd0be3e3cd6cd43fcb6610671eb02da7b03160fc50,1385,2393.376237945631,547.3117928486317,547.2634967882186,ff86d66230ff26009733318cfd98f87c724fbb1862cf81012b4e830902278755,True,580,68,165.97145795822144,0,0.04110485315322876,True,2,r2:state_6c0300648c118135c8d6:rule_off,3b04bc26294904db14a9ae089a91547e8879f2dab9ed18a0a655cf6f36a1ec8b,"It sounds like you're feeling a lot of pressure from multiple directions right now. It's completely understandable to feel overwhelmed when considering a big change like moving in with your partner, especially when you're still figuring out your career and academic path. Can you tell me more about what's holding you back from feeling ready for this next step?",146.06510219164193,p15:2,202,3,0.11377385817468166,3.300747135654092,3,state_6c0300648c118135c8d6,p15,False
ME+R0,0,me_r0,"[2181, 10578, 1093, 499, 2351, 8430, 264, 2763, 315, 7410, 505, 5361, 18445, 1314, 1457, 13, 1102, 596, 6724, 49839, 430, 499, 2351, 8430, 36218, 922, 40583, 311, 7366, 304, 449, 19475, 994, 499, 2351, 2103, 48309, 704, 701, 7076, 323, 4443, 5216, 13, 3053, 499, 3371, 757, 810, 922, 1148, 596, 10168, 499, 1203, 505, 8430, 810, 16913, 304, 701, 5597, 28846, 1314, 1457, 30, 128009]",0.17970893532037735,391eb62b5e02e9d7fc1641bfc3dc5e5a596f8ea76135eaa3fe1f3da77edf1b62,1991.91855895333,0.03504403866827488,179.86329784616828,b22249411d34b3c7b2cb0acdbd0088bd4249ac892e275e7021872faad5fd7174,1026,1996.8753568828106,184.6901709213853,184.64038684032857,653dd6470bffe276a5b2b3721ae74d90704de9b7e41e55e18fa8d56eff890fd8,True,581,67,0.006700167432427406,1,0.012892065569758415,,2,r2:state_6c0300648c118135c8d6:me_r0,d19fe5fff5a17dcbaa3f0f91e25cfd13ec03f55c0d734603aa75979558ce8ae9,It sounds like you're feeling a lot of pressure from multiple directions right now. It's completely understandable that you're feeling uncertain about committing to moving in with Matthew when you're still figuring out your career and personal direction. Can you tell me more about what's holding you back from feeling more confident in your decision-making right now?,2.2576539777219296,p15:2,202,1,0.10727881453931332,2.357519930228591,3,state_6c0300648c118135c8d6,p15,False
M0+R0,0,context_only,"[2181, 10578, 1093, 499, 2351, 8430, 264, 2766, 21830, 1990, 279, 28361, 315, 420, 502, 12735, 449, 19475, 323, 279, 27924, 315, 701, 1866, 1853, 13, 3011, 649, 387, 264, 2216, 11292, 7858, 311, 387, 304, 13, 3053, 499, 3371, 757, 810, 922, 1148, 596, 10043, 701, 18547, 2212, 3339, 264, 15507, 1093, 7366, 304, 3871, 30, 2209, 433, 279, 8850, 315, 13490, 701, 24589, 11, 477, 2555, 775, 11622, 30, 128009]",0.12605590745806694,391eb62b5e02e9d7fc1641bfc3dc5e5a596f8ea76135eaa3fe1f3da77edf1b62,2000.1482691150159,0.051318900659680367,72.77249009348452,e4b14f3dd3826cb0f1d6c4b01dc165dd5603b12324be1ff2c7f9033f0308c1c7,314,2001.9866928923875,74.55283496528864,74.4848579633981,b8809a602f2e98933ea5f39a2a6419bc8316a3c7d1746e8a642dc605cdccef41,True,582,72,0.010813120752573013,2,0.012003118172287941,,2,r2:state_6c0300648c118135c8d6:context_only,63693b2195212ba8f13a48a3c13c6bc0117af3f03868b80d2149daff934eb454,"It sounds like you're feeling a bit torn between the excitement of this new chapter with Matthew and the uncertainty of your own path. That can be a really tough spot to be in. Can you tell me more about what's driving your anxiety around making a commitment like moving in together? Is it the fear of losing your independence, or something else entirely?",0.03446289338171482,p15:2,202,0,0.1497629564255476,1.4540068805217743,3,state_6c0300648c118135c8d6,p15,False
MS+RS,0,pm_off,"[2181, 10578, 1093, 499, 2351, 8430, 264, 2766, 21830, 1990, 279, 28361, 315, 420, 502, 3094, 304, 701, 5133, 323, 279, 27924, 922, 3508, 499, 2351, 5644, 369, 433, 13, 3011, 596, 264, 2216, 4279, 8430, 11, 5423, 994, 499, 2351, 304, 264, 4261, 315, 9320, 323, 48309, 704, 701, 1828, 7504, 13, 3053, 499, 3371, 757, 810, 922, 1148, 596, 10168, 499, 1203, 505, 8430, 810, 16913, 922, 420, 5597, 30, 128009]",0.19346806220710278,391eb62b5e02e9d7fc1641bfc3dc5e5a596f8ea76135eaa3fe1f3da77edf1b62,2077.996568987146,0.04206690937280655,120.48093602061272,1e599108258b5d0b48765bbfcb680042c445d5b17b6b16352b537740a83d33f1,682,2261.3430700730532,303.67862712591887,303.63396904431283,4e25dddc4ba24e0490b6347da4febb3c72b1005568a47792aca663634a0d3020,True,583,73,5.945334210991859,3,0.03152899444103241,True,2,r2:state_6c0300648c118135c8d6:pm_off,f9ac0a01ee3f4f5922e8f6138160504127f7d864b19848cd5b421ee78476d641,"It sounds like you're feeling a bit torn between the excitement of this new step in your relationship and the uncertainty about whether you're ready for it. That's a really common feeling, especially when you're in a period of transition and figuring out your next steps. Can you tell me more about what's holding you back from feeling more confident about this decision?",174.9851529020816,p15:2,202,2,0.10690093040466309,2.042049076408148,3,state_6c0300648c118135c8d6,p15,False
MPMSME+RS,0,fixed_off,"[2181, 10578, 1093, 499, 2351, 8430, 264, 2763, 315, 7410, 505, 5361, 18445, 1314, 1457, 13, 1102, 596, 6724, 49839, 311, 2733, 43206, 994, 499, 2351, 4560, 311, 8335, 701, 14584, 323, 4443, 2324, 13, 3053, 499, 3371, 757, 810, 922, 1148, 596, 1027, 2133, 389, 449, 701, 14584, 28970, 30, 3639, 11951, 706, 1027, 17436, 369, 499, 30, 128009]",0.12246682308614254,391eb62b5e02e9d7fc1641bfc3dc5e5a596f8ea76135eaa3fe1f3da77edf1b62,1872.5649421103299,0.06215902976691723,245.29730691574514,a568fc63194d7581c2e044be0d28905ea4e8cefcb4e171307a56fe4da4ec6970,1412,2090.1995378080755,462.92832493782043,462.8094357904047,0dbcb0e38eef9368df1d32b99c488f795c0a1a2d8f2198bdde1a65b1dcbd8bd1,True,584,60,0.010285992175340652,4,0.05826517008244991,True,2,r2:state_6c0300648c118135c8d6:fixed_off,9a20dddda1ed3e9d644a8b1412db72d40fdd2680f6f2e5367dd1a5581655608f,It sounds like you're feeling a lot of pressure from multiple directions right now. It's completely understandable to feel overwhelmed when you're trying to balance your academic and personal life. Can you tell me more about what's been going on with your academic struggles? What specifically has been challenging for you?,213.00549595616758,p15:2,202,4,0.14725187793374062,4.228670848533511,3,state_6c0300648c118135c8d6,p15,False
MPMSME+RS,0,fixed_off,"[2181, 10578, 1093, 499, 2351, 15691, 264, 8987, 2865, 1314, 1457, 11, 323, 433, 596, 6724, 49839, 311, 2733, 43206, 13, 1102, 596, 8056, 430, 499, 2351, 61708, 701, 28970, 323, 19762, 311, 1505, 264, 1648, 311, 8335, 701, 7978, 449, 4737, 2512, 315, 6261, 13, 3053, 499, 3371, 757, 810, 922, 1148, 596, 1027, 3318, 369, 499, 779, 3117, 11, 1093, 701, 502, 4007, 12823, 323, 279, 4007, 1912, 30, 3639, 596, 1027, 279, 1455, 11190, 369, 499, 304, 18646, 701, 8631, 323, 18547, 30, 128009]",0.19538309425115585,391eb62b5e02e9d7fc1641bfc3dc5e5a596f8ea76135eaa3fe1f3da77edf1b62,2656.7502899561077,0.042209867388010025,262.5480960123241,342a0fc7a6eab1beab2b0cf20311e2314027525fcda06c9a789782959a9ba04c,1606,2826.1709690559655,431.8284001201391,431.77339201793075,53123d93afe92c1ff23e56dbd35c5427ab6d800c71f441a16fa353ec003fe146,True,585,87,0.007933005690574646,0,0.040180981159210205,True,2,r2:state_b34bb1d28ab722e83dc6:fixed_off,e68dac34c19ffb461d7094a1675805e3a6ff1b5522b23a6e20e138efd8a5d601,"It sounds like you're carrying a heavy load right now, and it's completely understandable to feel overwhelmed. It's amazing that you're acknowledging your struggles and wanting to find a way to balance your studies with taking care of yourself. Can you tell me more about what's been working for you so far, like your new study techniques and the study group? What's been the most helpful for you in managing your stress and anxiety?",165.43880803510547,p11:1,303,4,0.10778894647955894,3.5883751697838306,3,state_b34bb1d28ab722e83dc6,p11,False
M0+R0,0,context_only,"[2181, 10578, 1093, 499, 2351, 15691, 264, 8987, 4785, 315, 12014, 323, 31293, 11, 539, 1120, 369, 6261, 11, 719, 1101, 369, 701, 3070, 13, 3011, 649, 387, 264, 2216, 11292, 23104, 311, 11984, 13, 3053, 499, 3371, 757, 810, 922, 1148, 596, 2133, 1555, 701, 4059, 994, 499, 2351, 21078, 35447, 520, 3814, 11, 40876, 922, 279, 40786, 30, 128009]",0.12176996096968651,391eb62b5e02e9d7fc1641bfc3dc5e5a596f8ea76135eaa3fe1f3da77edf1b62,1702.8134930878878,0.051723793148994446,71.6129990760237,4a2615e04921f0afdb1335a7c2ddf353603a61cb079ff12e52f11b64f0fbce8a,308,1704.6745328698307,73.40961694717407,73.35226889699697,394d365570be0d23422aed29fe4f94048fb081b3f2c68646c2088b0fd323a687,True,586,61,0.009689945727586746,1,0.011524185538291931,,2,r2:state_b34bb1d28ab722e83dc6:context_only,45160306aa5248409945decb80f8b0b508a43388774f340b700bcbac60b32a4b,"It sounds like you're carrying a heavy weight of responsibility and expectation, not just for yourself, but also for your family. That can be a really tough burden to bear. Can you tell me more about what's going through your mind when you're lying awake at night, worrying about the exams?",0.038964906707406044,p11:1,303,0,0.15893299132585526,1.4684339985251427,3,state_b34bb1d28ab722e83dc6,p11,False
MSE+RS,0,rule_off,"[2181, 10578, 1093, 499, 2351, 15691, 264, 8987, 2865, 1314, 1457, 11, 323, 433, 596, 6724, 49839, 311, 2733, 43206, 13, 1102, 596, 8056, 430, 499, 2351, 61708, 701, 28970, 323, 19762, 311, 1505, 264, 1648, 311, 8335, 701, 7978, 449, 4737, 2512, 315, 6261, 13, 3053, 499, 3371, 757, 810, 922, 1148, 596, 1027, 3318, 369, 499, 779, 3117, 11, 1093, 701, 502, 4007, 12823, 323, 279, 4007, 1912, 30, 3639, 596, 1027, 279, 1455, 11190, 369, 499, 304, 18646, 701, 8631, 323, 18547, 30, 128009]",0.12755906209349632,391eb62b5e02e9d7fc1641bfc3dc5e5a596f8ea76135eaa3fe1f3da77edf1b62,2639.628958888352,0.04374096170067787,260.8667640015483,517cd7a4612748e1b88b2c10b266a6319cd5be9edc081cd5b844af286dbfa72e,1577,2808.3327780477703,429.51190401799977,429.44302409887314,4167481920d16d77f804d70ed11c99ed04202e4f7a18f087b73c98933371bc57,True,587,87,153.48621108569205,2,0.03295321948826313,True,2,r2:state_b34bb1d28ab722e83dc6:rule_off,e68dac34c19ffb461d7094a1675805e3a6ff1b5522b23a6e20e138efd8a5d601,"It sounds like you're carrying a heavy load right now, and it's completely understandable to feel overwhelmed. It's amazing that you're acknowledging your struggles and wanting to find a way to balance your studies with taking care of yourself. Can you tell me more about what's been working for you so far, like your new study techniques and the study group? What's been the most helpful for you in managing your stress and anxiety?",11.248760856688023,p11:1,303,3,0.1061740331351757,3.658419940620661,3,state_b34bb1d28ab722e83dc6,p11,False
MSE+RS,0,pm_off,"[2181, 10578, 1093, 499, 2351, 15691, 264, 8987, 2865, 1314, 1457, 11, 323, 433, 596, 6724, 49839, 311, 2733, 43206, 13, 1102, 596, 8056, 430, 499, 2351, 61708, 701, 28970, 323, 19762, 311, 1505, 264, 1648, 311, 8335, 701, 7978, 449, 4737, 2512, 315, 6261, 13, 3053, 499, 3371, 757, 810, 922, 1148, 596, 1027, 3318, 369, 499, 779, 3117, 11, 1093, 701, 502, 4007, 12823, 323, 279, 4007, 1912, 30, 3639, 596, 1027, 279, 1455, 11190, 369, 499, 304, 18646, 701, 8631, 323, 18547, 30, 128009]",0.2105340827256441,391eb62b5e02e9d7fc1641bfc3dc5e5a596f8ea76135eaa3fe1f3da77edf1b62,2668.494757032022,0.04424690268933773,260.80979709513485,517cd7a4612748e1b88b2c10b266a6319cd5be9edc081cd5b844af286dbfa72e,1577,2842.6931630820036,434.8465690854937,434.7976690623909,4167481920d16d77f804d70ed11c99ed04202e4f7a18f087b73c98933371bc57,True,588,87,5.805796943604946,3,0.03832508809864521,True,2,r2:state_b34bb1d28ab722e83dc6:pm_off,e68dac34c19ffb461d7094a1675805e3a6ff1b5522b23a6e20e138efd8a5d601,"It sounds like you're carrying a heavy load right now, and it's completely understandable to feel overwhelmed. It's amazing that you're acknowledging your struggles and wanting to find a way to balance your studies with taking care of yourself. Can you tell me more about what's been working for you so far, like your new study techniques and the study group? What's been the most helpful for you in managing your stress and anxiety?",164.42094696685672,p11:1,303,3,0.10791607201099396,3.570639993995428,3,state_b34bb1d28ab722e83dc6,p11,False
ME+R0,0,me_r0,"[2181, 10578, 1093, 499, 2351, 15691, 264, 8987, 2865, 1314, 1457, 11, 323, 433, 596, 912, 5895, 499, 2351, 8430, 43206, 13, 1102, 596, 8056, 430, 499, 2351, 61708, 279, 7410, 499, 2351, 10917, 389, 6261, 11, 323, 430, 499, 2351, 4560, 311, 1505, 5627, 311, 8335, 701, 7978, 449, 4737, 2512, 315, 701, 7106, 323, 10723, 2890, 13, 3053, 499, 3371, 757, 810, 922, 1148, 596, 1027, 2133, 1555, 701, 4059, 994, 499, 2351, 21078, 35447, 520, 3814, 11, 40876, 922, 279, 40786, 30, 3639, 527, 1063, 315, 279, 11555, 430, 527, 93378, 2212, 304, 701, 2010, 30, 128009]",0.13574701733887196,391eb62b5e02e9d7fc1641bfc3dc5e5a596f8ea76135eaa3fe1f3da77edf1b62,2914.4489229656756,0.05239620804786682,194.86151891760528,0f9a5e3d4ad6ce36eaa0162bd1f41a9d25ed13c3d2b7a37434672827d058e229,1178,2921.0550310090184,201.44843379966915,201.33187994360924,13227810420053e112bc439177ba68a82efb2130bb288e6007d770d3eea52aac,True,589,100,0.009767943993210793,4,0.018759863451123238,,2,r2:state_b34bb1d28ab722e83dc6:me_r0,c1aab1b3a601ac5013cb9be77dea08f49e5a1e82db50169591d9bfc8d80fa44a,"It sounds like you're carrying a heavy load right now, and it's no wonder you're feeling overwhelmed. It's amazing that you're acknowledging the pressure you're putting on yourself, and that you're trying to find ways to balance your studies with taking care of your physical and mental health. Can you tell me more about what's been going through your mind when you're lying awake at night, worrying about the exams? What are some of the thoughts that are swirling around in your head?",2.7149850502610207,p11:1,303,1,0.1552239991724491,3.519227961078286,3,state_b34bb1d28ab722e83dc6,p11,False
MPMSME+RS,0,fixed_off,"[2181, 10578, 1093, 24096, 279, 7076, 6762, 574, 264, 2216, 66388, 3217, 369, 499, 13, 1472, 2351, 8430, 810, 38650, 922, 701, 3938, 323, 12304, 922, 279, 24525, 430, 5398, 449, 701, 2819, 13, 3639, 527, 1063, 315, 279, 3230, 10708, 477, 19647, 430, 2216, 14980, 704, 311, 499, 11, 323, 1268, 656, 499, 1781, 814, 2643, 387, 264, 1695, 5052, 369, 499, 30, 128009]",0.12403004802763462,391eb62b5e02e9d7fc1641bfc3dc5e5a596f8ea76135eaa3fe1f3da77edf1b62,2032.3674990795553,0.0442990567535162,261.297085089609,0ba4611ed69dfee8759df7169cf129a1a0931df066f11b3c65a25f35627bbaaa,1599,2206.712225219235,435.5857581831515,435.51778118126094,7d61466f31da8887cca6492b43321596731ff38bd4d9339a1a35a8e767728e8e,True,590,65,0.0066908542066812515,0,0.043764011934399605,True,2,r2:state_93a4cfa6c9b5fe214d3a:fixed_off,198a9f1c722af62ad4821ca539098252018ad4dcffe41057bda5e705924271b7,"It sounds like attending the career fair was a really empowering experience for you. You're feeling more hopeful about your future and excited about the possibilities that align with your values. What are some of the specific opportunities or industries that really stood out to you, and how do you think they might be a good fit for you?",170.15614197589457,p6:2,101,4,0.10961620137095451,3.8601839914917946,3,state_93a4cfa6c9b5fe214d3a,p6,False
MP+RS,0,pm_off,"[2181, 10578, 1093, 24096, 279, 7076, 6762, 574, 264, 2216, 6928, 3217, 369, 499, 11, 323, 433, 596, 2294, 430, 499, 2351, 8430, 62935, 323, 38650, 922, 701, 3938, 13, 1102, 596, 8056, 1268, 7170, 682, 433, 5097, 374, 264, 502, 13356, 477, 264, 15541, 315, 20343, 311, 6541, 1057, 40543, 323, 1825, 709, 502, 24525, 13, 3639, 527, 1063, 315, 279, 3230, 10708, 477, 19647, 430, 2216, 14980, 704, 311, 499, 3432, 30, 128009]",0.13147410936653614,391eb62b5e02e9d7fc1641bfc3dc5e5a596f8ea76135eaa3fe1f3da77edf1b62,2124.047928955406,0.04590698517858982,119.31064911186695,b903766d5c692c46c34399fe93ea8c47070fca9a968e1fdc5255e93678c37844,673,2292.860571993515,288.040854036808,287.99181804060936,01a48d27b3375ea6babdb232f2243bbfb8528c7ba79348a0364168dca9b97430,True,591,75,5.9015469159930944,1,0.03442796878516674,True,2,r2:state_93a4cfa6c9b5fe214d3a:pm_off,3ba2bc3bb33e1badb891ac7573ac89eb7e96434d9bab2430a480b8129b72b151,"It sounds like attending the career fair was a really positive experience for you, and it's great that you're feeling empowered and hopeful about your future. It's amazing how sometimes all it takes is a new perspective or a spark of inspiration to shift our mindset and open up new possibilities. What are some of the specific opportunities or industries that really stood out to you today?",160.50942707806826,p6:2,101,2,0.11065998114645481,2.0791999995708466,3,state_93a4cfa6c9b5fe214d3a,p6,False
ME+R0,0,me_r0,"[2181, 10578, 1093, 24096, 279, 7076, 6762, 574, 264, 2216, 66388, 3217, 369, 499, 13, 1472, 2351, 8430, 810, 38650, 323, 12304, 922, 279, 24525, 430, 527, 704, 1070, 13, 3053, 499, 3371, 757, 810, 922, 1148, 11951, 29280, 660, 449, 499, 922, 279, 10708, 499, 9687, 922, 30, 3639, 527, 1063, 315, 279, 1401, 2819, 477, 13878, 430, 499, 2351, 3411, 369, 304, 264, 502, 7076, 1853, 30, 128009]",0.12561911717057228,391eb62b5e02e9d7fc1641bfc3dc5e5a596f8ea76135eaa3fe1f3da77edf1b62,2073.8824459258467,0.03609689883887768,193.34061699919403,d5b0214c43ed1f15f595f8e0e73604fb104cd1991bb679bc683e8d6d093745dd,1168,2079.602297162637,198.98273516446352,198.93484911881387,1fd5c2a68616c92e87dd73865f85eac2ef4748c38270977cf8dd66b7092df851,True,592,70,0.0070570968091487885,2,0.019402941688895226,,2,r2:state_93a4cfa6c9b5fe214d3a:me_r0,a74ce5c268038e8a6ddfd101b1fc13b68840e3e99b135801205dc1249f23948b,It sounds like attending the career fair was a really empowering experience for you. You're feeling more hopeful and excited about the possibilities that are out there. Can you tell me more about what specifically resonated with you about the opportunities you learned about? What are some of the key values or aspects that you're looking for in a new career path?,2.7119109872728586,p6:2,101,1,0.11056801304221153,2.7091961819678545,3,state_93a4cfa6c9b5fe214d3a,p6,False
M0+R0,0,context_only,"[4897, 10578, 17235, 34929, 1113, 13, 1102, 596, 8056, 1268, 264, 3254, 3217, 649, 6541, 1057, 13356, 323, 31402, 635, 1057, 11939, 13, 3639, 374, 433, 922, 1521, 502, 10708, 430, 29280, 988, 449, 499, 11, 323, 1268, 656, 499, 1781, 814, 2643, 5398, 449, 701, 2819, 323, 58522, 30, 128009]",0.11414103209972382,391eb62b5e02e9d7fc1641bfc3dc5e5a596f8ea76135eaa3fe1f3da77edf1b62,1419.3843249231577,0.03503309562802315,72.21736991778016,6a5710c9a7afd3805be1a01815f02b1e0081d8f35a50718ab1a3cb858ae8ffa7,315,1420.790921896696,73.56382487341762,73.50982585921884,3de909f0f504798f0697833c851cc13db2ff24aecc809b912a4f660498cc1976,True,593,51,0.007831957191228867,3,0.00871601514518261,,2,r2:state_93a4cfa6c9b5fe214d3a:context_only,e679b86a2ef91b280117adbab80c66cc67f6117a368d3b9d665fea7d305546fd,"That sounds incredibly liberating. It's amazing how a single experience can shift our perspective and reignite our passion. What is it about these new opportunities that resonates with you, and how do you think they might align with your values and aspirations?",0.026728026568889618,p6:2,101,0,0.10916194878518581,1.1049848981201649,3,state_93a4cfa6c9b5fe214d3a,p6,False
MSE+RS,0,rule_off,"[2181, 10578, 1093, 24096, 279, 7076, 6762, 574, 264, 2216, 66388, 3217, 369, 499, 13, 1472, 2351, 8430, 810, 38650, 922, 701, 3938, 323, 12304, 922, 279, 24525, 430, 5398, 449, 701, 2819, 13, 3639, 527, 1063, 315, 279, 3230, 10708, 477, 19647, 430, 2216, 14980, 704, 311, 499, 11, 323, 1268, 656, 499, 1781, 814, 2643, 387, 264, 1695, 5052, 369, 499, 30, 128009]",0.18537486903369427,391eb62b5e02e9d7fc1641bfc3dc5e5a596f8ea76135eaa3fe1f3da77edf1b62,2046.0940161719918,0.04415493458509445,259.9071371369064,e6ad5d12fbd0ee5566d5a522af5023e1caf6709d5f482aa4fe31da1a9068e8e6,1569,2217.545530060306,431.25032098032534,431.17327615618706,f4fba6cf06e37e83cc711b9543e2b88fcd69fa9063b0b04869878cb53bbb9fe7,True,594,65,155.16464412212372,4,0.039902981370687485,True,2,r2:state_93a4cfa6c9b5fe214d3a:rule_off,198a9f1c722af62ad4821ca539098252018ad4dcffe41057bda5e705924271b7,"It sounds like attending the career fair was a really empowering experience for you. You're feeling more hopeful about your future and excited about the possibilities that align with your values. What are some of the specific opportunities or industries that really stood out to you, and how do you think they might be a good fit for you?",11.804397916421294,p6:2,101,3,0.10887300595641136,4.104166058823466,3,state_93a4cfa6c9b5fe214d3a,p6,False
ME+R0,0,me_r0,"[2181, 10578, 1093, 499, 2351, 8430, 264, 2766, 43206, 449, 44463, 701, 7076, 9021, 323, 4443, 2324, 11, 323, 430, 596, 14718, 1063, 18547, 922, 701, 3938, 13, 3053, 499, 3371, 757, 810, 922, 1148, 596, 10043, 420, 8430, 315, 539, 1694, 3025, 311, 617, 2225, 30, 3639, 527, 1063, 315, 279, 3230, 10742, 477, 24087, 430, 527, 5108, 709, 369, 499, 30, 128009]",0.1234628725796938,391eb62b5e02e9d7fc1641bfc3dc5e5a596f8ea76135eaa3fe1f3da77edf1b62,1997.9126551188529,0.05195103585720062,245.1347131282091,f3d2d84bb71497d3a8704759e63cf4d426d9e2d71cfe30cd00e9ae29a7047068,1412,2004.3594050221145,251.53483310714364,251.45800015889108,17a32366d5a2962eca3115f5617ac91f15a7f9df563956b48b342adf69b05e4a,True,595,64,0.009387964382767677,0,0.021673040464520454,,2,r2:state_f7b7aecac7e1b57f3f2a:me_r0,ba848627b3323b62d1d6f39294d3124f9d3312aa4c58771657e08125ca651fe9,"It sounds like you're feeling a bit overwhelmed with balancing your career goals and personal life, and that's causing some anxiety about your future. Can you tell me more about what's driving this feeling of not being able to have both? What are some of the specific concerns or fears that are coming up for you?",2.034276956692338,p17:3,202,1,0.16467715613543987,4.041320877149701,8,state_f7b7aecac7e1b57f3f2a,p17,False
M0+R0,0,context_only,"[4897, 10578, 1093, 264, 8987, 23104, 311, 6920, 13, 1102, 596, 6724, 4725, 311, 2733, 38100, 922, 44463, 2204, 13878, 315, 701, 2324, 13, 3053, 499, 3371, 757, 810, 922, 1148, 596, 1027, 40876, 499, 922, 539, 1694, 3025, 311, 617, 2225, 264, 50698, 7076, 323, 264, 50698, 4443, 2324, 30, 128009]",0.12223306111991405,391eb62b5e02e9d7fc1641bfc3dc5e5a596f8ea76135eaa3fe1f3da77edf1b62,1463.6997929774225,0.03565894439816475,86.21553308330476,3e1dfa5cdb8c25767a37c6af531eaebbea401ad3f02bcc284706d165f06db5e5,432,1465.3181969188154,87.74742693640292,87.71170396357775,5dbaee0a0a59f4f6ff67c4c52dc0ef98334f9d8279667332ab358797d5ad460f,True,596,52,0.007317168638110161,1,0.009515788406133652,,2,r2:state_f7b7aecac7e1b57f3f2a:context_only,f1e6a78f9817e2718a4ba0c07d004301d427eed0e7c304cff617c1194540c5bc,That sounds like a heavy burden to carry. It's completely normal to feel anxious about balancing different aspects of your life. Can you tell me more about what's been worrying you about not being able to have both a fulfilling career and a fulfilling personal life?,0.03195204772055149,p17:3,202,0,0.1099947839975357,1.3017321471124887,8,state_f7b7aecac7e1b57f3f2a,p17,False
MPMSME+RS,0,fixed_off,"[2181, 10578, 1093, 499, 2351, 8430, 264, 2766, 43206, 449, 44463, 701, 7076, 9021, 323, 4443, 2324, 11, 323, 430, 596, 14718, 1063, 18547, 922, 701, 3938, 13, 3053, 499, 3371, 757, 810, 922, 1148, 596, 1027, 389, 701, 4059, 994, 433, 4131, 311, 701, 7076, 9021, 30, 3639, 527, 1063, 315, 279, 2574, 430, 527, 8430, 36218, 477, 25420, 311, 499, 1314, 1457, 30, 128009]",0.11885096319019794,391eb62b5e02e9d7fc1641bfc3dc5e5a596f8ea76135eaa3fe1f3da77edf1b62,2100.9151660837233,0.042964937165379524,297.2240000963211,484ff35b96f1e325edb44b66e52802dc43c28dfd5f60a8592a5b5bb40f58dcae,1752,2321.7588239349425,518.0040709674358,517.9488069843501,43a2dab2acb21c7b219c1cd2e2abdd4efe9544b1f78a6a15a432e938d0029857,True,597,66,0.0076089054346084595,2,0.04650792106986046,True,2,r2:state_f7b7aecac7e1b57f3f2a:fixed_off,81e841bcf906c479f0bb7ec2099d57982d2cc73bb3027a728a0fcadc01245e83,"It sounds like you're feeling a bit overwhelmed with balancing your career goals and personal life, and that's causing some anxiety about your future. Can you tell me more about what's been on your mind when it comes to your career goals? What are some of the things that are feeling uncertain or unclear to you right now?",216.38557314872742,p17:3,202,4,0.11312495917081833,4.1290270164608955,8,state_f7b7aecac7e1b57f3f2a,p17,False
MSE+RS,0,rule_off,"[2181, 10578, 1093, 499, 2351, 8430, 264, 2766, 43206, 449, 44463, 701, 7076, 9021, 323, 4443, 2324, 13, 3053, 499, 3371, 757, 810, 922, 1148, 596, 1027, 389, 701, 4059, 994, 433, 4131, 311, 701, 3938, 6787, 30, 3639, 527, 1063, 315, 279, 2574, 430, 527, 14718, 499, 18547, 922, 539, 1694, 3025, 311, 617, 2225, 30, 128009]",0.11712289415299892,391eb62b5e02e9d7fc1641bfc3dc5e5a596f8ea76135eaa3fe1f3da77edf1b62,1862.389967078343,0.04041288048028946,282.37268701195717,cfa1cbf9def322f722156a26f3c9fc730d880448d0c6ec34c02d7372da6a26b8,1725,2221.769298892468,641.6881380137056,641.6348959319293,29862211ffa45a6acd3111179727f220998a62b0f8e9a63065e17b2deb097ae6,True,598,58,209.6342258155346,3,0.04491093568503857,True,2,r2:state_f7b7aecac7e1b57f3f2a:rule_off,7fb68e9a10508a5721bf6b933e5ed92a581036b8ecbace519c7a8af9505e9295,It sounds like you're feeling a bit overwhelmed with balancing your career goals and personal life. Can you tell me more about what's been on your mind when it comes to your future plans? What are some of the things that are causing you anxiety about not being able to have both?,145.4405051190406,p17:3,202,3,0.11295103468000889,3.9892031345516443,8,state_f7b7aecac7e1b57f3f2a,p17,False
MSE+RS,0,pm_off,"[2181, 10578, 1093, 499, 2351, 8430, 264, 2766, 43206, 449, 44463, 701, 7076, 9021, 323, 4443, 2324, 13, 3053, 499, 3371, 757, 810, 922, 1148, 596, 1027, 389, 701, 4059, 994, 433, 4131, 311, 701, 3938, 6787, 30, 3639, 527, 1063, 315, 279, 2574, 430, 527, 14718, 499, 18547, 922, 539, 1694, 3025, 311, 617, 2225, 30, 128009]",0.13386202044785023,391eb62b5e02e9d7fc1641bfc3dc5e5a596f8ea76135eaa3fe1f3da77edf1b62,1859.6469219774008,0.04325900226831436,282.50627196393907,cfa1cbf9def322f722156a26f3c9fc730d880448d0c6ec34c02d7372da6a26b8,1725,2092.246161075309,515.0380060076714,514.9716490413994,29862211ffa45a6acd3111179727f220998a62b0f8e9a63065e17b2deb097ae6,True,599,58,6.972569040954113,4,0.04093698225915432,True,2,r2:state_f7b7aecac7e1b57f3f2a:pm_off,7fb68e9a10508a5721bf6b933e5ed92a581036b8ecbace519c7a8af9505e9295,It sounds like you're feeling a bit overwhelmed with balancing your career goals and personal life. Can you tell me more about what's been on your mind when it comes to your future plans? What are some of the things that are causing you anxiety about not being able to have both?,221.21683601289988,p17:3,202,3,0.11330796405673027,4.078468075022101,8,state_f7b7aecac7e1b57f3f2a,p17,False
MPMSME+RS,0,fixed_off,"[2181, 10578, 1093, 279, 13123, 449, 30750, 706, 75940, 709, 264, 2763, 315, 21958, 323, 40017, 922, 701, 5133, 449, 35266, 13, 1102, 596, 6724, 4725, 311, 2733, 36218, 323, 43206, 994, 17011, 449, 16907, 16024, 505, 279, 3347, 13, 4718, 5208, 304, 8486, 287, 323, 1912, 15419, 374, 264, 61300, 311, 701, 15507, 311, 4443, 6650, 323, 14604, 2890, 13, 3053, 499, 3371, 757, 810, 922, 1148, 596, 10168, 499, 1203, 505, 8430, 810, 3738, 922, 701, 21958, 323, 701, 5133, 449, 35266, 30, 128009]",0.1482670195400715,391eb62b5e02e9d7fc1641bfc3dc5e5a596f8ea76135eaa3fe1f3da77edf1b62,2674.5000209193677,0.06341398693621159,281.57222806476057,b2d0b416cadaf21519c7a3a4c37f8cc56936f3c4d27c2e2a0d7e8f736d33c389,1677,2958.239834057167,565.2523001190275,565.16377418302,76ccd841cb59c73aeb753e1df5ea1e151a5842839e2a0c54f9f644468fc0858f,True,600,86,0.008082948625087738,0,0.07447204552590847,True,2,r2:state_2f772b1e6c2c8aab174c:fixed_off,e6db0595038dd7ed12ac4105fc533d6b8acdf7f64acb2b2b7a8c5822f995e75e,It sounds like the encounter with Jennifer has stirred up a lot of emotions and doubts about your relationship with Emily. It's completely normal to feel uncertain and overwhelmed when faced with unexpected feelings from the past. Your progress in journaling and group therapy is a testament to your commitment to personal growth and emotional health. Can you tell me more about what's holding you back from feeling more certain about your emotions and your relationship with Emily?,278.2301988918334,p8:2,202,4,0.12790411710739136,5.087474128231406,8,state_2f772b1e6c2c8aab174c,p8,False
M0+R0,0,context_only,"[2181, 10578, 1093, 499, 3077, 1027, 3815, 1063, 2294, 990, 389, 6261, 11, 323, 433, 596, 16358, 430, 499, 3077, 1027, 3025, 311, 1304, 5208, 1555, 8486, 287, 323, 1912, 15419, 13, 4452, 11, 433, 596, 1101, 2867, 430, 420, 3293, 13123, 449, 30750, 706, 75940, 709, 1063, 81261, 21958, 13, 3053, 499, 3371, 757, 810, 922, 1148, 499, 3152, 555, 330, 336, 41964, 22722, 1, 323, 1148, 499, 2351, 16026, 311, 11322, 304, 3878, 315, 8430, 810, 15528, 323, 9966, 304, 701, 21958, 30, 128009]",0.20039500668644905,391eb62b5e02e9d7fc1641bfc3dc5e5a596f8ea76135eaa3fe1f3da77edf1b62,2392.846910050139,0.03935210406780243,87.2840869706124,de0a29e03319923ae925a102cfff3bebc55913ce4580133d88a6211ddefb468a,439,2394.775210181251,89.05738219618797,89.0119920950383,8e7f329ff2154649e45a9fdbe70ebd1d84eedef71b32c4989156ce04a63d47f8,True,601,86,0.008790986612439156,1,0.009794021025300026,,2,r2:state_2f772b1e6c2c8aab174c:context_only,94585e6ee3483f64d8693173e373fa66cb3860d654dc6150118d1a8cc5414309,"It sounds like you've been doing some great work on yourself, and it's impressive that you've been able to make progress through journaling and group therapy. However, it's also clear that this recent encounter with Jennifer has stirred up some unresolved emotions. Can you tell me more about what you mean by ""emotional closure"" and what you're hoping to achieve in terms of feeling more stable and secure in your emotions?",0.04000193439424038,p8:2,202,0,0.12555811554193497,1.504407962784171,8,state_2f772b1e6c2c8aab174c,p8,False
ME+R0,0,me_r0,"[2181, 10578, 1093, 499, 3077, 1027, 3815, 1063, 2294, 990, 389, 701, 4443, 6650, 323, 14604, 2890, 11, 323, 433, 596, 16358, 430, 499, 3077, 1027, 3025, 311, 1304, 5208, 1555, 8486, 287, 323, 1912, 15419, 16079, 13, 4452, 11, 433, 596, 2867, 430, 279, 16907, 13123, 449, 30750, 706, 7263, 709, 1063, 81261, 21958, 323, 40017, 922, 701, 5133, 449, 35266, 13, 3053, 499, 3371, 757, 810, 922, 1148, 596, 1027, 2133, 1555, 701, 4059, 2533, 9298, 30750, 1578, 30, 3639, 527, 1063, 315, 279, 3230, 11555, 323, 16024, 430, 617, 1027, 40986, 369, 499, 30, 128009]",0.13633817434310913,391eb62b5e02e9d7fc1641bfc3dc5e5a596f8ea76135eaa3fe1f3da77edf1b62,2931.958903791383,0.06850413046777248,232.46753681451082,ca0e848a131e8c84074f451c2d18b753597c760f6fa5573ee93e5bed93a36029,1324,2941.7086420580745,242.17196088284254,242.08093690685928,e3e67c9a1b82098625eb12a2239985d2cb552ee9e0d71c974f92e4344f136c27,True,602,98,0.010277843102812767,2,0.022683991119265556,,2,r2:state_2f772b1e6c2c8aab174c:me_r0,db7ca3e000cb81f33b80e2ec6beb8b253f7274f475f0026f09cae635c234b250,"It sounds like you've been doing some great work on your personal growth and emotional health, and it's impressive that you've been able to make progress through journaling and group therapy sessions. However, it's clear that the unexpected encounter with Jennifer has brought up some unresolved emotions and doubts about your relationship with Emily. Can you tell me more about what's been going through your mind since seeing Jennifer again? What are some of the specific thoughts and feelings that have been arising for you?",5.393095081672072,p8:2,202,1,0.15369802713394165,3.9651410188525915,8,state_2f772b1e6c2c8aab174c,p8,False
MSE+RS,0,rule_off,"[2181, 10578, 1093, 279, 13123, 449, 30750, 706, 75940, 709, 264, 2763, 315, 21958, 323, 40017, 922, 701, 5133, 449, 35266, 13, 1102, 596, 6724, 4725, 311, 2733, 36218, 323, 43206, 994, 17011, 449, 16907, 16024, 505, 279, 3347, 13, 4718, 5208, 304, 8486, 287, 323, 1912, 15419, 374, 264, 61300, 311, 701, 15507, 311, 4443, 6650, 323, 14604, 2890, 13, 3053, 499, 3371, 757, 810, 922, 1148, 596, 1027, 2133, 1555, 701, 4059, 2533, 9298, 30750, 1578, 30, 3639, 527, 1063, 315, 279, 3230, 11555, 323, 16024, 430, 617, 1027, 40986, 369, 499, 30, 128009]",0.20248210057616234,391eb62b5e02e9d7fc1641bfc3dc5e5a596f8ea76135eaa3fe1f3da77edf1b62,2896.6871749144047,0.04423502832651138,264.3013058695942,6156d4fc2be5138cceeac0b54306a013f8924390faa4f789d279c857fd98b117,1653,3128.084962023422,495.552142849192,495.4966108780354,0fcbbb5b893c09f3facae40f6f071233fcf12b8b63bb2abebb6bc0a470ad22c9,True,603,96,212.48357114382088,3,0.04057399928569794,True,2,r2:state_2f772b1e6c2c8aab174c:rule_off,7b93f81f7a96c5e116fb2cf7fdd7dfc5762b872cce20298cb779349f2730715c,It sounds like the encounter with Jennifer has stirred up a lot of emotions and doubts about your relationship with Emily. It's completely normal to feel uncertain and overwhelmed when faced with unexpected feelings from the past. Your progress in journaling and group therapy is a testament to your commitment to personal growth and emotional health. Can you tell me more about what's been going through your mind since seeing Jennifer again? What are some of the specific thoughts and feelings that have been arising for you?,14.59544780664146,p8:2,202,3,0.10857591405510902,3.92290111631155,8,state_2f772b1e6c2c8aab174c,p8,False
MSE+RS,0,pm_off,"[2181, 10578, 1093, 279, 13123, 449, 30750, 706, 75940, 709, 264, 2763, 315, 21958, 323, 40017, 922, 701, 5133, 449, 35266, 13, 1102, 596, 6724, 4725, 311, 2733, 36218, 323, 43206, 994, 17011, 449, 16907, 16024, 505, 279, 3347, 13, 4718, 5208, 304, 8486, 287, 323, 1912, 15419, 374, 264, 61300, 311, 701, 15507, 311, 4443, 6650, 323, 14604, 2890, 13, 3053, 499, 3371, 757, 810, 922, 1148, 596, 1027, 2133, 1555, 701, 4059, 2533, 9298, 30750, 1578, 30, 3639, 527, 1063, 315, 279, 3230, 11555, 323, 16024, 430, 617, 1027, 40986, 369, 499, 30, 128009]",0.13647298328578472,391eb62b5e02e9d7fc1641bfc3dc5e5a596f8ea76135eaa3fe1f3da77edf1b62,2903.0843880027533,0.0663630198687315,265.06747701205313,6156d4fc2be5138cceeac0b54306a013f8924390faa4f789d279c857fd98b117,1653,3192.5543460529298,554.4757030438632,554.4009620789438,0fcbbb5b893c09f3facae40f6f071233fcf12b8b63bb2abebb6bc0a470ad22c9,True,604,96,8.591049117967486,4,0.06328499875962734,True,2,r2:state_2f772b1e6c2c8aab174c:pm_off,7b93f81f7a96c5e116fb2cf7fdd7dfc5762b872cce20298cb779349f2730715c,It sounds like the encounter with Jennifer has stirred up a lot of emotions and doubts about your relationship with Emily. It's completely normal to feel uncertain and overwhelmed when faced with unexpected feelings from the past. Your progress in journaling and group therapy is a testament to your commitment to personal growth and emotional health. Can you tell me more about what's been going through your mind since seeing Jennifer again? What are some of the specific thoughts and feelings that have been arising for you?,275.39899689145386,p8:2,202,3,0.1633940264582634,5.050397012382746,8,state_2f772b1e6c2c8aab174c,p8,False
ME+R0,0,me_r0,"[2181, 10578, 1093, 499, 2351, 15691, 264, 2763, 315, 4785, 449, 420, 8430, 315, 34951, 11, 323, 433, 596, 49839, 430, 499, 2351, 20558, 311, 64508, 701, 16337, 449, 701, 12876, 311, 1862, 701, 10177, 13, 3053, 499, 3371, 757, 810, 922, 1148, 499, 1781, 499, 2351, 10171, 311, 387, 8430, 304, 420, 6671, 30, 3639, 1587, 433, 3152, 311, 499, 311, 387, 264, 33445, 8427, 11, 323, 1268, 656, 499, 1781, 701, 16024, 527, 74055, 430, 30, 128009]",0.12293504551053047,391eb62b5e02e9d7fc1641bfc3dc5e5a596f8ea76135eaa3fe1f3da77edf1b62,2322.2046450246125,0.03602891229093075,181.36076000519097,545d640931085c45a18e25028af61b16b17d3c030b23d88c01103baa82414dbd,1142,2327.065879944712,186.2044339068234,186.09905987977982,eb787c5ac22104b9d06b6889dad07dcbab409b1f9e379ff4000bf2f0af255c48,True,605,79,0.006538117304444313,0,0.014644116163253784,,2,r2:state_a2b50f690e7dd448cedb:me_r0,f26b8aa75bb50e569d182c4560e0670c2d58488697bb52c7c11b83b8cce81831,"It sounds like you're carrying a lot of weight with this feeling of guilt, and it's understandable that you're struggling to reconcile your relief with your desire to support your husband. Can you tell me more about what you think you're supposed to be feeling in this situation? What does it mean to you to be a supportive partner, and how do you think your feelings are impacting that?",1.8897298723459244,p10:1,202,1,0.11371285654604435,2.6776459999382496,3,state_a2b50f690e7dd448cedb,p10,False
MSE+RS,0,rule_off,"[2181, 10578, 1093, 499, 2351, 8430, 264, 2766, 21830, 1990, 1694, 6380, 922, 279, 6020, 16337, 323, 8430, 16390, 922, 539, 1694, 439, 33445, 315, 701, 10177, 596, 7319, 990, 4207, 13, 3053, 499, 3371, 757, 810, 922, 1148, 596, 1027, 2133, 389, 520, 2162, 2533, 568, 3940, 3318, 810, 30, 2650, 617, 499, 1027, 42247, 449, 1855, 1023, 922, 420, 2349, 30, 128009]",0.1211708877235651,391eb62b5e02e9d7fc1641bfc3dc5e5a596f8ea76135eaa3fe1f3da77edf1b62,1984.066701028496,0.04340615123510361,242.5484759733081,5a8cb3ea8c70406e5fcced846a84a31dd6d44f9e7fe2bf10e6b4ac6bdc8e8218,1502,2152.192242909223,410.60818498954177,410.55284696631134,f3184e936ec76ced32e56309078f1ecd39f9114bc2ce8835b15a554aceacdb65,True,606,64,153.64350704476237,1,0.036215875297784805,True,2,r2:state_a2b50f690e7dd448cedb:rule_off,b2ac74d1533868a9daabd0c74273e215f6bf0eb7687c7ba5765582aa892ea45e,It sounds like you're feeling a bit torn between being happy about the financial relief and feeling guilty about not being as supportive of your husband's increased work hours. Can you tell me more about what's been going on at home since he started working more? How have you been communicating with each other about this change?,10.629493044689298,p10:1,202,3,0.10694796219468117,3.544800914824009,3,state_a2b50f690e7dd448cedb,p10,False
MPMS+RS,0,pm_off,"[2181, 10578, 1093, 499, 2351, 8430, 264, 6651, 315, 21958, 922, 701, 10177, 596, 502, 990, 6671, 13, 1952, 832, 1450, 11, 499, 2351, 51512, 922, 279, 6020, 20334, 11, 719, 389, 279, 1023, 1450, 11, 499, 2351, 20558, 449, 34951, 922, 8430, 430, 1648, 13, 3053, 499, 3371, 757, 810, 922, 1148, 596, 4920, 420, 34951, 30, 3639, 1587, 433, 2733, 1093, 311, 499, 30, 128009]",0.12168893590569496,391eb62b5e02e9d7fc1641bfc3dc5e5a596f8ea76135eaa3fe1f3da77edf1b62,1908.028671052307,0.04609301686286926,121.80994800291955,3228d27504675cb150de62ce36cfb162365f50649f87d678b95b2e7c1f28d56f,712,2075.2042189706117,288.92728011123836,288.86380698531866,8700ce3c8ee329febc78ee854afde599c26ff6b821814a2ab76185ec26652168,True,607,67,5.804656073451042,2,0.03742799162864685,True,2,r2:state_a2b50f690e7dd448cedb:pm_off,c6bad158124ba6b56339c7867eed18d9a527097c10a071e388033d07d20d465a,"It sounds like you're feeling a mix of emotions about your husband's new work situation. On one hand, you're relieved about the financial stability, but on the other hand, you're struggling with guilt about feeling that way. Can you tell me more about what's behind this guilt? What does it feel like to you?",158.91672600992024,p10:1,202,3,0.10898709297180176,2.1399687975645065,3,state_a2b50f690e7dd448cedb,p10,False
M0+R0,0,context_only,"[2181, 10578, 1093, 499, 2351, 25051, 264, 6651, 315, 21958, 11, 323, 430, 596, 12756, 4725, 13, 1102, 596, 2294, 430, 499, 2351, 61708, 323, 24919, 1521, 16024, 11, 4856, 1109, 4560, 311, 28321, 1124, 13, 3053, 499, 3371, 757, 810, 922, 1148, 499, 1781, 374, 10043, 420, 34951, 30, 2209, 433, 264, 8850, 315, 13490, 701, 3717, 449, 701, 10177, 11, 477, 2555, 775, 30, 128009]",0.1262212172150612,391eb62b5e02e9d7fc1641bfc3dc5e5a596f8ea76135eaa3fe1f3da77edf1b62,1848.4283618163317,0.03452110104262829,71.95076090283692,8d934cfc295a9c99c41ee6b2f8cd2b3138a12e6fa1f2d7bb9383a0a8166e2481,315,1849.774732021615,73.20602796971798,73.17090989090502,56e1c04a144c0c7ac9097b0b9d1380aad91d4cab79cdacc319f9c6777a6db76f,True,608,67,0.006021931767463684,3,0.007733004167675972,,2,r2:state_a2b50f690e7dd448cedb:context_only,79b189d64a7627e8126110c0f381940597cf5b2a129f464d1d6515c8e80b1e1b,"It sounds like you're experiencing a mix of emotions, and that's totally normal. It's great that you're acknowledging and exploring these feelings, rather than trying to suppress them. Can you tell me more about what you think is driving this guilt? Is it a fear of losing your connection with your husband, or something else?",0.02377806231379509,p10:1,202,0,0.10757194831967354,1.0405229404568672,3,state_a2b50f690e7dd448cedb,p10,False
MPMSME+RS,0,fixed_off,"[2181, 10578, 1093, 499, 2351, 8430, 264, 2766, 21830, 1990, 1694, 6380, 922, 279, 6020, 16337, 323, 8430, 16390, 922, 539, 1694, 439, 33445, 315, 701, 10177, 596, 502, 990, 9899, 13, 3053, 499, 3371, 757, 810, 922, 1148, 596, 1027, 2133, 389, 520, 2162, 2533, 568, 3940, 3318, 810, 4207, 30, 128009]",0.11475500650703907,391eb62b5e02e9d7fc1641bfc3dc5e5a596f8ea76135eaa3fe1f3da77edf1b62,1678.8169520441443,0.04284991882741451,243.66867705248296,3c5f230a4de41e2e08d71f3612f08127ae9961ed6fe2731f39299ae35ff4530e,1530,1842.4967739265412,407.2809088975191,407.23374392837286,22cfd103898b7f4887279810843bdebfcafe2cbfda18d857e09d424b5075257e,True,609,53,0.006621936336159706,4,0.043926993384957314,True,2,r2:state_a2b50f690e7dd448cedb:fixed_off,fd82d510135404a59bf57361e1f7e1bd037868e3028fea98393fac0050bd631d,It sounds like you're feeling a bit torn between being happy about the financial relief and feeling guilty about not being as supportive of your husband's new work schedule. Can you tell me more about what's been going on at home since he started working more hours?,159.8561150021851,p10:1,202,4,0.10634586215019226,3.5092071630060673,3,state_a2b50f690e7dd448cedb,p10,False
MPMSME+RS,0,fixed_off,"[40, 649, 5647, 279, 4785, 315, 27924, 499, 2351, 15691, 13, 1102, 10578, 1093, 499, 2351, 8430, 43206, 555, 279, 7410, 311, 1304, 264, 5597, 922, 7366, 304, 449, 19475, 11, 323, 433, 596, 28987, 701, 7446, 2324, 13, 3053, 499, 3371, 757, 810, 922, 1148, 596, 10168, 499, 1203, 505, 8430, 16913, 304, 701, 5597, 28846, 1920, 30, 128009]",0.11903885751962662,391eb62b5e02e9d7fc1641bfc3dc5e5a596f8ea76135eaa3fe1f3da77edf1b62,1925.2330660820007,0.044343993067741394,263.931519119069,43c8755a7b3a69e3a60004c5f73e66ca6e51acdff203fe161d2223413848e169,1640,2142.790606012568,481.4293731469661,481.3700201921165,108641015f85ef59adf50554bbdf94fdd81a9bba6443397e83765f404fe8c68e,True,610,60,0.006739981472492218,0,0.04732399247586727,True,2,r2:state_ea30f99985081e48c794:fixed_off,36630886db8660131b57b21cbc8318bd6d79e2e230beb4ebb4923ef508c06184,"I can sense the weight of uncertainty you're carrying. It sounds like you're feeling overwhelmed by the pressure to make a decision about moving in with Matthew, and it's affecting your daily life. Can you tell me more about what's holding you back from feeling confident in your decision-making process?",213.2445180322975,p15:2,101,4,0.10945508256554604,3.98611999116838,8,state_ea30f99985081e48c794,p15,False
M0+R0,0,context_only,"[2181, 10578, 1093, 279, 4785, 315, 420, 5597, 374, 2216, 18534, 1523, 389, 499, 11, 323, 433, 596, 28987, 701, 7446, 2324, 304, 5199, 5627, 13, 3053, 499, 3371, 757, 810, 922, 1148, 596, 3339, 499, 2733, 779, 36218, 922, 7366, 304, 449, 19475, 30, 3639, 527, 1063, 315, 279, 3230, 10742, 430, 527, 10494, 499, 709, 520, 3814, 30, 128009]",0.1927770208567381,391eb62b5e02e9d7fc1641bfc3dc5e5a596f8ea76135eaa3fe1f3da77edf1b62,1737.0957310777158,0.037794001400470734,85.88251913897693,6682a336a4c0bad3c4b99f63338479f5fd2d45f6a65664a3edb8b550d25faa9e,424,1738.8760070316494,87.53955410793424,87.47001807205379,121720234416e3fb88c31dde5e82260cca7036afb5cdc27107fdc86fe6924d36,True,611,61,0.006922055035829544,1,0.008902978152036667,,2,r2:state_ea30f99985081e48c794:context_only,5fa25bdcd8c3b3637ed8282cd43c1abaf5c813dea59d3bb6738f7f1ddd92d307,"It sounds like the weight of this decision is really bearing down on you, and it's affecting your daily life in significant ways. Can you tell me more about what's making you feel so uncertain about moving in with Matthew? What are some of the specific concerns that are keeping you up at night?",0.03319885581731796,p15:2,101,0,0.11128908954560757,1.389391953125596,8,state_ea30f99985081e48c794,p15,False
ME+R0,0,me_r0,"[2181, 10578, 1093, 499, 2351, 8430, 2216, 43206, 323, 36218, 922, 701, 5597, 311, 3351, 304, 449, 19475, 13, 3053, 499, 3371, 757, 810, 922, 1148, 596, 10168, 499, 1203, 505, 8430, 16913, 922, 420, 3094, 30, 3639, 527, 1063, 315, 279, 3230, 10742, 477, 24087, 430, 527, 5108, 709, 369, 499, 30, 128009]",0.18243188969790936,391eb62b5e02e9d7fc1641bfc3dc5e5a596f8ea76135eaa3fe1f3da77edf1b62,1692.9302499629557,0.056178076192736626,232.01861884444952,625ad02a6821f03cafeba4d0d8cd872787fb5456e2f1bd4a0536a69acc870c69,1293,1700.7749208714813,239.8224889766425,239.6808578632772,ed9b483037ca6e67366463fe5716d7f05c92f1361a5316f4a798e8ce3f5ce7eb,True,612,54,0.00951811671257019,2,0.024072127416729927,,2,r2:state_ea30f99985081e48c794:me_r0,4cc7ebc08e6a4dfb4ecf91dab06220fac90d2173bbf630652acca0d20c91c179,It sounds like you're feeling really overwhelmed and uncertain about your decision to move in with Matthew. Can you tell me more about what's holding you back from feeling confident about this step? What are some of the specific concerns or fears that are coming up for you?,3.3546248450875282,p15:2,101,1,0.17041293904185295,4.047432914376259,8,state_ea30f99985081e48c794,p15,False
MSE+RS,0,rule_off,"[40, 2846, 779, 16089, 499, 2351, 10032, 311, 4430, 701, 28970, 449, 757, 13, 1102, 5097, 264, 2763, 315, 25775, 311, 17113, 994, 584, 2351, 8430, 43206, 13, 3053, 499, 3371, 757, 810, 922, 1148, 596, 1027, 2133, 389, 449, 19475, 323, 1268, 499, 1781, 7366, 304, 3871, 2643, 5536, 701, 5133, 30, 128009]",0.17440691590309143,391eb62b5e02e9d7fc1641bfc3dc5e5a596f8ea76135eaa3fe1f3da77edf1b62,1750.403587007895,0.06645102985203266,263.00109387375414,bf0e13be55e4c6fe3d2694ff854c3c294e4b40d1df6dff98fc2bfdcdb04797fb,1613,2022.6368340663612,535.1555191446096,535.0599340163171,1806fb7fcd9e50c3e8e976185ece6f920afac8315beea4637723675c59e6386f,True,613,54,250.06115506403148,3,0.06229104474186897,True,2,r2:state_ea30f99985081e48c794:rule_off,a79b18d846bc2f14c3bbc2a3f2d6c8df54221dd442eb9a3e9400acb77d00c1f7,I'm so glad you're willing to share your struggles with me. It takes a lot of courage to admit when we're feeling overwhelmed. Can you tell me more about what's been going on with Matthew and how you think moving in together might impact your relationship?,16.529267886653543,p15:2,101,3,0.15958608128130436,5.180089036002755,8,state_ea30f99985081e48c794,p15,False
MSE+RS,0,pm_off,"[40, 2846, 779, 16089, 499, 2351, 10032, 311, 4430, 701, 28970, 449, 757, 13, 1102, 5097, 264, 2763, 315, 25775, 311, 17113, 994, 584, 2351, 8430, 43206, 13, 3053, 499, 3371, 757, 810, 922, 1148, 596, 1027, 2133, 389, 449, 19475, 323, 1268, 499, 1781, 7366, 304, 3871, 2643, 5536, 701, 5133, 30, 128009]",0.1848048996180296,391eb62b5e02e9d7fc1641bfc3dc5e5a596f8ea76135eaa3fe1f3da77edf1b62,1777.8433370403945,0.061213038861751556,263.3520429953933,bf0e13be55e4c6fe3d2694ff854c3c294e4b40d1df6dff98fc2bfdcdb04797fb,1613,2050.963070942089,536.3745659124106,536.2869719974697,1806fb7fcd9e50c3e8e976185ece6f920afac8315beea4637723675c59e6386f,True,614,54,8.582746842876077,4,0.06722193211317062,True,2,r2:state_ea30f99985081e48c794:pm_off,a79b18d846bc2f14c3bbc2a3f2d6c8df54221dd442eb9a3e9400acb77d00c1f7,I'm so glad you're willing to share your struggles with me. It takes a lot of courage to admit when we're feeling overwhelmed. Can you tell me more about what's been going on with Matthew and how you think moving in together might impact your relationship?,259.0578340459615,p15:2,101,3,0.15766709111630917,5.00824605114758,8,state_ea30f99985081e48c794,p15,False
MP+RS,0,pm_off,"[2181, 10578, 1093, 9298, 3842, 1578, 706, 75940, 709, 264, 2763, 315, 21958, 323, 19459, 505, 701, 3347, 5133, 13, 3011, 649, 387, 2216, 11292, 311, 21546, 11, 5423, 994, 499, 3463, 499, 4265, 1903, 5208, 304, 21730, 13, 3053, 499, 3371, 757, 810, 922, 1148, 596, 1027, 2133, 1555, 701, 4059, 323, 4851, 2533, 279, 13123, 30, 3639, 527, 1063, 315, 279, 11555, 323, 16024, 430, 617, 1027, 40986, 369, 499, 30, 128009]",0.18913298845291138,391eb62b5e02e9d7fc1641bfc3dc5e5a596f8ea76135eaa3fe1f3da77edf1b62,2141.7481780517846,0.06444612517952919,120.5750610679388,631e38f0a7ad6f755e9909fca88b701a56708f7b5fc98991fa452cd391b038b6,667,2588.198914192617,566.9314921833575,566.8366642203182,7157b3ebb7684f0abb69aa35ef5bacd5f1d4669419e34ebb4d26ffcd1eeab30a,True,615,74,7.508500013500452,0,0.05658087320625782,True,2,r2:state_7b616bddefee4a946561:pm_off,c56fb2c2c229661ce1144e8d0f16948ebda0b0a74e3863b54c8ea5dd7b717d7e,"It sounds like seeing John again has stirred up a lot of emotions and memories from your past relationship. That can be really tough to navigate, especially when you thought you'd made progress in healing. Can you tell me more about what's been going through your mind and heart since the encounter? What are some of the thoughts and feelings that have been arising for you?",435.8671030495316,p11:2,101,2,0.1501061487942934,2.614866942167282,3,state_7b616bddefee4a946561,p11,False
M0+R0,0,context_only,"[2181, 596, 6724, 4725, 311, 2733, 1093, 499, 3077, 4529, 264, 3094, 1203, 11, 5423, 994, 17011, 449, 264, 8346, 1093, 9298, 459, 506, 13, 1102, 3250, 956, 3152, 499, 2351, 539, 21730, 11, 719, 4856, 430, 499, 2351, 2103, 3318, 1555, 1063, 315, 279, 21958, 430, 527, 2103, 3118, 13, 3053, 499, 3371, 757, 810, 922, 1148, 499, 3152, 555, 330, 359, 40847, 16024, 323, 19459, 44969, 3639, 11951, 706, 1027, 5108, 709, 369, 499, 2533, 9298, 3842, 30, 128009]",0.19842712208628654,391eb62b5e02e9d7fc1641bfc3dc5e5a596f8ea76135eaa3fe1f3da77edf1b62,2262.850623810664,0.05084718577563763,72.05809000879526,a43db1ff72baa1d1ae4d1384eb5b52a4c6cd65c4c8c6b9b18e79c2ad83bfecd3,311,2264.802677091211,73.86311911977828,73.81171616725624,df0255124b5883d0057c1dddfb91f0cce2c8df89d9d3a62b8f813d607a515702,True,616,81,0.010217074304819107,1,0.013069948181509972,,2,r2:state_7b616bddefee4a946561:context_only,6ba5710987c84b420006595037345556d295afb8b61e5d0d62fa68597b066911,"It's completely normal to feel like you've taken a step back, especially when faced with a trigger like seeing an ex. It doesn't mean you're not healing, but rather that you're still working through some of the emotions that are still present. Can you tell me more about what you mean by ""unresolved feelings and memories""? What specifically has been coming up for you since seeing John?",0.041950028389692307,p11:2,101,0,0.15213503502309322,1.4854068867862225,3,state_7b616bddefee4a946561,p11,False
MSE+RS,0,rule_off,"[2181, 10578, 1093, 9298, 3842, 1578, 706, 75940, 709, 264, 2763, 315, 21958, 323, 1903, 499, 3488, 701, 21730, 5208, 13, 3011, 649, 387, 2216, 11292, 311, 21546, 13, 3053, 499, 3371, 757, 810, 922, 1148, 596, 1027, 2133, 1555, 701, 4059, 2533, 279, 13123, 30, 3639, 527, 1063, 315, 279, 11555, 323, 16024, 430, 617, 1027, 40986, 369, 499, 30, 128009]",0.12126495130360126,391eb62b5e02e9d7fc1641bfc3dc5e5a596f8ea76135eaa3fe1f3da77edf1b62,1946.6144111938775,0.06334600038826466,261.3555551506579,88b6997a6b6b54fad531aaf864f31394226f099c98bd35cb1e678d86f95e0dee,1589,2161.1423769500107,475.80513381399214,475.7622559554875,4ec7758d0d800ad42649f8158de1409ede7e0e71a97eac07a4e89b48e9268f69,True,617,62,193.37870087474585,2,0.05618785507977009,True,2,r2:state_7b616bddefee4a946561:rule_off,010387abc807840d3e5e5a0978be0e2c9f03447df5475eee05761cc8628ce7b7,It sounds like seeing John again has stirred up a lot of emotions and made you question your healing progress. That can be really tough to navigate. Can you tell me more about what's been going through your mind since the encounter? What are some of the thoughts and feelings that have been arising for you?,15.713960165157914,p11:2,101,3,0.14497898519039154,5.049526924267411,3,state_7b616bddefee4a946561,p11,False
MPMSME+RS,0,fixed_off,"[2181, 10578, 1093, 9298, 3842, 1578, 706, 75940, 709, 264, 2763, 315, 21958, 323, 1903, 499, 3488, 701, 21730, 5208, 13, 3011, 649, 387, 2216, 11292, 311, 21546, 13, 3053, 499, 3371, 757, 810, 922, 1148, 596, 1027, 2133, 1555, 701, 4059, 2533, 279, 13123, 30, 3639, 527, 1063, 315, 279, 11555, 323, 16024, 430, 617, 1027, 40986, 369, 499, 30, 128009]",0.12322003021836281,391eb62b5e02e9d7fc1641bfc3dc5e5a596f8ea76135eaa3fe1f3da77edf1b62,1948.0301339644939,0.0420848373323679,260.9679710585624,6ea14956e3e218c0ff81ad2c1b6f98ae4ec0d25e4716395eaa3a798bdca7d070,1618,2120.3175699338317,433.18385700695217,433.13218699768186,5fe12dbe2cd69ca1c7c595d2d19cb0a5bc95797b7475cd6936d7726b8392d740,True,618,62,0.0069481320679187775,3,0.04352116957306862,True,2,r2:state_7b616bddefee4a946561:fixed_off,010387abc807840d3e5e5a0978be0e2c9f03447df5475eee05761cc8628ce7b7,It sounds like seeing John again has stirred up a lot of emotions and made you question your healing progress. That can be really tough to navigate. Can you tell me more about what's been going through your mind since the encounter? What are some of the thoughts and feelings that have been arising for you?,168.20834088139236,p11:2,101,4,0.11121691204607487,3.7521040067076683,3,state_7b616bddefee4a946561,p11,False
ME+R0,0,me_r0,"[2181, 10578, 1093, 9298, 3842, 1578, 706, 75940, 709, 264, 2763, 315, 21958, 323, 1903, 499, 3488, 701, 21730, 5208, 13, 3011, 649, 387, 2216, 11292, 13, 3053, 499, 3371, 757, 810, 922, 1148, 499, 2351, 16026, 311, 11322, 304, 3878, 315, 21730, 323, 7366, 389, 30, 3639, 1587, 430, 1427, 1093, 369, 499, 30, 128009]",0.11472916230559349,391eb62b5e02e9d7fc1641bfc3dc5e5a596f8ea76135eaa3fe1f3da77edf1b62,1693.0786778684705,0.03502704203128815,193.93822783604264,6a8fc3c1df280b7716761ab44f1f51cdcd2184a3ff692919e9da90f82ca1760f,1187,1698.5365480650216,199.324935907498,199.28136887028813,db6229fac977d3ba449969166ed6a61b71dc3062dd55767bef14022484eeb0d3,True,619,56,0.006299000233411789,4,0.014570076018571854,,2,r2:state_7b616bddefee4a946561:me_r0,16035850c3ca97f5f5e10dfcda3631027228770f6d27e1e65aad199e9cef2bb0,It sounds like seeing John again has stirred up a lot of emotions and made you question your healing progress. That can be really tough. Can you tell me more about what you're hoping to achieve in terms of healing and moving on? What does that look like for you?,2.5117581244558096,p11:2,101,1,0.10758684948086739,2.6678999420255423,3,state_7b616bddefee4a946561,p11,False
MP+RS,0,pm_off,"[4897, 10578, 17235, 11292, 13, 1102, 596, 912, 5895, 499, 2351, 8430, 38100, 323, 36218, 922, 701, 18000, 439, 264, 32185, 13, 1102, 596, 264, 2763, 311, 1935, 389, 11, 5423, 449, 279, 3779, 7410, 315, 58982, 323, 19347, 13, 3053, 499, 3371, 757, 810, 922, 1148, 596, 1027, 2133, 1555, 701, 4059, 994, 499, 2351, 8430, 420, 1648, 30, 128009]",0.11350004933774471,391eb62b5e02e9d7fc1641bfc3dc5e5a596f8ea76135eaa3fe1f3da77edf1b62,1729.8581569921225,0.044221989810466766,107.5201730709523,fac288485e41e84bd8f606a8bfcfa1c4ec4d08fcf1238221ebc48d75ba0639d4,594,1866.7839609552175,244.38541801646352,244.3324769847095,8eca41166fffbc271ab45d2c25103f30121b9f2fff02c579bdc0c63ff9d945a3,True,620,61,5.728936986997724,0,0.03181002102792263,True,2,r2:state_25d6bbe3f8761bf56b08:pm_off,5199b4d27bce85d2506cdaa44c25daf4f94d6b24fed8487161a9210dbd5b23de,"That sounds incredibly tough. It's no wonder you're feeling anxious and uncertain about your abilities as a researcher. It's a lot to take on, especially with the added pressure of deadlines and criticism. Can you tell me more about what's been going through your mind when you're feeling this way?",129.011332988739,p17:1,101,2,0.10671094059944153,1.8892909865826368,3,state_25d6bbe3f8761bf56b08,p17,False
ME+R0,0,me_r0,"[2181, 10578, 1093, 279, 4785, 315, 19347, 323, 7410, 311, 3449, 58982, 374, 2216, 4737, 264, 26936, 389, 701, 12410, 323, 25835, 13, 3053, 499, 3371, 757, 810, 922, 1148, 596, 1027, 2133, 1555, 701, 4059, 994, 499, 1781, 922, 701, 18000, 439, 264, 32185, 30, 3639, 527, 1063, 315, 279, 3230, 11555, 477, 659, 1824, 50308, 13978, 430, 2586, 709, 369, 499, 30, 128009]",0.11640205048024654,391eb62b5e02e9d7fc1641bfc3dc5e5a596f8ea76135eaa3fe1f3da77edf1b62,1945.6660689320415,0.03315112553536892,196.9107089098543,37d447c592dca5b896ba57b4fa2c6073b7637115711d97b788ea017d40579215,1242,1950.0281640794128,201.19819813407958,201.15640200674534,f6aad6d4d1a2b4eb0ec92ccacc89c2171425c105769e612c77ba997f5cfb9703,True,621,65,0.007336027920246124,1,0.022192951291799545,,2,r2:state_25d6bbe3f8761bf56b08:me_r0,015e9238aae8f36d0286cf6b392e0b154b70a696be6af5a22a21f27dc304a89a,It sounds like the weight of criticism and pressure to meet deadlines is really taking a toll on your confidence and motivation. Can you tell me more about what's been going through your mind when you think about your abilities as a researcher? What are some of the specific thoughts or self-criticisms that come up for you?,1.3277260586619377,p17:1,101,1,0.11231307871639729,2.742973854765296,3,state_25d6bbe3f8761bf56b08,p17,False
MPMSME+RS,0,fixed_off,"[2181, 10578, 1093, 279, 7410, 315, 279, 58982, 323, 279, 19347, 499, 3077, 4036, 706, 2216, 4529, 264, 26936, 389, 701, 12410, 439, 264, 32185, 13, 3053, 499, 3371, 757, 810, 922, 1148, 596, 1027, 2133, 1555, 701, 4059, 994, 499, 1781, 922, 701, 18000, 30, 3639, 527, 1063, 315, 279, 659, 1773, 5599, 1303, 11555, 430, 617, 1027, 50949, 709, 369, 499, 30, 128009]",0.17589819617569447,391eb62b5e02e9d7fc1641bfc3dc5e5a596f8ea76135eaa3fe1f3da77edf1b62,2033.1474798731506,0.04392513073980808,262.41570501588285,ad36f10b884f5870a47305fe399edda80a8355cd765da6125f7d2aeea17eda58,1611,2174.7908391989768,403.9427770767361,403.8831661455333,0386d72f701d781c89b9ab1247d26c1e96f1554aa0c677edb3b947716f6f1fa6,True,622,65,0.0073069240897893906,2,0.04439498297870159,True,2,r2:state_25d6bbe3f8761bf56b08:fixed_off,b52d06c4ba5b5e3da3ef714e4d85a145af73718c91b365c7c93cd770a990629a,It sounds like the pressure of the deadlines and the criticism you've received has really taken a toll on your confidence as a researcher. Can you tell me more about what's been going through your mind when you think about your abilities? What are some of the self-doubting thoughts that have been popping up for you?,137.41488219238818,p17:1,101,4,0.10557007044553757,3.85138182900846,3,state_25d6bbe3f8761bf56b08,p17,False
M0+R0,0,context_only,"[2181, 10578, 1093, 499, 2351, 15691, 264, 8987, 23104, 1314, 1457, 13, 1102, 596, 6724, 4725, 311, 2733, 36218, 323, 7810, 1303, 701, 18000, 11, 5423, 994, 17011, 449, 19347, 323, 1579, 45525, 13, 3053, 499, 3371, 757, 810, 922, 1148, 596, 1027, 2133, 1555, 701, 4059, 994, 499, 1781, 922, 701, 3495, 323, 701, 18000, 439, 264, 32185, 30, 128009]",0.1921011134982109,391eb62b5e02e9d7fc1641bfc3dc5e5a596f8ea76135eaa3fe1f3da77edf1b62,1704.0573509875685,0.05007581785321236,71.55671319924295,b2475af49468149d3a0e383065c594560591e253a7ba0b41cac46df2a4e75c8f,306,1706.0047860722989,73.38330708444118,73.31204717047513,a1e20d58c2f8b789082004f0c53710b34ed537bf50502d2ba238549134fae1e3,True,623,61,0.00978400930762291,3,0.011976109817624092,,2,r2:state_25d6bbe3f8761bf56b08:context_only,1a432b35d3c16a60e32b0a071950d4235f0b00ed842278e3b473b9f95e57b513,"It sounds like you're carrying a heavy burden right now. It's completely normal to feel uncertain and doubting your abilities, especially when faced with criticism and high stakes. Can you tell me more about what's been going through your mind when you think about your research and your abilities as a researcher?",0.0360619742423296,p17:1,101,0,0.15221303328871727,1.4952230267226696,3,state_25d6bbe3f8761bf56b08,p17,False
MSE+RS,0,rule_off,"[2181, 10578, 1093, 279, 7410, 315, 279, 58982, 323, 279, 19347, 499, 3077, 4036, 706, 2216, 66900, 701, 12410, 439, 264, 32185, 13, 3011, 649, 387, 264, 2216, 11292, 323, 13399, 1113, 3217, 13, 3053, 499, 3371, 757, 810, 922, 1148, 596, 1027, 2133, 1555, 701, 4059, 994, 499, 1781, 922, 701, 18000, 439, 264, 32185, 30, 128009]",0.11902092956006527,391eb62b5e02e9d7fc1641bfc3dc5e5a596f8ea76135eaa3fe1f3da77edf1b62,1848.9339819643646,0.057077035307884216,261.10255694948137,cb1d4a3112c88e9ad62ed85a036b02b26afc43e17e3c7a75d81dc10ddcccb038,1584,2032.3198440019041,444.4454989861697,444.3693980574608,da30767840c88eb949e3fa815ae142af757f3466657fce4873e1f4e9999a90d4,True,624,58,163.80997886881232,4,0.05816202610731125,True,2,r2:state_25d6bbe3f8761bf56b08:rule_off,5d92375cdd33b1c9f3c420ebc3686a712fb860e39d68c950ee2cf0664a2df70c,It sounds like the pressure of the deadlines and the criticism you've received has really shaken your confidence as a researcher. That can be a really tough and isolating experience. Can you tell me more about what's been going through your mind when you think about your abilities as a researcher?,14.39959998242557,p17:1,101,3,0.1514351461082697,4.790588049218059,3,state_25d6bbe3f8761bf56b08,p17,False
M0+R0,0,context_only,"[2181, 10578, 1093, 279, 4754, 5536, 389, 701, 3070, 323, 701, 3450, 596, 2512, 374, 264, 5199, 4747, 369, 499, 13, 3053, 499, 3371, 757, 810, 922, 1148, 596, 520, 18783, 369, 499, 304, 3878, 315, 701, 12135, 323, 701, 3450, 596, 1664, 33851, 30, 3639, 527, 1063, 315, 279, 3230, 24087, 477, 38145, 430, 527, 10043, 701, 18547, 922, 420, 5597, 30, 128009]",0.12428313493728638,391eb62b5e02e9d7fc1641bfc3dc5e5a596f8ea76135eaa3fe1f3da77edf1b62,1787.9186868667603,0.035176053643226624,86.59834391437471,afbe8e9a2c8ef24432370127746dc1a8f6973ab88263f095e5670f60d8c10894,440,1789.5666130352765,88.15891691483557,88.1219869479537,aa6f0417570b2ae00191247e14df1c895ec30f99afda25047c1ab8c2be5fcd8b,True,625,64,0.006600981578230858,0,0.00881589949131012,,2,r2:state_e4cf97356c4208ddbc78:context_only,654bdfc4bd44d8572eee46e8340221075447ed005e42427767720bfb7c9f3bd5,It sounds like the potential impact on your family and your mom's care is a significant concern for you. Can you tell me more about what's at stake for you in terms of your relationships and your mom's well-being? What are some of the specific fears or worries that are driving your anxiety about this decision?,0.03178301267325878,p18:1,303,0,0.11346698738634586,1.3278000988066196,8,state_e4cf97356c4208ddbc78,p18,False
MSE+RS,0,pm_off,"[40, 649, 5647, 279, 4785, 315, 12014, 499, 2351, 15691, 11, 5423, 994, 433, 4131, 311, 701, 3450, 596, 2512, 13, 1102, 596, 6724, 49839, 430, 499, 2351, 18290, 922, 279, 5536, 315, 264, 502, 2683, 389, 701, 3070, 30295, 13, 3053, 499, 3371, 757, 810, 922, 1148, 499, 1781, 1053, 1205, 311, 3621, 369, 499, 311, 2733, 810, 16913, 304, 701, 5597, 28846, 323, 2753, 38100, 922, 279, 4754, 16296, 30, 128009]",0.12872600927948952,391eb62b5e02e9d7fc1641bfc3dc5e5a596f8ea76135eaa3fe1f3da77edf1b62,2318.0424261372536,0.04431791603565216,297.7679700125009,a27ef1c40e2eeb435fe5d6d9af4da0ce49304cd15876d0c0d513dcc8551b6be1,1759,2557.605837006122,537.2615000233054,537.2026548720896,dba0745f7e86d5082f0aeb1d87b6e4b354e5067edd21d5971a15ae388e1d3180,True,626,73,7.305086823180318,1,0.044100917875766754,True,2,r2:state_e4cf97356c4208ddbc78:pm_off,f81cf446e7c472e60b0452152080aeac14e7e24d5dc04d00ff178a1ee51c08a4,"I can sense the weight of responsibility you're carrying, especially when it comes to your mom's care. It's completely understandable that you're worried about the impact of a new job on your family dynamics. Can you tell me more about what you think would need to happen for you to feel more confident in your decision-making and less anxious about the potential consequences?",227.85230912268162,p18:1,303,3,0.11293706484138966,4.075933014973998,8,state_e4cf97356c4208ddbc78,p18,False
MPMSME+RS,0,fixed_off,"[2181, 10578, 1093, 279, 59263, 323, 4754, 5536, 389, 701, 3070, 596, 2512, 527, 47826, 17345, 389, 701, 4059, 13, 3053, 499, 3371, 757, 810, 922, 1148, 596, 1027, 2133, 1555, 701, 11555, 31445, 30, 3639, 527, 1063, 315, 279, 3230, 10742, 499, 617, 922, 4737, 389, 420, 502, 3560, 30, 128009]",0.11073984205722809,391eb62b5e02e9d7fc1641bfc3dc5e5a596f8ea76135eaa3fe1f3da77edf1b62,1715.2709269430488,0.04326901398599148,298.29519893974066,720a2ccb7da8a3a4a56b0ffc1d4189a4afa068f17525a1f07ab33fa19226dee0,1789,1945.2689827885479,528.2405309844762,528.1825149431825,7781d3d747ff9ee2d64a6303a30ba452684120c81585a0dc283bc04c68acffb7,True,627,52,0.007903901860117912,2,0.047598034143447876,True,2,r2:state_e4cf97356c4208ddbc78:fixed_off,731c4c360221c4e0364dfef8fc500eb47f7e238899fd80f690607967775237ec,It sounds like the commute and potential impact on your family's care are weighing heavily on your mind. Can you tell me more about what's been going through your thoughts lately? What are some of the specific concerns you have about taking on this new role?,225.57809413410723,p18:1,303,4,0.11535594239830971,4.0950949769467115,8,state_e4cf97356c4208ddbc78,p18,False
MSE+RS,0,rule_off,"[40, 649, 5647, 279, 4785, 315, 12014, 499, 2351, 15691, 11, 5423, 994, 433, 4131, 311, 701, 3450, 596, 2512, 13, 1102, 596, 6724, 49839, 430, 499, 2351, 18290, 922, 279, 5536, 315, 264, 502, 2683, 389, 701, 3070, 30295, 13, 3053, 499, 3371, 757, 810, 922, 1148, 499, 1781, 1053, 1205, 311, 3621, 369, 499, 311, 2733, 810, 16913, 304, 701, 5597, 28846, 323, 2753, 38100, 922, 279, 4754, 16296, 30, 128009]",0.12313690967857838,391eb62b5e02e9d7fc1641bfc3dc5e5a596f8ea76135eaa3fe1f3da77edf1b62,2292.9388771299273,0.044235959649086,297.6564159616828,a27ef1c40e2eeb435fe5d6d9af4da0ce49304cd15876d0c0d513dcc8551b6be1,1759,2521.726799895987,526.3775528874248,526.3212018180639,dba0745f7e86d5082f0aeb1d87b6e4b354e5067edd21d5971a15ae388e1d3180,True,628,73,214.02148786000907,3,0.037103891372680664,True,2,r2:state_e4cf97356c4208ddbc78:rule_off,f81cf446e7c472e60b0452152080aeac14e7e24d5dc04d00ff178a1ee51c08a4,"I can sense the weight of responsibility you're carrying, especially when it comes to your mom's care. It's completely understandable that you're worried about the impact of a new job on your family dynamics. Can you tell me more about what you think would need to happen for you to feel more confident in your decision-making and less anxious about the potential consequences?",10.39737812243402,p18:1,303,3,0.11025299318134785,4.05432702973485,8,state_e4cf97356c4208ddbc78,p18,False
ME+R0,0,me_r0,"[40, 649, 5647, 279, 4785, 315, 12014, 499, 2351, 15691, 11, 539, 1120, 369, 701, 3450, 596, 2512, 11, 719, 1101, 369, 701, 3070, 596, 1664, 33851, 13, 1102, 596, 49839, 430, 279, 3463, 315, 264, 1317, 59263, 323, 3779, 26800, 389, 701, 12135, 374, 14718, 499, 5199, 18547, 13, 3053, 499, 3371, 757, 810, 922, 1148, 596, 10168, 499, 1203, 505, 13126, 1023, 2671, 11, 1093, 24919, 19303, 990, 28904, 477, 11125, 1862, 369, 701, 3450, 596, 2512, 11, 430, 2643, 61705, 1063, 315, 420, 8631, 30, 128009]",0.1335451379418373,391eb62b5e02e9d7fc1641bfc3dc5e5a596f8ea76135eaa3fe1f3da77edf1b62,2653.6019349005073,0.03401702269911766,233.28541708178818,64af6daf068a8a06693821d53f304fa8de180f106e77a64f59bcecf2fce0526f,1401,2658.811782952398,238.4009298402816,238.36171999573708,9f27d52003afa99289c7ed13e0aba87100a2e66cfe1cf41a8a8fbd98fc63682e,True,629,89,0.0070158857852220535,4,0.015732133761048317,,2,r2:state_e4cf97356c4208ddbc78:me_r0,9caae0939f26c82fae4dfc983d536330462a698e3812bbbb3aef9598178863b6,"I can sense the weight of responsibility you're carrying, not just for your mom's care, but also for your family's well-being. It's understandable that the thought of a long commute and added strain on your relationships is causing you significant anxiety. Can you tell me more about what's holding you back from considering other options, like exploring flexible work arrangements or seeking support for your mom's care, that might alleviate some of this stress?",1.8375669606029987,p18:1,303,1,0.11159596033394337,3.0703749507665634,8,state_e4cf97356c4208ddbc78,p18,False
MSE+RS,0,rule_off,"[2181, 10578, 1093, 499, 2351, 8430, 264, 2766, 21830, 1990, 701, 12876, 311, 1935, 389, 264, 11692, 3560, 323, 701, 10742, 922, 18646, 701, 892, 323, 14584, 5357, 13, 3053, 499, 3371, 757, 810, 922, 1148, 596, 10168, 499, 1203, 505, 40583, 311, 420, 3560, 30, 3639, 527, 1063, 315, 279, 3230, 38145, 477, 24087, 430, 527, 5108, 709, 369, 499, 30, 128009]",0.11815899051725864,391eb62b5e02e9d7fc1641bfc3dc5e5a596f8ea76135eaa3fe1f3da77edf1b62,1949.1747638676316,0.043108128011226654,242.04595293849707,d87fad615e697396b6c6dfe247325dcdb2f332b477bab9df5b85f212fefb281a,1484,2127.2631308529526,420.0841879937798,420.01616093330085,85f058c5c014e5d5221f0390edfd0b695a51058b9a2d509081cbbc06b34aad95,True,630,63,162.77782898396254,0,0.036865007132291794,True,2,r2:state_dc179cba0782e93e7d90:rule_off,17915aae65d153080de7dbc9c5482efdb2026e319c325d714de9295200395593,It sounds like you're feeling a bit torn between your desire to take on a leadership role and your concerns about managing your time and academic focus. Can you tell me more about what's holding you back from committing to this role? What are some of the specific worries or fears that are coming up for you?,11.52333989739418,p3:1,202,3,0.10634795762598515,3.4827180206775665,3,state_dc179cba0782e93e7d90,p3,False
MPMSME+RS,0,fixed_off,"[2181, 10578, 1093, 499, 2351, 8430, 264, 2766, 21830, 1990, 701, 12876, 311, 1935, 389, 264, 11692, 3560, 323, 701, 10742, 922, 44463, 430, 449, 701, 14584, 5357, 323, 4443, 892, 6373, 13, 3053, 499, 3371, 757, 810, 922, 1148, 596, 10168, 499, 1203, 505, 40583, 311, 420, 3560, 11, 323, 1148, 499, 1781, 1053, 1205, 311, 387, 304, 2035, 369, 499, 311, 2733, 16913, 304, 4737, 433, 389, 30, 128009]",0.12312992475926876,391eb62b5e02e9d7fc1641bfc3dc5e5a596f8ea76135eaa3fe1f3da77edf1b62,2173.1142241042107,0.04240591078996658,243.99763415567577,3c3693c6fedc691bd813a9f5644d7c9583e4d3b02ebfee0c2336c969523ed17d,1510,2491.480426862836,562.2921958565712,562.2407069895416,59588bf9b077b1542c020ae33c2e5c4596d3d56665c24e03064cd7e8f434397e,True,631,71,0.007370021194219589,1,0.04782108590006828,True,2,r2:state_dc179cba0782e93e7d90:fixed_off,7cc380cc8921ab3f406f6f76b01f656f3a956ff1740fcdbc9d1e00955b626a72,"It sounds like you're feeling a bit torn between your desire to take on a leadership role and your concerns about balancing that with your academic focus and personal time management. Can you tell me more about what's holding you back from committing to this role, and what you think would need to be in place for you to feel confident in taking it on?",314.4494721200317,p3:1,202,4,0.10921782813966274,3.5867858678102493,3,state_dc179cba0782e93e7d90,p3,False
MS+RS,0,pm_off,"[2181, 10578, 1093, 499, 3077, 1027, 3318, 2653, 311, 1505, 264, 8335, 1990, 701, 14584, 9021, 323, 4443, 2324, 11, 323, 430, 596, 2216, 2555, 311, 387, 12691, 315, 13, 3053, 499, 3371, 757, 810, 922, 1148, 596, 10168, 499, 1203, 505, 40583, 311, 279, 11692, 3560, 11, 323, 1148, 499, 1781, 1053, 1205, 311, 2349, 304, 2015, 369, 499, 311, 2733, 16913, 304, 4737, 433, 389, 30, 128009]",0.12905406765639782,391eb62b5e02e9d7fc1641bfc3dc5e5a596f8ea76135eaa3fe1f3da77edf1b62,1947.9911380913109,0.04359288141131401,109.17808208614588,c91c1d361b7a7a0c60a732a2e55303000976e3cc9787a4db6cef8de38394139a,625,2126.132218167186,287.23190003074706,287.1901080943644,7688ae9244cefeac558a52334b6e9857a8e4222cb9288ee78bad9e41d9e1c2b2,True,632,69,5.933395121246576,2,0.032828887924551964,True,2,r2:state_dc179cba0782e93e7d90:pm_off,3a85d8e5a1452f0cfadffc63dcb44a0f76ba67f8b03ad8e1e30164584a4ade30,"It sounds like you've been working hard to find a balance between your academic goals and personal life, and that's really something to be proud of. Can you tell me more about what's holding you back from committing to the leadership role, and what you think would need to change in order for you to feel confident in taking it on?",169.90089998580515,p3:1,202,2,0.11252402327954769,1.988785108551383,3,state_dc179cba0782e93e7d90,p3,False
ME+R0,0,me_r0,"[2181, 10578, 1093, 499, 3077, 1027, 3318, 2653, 311, 1505, 264, 8335, 1990, 701, 7978, 11, 4443, 2324, 11, 323, 11741, 582, 324, 57333, 7640, 13, 1102, 596, 2294, 430, 499, 2351, 49183, 279, 12939, 315, 45777, 4954, 701, 1664, 33851, 323, 539, 927, 17869, 1303, 6261, 13, 3053, 499, 3371, 757, 810, 922, 1148, 596, 10168, 499, 1203, 505, 4737, 389, 279, 11692, 3560, 304, 279, 31018, 6469, 30, 2209, 433, 279, 8850, 315, 13490, 2585, 11, 477, 2555, 775, 11622, 30, 128009]",0.13524293899536133,391eb62b5e02e9d7fc1641bfc3dc5e5a596f8ea76135eaa3fe1f3da77edf1b62,2461.238743038848,0.03616791218519211,193.9434939995408,9e9c8b3b13768901edf89785026a0eebc29db03a26204dd79ff867eec97f911a,1184,2467.1063260175288,199.71566693857312,199.67583403922617,4e90451588183ab6603e09de19f88cec7499c11b73dbdec5d4256c837fb84a10,True,633,84,0.007000984624028206,3,0.016527948901057243,,2,r2:state_dc179cba0782e93e7d90:me_r0,b9f8f8d63f333a025f026c2f0d5f8ccd47cb246a399513fa87e775a689b5e4ad,"It sounds like you've been working hard to find a balance between your studies, personal life, and extracurricular activities. It's great that you're recognizing the importance of prioritizing your well-being and not overcommitting yourself. Can you tell me more about what's holding you back from taking on the leadership role in the psychology club? Is it the fear of losing control, or something else entirely?",2.8081920463591814,p3:1,202,1,0.11087208986282349,2.753579057753086,3,state_dc179cba0782e93e7d90,p3,False
M0+R0,0,context_only,"[2181, 10578, 1093, 499, 3077, 1903, 1063, 2294, 5208, 304, 701, 7978, 323, 617, 264, 1695, 5647, 315, 1148, 4375, 369, 499, 13, 4800, 11, 499, 2351, 13126, 4737, 389, 264, 502, 8815, 430, 1436, 13893, 6541, 430, 8335, 13, 3053, 499, 3371, 757, 810, 922, 1148, 596, 10168, 499, 1203, 505, 40583, 311, 279, 11692, 3560, 11, 8994, 279, 4754, 7720, 30, 128009]",0.12638093903660774,391eb62b5e02e9d7fc1641bfc3dc5e5a596f8ea76135eaa3fe1f3da77edf1b62,1767.2180230729282,0.03890087828040123,72.08927511237562,915b0da554d24b009169d19895e75c0a80597a05a93324106a34b84f1f39969c,316,1768.6345798429102,73.41902796179056,73.37945094332099,ce4d066c256cd5a4438d875de32f095e17e8c51a60ca6d2dc7b780b5950c3a59,True,634,64,0.006530899554491043,4,0.009173061698675156,,2,r2:state_dc179cba0782e93e7d90:context_only,3c88a4144615ce8af10a8abc1dea276e7d5d5fdc4cf0ba2a448af430f95c9746,"It sounds like you've made some great progress in your studies and have a good sense of what works for you. Now, you're considering taking on a new challenge that could potentially shift that balance. Can you tell me more about what's holding you back from committing to the leadership role, despite the potential benefits?",0.02805306576192379,p3:1,202,0,0.11078594252467155,1.0967319831252098,3,state_dc179cba0782e93e7d90,p3,False
MPMS+RS,0,pm_off,"[2181, 10578, 1093, 499, 2351, 8430, 264, 2766, 43206, 555, 279, 4623, 315, 18667, 264, 1912, 11, 719, 1101, 49183, 430, 433, 1436, 387, 264, 2294, 6776, 369, 499, 311, 990, 389, 701, 3674, 74884, 32606, 323, 1935, 2512, 315, 701, 7106, 2890, 13, 3053, 499, 3371, 757, 810, 922, 1148, 596, 10168, 499, 1203, 505, 4737, 430, 1176, 3094, 30, 128009]",0.11956505477428436,391eb62b5e02e9d7fc1641bfc3dc5e5a596f8ea76135eaa3fe1f3da77edf1b62,1769.899901933968,0.044201966375112534,120.60790392570198,20700f4db81125205ac21fd23258eeafe99d82b0ff8cbe278a62ad77d68226c2,703,1951.3607209082693,301.9912908785045,301.9491578452289,d93ee38113eb7cacdc813e7d84a95b262bcd015b6dffbe5c1684b383e2af9745,True,635,62,5.770232994109392,0,0.034014927223324776,True,2,r2:state_4955ef7e024bd4351130:pm_off,20d7d1eb241f8d484d533baec5255178900ca2a8624dfd3c322d88c4a544c6be,"It sounds like you're feeling a bit overwhelmed by the idea of joining a group, but also recognizing that it could be a great opportunity for you to work on your social anxieties and take care of your physical health. Can you tell me more about what's holding you back from taking that first step?",173.25605801306665,p9:1,202,3,0.10919896885752678,2.127547049894929,3,state_4955ef7e024bd4351130,p9,False
M0+R0,0,context_only,"[4897, 5097, 264, 2763, 315, 25775, 311, 25670, 323, 3663, 13, 1102, 10578, 1093, 499, 2351, 8430, 264, 5647, 315, 34104, 11, 719, 1101, 264, 12876, 311, 1935, 2512, 315, 6261, 323, 1304, 264, 6928, 2349, 13, 3053, 499, 3371, 757, 810, 922, 1148, 596, 10168, 499, 1203, 505, 4737, 430, 1176, 3094, 1139, 279, 2068, 30, 128009]",0.12417999096214771,391eb62b5e02e9d7fc1641bfc3dc5e5a596f8ea76135eaa3fe1f3da77edf1b62,1609.6800800878555,0.03587198443710804,72.38414394669235,9ad66d6cd32e23680a961c2fbc5708bcf6565c2ac1510804dbfd52888d7c18c6,315,1611.0474860761315,73.66333692334592,73.6273699440062,1de1584191f909c561af47b9bd635f651706bded114142ee3b91c3612d0a7b40,True,636,58,0.006632180884480476,1,0.008791917935013771,,2,r2:state_4955ef7e024bd4351130:context_only,4ccf8d5dee4be3621fee9a91c41c52d89418e1717ff25ea6171e9792d9e14c84,"That takes a lot of courage to acknowledge and face. It sounds like you're feeling a sense of vulnerability, but also a desire to take care of yourself and make a positive change. Can you tell me more about what's holding you back from taking that first step into the program?",0.026512891054153442,p9:1,202,0,0.11002994142472744,1.055387081578374,3,state_4955ef7e024bd4351130,p9,False
MSE+RS,0,rule_off,"[2181, 10578, 1093, 499, 2351, 8430, 264, 6651, 315, 21958, 922, 18667, 279, 4029, 39890, 2068, 13, 1102, 596, 49839, 311, 2733, 38100, 922, 1694, 304, 264, 1912, 6376, 11, 5423, 994, 499, 2351, 2736, 14892, 449, 1203, 6784, 323, 8631, 505, 990, 13, 3053, 499, 3371, 757, 810, 922, 1148, 596, 10168, 499, 1203, 505, 4737, 420, 3094, 30, 128009]",0.11585699394345284,391eb62b5e02e9d7fc1641bfc3dc5e5a596f8ea76135eaa3fe1f3da77edf1b62,1893.529088003561,0.044038984924554825,242.2087830491364,ebb6f00ff84a4f5ce584fe21f4a8132b296883e2ac8ed0ce868899e59a4d4aa3,1476,2072.4875419400632,421.0963931400329,421.0513799916953,67f9870be32e38f7ed0380c529b99b24016560a4c5f70e6bf042f8b1fac1f144,True,637,61,163.95845310762525,2,0.034893862903118134,True,2,r2:state_4955ef7e024bd4351130:rule_off,d0f7d4500238015f57ecadefef413345bd2f0f5e4185ed5b02ebecf4e607706c,"It sounds like you're feeling a mix of emotions about joining the community wellness program. It's understandable to feel anxious about being in a group setting, especially when you're already dealing with back pain and stress from work. Can you tell me more about what's holding you back from taking this step?",11.205282993614674,p9:1,202,3,0.10742503218352795,3.492502961307764,3,state_4955ef7e024bd4351130,p9,False
MPMSME+RS,0,fixed_off,"[2181, 10578, 1093, 499, 2351, 8430, 264, 6651, 315, 21958, 922, 18667, 279, 4029, 39890, 2068, 13, 1102, 596, 49839, 311, 2733, 38100, 922, 1694, 304, 264, 1912, 6376, 11, 5423, 994, 499, 2351, 2736, 14892, 449, 3674, 74884, 32606, 13, 12522, 499, 6646, 7556, 311, 279, 2068, 44318, 477, 264, 5687, 4562, 922, 701, 10742, 30, 2435, 1253, 387, 3025, 311, 3085, 1063, 55713, 477, 1862, 311, 1520, 499, 2733, 810, 10882, 13, 128009]",0.1270589418709278,391eb62b5e02e9d7fc1641bfc3dc5e5a596f8ea76135eaa3fe1f3da77edf1b62,2281.7487970460206,0.04439312033355236,242.46709793806076,44a69e6230d97aaf6476b18f00a94385123055037d8b00dc2d442f75bd2bf4fe,1502,2461.340636946261,421.9783858861774,421.93187889643013,8660fc97084b286e8cbfeeaf661020b66ba64561eebb7350c947c32f3ffcaa70,True,638,75,0.0076319556683301926,3,0.03961310721933842,True,2,r2:state_4955ef7e024bd4351130:fixed_off,74fde4a91030960536e420ae1de5f3bc4212f4d8e71a37b4b382ad8f9cea617f,"It sounds like you're feeling a mix of emotions about joining the community wellness program. It's understandable to feel anxious about being in a group setting, especially when you're already dealing with social anxieties. Have you considered talking to the program organizers or a staff member about your concerns? They may be able to offer some accommodations or support to help you feel more comfortable.",175.80079985782504,p9:1,202,4,0.1199459657073021,3.4523969516158104,3,state_4955ef7e024bd4351130,p9,False
ME+R0,0,me_r0,"[2181, 10578, 1093, 499, 2351, 8430, 264, 6651, 315, 21958, 922, 18667, 279, 4029, 39890, 2068, 482, 18547, 922, 1694, 304, 264, 1912, 6376, 11, 719, 1101, 264, 5647, 315, 26314, 311, 1935, 2512, 315, 701, 2890, 13, 3053, 499, 3371, 757, 810, 922, 1148, 596, 10168, 499, 1203, 505, 4737, 430, 1176, 3094, 30, 128009]",0.116321025416255,391eb62b5e02e9d7fc1641bfc3dc5e5a596f8ea76135eaa3fe1f3da77edf1b62,1677.8098698705435,0.036054058000445366,180.82803301513195,7e782d782e0112660435c27fb782166c4c42fa679c278a6e35293948a4548320,1123,1682.812230894342,185.75559207238257,185.71407301351428,73c19f6571d5484f534a119d08b75828190d2d6b6c5e7086d9f5b431229213c0,True,639,56,0.00768597237765789,4,0.014326069504022598,,2,r2:state_4955ef7e024bd4351130:me_r0,6a4b047b0c0f58b273f03807d90f9798185630a9a248b001bd9a18514f18ecda,"It sounds like you're feeling a mix of emotions about joining the community wellness program - anxiety about being in a group setting, but also a sense of determination to take care of your health. Can you tell me more about what's holding you back from taking that first step?",2.150346990674734,p9:1,202,1,0.10839896276593208,2.569227945059538,3,state_4955ef7e024bd4351130,p9,False
MSE+RS,0,rule_off,"[2181, 10578, 1093, 24096, 279, 38384, 1862, 1912, 706, 1027, 264, 2216, 6928, 3217, 369, 499, 11, 323, 433, 596, 2294, 430, 499, 2351, 9455, 264, 5647, 315, 4029, 323, 14604, 4984, 13, 3639, 527, 1063, 3230, 2574, 430, 499, 3077, 9687, 477, 4529, 3201, 505, 279, 1912, 430, 499, 1781, 617, 1027, 11190, 369, 499, 30, 128009]",0.11605978943407536,391eb62b5e02e9d7fc1641bfc3dc5e5a596f8ea76135eaa3fe1f3da77edf1b62,1840.984688140452,0.042936066165566444,262.9061541520059,4abd0a6ad9c25b518c629f01222c6d60d94beec4bced953b8e71aef1650e5248,1636,2074.3930579628795,496.24350504018366,496.19846418499947,32f89b6747ecfee107334b9ad3ee1bf3ede5d9a50805aaf594f6a82559437d11,True,640,58,217.23542013205588,0,0.03828899934887886,True,2,r2:state_ed94ec62c6728002740f:rule_off,4fdc0986d0df60e0edfe85c7fecdedfd46b4ddb112b8a2bf72ce0b53cd71fa73,"It sounds like attending the grief support group has been a really positive experience for you, and it's great that you're finding a sense of community and emotional release. What are some specific things that you've learned or taken away from the group that you think have been helpful for you?",11.927091982215643,p5:2,202,3,0.10824599303305149,3.9403268601745367,8,state_ed94ec62c6728002740f,p5,False
ME+R0,0,me_r0,"[2181, 10578, 1093, 279, 38384, 1862, 1912, 706, 1027, 264, 6220, 3634, 369, 499, 311, 1920, 701, 21958, 323, 4667, 449, 3885, 889, 3619, 1148, 499, 2351, 2133, 1555, 13, 3011, 596, 264, 6908, 3094, 304, 5196, 13, 3053, 499, 3371, 757, 810, 922, 1148, 596, 1027, 11190, 369, 499, 304, 279, 1912, 11, 323, 1148, 499, 3077, 1027, 3025, 311, 1935, 3201, 505, 279, 11704, 323, 26793, 315, 3885, 30, 128009]",0.12307311408221722,391eb62b5e02e9d7fc1641bfc3dc5e5a596f8ea76135eaa3fe1f3da77edf1b62,2185.5400858912617,0.03454415127635002,231.51533491909504,8386386778a3e5501879ead923abdbd2c2f8beb1b0dc7dc3c92d12e87c955802,1307,2191.2858800496906,237.1919290162623,237.13805596344173,62957eff5cb71978e6cccd1881ed31b68dfe5c6a5665d8bccce6cb504ca6802f,True,641,72,0.006988178938627243,1,0.015796860679984093,,2,r2:state_ed94ec62c6728002740f:me_r0,6cf5a48f166c33735cde66eed9c097ae81c4bc72ddb115d1464be37dbee9b0d0,"It sounds like the grief support group has been a safe space for you to process your emotions and connect with others who understand what you're going through. That's a huge step in itself. Can you tell me more about what's been helpful for you in the group, and what you've been able to take away from the experiences and insights of others?",2.576156985014677,p5:2,202,1,0.11183787137269974,2.877396997064352,8,state_ed94ec62c6728002740f,p5,False
MSE+RS,0,pm_off,"[2181, 10578, 1093, 24096, 279, 38384, 1862, 1912, 706, 1027, 264, 2216, 6928, 3217, 369, 499, 11, 323, 433, 596, 2294, 430, 499, 2351, 9455, 264, 5647, 315, 4029, 323, 14604, 4984, 13, 3639, 527, 1063, 3230, 2574, 430, 499, 3077, 9687, 477, 4529, 3201, 505, 279, 1912, 430, 499, 1781, 617, 1027, 11190, 369, 499, 30, 128009]",0.11470401659607887,391eb62b5e02e9d7fc1641bfc3dc5e5a596f8ea76135eaa3fe1f3da77edf1b62,1841.0096468869597,0.044075073674321175,262.7165038138628,4abd0a6ad9c25b518c629f01222c6d60d94beec4bced953b8e71aef1650e5248,1636,2082.8316130209714,504.48125693947077,504.42376593127847,32f89b6747ecfee107334b9ad3ee1bf3ede5d9a50805aaf594f6a82559437d11,True,642,58,7.290488108992577,2,0.04359986633062363,True,2,r2:state_ed94ec62c6728002740f:pm_off,4fdc0986d0df60e0edfe85c7fecdedfd46b4ddb112b8a2bf72ce0b53cd71fa73,"It sounds like attending the grief support group has been a really positive experience for you, and it's great that you're finding a sense of community and emotional release. What are some specific things that you've learned or taken away from the group that you think have been helpful for you?",230.26356496848166,p5:2,202,3,0.11180900037288666,3.9537250995635986,8,state_ed94ec62c6728002740f,p5,False
M0+R0,0,context_only,"[4897, 596, 11364, 311, 6865, 430, 279, 38384, 1862, 1912, 706, 1027, 264, 6928, 3217, 369, 499, 13, 1102, 596, 8056, 1268, 11821, 1057, 7493, 323, 21583, 449, 3885, 889, 3619, 649, 1520, 603, 1920, 1057, 21958, 323, 1505, 264, 5647, 315, 4029, 13, 2650, 706, 420, 3217, 1027, 10695, 499, 311, 2733, 810, 8599, 311, 701, 21958, 323, 701, 7126, 596, 5044, 30, 128009]",0.125412130728364,391eb62b5e02e9d7fc1641bfc3dc5e5a596f8ea76135eaa3fe1f3da77edf1b62,1815.480618039146,0.0346179585903883,86.86844003386796,e6ffd3ab89c7558145ebc1eaadf3edbc20c373c2dd3513f746f4bea713a058bd,440,1817.132316995412,88.43600284308195,88.39472685940564,78d17f5a8410dc9cf41dbabf1b5d6f6f1d017be44814805e728c0f2042dec2b9,True,643,65,0.006292015314102173,3,0.009426148608326912,,2,r2:state_ed94ec62c6728002740f:context_only,efa9200e73cafb656a6b6a27c9a0b640cf09a93009ebd665a16369e494af58ca,That's wonderful to hear that the grief support group has been a positive experience for you. It's amazing how sharing our stories and connecting with others who understand can help us process our emotions and find a sense of community. How has this experience been helping you to feel more connected to your emotions and your father's memory?,0.035839853808283806,p5:2,202,0,0.11249701492488384,1.3276138342916965,8,state_ed94ec62c6728002740f,p5,False
MPMSME+RS,0,fixed_off,"[2181, 10578, 1093, 24096, 279, 38384, 1862, 1912, 706, 1027, 264, 2216, 6928, 3217, 369, 499, 11, 323, 433, 596, 2294, 430, 499, 2351, 9455, 6981, 304, 11821, 701, 16024, 449, 3885, 889, 3619, 1148, 499, 2351, 2133, 1555, 13, 2650, 706, 433, 1027, 311, 6865, 3885, 6, 7493, 323, 11704, 11, 323, 311, 1518, 430, 499, 2351, 539, 7636, 304, 701, 16024, 315, 34951, 323, 4814, 30, 128009]",0.12517301365733147,391eb62b5e02e9d7fc1641bfc3dc5e5a596f8ea76135eaa3fe1f3da77edf1b62,2170.284583931789,0.04555005580186844,264.6704870276153,d453b30121bb43086d1bba3d8d8b3bfe8df7caef887ea905363baeec3be7f863,1662,2401.870007859543,496.1854179855436,496.13073794171214,91c2e970d10eaabb192efd4a43526515e8adb40cdffdee2039ae3a3cdd385de1,True,644,69,0.006461050361394882,4,0.04819594323635101,True,2,r2:state_ed94ec62c6728002740f:fixed_off,adf07efdbdc0c1b4a332ae35065c3e30ef3f59fe7a1f6991d47fe981b03427bc,"It sounds like attending the grief support group has been a really positive experience for you, and it's great that you're finding comfort in sharing your feelings with others who understand what you're going through. How has it been to hear others' stories and experiences, and to see that you're not alone in your feelings of guilt and loss?",227.2998560220003,p5:2,202,4,0.11066882871091366,3.9495190139859915,8,state_ed94ec62c6728002740f,p5,False
MSE+RS,0,rule_off,"[2181, 10578, 1093, 499, 2351, 8430, 264, 2766, 21830, 1990, 19762, 311, 10519, 420, 502, 8830, 449, 701, 6699, 323, 45777, 4954, 701, 1866, 10723, 2890, 13, 3053, 499, 3371, 757, 810, 922, 1148, 596, 10168, 499, 1203, 505, 7373, 40583, 311, 4737, 2512, 315, 6261, 304, 420, 6671, 30, 128009]",0.11351099237799644,391eb62b5e02e9d7fc1641bfc3dc5e5a596f8ea76135eaa3fe1f3da77edf1b62,1714.8957189638168,0.060570891946554184,306.9737970363349,3ce6028d9da20c1413ae198623b279d27047bba49004c57fcfa88828af750d33,1819,1978.332371916622,570.3924358822405,570.296938996762,59831f36a4bb815b59960366419401e27f6815732cd7f90135e10228cc2c1eaf,True,645,51,240.41505111381412,0,0.05377922207117081,True,2,r2:state_66872e1a536d8b32a329:rule_off,61bd7bc5f470b6c8736aac74dcb802ff9267ef2a83aa78ece5135b9a481f401c,It sounds like you're feeling a bit torn between wanting to maintain this new understanding with your parents and prioritizing your own mental health. Can you tell me more about what's holding you back from fully committing to taking care of yourself in this situation?,17.5017227884382,p1:1,101,3,0.11574896052479744,5.176268983632326,8,state_66872e1a536d8b32a329,p1,False
MSE+RS,0,pm_off,"[2181, 10578, 1093, 499, 2351, 8430, 264, 2766, 21830, 1990, 19762, 311, 10519, 420, 502, 8830, 449, 701, 6699, 323, 45777, 4954, 701, 1866, 10723, 2890, 13, 3053, 499, 3371, 757, 810, 922, 1148, 596, 10168, 499, 1203, 505, 7373, 40583, 311, 4737, 2512, 315, 6261, 304, 420, 6671, 30, 128009]",0.11141784489154816,391eb62b5e02e9d7fc1641bfc3dc5e5a596f8ea76135eaa3fe1f3da77edf1b62,1694.6778970304877,0.045967986807227135,305.38472393527627,3ce6028d9da20c1413ae198623b279d27047bba49004c57fcfa88828af750d33,1819,1930.628068977967,541.2778609897941,541.223478037864,59831f36a4bb815b59960366419401e27f6815732cd7f90135e10228cc2c1eaf,True,646,51,7.158244960010052,1,0.04256586544215679,True,2,r2:state_66872e1a536d8b32a329:pm_off,61bd7bc5f470b6c8736aac74dcb802ff9267ef2a83aa78ece5135b9a481f401c,It sounds like you're feeling a bit torn between wanting to maintain this new understanding with your parents and prioritizing your own mental health. Can you tell me more about what's holding you back from fully committing to taking care of yourself in this situation?,224.16170802898705,p1:1,101,3,0.11182110756635666,4.3184461537748575,8,state_66872e1a536d8b32a329,p1,False
ME+R0,0,me_r0,"[2181, 10578, 1093, 499, 2351, 8430, 264, 5647, 315, 34104, 323, 27924, 922, 1268, 311, 10519, 420, 502, 8830, 449, 701, 6699, 1418, 45777, 4954, 701, 1866, 3966, 13, 3011, 649, 387, 264, 2216, 36301, 8335, 311, 13471, 13, 3053, 499, 3371, 757, 810, 922, 1148, 499, 1781, 1053, 1205, 311, 3621, 369, 499, 311, 2733, 1093, 499, 2351, 9455, 430, 8335, 30, 128009]",0.11800602078437805,391eb62b5e02e9d7fc1641bfc3dc5e5a596f8ea76135eaa3fe1f3da77edf1b62,1981.3556200824678,0.035626813769340515,243.4289800003171,72247b4b70e50deab56e3c77fdc41afeb3a992d9e5f09f7ea06267e0559129ae,1511,1989.144508028403,251.17649999447167,251.09986192546785,c606f74ac5788e214bd577db45cd057c37eb7d382cc869ebd99fbf3752080ce3,True,647,64,0.007131136953830719,2,0.016439007595181465,,2,r2:state_66872e1a536d8b32a329:me_r0,ea17e0013f3741da096a2dd37b2f5e8532dd426cfea77c6e734fa2d61449160b,It sounds like you're feeling a sense of vulnerability and uncertainty about how to maintain this new understanding with your parents while prioritizing your own needs. That can be a really delicate balance to strike. Can you tell me more about what you think would need to happen for you to feel like you're finding that balance?,4.152442794293165,p1:1,101,1,0.11497596278786659,3.3442662097513676,8,state_66872e1a536d8b32a329,p1,False
MPMSME+RS,0,fixed_off,"[2181, 10578, 1093, 499, 2351, 8430, 264, 2766, 21830, 1990, 19762, 311, 10519, 420, 502, 8830, 449, 701, 6699, 323, 45777, 4954, 701, 1866, 10723, 2890, 13, 3053, 499, 3371, 757, 810, 922, 1148, 596, 10168, 499, 1203, 505, 7373, 40583, 311, 4737, 2512, 315, 6261, 304, 420, 6671, 30, 128009]",0.11536106467247009,391eb62b5e02e9d7fc1641bfc3dc5e5a596f8ea76135eaa3fe1f3da77edf1b62,1700.9602799080312,0.04480220377445221,304.3187118601054,57f60bfc7c2e8c625ff518364ac5e348623a35e46792757eb46cbefe44d17d04,1844,1929.652389138937,532.9504110850394,532.8954600263387,2fa17e8f62e2ed8000f80b990a56f66e4f55eac121f248f93a8ebd363d0e5ca6,True,648,51,0.0068391673266887665,3,0.04689185880124569,True,2,r2:state_66872e1a536d8b32a329:fixed_off,61bd7bc5f470b6c8736aac74dcb802ff9267ef2a83aa78ece5135b9a481f401c,It sounds like you're feeling a bit torn between wanting to maintain this new understanding with your parents and prioritizing your own mental health. Can you tell me more about what's holding you back from fully committing to taking care of yourself in this situation?,224.10450200550258,p1:1,101,4,0.11010398156940937,4.2636089492589235,8,state_66872e1a536d8b32a329,p1,False
M0+R0,0,context_only,"[2181, 10578, 1093, 499, 2351, 8430, 264, 5647, 315, 12014, 311, 3412, 8800, 420, 5208, 449, 701, 6699, 11, 1418, 1101, 49183, 279, 12939, 315, 45777, 4954, 701, 1866, 1664, 33851, 13, 3011, 649, 387, 264, 2216, 11292, 8335, 311, 13471, 13, 3053, 499, 3371, 757, 810, 922, 1148, 499, 1781, 1053, 3621, 422, 499, 1051, 311, 63652, 701, 1866, 3966, 11, 323, 1268, 430, 2643, 5536, 701, 5133, 449, 701, 6699, 30, 128009]",0.13020704500377178,391eb62b5e02e9d7fc1641bfc3dc5e5a596f8ea76135eaa3fe1f3da77edf1b62,2059.5630249008536,0.03487500362098217,86.71588590368629,5ba41da68dae7e66d4e94d72eb5e6b1c4f9427f78fd6da1c77c5ef671d4992d8,437,2061.241691932082,88.30690500326455,88.26434588991106,1694404129f6d6d165829864a6b4ebd4a9084f6d479880cbdcd2fdc15335722c,True,649,74,0.006073154509067535,4,0.009628012776374817,,2,r2:state_66872e1a536d8b32a329:context_only,c014886d27ee8218dab749e9d1989c3533f360c92de64299aad9708d7734d66f,"It sounds like you're feeling a sense of responsibility to hold onto this progress with your parents, while also recognizing the importance of prioritizing your own well-being. That can be a really tough balance to strike. Can you tell me more about what you think would happen if you were to prioritize your own needs, and how that might impact your relationship with your parents?",0.03633694723248482,p1:1,101,0,0.11311192065477371,1.3484349474310875,8,state_66872e1a536d8b32a329,p1,False
M0+R0,0,context_only,"[2181, 10578, 1093, 499, 2351, 15691, 264, 8987, 4785, 315, 34951, 11, 323, 430, 596, 2216, 11292, 13, 3053, 499, 3371, 757, 810, 922, 1148, 596, 4920, 420, 8430, 315, 34951, 30, 2209, 433, 264, 8850, 315, 13490, 701, 10177, 596, 6666, 11, 477, 2555, 775, 11622, 30, 128009]",0.10977312922477722,391eb62b5e02e9d7fc1641bfc3dc5e5a596f8ea76135eaa3fe1f3da77edf1b62,1383.2456669770181,0.0345699954777956,86.98728610761464,d4fa418a2f95fe60296868a8ddcef37f8ac02dad4a84028c656e8c3ff8f9dfb2,436,1384.859065990895,88.52448081597686,88.49091199226677,bcb4f1d1d6d9cc0928c59187dbefb5ed0ee1441aadeeef263ccce0110e2a9258,True,650,49,0.007044989615678787,0,0.00947900116443634,,2,r2:state_1bb2fbdd19dca1a22bdc:context_only,60d03f96dab7edcc680376eb21d2fe906ab07f35ee06a84c17d501a926867570,"It sounds like you're carrying a heavy weight of guilt, and that's really tough. Can you tell me more about what's behind this feeling of guilt? Is it a fear of losing your husband's attention, or something else entirely?",0.031325966119766235,p10:1,202,0,0.10962900705635548,1.3115769252181053,8,state_1bb2fbdd19dca1a22bdc,p10,False
ME+R0,0,me_r0,"[2181, 10578, 1093, 499, 2351, 15691, 264, 8987, 4785, 315, 34951, 323, 12014, 11, 8430, 1093, 499, 2351, 34568, 287, 701, 1866, 3966, 555, 8430, 51512, 922, 701, 10177, 596, 7319, 19821, 13, 3053, 499, 3371, 757, 810, 922, 1148, 499, 1781, 499, 2351, 10171, 311, 387, 8430, 4619, 30, 3639, 1587, 433, 3152, 311, 499, 311, 387, 264, 33445, 8427, 304, 420, 6671, 30, 128009]",0.12099300511181355,391eb62b5e02e9d7fc1641bfc3dc5e5a596f8ea76135eaa3fe1f3da77edf1b62,2033.8480051141232,0.03744079731404781,241.84601404704154,554a3f0f4a46b2859bd7d9d5f26849d060b1affde3e395245d7a88702a7b0861,1483,2039.6601411048323,247.58307915180922,247.5371570326388,86576f1d9d8b5fb0d49fba334c1c9a68c27e5ac80888749bf1e3f493e0466944,True,651,66,0.006660819053649902,1,0.015197088941931725,,2,r2:state_1bb2fbdd19dca1a22bdc:me_r0,001dce60a23bf39c38ddefb6cd67a34e33f08e8bf6aae4e18a34cb3fb1a41ac2,"It sounds like you're carrying a heavy weight of guilt and responsibility, feeling like you're betraying your own needs by feeling relieved about your husband's increased absence. Can you tell me more about what you think you're supposed to be feeling instead? What does it mean to you to be a supportive partner in this situation?",2.296166028827429,p10:1,202,1,0.11904118582606316,3.2166370656341314,8,state_1bb2fbdd19dca1a22bdc,p10,False
MPMSME+RS,0,fixed_off,"[40, 649, 5647, 279, 4785, 315, 34951, 499, 2351, 15691, 2212, 8430, 51512, 922, 701, 10177, 596, 7319, 19821, 13, 1102, 596, 49839, 311, 2733, 420, 1648, 11, 5423, 994, 433, 596, 17791, 311, 701, 12876, 311, 1862, 1461, 13, 3053, 499, 3371, 757, 810, 922, 1148, 499, 1781, 433, 1053, 3152, 311, 36297, 387, 6380, 369, 813, 2450, 2085, 8430, 1093, 499, 2351, 34568, 287, 701, 1866, 3966, 30, 128009]",0.1264240127056837,391eb62b5e02e9d7fc1641bfc3dc5e5a596f8ea76135eaa3fe1f3da77edf1b62,2253.6197488661855,0.04147016443312168,305.7955850381404,904f28674dff9ed3dc073a0ec065c81fe61750e5608118c92c5fce756be676a7,1846,2609.538279939443,661.6570670157671,661.5876920986921,f7086cfe8b60ffe2801247e304b25dfe3eba03245b71f8bd6a2377d5b614b00f,True,652,71,0.006685033440589905,2,0.04946882836520672,True,2,r2:state_1bb2fbdd19dca1a22bdc:fixed_off,5c103d42217d964a1e5213e3f68ecec13626b2ee1f9849954976bfb41d880119,"I can sense the weight of guilt you're carrying around feeling relieved about your husband's increased absence. It's understandable to feel this way, especially when it's tied to your desire to support him. Can you tell me more about what you think it would mean to genuinely be happy for his success without feeling like you're betraying your own needs?",351.5030201524496,p10:1,202,4,0.1111829187721014,4.080279963091016,8,state_1bb2fbdd19dca1a22bdc,p10,False
MSE+RS,0,rule_off,"[40, 649, 5647, 279, 4785, 315, 34951, 499, 2351, 15691, 11, 323, 433, 596, 49839, 311, 2733, 430, 1648, 994, 499, 2351, 25051, 16337, 922, 701, 10177, 596, 7319, 19821, 13, 1102, 596, 1093, 499, 2351, 21830, 1990, 1694, 6380, 369, 1461, 323, 8430, 1093, 499, 2351, 34568, 287, 701, 1866, 3966, 13, 3053, 499, 3371, 757, 810, 922, 1148, 499, 1781, 1053, 3621, 422, 499, 1051, 311, 7373, 25670, 323, 4287, 701, 16024, 315, 16337, 11, 2085, 19971, 30, 128009]",0.12740097008645535,391eb62b5e02e9d7fc1641bfc3dc5e5a596f8ea76135eaa3fe1f3da77edf1b62,2527.5823869742453,0.04372093826532364,306.0979899019003,1767911b948e52cd6d3115ed9d5d0f7eab5451e9262220be18c31386199eda9b,1818,2752.7113128453493,531.1623418238014,531.0995148029178,bd05807668b081e43b2a3b6d50e3d3a22ff8cbe1deef91c585b68defb304b43c,True,653,81,209.44554009474814,3,0.03768899478018284,True,2,r2:state_1bb2fbdd19dca1a22bdc:rule_off,5d1b3429c2b9e61e78eef47d978fe439ff7365d38f02d6753692a0126b58d61e,"I can sense the weight of guilt you're carrying, and it's understandable to feel that way when you're experiencing relief about your husband's increased absence. It's like you're torn between being happy for him and feeling like you're betraying your own needs. Can you tell me more about what you think would happen if you were to fully acknowledge and accept your feelings of relief, without judgment?",11.228419840335846,p10:1,202,3,0.11862791143357754,4.127527121454477,8,state_1bb2fbdd19dca1a22bdc,p10,False
MSE+RS,0,pm_off,"[40, 649, 5647, 279, 4785, 315, 34951, 499, 2351, 15691, 11, 323, 433, 596, 49839, 311, 2733, 430, 1648, 994, 499, 2351, 25051, 16337, 922, 701, 10177, 596, 7319, 19821, 13, 1102, 596, 1093, 499, 2351, 21830, 1990, 1694, 6380, 369, 1461, 323, 8430, 1093, 499, 2351, 34568, 287, 701, 1866, 3966, 13, 3053, 499, 3371, 757, 810, 922, 1148, 499, 1781, 1053, 3621, 422, 499, 1051, 311, 7373, 25670, 323, 4287, 701, 16024, 315, 16337, 11, 2085, 19971, 30, 128009]",0.13006594963371754,391eb62b5e02e9d7fc1641bfc3dc5e5a596f8ea76135eaa3fe1f3da77edf1b62,2527.9117801692337,0.043993815779685974,306.55934219248593,1767911b948e52cd6d3115ed9d5d0f7eab5451e9262220be18c31386199eda9b,1818,2762.3230260796845,540.8952420111746,540.840522153303,bd05807668b081e43b2a3b6d50e3d3a22ff8cbe1deef91c585b68defb304b43c,True,654,81,7.172795943915844,4,0.04040496423840523,True,2,r2:state_1bb2fbdd19dca1a22bdc:pm_off,5d1b3429c2b9e61e78eef47d978fe439ff7365d38f02d6753692a0126b58d61e,"I can sense the weight of guilt you're carrying, and it's understandable to feel that way when you're experiencing relief about your husband's increased absence. It's like you're torn between being happy for him and feeling like you're betraying your own needs. Can you tell me more about what you think would happen if you were to fully acknowledge and accept your feelings of relief, without judgment?",222.73296304047108,p10:1,202,3,0.12554600834846497,4.1654761880636215,8,state_1bb2fbdd19dca1a22bdc,p10,False
ME+R0,0,me_r0,"[2181, 10578, 1093, 499, 2351, 8430, 264, 2766, 43206, 555, 279, 22199, 315, 4737, 389, 5217, 28423, 323, 40876, 922, 13490, 279, 8335, 499, 3077, 6575, 779, 2653, 311, 11322, 13, 3053, 499, 3371, 757, 810, 922, 1148, 499, 1781, 1053, 387, 264, 9498, 8335, 369, 499, 304, 420, 6671, 30, 3639, 527, 1063, 2536, 5392, 67078, 2205, 82, 369, 701, 4443, 892, 323, 1664, 33851, 430, 499, 4265, 1093, 311, 63652, 30, 128009]",0.12794602662324905,391eb62b5e02e9d7fc1641bfc3dc5e5a596f8ea76135eaa3fe1f3da77edf1b62,2197.0231737941504,0.03702403046190739,197.90352182462811,3e0a3ffb87510995ea92580e72e5a35d93503c6d7eab78b7c4d8f842eb2bde2c,1264,2204.8702319152653,205.68244298920035,205.62263391911983,dca563e9a8a70ecc291cae9888df54ab5a0be5fc06c03ac55ef62e6792124469,True,655,74,0.006570946425199509,0,0.016557052731513977,,2,r2:state_386f27896b4ed9f621e8:me_r0,376b0ceb57a10ae8401ae5c7e3936695fdeeaeeb40d83a45ffd6187525a9afff,It sounds like you're feeling a bit overwhelmed by the prospect of taking on additional responsibilities and worrying about losing the balance you've worked so hard to achieve. Can you tell me more about what you think would be a healthy balance for you in this situation? What are some non-negotiables for your personal time and well-being that you'd like to prioritize?,4.574637860059738,p8:1,303,1,0.12165307998657227,2.962669124826789,8,state_386f27896b4ed9f621e8,p8,False
MSE+RS,0,pm_off,"[2181, 10578, 1093, 499, 2351, 8430, 264, 2766, 43206, 449, 279, 502, 28423, 323, 18290, 922, 13490, 279, 8335, 499, 3077, 6575, 779, 2653, 311, 11322, 13, 358, 1390, 499, 311, 1440, 430, 433, 596, 6724, 4725, 311, 2733, 420, 1648, 11, 323, 433, 596, 2294, 430, 499, 2351, 61708, 701, 10742, 13, 3861, 3245, 430, 2643, 387, 11190, 374, 311, 1464, 1523, 701, 9021, 323, 30601, 1139, 9333, 11, 71128, 27855, 13, 1115, 649, 1304, 433, 2733, 2753, 22798, 323, 810, 89253, 13, 3639, 656, 499, 1781, 922, 4560, 311, 10765, 701, 1948, 30601, 323, 6968, 264, 9899, 430, 6276, 369, 2225, 990, 323, 4443, 892, 30, 128009]",0.3037629649043083,391eb62b5e02e9d7fc1641bfc3dc5e5a596f8ea76135eaa3fe1f3da77edf1b62,3253.7647550925612,0.044544925913214684,262.8666351083666,fc3614e51136bd06d07bb662c9a9cce629c3b4e0c5e331803390d245f61584ea,1619,3492.6513030659407,501.5055579133332,501.4494201168418,b0a340d4a786beb4bc5acd09bb9e79eb37919e147f581daa1b0b68c3fc13e398,True,656,109,7.154094986617565,1,0.04208995960652828,True,2,r2:state_386f27896b4ed9f621e8:pm_off,62be2aa856462e0b0f886989f193dde1eb5cf61069911ce4433a5d2f2c7ef2a9,"It sounds like you're feeling a bit overwhelmed with the new responsibilities and worried about losing the balance you've worked so hard to achieve. I want you to know that it's completely normal to feel this way, and it's great that you're acknowledging your concerns. One thing that might be helpful is to break down your goals and priorities into smaller, manageable chunks. This can make it feel less overwhelming and more achievable. What do you think about trying to identify your top priorities and creating a schedule that allows for both work and personal time?",227.40650712512434,p8:1,303,3,0.11113099753856659,3.8244170136749744,8,state_386f27896b4ed9f621e8,p8,False
M0+R0,0,context_only,"[2181, 10578, 1093, 499, 2351, 8430, 264, 5647, 315, 4353, 10629, 367, 922, 4737, 389, 810, 28423, 11, 719, 1101, 264, 12876, 311, 3139, 323, 2274, 46029, 13, 3053, 584, 13488, 1063, 4754, 15174, 369, 6376, 23546, 323, 45777, 4954, 701, 892, 11, 779, 430, 499, 649, 2733, 810, 16913, 304, 701, 5845, 311, 10299, 420, 502, 6776, 30, 128009]",0.1220880076289177,391eb62b5e02e9d7fc1641bfc3dc5e5a596f8ea76135eaa3fe1f3da77edf1b62,1700.5143999122083,0.05660112947225571,87.37873495556414,a88bc56b49d349d61b7055d0174bdab2452b7b2afc968f0ca85c6404c337fc09,436,1702.7833419851959,89.59781611338258,89.52558902092278,aa3b3d48e26f5dbe0e6e5b14fda4025702dd8720e8ec645615cc28c3a12417eb,True,657,60,0.009944895282387733,2,0.012513948604464531,,2,r2:state_386f27896b4ed9f621e8:context_only,62f5ec7e4ae7da3879ac7bbec5777449ef4f940fd17a112cd86f5261d352af1c,"It sounds like you're feeling a sense of trepidation about taking on more responsibilities, but also a desire to grow and develop professionally. Can we explore some potential strategies for setting boundaries and prioritizing your time, so that you can feel more confident in your ability to manage this new opportunity?",0.04437612369656563,p8:1,303,0,0.1844051294028759,1.8390128389000893,8,state_386f27896b4ed9f621e8,p8,False
MSE+RS,0,rule_off,"[2181, 10578, 1093, 499, 2351, 8430, 264, 2766, 43206, 449, 279, 502, 28423, 323, 18290, 922, 13490, 279, 8335, 499, 3077, 6575, 779, 2653, 311, 11322, 13, 358, 1390, 499, 311, 1440, 430, 433, 596, 6724, 4725, 311, 2733, 420, 1648, 11, 323, 433, 596, 2294, 430, 499, 2351, 61708, 701, 10742, 13, 3861, 3245, 430, 2643, 387, 11190, 374, 311, 1464, 1523, 701, 9021, 323, 30601, 1139, 9333, 11, 71128, 27855, 13, 1115, 649, 1304, 433, 2733, 2753, 22798, 323, 810, 89253, 13, 3639, 656, 499, 1781, 922, 4560, 311, 10765, 701, 1948, 30601, 323, 6968, 264, 9899, 430, 6276, 369, 2225, 990, 323, 4443, 892, 30, 128009]",0.20042317919433117,391eb62b5e02e9d7fc1641bfc3dc5e5a596f8ea76135eaa3fe1f3da77edf1b62,3305.4305959958583,0.04294281825423241,263.0528181325644,fc3614e51136bd06d07bb662c9a9cce629c3b4e0c5e331803390d245f61584ea,1619,3538.553217193112,496.0210002027452,495.97501615062356,b0a340d4a786beb4bc5acd09bb9e79eb37919e147f581daa1b0b68c3fc13e398,True,658,109,214.4192459527403,3,0.03672298043966293,True,2,r2:state_386f27896b4ed9f621e8:rule_off,62be2aa856462e0b0f886989f193dde1eb5cf61069911ce4433a5d2f2c7ef2a9,"It sounds like you're feeling a bit overwhelmed with the new responsibilities and worried about losing the balance you've worked so hard to achieve. I want you to know that it's completely normal to feel this way, and it's great that you're acknowledging your concerns. One thing that might be helpful is to break down your goals and priorities into smaller, manageable chunks. This can make it feel less overwhelming and more achievable. What do you think about trying to identify your top priorities and creating a schedule that allows for both work and personal time?",14.396150130778551,p8:1,303,3,0.11793011799454689,3.9092060178518295,8,state_386f27896b4ed9f621e8,p8,False
MPMSME+RS,0,fixed_off,"[40, 649, 5647, 701, 4747, 922, 20958, 8335, 323, 6376, 23546, 1418, 34118, 420, 11084, 4967, 6776, 13, 1102, 596, 6724, 49839, 311, 2733, 430, 1648, 11, 5423, 1306, 3318, 2653, 311, 11322, 264, 2731, 990, 26928, 8335, 13, 3861, 8446, 430, 2643, 387, 11190, 374, 311, 63652, 701, 4443, 892, 323, 7640, 11, 1120, 439, 499, 1053, 904, 1023, 3062, 15507, 13, 3639, 422, 499, 1051, 311, 9899, 892, 369, 659, 41206, 323, 4443, 7640, 304, 701, 13470, 11, 1120, 439, 499, 1053, 9899, 990, 477, 4967, 16079, 30, 1115, 2643, 1520, 499, 2733, 810, 304, 2585, 323, 6106, 430, 499, 2351, 3339, 892, 369, 1148, 596, 3062, 311, 499, 13, 128009]",0.14198385179042816,391eb62b5e02e9d7fc1641bfc3dc5e5a596f8ea76135eaa3fe1f3da77edf1b62,3395.677877124399,0.0676899217069149,267.23595312796533,0aa6d933aa9ee70cfee016f0e067ef09f13655387f827740c95a9a2f7b86dba7,1643,3676.117355003953,547.652498120442,547.5334471557289,434ce276528219ee66c236bbb8f33f98330af4fde683619c33672078af95fee9,True,659,113,0.010124873369932175,4,0.07159588858485222,True,2,r2:state_386f27896b4ed9f621e8:fixed_off,1579927c3dfc2b36f16e4d9d1a64227015a082d1a3dc1fa9aeec450f994d7595,"I can sense your concern about maintaining balance and setting boundaries while pursuing this advanced training opportunity. It's completely understandable to feel that way, especially after working hard to achieve a better work-life balance. One strategy that might be helpful is to prioritize your personal time and activities, just as you would any other important commitment. What if you were to schedule time for self-care and personal activities in your calendar, just as you would schedule work or training sessions? This might help you feel more in control and ensure that you're making time for what's important to you.",274.933131178841,p8:1,303,4,0.16066408716142178,5.054288078099489,8,state_386f27896b4ed9f621e8,p8,False
ME+R0,0,me_r0,"[2181, 10578, 1093, 9298, 8766, 1578, 706, 75940, 709, 264, 2763, 315, 21958, 323, 19459, 430, 499, 3463, 499, 1047, 27023, 449, 13, 1102, 596, 6724, 4725, 311, 2733, 83374, 323, 23023, 1285, 922, 279, 3347, 11, 5423, 994, 433, 596, 17791, 311, 264, 5199, 5133, 13, 3053, 499, 3371, 757, 810, 922, 1148, 596, 1027, 2133, 1555, 701, 4059, 2533, 9298, 8766, 30, 3639, 527, 1063, 315, 279, 3230, 19459, 477, 16024, 430, 617, 1027, 5108, 709, 369, 499, 30, 128009]",0.14556804671883583,391eb62b5e02e9d7fc1641bfc3dc5e5a596f8ea76135eaa3fe1f3da77edf1b62,2466.757905902341,0.0353790819644928,230.99425598047674,d6707a62ea1be68fc8ad11a68182263b9aed7dfe33541cbd0a91ae074b7252fe,1350,2472.759146010503,236.90148605965078,236.84992804192007,a77957ac71b7a0a7cb2ad08873e768abfdb5fc45893b743370756fcc27645be8,True,660,82,0.0073320697993040085,0,0.01557101495563984,,2,r2:state_21bae6b972f2df1611a6:me_r0,5ba22cad4653be7af587a3f168271a987bb3d9c2a553862f5c9530947f2dd0af,"It sounds like seeing Bill again has stirred up a lot of emotions and memories that you thought you had dealt with. It's completely normal to feel nostalgic and regretful about the past, especially when it's tied to a significant relationship. Can you tell me more about what's been going through your mind since seeing Bill? What are some of the specific memories or feelings that have been coming up for you?",2.713053021579981,p16:2,101,1,0.1073379535228014,2.97699891962111,3,state_21bae6b972f2df1611a6,p16,False
MP+RS,0,pm_off,"[2181, 10578, 1093, 9298, 8766, 1578, 706, 75940, 709, 264, 2763, 315, 21958, 323, 19459, 430, 499, 3463, 499, 1047, 27023, 449, 13, 3011, 649, 387, 2216, 92080, 323, 74109, 13, 3053, 499, 3371, 757, 810, 922, 1148, 596, 1027, 2133, 1555, 701, 4059, 2533, 279, 13123, 30, 3639, 527, 1063, 315, 279, 3230, 11555, 477, 16024, 430, 617, 1027, 64610, 369, 499, 30, 128009]",0.12670783326029778,391eb62b5e02e9d7fc1641bfc3dc5e5a596f8ea76135eaa3fe1f3da77edf1b62,1858.863630099222,0.04432885907590389,118.5148791410029,a53433420dcf9d1d5b50ebfe78e45804e924c80352fa0dbe0d785d313ab4d28b,649,2029.0849818848073,288.66618289612234,288.6095230933279,62a889df8207f523b7e803c3e79db0e7f44f91d309d0adf150d5dbe1e1c2f785,True,661,65,5.799490958452225,1,0.03584800288081169,True,2,r2:state_21bae6b972f2df1611a6:pm_off,aed0b26b41ab57240d7e8093dc2b2fb2462e01bdde3583c5b241bd8da642d5d1,It sounds like seeing Bill again has stirred up a lot of emotions and memories that you thought you had dealt with. That can be really unsettling and draining. Can you tell me more about what's been going through your mind since the encounter? What are some of the specific thoughts or feelings that have been lingering for you?,162.147511029616,p16:2,101,2,0.10951096192002296,1.957954140380025,3,state_21bae6b972f2df1611a6,p16,False
MPMSME+RS,0,fixed_off,"[2181, 10578, 1093, 9298, 8766, 1578, 706, 75940, 709, 264, 2763, 315, 21958, 323, 19459, 430, 499, 3463, 499, 1047, 27023, 449, 13, 1102, 596, 1093, 701, 4059, 323, 4851, 527, 4560, 311, 1920, 4395, 682, 927, 1578, 13, 3053, 499, 3371, 757, 810, 922, 1148, 596, 1027, 2133, 1555, 701, 4059, 323, 4851, 2533, 499, 5602, 1461, 30, 3639, 527, 1063, 315, 279, 19459, 323, 16024, 430, 2567, 5108, 709, 369, 499, 30, 128009]",0.12908503413200378,391eb62b5e02e9d7fc1641bfc3dc5e5a596f8ea76135eaa3fe1f3da77edf1b62,2359.9493131041527,0.05227886140346527,296.7387039680034,93b9e1ab64fa03bd2f4dc34ee321a2ab808f5b1ab419ba876612b8ad42b1ce82,1760,2530.0840800628066,466.8072899803519,466.7443858925253,d46a1e4009366e4c22d886d1b7a59a2b36a475f7487dcd86c1de0c2125821d74,True,662,75,0.007760943844914436,2,0.04985393024981022,True,2,r2:state_21bae6b972f2df1611a6:fixed_off,11b53b90ddbc9b7fcd880910349f07513a76cf1b0954a6ed2b7713b57b6510f5,It sounds like seeing Bill again has stirred up a lot of emotions and memories that you thought you had dealt with. It's like your mind and heart are trying to process everything all over again. Can you tell me more about what's been going through your mind and heart since you saw him? What are some of the memories and feelings that keep coming up for you?,165.71143316105008,p16:2,101,4,0.10857800953090191,4.07577701844275,3,state_21bae6b972f2df1611a6,p16,False
MSE+RS,0,rule_off,"[2181, 10578, 1093, 9298, 8766, 1578, 706, 75940, 709, 264, 2763, 315, 21958, 323, 19459, 430, 499, 3463, 499, 1047, 27023, 449, 13, 1102, 596, 1093, 701, 4059, 323, 4851, 527, 4560, 311, 1920, 4395, 682, 520, 3131, 11, 323, 433, 596, 9564, 499, 8430, 38683, 61508, 13, 3053, 499, 3371, 757, 810, 922, 1148, 596, 1027, 2133, 1555, 701, 4059, 2533, 499, 5602, 1461, 30, 3639, 527, 1063, 315, 279, 19459, 323, 16024, 430, 2567, 5108, 709, 369, 499, 30, 128009]",0.12504193000495434,391eb62b5e02e9d7fc1641bfc3dc5e5a596f8ea76135eaa3fe1f3da77edf1b62,2540.6779050827026,0.044147949665784836,295.98453105427325,76bee7acaa21ccc473b415b73d6c5ea155cde60d0442c55bb2c26d45de1704e4,1730,2708.649180131033,463.8810050673783,463.8307641725987,07604b4e681044b218f19b39e40b459bbd0509688b5bc10f7ebf9dcafda7175c,True,663,82,151.7575210891664,3,0.03936584107577801,True,2,r2:state_21bae6b972f2df1611a6:rule_off,93bd682b770fb4558f831340a57a15cf663cefc87d7ea172671476c0ba7736bb,"It sounds like seeing Bill again has stirred up a lot of emotions and memories that you thought you had dealt with. It's like your mind and heart are trying to process everything all at once, and it's leaving you feeling emotionally drained. Can you tell me more about what's been going through your mind since you saw him? What are some of the memories and feelings that keep coming up for you?",11.811468051746488,p16:2,101,3,0.10677101090550423,4.086959175765514,3,state_21bae6b972f2df1611a6,p16,False
M0+R0,0,context_only,"[2181, 10578, 1093, 420, 13123, 706, 2216, 75940, 709, 264, 2763, 315, 2362, 21958, 323, 19459, 13, 1102, 596, 6724, 4725, 311, 2733, 61508, 323, 68770, 839, 994, 584, 2351, 41782, 449, 81261, 16024, 13, 3053, 499, 3371, 757, 810, 922, 1148, 596, 1027, 2133, 1555, 701, 4059, 2533, 9298, 8766, 30, 3639, 527, 1063, 315, 279, 3230, 19459, 477, 16024, 430, 617, 1027, 5108, 709, 369, 499, 30, 128009]",0.20342296920716763,391eb62b5e02e9d7fc1641bfc3dc5e5a596f8ea76135eaa3fe1f3da77edf1b62,1931.0870389454067,0.033842166885733604,71.80356699973345,2c69d03b7a906bcf3998b8b97b2087f513f018bcfdc0b90613612b6976ec1b3f,314,1932.5258929748088,73.07049795053899,73.03899805992842,d2b4553d448f0b4a5a30924242f0c4888e86ac8d1d0d902d9727f142ca84f1a6,True,664,70,0.006529968231916428,4,0.008431961759924889,,2,r2:state_21bae6b972f2df1611a6:context_only,08496e2a5236201fad5af96647baed482236a599e53be13f168db46e7b2a0bd6,It sounds like this encounter has really stirred up a lot of old emotions and memories. It's completely normal to feel drained and unsettled when we're confronted with unresolved feelings. Can you tell me more about what's been going through your mind since seeing Bill? What are some of the specific memories or feelings that have been coming up for you?,0.023728003725409508,p16:2,101,0,0.11043297126889229,1.0524659883230925,3,state_21bae6b972f2df1611a6,p16,False
MSE+RS,0,pm_off,"[2181, 10578, 1093, 499, 2351, 8430, 2216, 21830, 922, 420, 5597, 11, 323, 433, 596, 47826, 17345, 389, 499, 13, 3053, 499, 3371, 757, 810, 922, 1148, 596, 1027, 2133, 1555, 701, 4059, 994, 499, 1781, 922, 279, 8882, 323, 1615, 315, 420, 502, 2683, 3085, 30, 3639, 527, 1063, 315, 279, 2574, 430, 527, 3339, 433, 2653, 369, 499, 311, 10491, 30, 128009]",0.17714104615151882,391eb62b5e02e9d7fc1641bfc3dc5e5a596f8ea76135eaa3fe1f3da77edf1b62,2030.7450441177934,0.06702193059027195,261.5651050582528,be1732aed9823224a1b131c52438e48234976c3e28be29427ef9fb416725c9c8,1573,2238.5902490932494,469.3455931264907,469.2331689875573,8d3ec92774755b416cb6036d274420edc4c72bf8ca011ce69c1dab08a27ec725,True,665,64,7.22423498518765,0,0.06421096622943878,True,2,r2:state_e3ae4b1a11e31be0e9cc:pm_off,539092c058fa807bfc01d1c0469a90a271efc6495f1fe482aa5525430d405b01,"It sounds like you're feeling really torn about this decision, and it's weighing heavily on you. Can you tell me more about what's been going through your mind when you think about the pros and cons of this new job offer? What are some of the things that are making it hard for you to decide?",195.24577306583524,p18:1,202,3,0.15877909027040005,4.9080438911914825,3,state_e3ae4b1a11e31be0e9cc,p18,False
ME+R0,0,me_r0,"[2181, 10578, 1093, 499, 2351, 15691, 264, 8987, 4785, 449, 420, 5597, 11, 323, 433, 596, 49839, 430, 499, 2351, 18290, 922, 3339, 279, 5076, 5873, 1578, 13, 3053, 499, 3371, 757, 810, 922, 1148, 596, 10168, 499, 1203, 505, 3339, 264, 5597, 430, 11321, 1314, 369, 499, 11, 8994, 279, 8882, 315, 279, 502, 2683, 3085, 30, 128009]",0.11194497346878052,391eb62b5e02e9d7fc1641bfc3dc5e5a596f8ea76135eaa3fe1f3da77edf1b62,1794.0136448014528,0.054969219490885735,198.9028318785131,92131d617ccbcfc6c63eb263cf93a88315288a9048665371097fd9fffb6c2b52,1278,1799.680762924254,204.52378294430673,204.4580050278455,2eb6883494006d9ef6e68a858ac81d078647c6ddd40ea898d5d1b044e4ac6a8d,True,666,59,0.010052928701043129,1,0.020838109776377678,,2,r2:state_e3ae4b1a11e31be0e9cc:me_r0,f6feea343cbbc5647799fec204c369431501dcf096d843fb21af9505e8da80da,"It sounds like you're carrying a heavy weight with this decision, and it's understandable that you're worried about making the wrong choice again. Can you tell me more about what's holding you back from making a decision that feels right for you, despite the pros of the new job offer?",1.666487893089652,p18:1,202,1,0.15639211051166058,3.646432887762785,3,state_e3ae4b1a11e31be0e9cc,p18,False
MSE+RS,0,rule_off,"[2181, 10578, 1093, 499, 2351, 8430, 2216, 21830, 922, 420, 5597, 11, 323, 433, 596, 47826, 17345, 389, 499, 13, 3053, 499, 3371, 757, 810, 922, 1148, 596, 1027, 2133, 1555, 701, 4059, 994, 499, 1781, 922, 279, 8882, 323, 1615, 315, 420, 502, 2683, 3085, 30, 3639, 527, 1063, 315, 279, 2574, 430, 527, 3339, 433, 2653, 369, 499, 311, 10491, 30, 128009]",0.1172330230474472,391eb62b5e02e9d7fc1641bfc3dc5e5a596f8ea76135eaa3fe1f3da77edf1b62,1997.459736885503,0.04182406701147556,259.5740109682083,be1732aed9823224a1b131c52438e48234976c3e28be29427ef9fb416725c9c8,1573,2291.8505519628525,553.8975649978966,553.8475930225104,8d3ec92774755b416cb6036d274420edc4c72bf8ca011ce69c1dab08a27ec725,True,667,64,147.62548310682178,2,0.044011976569890976,True,2,r2:state_e3ae4b1a11e31be0e9cc:rule_off,539092c058fa807bfc01d1c0469a90a271efc6495f1fe482aa5525430d405b01,"It sounds like you're feeling really torn about this decision, and it's weighing heavily on you. Can you tell me more about what's been going through your mind when you think about the pros and cons of this new job offer? What are some of the things that are making it hard for you to decide?",142.68099702894688,p18:1,202,3,0.11124694719910622,3.7700189277529716,3,state_e3ae4b1a11e31be0e9cc,p18,False
MPMSME+RS,0,fixed_off,"[2181, 10578, 1093, 499, 2351, 8430, 264, 2763, 315, 4785, 389, 701, 28004, 449, 420, 5597, 13, 3053, 499, 3371, 757, 810, 922, 1148, 596, 1027, 2133, 389, 449, 701, 3450, 596, 2512, 323, 1268, 430, 596, 74055, 701, 7446, 2324, 30, 128009]",0.10519707575440407,391eb62b5e02e9d7fc1641bfc3dc5e5a596f8ea76135eaa3fe1f3da77edf1b62,1425.2852108329535,0.043122097849845886,262.12436985224485,c95b5f49f0d207fcb2f482e7ae8d793e41c297b609aa55ea526298b6337f47bc,1603,1585.0525819696486,421.8410919420421,421.7865439131856,9dc7d4f713934f9dbeb4a5cb4561d0f821c0d1789d3150ab8d62fe2c28f77640,True,668,43,0.0069320667535066605,3,0.04297797568142414,True,2,r2:state_e3ae4b1a11e31be0e9cc:fixed_off,9c5c5cb32de1f133f3e5cbaf56e5706a05dde661cf5402eeab2fff522d708f9f,It sounds like you're feeling a lot of weight on your shoulders with this decision. Can you tell me more about what's been going on with your mom's care and how that's impacting your daily life?,155.62433213926852,p18:1,202,4,0.11366186663508415,3.831147914752364,3,state_e3ae4b1a11e31be0e9cc,p18,False
M0+R0,0,context_only,"[2181, 10578, 1093, 499, 2351, 15691, 264, 2763, 315, 4785, 389, 701, 28004, 11, 539, 1120, 449, 279, 5597, 5196, 11, 719, 1101, 449, 279, 8850, 315, 3339, 2500, 5873, 430, 2643, 539, 990, 704, 13, 3053, 499, 3371, 757, 810, 922, 1148, 596, 1027, 2133, 1555, 701, 4059, 994, 499, 1781, 922, 3339, 264, 5597, 430, 2643, 3063, 311, 23023, 30, 128009]",0.20103296265006065,391eb62b5e02e9d7fc1641bfc3dc5e5a596f8ea76135eaa3fe1f3da77edf1b62,1750.199144007638,0.03530411049723625,72.18973198905587,7faf26fc4759b5749616560dfb2e653d0c603da36e482321c5ab597fe5d10c21,317,1751.6125941183418,73.43228603713214,73.40214913710952,37f4864d2f185f9f46f5eebab7a5740bf59bb6b8451483b4add8210553149957,True,669,63,0.00736885704100132,4,0.008984934538602829,,2,r2:state_e3ae4b1a11e31be0e9cc:context_only,d9ef026a21047f0880f47df389418c40d7febd381ef15c6db918e00762b7710c,"It sounds like you're carrying a lot of weight on your shoulders, not just with the decision itself, but also with the fear of making another choice that might not work out. Can you tell me more about what's been going through your mind when you think about making a decision that might lead to regret?",0.023972010239958763,p18:1,202,0,0.10654516518115997,1.030242070555687,3,state_e3ae4b1a11e31be0e9cc,p18,False
MPMSME+RS,0,fixed_off,"[2181, 10578, 1093, 499, 2351, 8430, 264, 6651, 315, 21958, 922, 18667, 420, 39890, 1912, 482, 18547, 922, 11509, 704, 323, 1694, 45487, 11, 719, 1101, 264, 5647, 315, 12014, 311, 1935, 2512, 315, 701, 7106, 2890, 13, 3053, 499, 3371, 757, 810, 922, 1148, 596, 10168, 499, 1203, 505, 4737, 420, 3094, 11, 323, 1148, 596, 3339, 499, 1781, 433, 2643, 387, 5922, 4560, 30, 128009]",0.12110499665141106,391eb62b5e02e9d7fc1641bfc3dc5e5a596f8ea76135eaa3fe1f3da77edf1b62,2070.4029509797692,0.06553507409989834,244.98595087789,3b5801c6cc0601065eb72f0b643998d0ad55b89c0c70156d6c5e4494899db002,1509,2282.6438760384917,457.18306908383965,457.1057709399611,5ee53d2c6546ed44afdc055b3dfeef662564dec0b4be501b6b51ed4202fba2dc,True,670,67,0.010553048923611641,0,0.06831204518675804,True,2,r2:state_6496c9e69ce2bb7f9473:fixed_off,d702d9658c22202edd79a10ac911d353103e9f1ffcee15fd1194cfe265d012fc,"It sounds like you're feeling a mix of emotions about joining this wellness group - anxiety about standing out and being judged, but also a sense of responsibility to take care of your physical health. Can you tell me more about what's holding you back from taking this step, and what's making you think it might be worth trying?",207.16668595559895,p9:1,303,4,0.1549909356981516,4.653743002563715,3,state_6496c9e69ce2bb7f9473,p9,False
M0+R0,0,context_only,"[2181, 10578, 1093, 499, 2351, 8430, 264, 6651, 315, 21958, 482, 18547, 922, 279, 1912, 11, 719, 1101, 264, 5647, 315, 32961, 311, 1935, 2512, 315, 701, 7106, 2890, 13, 3011, 649, 387, 264, 2216, 11292, 7858, 311, 387, 304, 13, 3053, 499, 3371, 757, 810, 922, 1148, 596, 10168, 499, 1203, 505, 1524, 4560, 279, 1912, 11, 8994, 14392, 433, 1436, 387, 11190, 369, 701, 2890, 30, 128009]",0.1365100033581257,391eb62b5e02e9d7fc1641bfc3dc5e5a596f8ea76135eaa3fe1f3da77edf1b62,1901.150647783652,0.03509502857923508,71.72053982503712,eb97258b10a33e052b961396d8dce407ebe640f3204c39bc32dc80193ff658ac,311,1902.5348138529807,73.00653494894505,72.96819589100778,adcb22ac3a69dd2cce300d0bca223579efc676db2627cb8d40a6b971dc456a54,True,671,69,0.006815185770392418,1,0.009143026545643806,,2,r2:state_6496c9e69ce2bb7f9473:context_only,6979dcd0609a510463efa7a2f185ef91ba670ce9621896d52f4cb00bfda781d9,"It sounds like you're feeling a mix of emotions - anxiety about the group, but also a sense of necessity to take care of your physical health. That can be a really tough spot to be in. Can you tell me more about what's holding you back from even trying the group, despite knowing it could be helpful for your health?",0.025742920115590096,p9:1,303,0,0.11040386743843555,1.0604560375213623,3,state_6496c9e69ce2bb7f9473,p9,False
ME+R0,0,me_r0,"[2181, 10578, 1093, 499, 2351, 8430, 264, 6651, 315, 21958, 922, 18667, 279, 39890, 1912, 11, 323, 430, 596, 6724, 49839, 13, 1102, 596, 2294, 430, 499, 2351, 61708, 701, 3674, 18547, 323, 19762, 311, 2686, 701, 7106, 2890, 13, 3053, 499, 3371, 757, 810, 922, 1148, 596, 10168, 499, 1203, 505, 4737, 430, 1176, 3094, 30, 3639, 596, 279, 12047, 39585, 15398, 430, 596, 40876, 499, 30, 128009]",0.1272088848054409,391eb62b5e02e9d7fc1641bfc3dc5e5a596f8ea76135eaa3fe1f3da77edf1b62,2035.1528760511428,0.03860797733068466,181.35539488866925,c66d6b9c42f8e29579d4526cd88f1d835a4b382df2edf382c8db8e02511eccd0,1135,2040.3268518857658,186.46605894900858,186.4021618384868,bd69b47356679e1718a81fa1088308508a642fd9e3aa092720789a2a4a92ef58,True,672,69,0.007072929292917252,2,0.014798017218708992,,2,r2:state_6496c9e69ce2bb7f9473:me_r0,6cf83ad9e46f40d6469f96a496f74eedc42a370eb5600dfc32e0a439968d962a,"It sounds like you're feeling a mix of emotions about joining the wellness group, and that's completely understandable. It's great that you're acknowledging your social anxiety and wanting to address your physical health. Can you tell me more about what's holding you back from taking that first step? What's the worst-case scenario that's worrying you?",2.128632040694356,p9:1,303,1,0.10942993685603142,2.74822604842484,3,state_6496c9e69ce2bb7f9473,p9,False
MSE+RS,0,rule_off,"[2181, 10578, 1093, 499, 2351, 8430, 264, 6651, 315, 21958, 922, 18667, 420, 39890, 1912, 11, 323, 430, 596, 6724, 49839, 13, 1472, 2351, 18290, 922, 11509, 704, 477, 1694, 45487, 11, 719, 520, 279, 1890, 892, 11, 499, 1440, 499, 1205, 311, 1935, 2512, 315, 701, 7106, 2890, 13, 3053, 499, 3371, 757, 810, 922, 1148, 596, 10168, 499, 1203, 505, 4737, 420, 3094, 30, 128009]",0.12067612260580063,391eb62b5e02e9d7fc1641bfc3dc5e5a596f8ea76135eaa3fe1f3da77edf1b62,2062.5450359657407,0.04227086901664734,242.718341993168,d14414bfe0cd8b52ada04383a4f0b346c62f3ea53c413ddbb54c141351ae912d,1483,2233.104322105646,413.21187606081367,413.15695201046765,8ba9cc38bf0da8342f845e6aba4c1d2385d748c4dcb2dd51ba778ce71e58ebbd,True,673,67,155.91357904486358,3,0.037393998354673386,True,2,r2:state_6496c9e69ce2bb7f9473:rule_off,c3fe64cd127c2709840f7874533a5d6d7fce3b0cc13e5fe782509d175068db7b,"It sounds like you're feeling a mix of emotions about joining this wellness group, and that's completely understandable. You're worried about standing out or being judged, but at the same time, you know you need to take care of your physical health. Can you tell me more about what's holding you back from taking this step?",10.941962944343686,p9:1,303,3,0.11159409768879414,3.3918090630322695,3,state_6496c9e69ce2bb7f9473,p9,False
MPMS+RS,0,pm_off,"[2181, 10578, 1093, 499, 2351, 8430, 2216, 36218, 922, 18667, 420, 39890, 1912, 11, 323, 430, 596, 49839, 2728, 701, 3925, 449, 3674, 18547, 13, 3053, 499, 3371, 757, 810, 922, 1148, 596, 10168, 499, 1203, 505, 1524, 13126, 433, 30, 3639, 596, 279, 12047, 39585, 15398, 430, 596, 40876, 499, 279, 1455, 30, 128009]",0.11772406287491322,391eb62b5e02e9d7fc1641bfc3dc5e5a596f8ea76135eaa3fe1f3da77edf1b62,1582.5111288577318,0.04492513835430145,120.62863283790648,aa229c5ee1c8508b5f5cae52c173ebf4847457bd27b5ed9a11b8e1591120825d,694,1754.531413083896,292.59414598345757,292.5311930011958,0c7bed307ccb6174fc4e011b56cf1eedb3ec58138ca014b37d558ed35d23f40b,True,674,55,5.931130843237042,4,0.03482610918581486,True,2,r2:state_6496c9e69ce2bb7f9473:pm_off,742c3f4fe3237966030aa91aa34bb210df9241ac3d9305798001dc3cea2fa6db,"It sounds like you're feeling really uncertain about joining this wellness group, and that's understandable given your history with social anxiety. Can you tell me more about what's holding you back from even considering it? What's the worst-case scenario that's worrying you the most?",163.7021240312606,p9:1,303,3,0.1131861936300993,2.076367847621441,3,state_6496c9e69ce2bb7f9473,p9,False
MPMSME+RS,0,fixed_off,"[2181, 10578, 1093, 279, 4785, 315, 9293, 420, 8577, 374, 2216, 18534, 1523, 389, 499, 13, 3053, 499, 3371, 757, 810, 922, 1148, 596, 10043, 701, 12876, 369, 4395, 311, 733, 39511, 30, 3639, 596, 279, 1455, 3062, 961, 315, 420, 8577, 369, 499, 30, 128009]",0.11291005648672581,391eb62b5e02e9d7fc1641bfc3dc5e5a596f8ea76135eaa3fe1f3da77edf1b62,1484.6014890354127,0.04235701635479927,241.35310808196664,2457e3f9dad37660b45bb79859d87259d19cb57e9b7ee8df122dede0c1db79ab,1479,1656.431649113074,413.138683186844,413.0703581031412,80833312092ece44b56a7718b8d3538de5defbf7d6aeccb93f8b030874f9ba52,True,675,46,0.008332077413797379,0,0.04024081863462925,True,2,r2:state_9e3983d41b32234f1cb8:fixed_off,18705c491c6fc2c538bf2a7a50aea51b74511a1043cf4c50a65f07738950f7ec,It sounds like the weight of planning this trip is really bearing down on you. Can you tell me more about what's driving your desire for everything to go smoothly? What's the most important part of this trip for you?,168.0749161168933,p3:2,101,4,0.11170096695423126,3.4397030249238014,3,state_9e3983d41b32234f1cb8,p3,False
MP+RS,0,pm_off,"[2181, 10578, 1093, 279, 7410, 311, 3197, 264, 4832, 8577, 374, 4737, 264, 26936, 389, 499, 13, 3053, 499, 3371, 757, 810, 922, 1148, 12716, 499, 16267, 11, 323, 1268, 499, 1781, 499, 649, 33435, 430, 1139, 420, 8577, 311, 1304, 433, 810, 32180, 369, 5127, 30, 128009]",0.11341087520122528,391eb62b5e02e9d7fc1641bfc3dc5e5a596f8ea76135eaa3fe1f3da77edf1b62,1372.969205956906,0.04378799349069595,104.7600929159671,96a999591c68c5cf2a475f903b4c176bb0a7e20e5366f9807791154d82477bcc,544,1548.1786669697613,279.90520698949695,279.85614305362105,8802998900bb584d7c3945bbaa8adf12b2dc116102e4e6295adbd6e2bd2b6d53,True,676,48,5.794620141386986,1,0.03070593811571598,True,2,r2:state_9e3983d41b32234f1cb8:pm_off,f709d809db6da53b03e698e279a47c02d0f7ea65fee9dffc9b7810769901dd39,"It sounds like the pressure to plan a perfect trip is taking a toll on you. Can you tell me more about what brings you joy, and how you think you can incorporate that into this trip to make it more enjoyable for everyone?",167.32608596794307,p3:2,101,2,0.11037196964025497,1.7904781270772219,3,state_9e3983d41b32234f1cb8,p3,False
M0+R0,0,context_only,"[2181, 10578, 1093, 279, 7410, 311, 1893, 264, 4832, 8577, 374, 4737, 264, 26936, 389, 701, 1664, 33851, 13, 1102, 596, 6724, 49839, 311, 1390, 311, 1304, 2771, 5127, 706, 264, 2294, 892, 11, 719, 433, 596, 1101, 3062, 311, 6227, 430, 433, 596, 17339, 422, 2574, 1541, 956, 733, 7041, 439, 13205, 13, 3053, 499, 3371, 757, 810, 922, 1148, 499, 1781, 1053, 3621, 422, 701, 4885, 3287, 956, 617, 264, 2294, 892, 30, 128009]",0.13510696589946747,391eb62b5e02e9d7fc1641bfc3dc5e5a596f8ea76135eaa3fe1f3da77edf1b62,2090.5891861766577,0.03543798811733723,71.48086512461305,ca2deef3f6e77008cf6d02c0c2831cf04261abaca7e8e67c2604e5850d113c8f,311,2091.9814750086516,72.77309591881931,72.73804699070752,35949ebf7f91f205ec76122052ba62d85c9e8a121239e23abead1e2cf884feb8,True,677,76,0.006258953362703323,2,0.008931150659918785,,2,r2:state_9e3983d41b32234f1cb8:context_only,6b895e7f32abb522e9b48e7bd0ccb8392c0e7f19af8d308e20085d888d4e19bb,"It sounds like the pressure to create a perfect trip is taking a toll on your well-being. It's completely understandable to want to make sure everyone has a great time, but it's also important to remember that it's okay if things don't go exactly as planned. Can you tell me more about what you think would happen if your friends didn't have a great time?",0.024274922907352448,p3:2,101,0,0.11202204041182995,1.0702568106353283,3,state_9e3983d41b32234f1cb8,p3,False
MSE+RS,0,rule_off,"[2181, 10578, 1093, 279, 4785, 315, 9293, 420, 8577, 374, 2216, 18534, 1523, 389, 499, 13, 3053, 499, 3371, 757, 810, 922, 1148, 596, 10043, 701, 12876, 369, 4395, 311, 733, 39511, 30, 3639, 596, 279, 1455, 3062, 961, 315, 420, 8577, 369, 499, 30, 128009]",0.12424192391335964,391eb62b5e02e9d7fc1641bfc3dc5e5a596f8ea76135eaa3fe1f3da77edf1b62,1491.9981111306697,0.04471396096050739,246.3015599641949,7a034aa542a6558c2fa3ef3ff7490095faebfd0fa6911065dc0857f373015a63,1453,1667.9682910908014,422.19886207021773,422.1474980004132,e7cc0c913a811b304e43582a700903f8043eaf6a72d5764995d8edaaf45a7d6d,True,678,46,160.54171789437532,3,0.035558827221393585,True,2,r2:state_9e3983d41b32234f1cb8:rule_off,18705c491c6fc2c538bf2a7a50aea51b74511a1043cf4c50a65f07738950f7ec,It sounds like the weight of planning this trip is really bearing down on you. Can you tell me more about what's driving your desire for everything to go smoothly? What's the most important part of this trip for you?,11.762272100895643,p3:2,101,3,0.1073621679097414,3.3543130848556757,3,state_9e3983d41b32234f1cb8,p3,False
ME+R0,0,me_r0,"[2181, 10578, 1093, 499, 2351, 15691, 264, 2763, 315, 4785, 389, 701, 28004, 11, 323, 433, 596, 912, 5895, 499, 2351, 8430, 38100, 922, 420, 8577, 13, 1102, 596, 2294, 430, 499, 2351, 61708, 701, 24087, 323, 19762, 311, 1304, 2771, 5127, 706, 264, 1695, 892, 13, 3053, 499, 3371, 757, 810, 922, 1148, 499, 1781, 1053, 1304, 420, 8577, 264, 2450, 11, 323, 1148, 499, 2351, 16026, 311, 11322, 555, 9293, 433, 30, 128009]",0.18496904522180557,391eb62b5e02e9d7fc1641bfc3dc5e5a596f8ea76135eaa3fe1f3da77edf1b62,2250.7577820215374,0.040460145100951195,194.12703206762671,089657ff298aa4aace7812449f0a4af4f4d83860d7dff8166fa2b2e8a67eaaa2,1179,2257.3149271775037,200.59033017605543,200.4992081783712,38aee7925b8322a96898d8b03389c8ccca14c8118e055f1732689f6420c8cd49,True,679,75,0.008016126230359077,4,0.017276033759117126,,2,r2:state_9e3983d41b32234f1cb8:me_r0,a2f8ad2c00b204d4c2dd29fb2157ef5593b76fcfa48a4156e9fbcdfcf58c6e52,"It sounds like you're carrying a lot of weight on your shoulders, and it's no wonder you're feeling anxious about this trip. It's great that you're acknowledging your fears and wanting to make sure everyone has a good time. Can you tell me more about what you think would make this trip a success, and what you're hoping to achieve by planning it?",3.068016842007637,p3:2,101,1,0.12814602814614773,3.110260935500264,3,state_9e3983d41b32234f1cb8,p3,False
MPMSME+RS,0,fixed_off,"[2181, 10578, 1093, 82509, 269, 28439, 374, 7999, 264, 6324, 315, 23965, 311, 701, 16024, 922, 420, 502, 6776, 13, 1102, 596, 6724, 4725, 311, 2733, 36218, 922, 701, 18000, 11, 5423, 994, 4737, 389, 264, 502, 8815, 13, 20474, 430, 499, 3077, 1027, 6992, 304, 701, 7076, 779, 3117, 11, 323, 430, 596, 264, 61300, 311, 701, 7512, 323, 3217, 13, 1102, 2643, 387, 11190, 311, 5357, 389, 701, 36486, 323, 279, 29600, 430, 617, 6197, 311, 701, 3347, 48188, 13, 128009]",0.13189110904932022,391eb62b5e02e9d7fc1641bfc3dc5e5a596f8ea76135eaa3fe1f3da77edf1b62,2584.215796785429,0.045382184907794,304.83877984806895,8b76a43d069eca79f2c1cd0e5c0be8e25d725e77c5e27be61de8d76410c155f7,1839,2850.596772041172,571.1425561457872,571.0878639947623,931cdb5896520ab2360b5566721a1ac8714581ddaffd59598f38f3405a224019,True,680,83,0.00992603600025177,0,0.04519312642514706,True,2,r2:state_095e7d5a576866ef0fd9:fixed_off,613fdb412192682a3253a252498d37bd52a41375757473846a0bc413039adbd7,"It sounds like impostor syndrome is adding a layer of complexity to your feelings about this new opportunity. It's completely normal to feel uncertain about your abilities, especially when taking on a new challenge. Remember that you've been successful in your career so far, and that's a testament to your skills and experience. It might be helpful to focus on your strengths and the qualities that have led to your past successes.",261.755698826164,p16:1,101,4,0.16290810890495777,4.229975864291191,8,state_095e7d5a576866ef0fd9,p16,False
MSE+RS,0,rule_off,"[2181, 5097, 264, 2763, 315, 25775, 311, 25670, 323, 4430, 922, 82509, 269, 28439, 13, 1102, 596, 6724, 4725, 311, 2733, 420, 1648, 11, 5423, 994, 4737, 389, 264, 502, 3560, 477, 12014, 13, 20474, 430, 499, 3077, 1027, 6992, 304, 701, 7076, 779, 3117, 11, 323, 430, 596, 264, 61300, 311, 701, 18000, 13, 1102, 596, 17339, 311, 2733, 36218, 11, 719, 1456, 539, 311, 1095, 1884, 16024, 7124, 499, 13, 1472, 3077, 2751, 420, 11, 323, 499, 2351, 539, 7636, 304, 8430, 420, 1648, 13, 128009]",0.13002404011785984,391eb62b5e02e9d7fc1641bfc3dc5e5a596f8ea76135eaa3fe1f3da77edf1b62,2722.6144201122224,0.044067855924367905,304.92573510855436,fa8722572f32f650f7425be0583897eed3cb9ffc7b06dc2cd0e57384fba97479,1809,2975.553452037275,557.781697018072,557.7347429934889,27e65da2d225118f4b504aa65657502829ad884896c1ee8e64dfd80b5e2dcdbe,True,681,88,235.08461797609925,1,0.04677404649555683,True,2,r2:state_095e7d5a576866ef0fd9:rule_off,5f7f35719c9bf1ef82c061edef808411bcaf00cc14d054dc46ff9cc2b4da21a6,"It takes a lot of courage to acknowledge and share about impostor syndrome. It's completely normal to feel this way, especially when taking on a new role or responsibility. Remember that you've been successful in your career so far, and that's a testament to your abilities. It's okay to feel uncertain, but try not to let those feelings define you. You've got this, and you're not alone in feeling this way.",13.287608046084642,p16:1,101,3,0.11584698222577572,4.230092978104949,8,state_095e7d5a576866ef0fd9,p16,False
MPMS+RS,0,pm_off,"[2181, 5097, 264, 2763, 315, 25775, 311, 25670, 323, 4430, 922, 82509, 269, 28439, 13, 1102, 596, 6724, 4725, 311, 2733, 420, 1648, 11, 5423, 994, 4737, 389, 264, 502, 323, 17436, 3560, 13, 20474, 430, 499, 3077, 1027, 6992, 304, 701, 7076, 779, 3117, 11, 323, 430, 596, 539, 2133, 311, 2349, 25402, 13, 1472, 617, 279, 7512, 323, 3217, 311, 3063, 420, 2447, 11, 323, 433, 596, 17339, 311, 4048, 323, 3139, 439, 499, 733, 13, 3639, 1053, 433, 1935, 369, 499, 311, 2733, 810, 16913, 304, 701, 18000, 1314, 1457, 30, 128009]",0.12523308396339417,391eb62b5e02e9d7fc1641bfc3dc5e5a596f8ea76135eaa3fe1f3da77edf1b62,2686.976599972695,0.04422594793140888,141.50393311865628,2d182c83e424e08cee3bc6376e06bccb35d7dbb4358ce4bb264863864068bbd4,784,2941.2741400301456,395.72351006790996,395.6762400921434,d02d38ce42bf5ee8292bdb3b2b981e829d29d079135bb010221cdafc16537567,True,682,95,7.245559943839908,2,0.03897189162671566,True,2,r2:state_095e7d5a576866ef0fd9:pm_off,a6237887cdaab71aefcffdbbeb419590ab5f1b26b1b118bed0b26b1b6b88f23d,"It takes a lot of courage to acknowledge and share about impostor syndrome. It's completely normal to feel this way, especially when taking on a new and challenging role. Remember that you've been successful in your career so far, and that's not going to change overnight. You have the skills and experience to lead this project, and it's okay to learn and grow as you go. What would it take for you to feel more confident in your abilities right now?",244.39318012446165,p16:1,101,3,0.11708308011293411,2.3332859855145216,8,state_095e7d5a576866ef0fd9,p16,False
M0+R0,0,context_only,"[4897, 649, 387, 264, 2216, 92890, 8430, 11, 1093, 499, 2351, 5496, 304, 264, 6926, 1614, 315, 330, 12840, 422, 1210, 1102, 596, 439, 422, 499, 2351, 18290, 430, 3885, 690, 7142, 701, 26617, 40206, 447, 27121, 323, 11913, 499, 25984, 398, 13, 3053, 499, 3371, 757, 810, 922, 1148, 433, 596, 1093, 311, 2733, 1093, 459, 737, 46501, 30, 3639, 527, 1063, 315, 279, 3230, 11555, 430, 2586, 709, 369, 499, 994, 499, 2351, 304, 420, 40543, 30, 128009]",0.19472790881991386,391eb62b5e02e9d7fc1641bfc3dc5e5a596f8ea76135eaa3fe1f3da77edf1b62,2248.4452340286225,0.03551202826201916,86.93755394779146,c13de0ec945a6e98b51aa4eafe74daed920904edbbbcb43381d42ffc05c15a26,444,2250.236724037677,88.56491511687636,88.53431604802608,d09ab9a5bc981e226fb2ebf6695d279ec211844625457b53ff46bf45ad86c773,True,683,80,0.006938120350241661,3,0.00940798781812191,,2,r2:state_095e7d5a576866ef0fd9:context_only,a350cb69dbda2ccf3e662a11758bf20b13183574cea5fd76b6252f7556c91819,"That can be a really debilitating feeling, like you're living in a constant state of ""what if."" It's as if you're worried that others will discover your perceived inadequacies and judge you harshly. Can you tell me more about what it's like to feel like an imposter? What are some of the specific thoughts that come up for you when you're in this mindset?",0.037594931200146675,p16:1,101,0,0.11432403698563576,1.3929849956184626,8,state_095e7d5a576866ef0fd9,p16,False
ME+R0,0,me_r0,"[40, 2846, 779, 16089, 499, 2733, 10882, 11821, 420, 449, 757, 13, 14727, 537, 269, 28439, 649, 387, 264, 2216, 92890, 8430, 11, 5423, 994, 499, 2351, 2736, 8430, 38100, 922, 264, 502, 3560, 13, 1102, 10578, 1093, 499, 2351, 10917, 264, 2763, 315, 7410, 389, 6261, 311, 387, 4832, 11, 323, 430, 596, 264, 8987, 23104, 311, 6920, 13, 3053, 499, 3371, 757, 810, 922, 1148, 499, 1781, 1053, 3621, 422, 499, 1051, 330, 327, 3950, 1, 439, 539, 14392, 3403, 477, 539, 1694, 13171, 3403, 30, 3639, 596, 279, 12047, 39585, 15398, 430, 596, 5737, 704, 304, 701, 4059, 30, 128009]",0.1378459855914116,391eb62b5e02e9d7fc1641bfc3dc5e5a596f8ea76135eaa3fe1f3da77edf1b62,3066.019275924191,0.05268608219921589,243.36279788985848,4c4174082a5a00db7385fd2df1e91bdab6740137ba99084a6f03044014d02df0,1508,3074.543338967487,251.84247409924865,251.7490149475634,9bd10215b8688087953956f487afaad127304cf3530e334725f8fc889a284039,True,684,103,0.009772833436727524,4,0.02330401912331581,,2,r2:state_095e7d5a576866ef0fd9:me_r0,730c0e7181fcff01e18074e993d8d96f1ef23748244ec7c03e705b4ee9a6abfd,"I'm so glad you feel comfortable sharing this with me. Impostor syndrome can be a really debilitating feeling, especially when you're already feeling anxious about a new role. It sounds like you're putting a lot of pressure on yourself to be perfect, and that's a heavy burden to carry. Can you tell me more about what you think would happen if you were ""exposed"" as not knowing enough or not being capable enough? What's the worst-case scenario that's playing out in your mind?",3.9211760740727186,p16:1,101,1,0.15382212586700916,4.2254559230059385,8,state_095e7d5a576866ef0fd9,p16,False
MSE+RS,0,rule_off,"[4897, 10578, 1093, 264, 2216, 13548, 3094, 11, 13126, 18667, 264, 2254, 4029, 1912, 13, 1102, 596, 2294, 430, 499, 2351, 7422, 922, 4737, 1957, 311, 3449, 502, 1274, 323, 9407, 701, 3674, 12960, 13, 3639, 596, 1027, 10168, 499, 1203, 505, 4737, 279, 1828, 3094, 323, 19261, 704, 311, 279, 1912, 30, 128009]",0.11859089136123657,391eb62b5e02e9d7fc1641bfc3dc5e5a596f8ea76135eaa3fe1f3da77edf1b62,1733.7281140498817,0.04131789319217205,264.87401593476534,e28b21b5ef51128d9165b77aba3da75825bff48eb3903da7ee174e0fa4a386ca,1658,2100.7307269610465,631.8117349874228,631.7580379545689,a74da35eb04ddc58b91a49687e23f04bd9d00509cdb27ddc2f7b599e4fd759cd,True,685,54,220.6499190069735,0,0.043517909944057465,True,2,r2:state_5995d11f3914014f832f:rule_off,cb571c4200a628ebdb1a0423129054a19040e680374a57c9c2e3df6a7018b645,"That sounds like a really exciting step, considering joining a local community group. It's great that you're thinking about taking action to meet new people and expand your social circle. What's been holding you back from taking the next step and reaching out to the group?",142.22601195797324,p12:2,202,3,0.10833307169377804,3.8149221800267696,8,state_5995d11f3914014f832f,p12,False
ME+R0,0,me_r0,"[2181, 10578, 1093, 499, 2351, 4737, 264, 2466, 3094, 555, 13126, 18667, 264, 4029, 1912, 11, 323, 430, 5097, 264, 2763, 315, 25775, 13, 3639, 656, 499, 1781, 374, 279, 1455, 57697, 961, 315, 420, 3217, 369, 499, 1314, 1457, 30, 2209, 433, 279, 8850, 315, 1694, 45487, 11, 477, 2555, 775, 30, 128009]",0.16248691827058792,391eb62b5e02e9d7fc1641bfc3dc5e5a596f8ea76135eaa3fe1f3da77edf1b62,1699.2061170749366,0.03492599353194237,231.0454100370407,c3d948e14655b3f93ce3bebc0cab15368b7d1df60c22d14521758f4f1b17e44d,1301,1705.152444075793,236.88305402174592,236.82925011962652,1221e162ecefec38b3c6dfb2cda5804cb73a88893ba5eb6009279cab47bbd308,True,686,54,0.007425900548696518,1,0.015500932931900024,,2,r2:state_5995d11f3914014f832f:me_r0,aaf63351f8d582b4bd5d836f615b0564133987302b3bc050ecb506da5ddbc57c,"It sounds like you're taking a big step by considering joining a community group, and that takes a lot of courage. What do you think is the most daunting part of this experience for you right now? Is it the fear of being judged, or something else?",2.695007948204875,p12:2,202,1,0.11353520676493645,2.9174441006034613,8,state_5995d11f3914014f832f,p12,False
MSE+RS,0,pm_off,"[4897, 10578, 1093, 264, 2216, 13548, 3094, 11, 13126, 18667, 264, 2254, 4029, 1912, 13, 1102, 596, 2294, 430, 499, 2351, 7422, 922, 4737, 1957, 311, 3449, 502, 1274, 323, 9407, 701, 3674, 12960, 13, 3639, 596, 1027, 10168, 499, 1203, 505, 4737, 279, 1828, 3094, 323, 19261, 704, 311, 279, 1912, 30, 128009]",0.11475896462798119,391eb62b5e02e9d7fc1641bfc3dc5e5a596f8ea76135eaa3fe1f3da77edf1b62,1731.1914020683616,0.06816582754254341,265.3340310789645,e28b21b5ef51128d9165b77aba3da75825bff48eb3903da7ee174e0fa4a386ca,1658,2029.5297720003873,563.6591671500355,563.5576420463622,a74da35eb04ddc58b91a49687e23f04bd9d00509cdb27ddc2f7b599e4fd759cd,True,687,54,8.596132975071669,2,0.06545498035848141,True,2,r2:state_5995d11f3914014f832f:pm_off,cb571c4200a628ebdb1a0423129054a19040e680374a57c9c2e3df6a7018b645,"That sounds like a really exciting step, considering joining a local community group. It's great that you're thinking about taking action to meet new people and expand your social circle. What's been holding you back from taking the next step and reaching out to the group?",284.2389380093664,p12:2,202,3,0.1523960381746292,5.102523136883974,8,state_5995d11f3914014f832f,p12,False
MPMSME+RS,0,fixed_off,"[4897, 10578, 1093, 264, 2216, 13548, 3094, 11, 13126, 18667, 264, 2254, 4029, 1912, 13, 1102, 596, 2294, 430, 499, 2351, 7422, 922, 4737, 1957, 311, 3449, 502, 1274, 323, 9407, 701, 3674, 12960, 13, 3639, 596, 1027, 10168, 499, 1203, 505, 4737, 279, 1828, 3094, 323, 19261, 704, 311, 279, 1912, 30, 128009]",0.10971911251544952,391eb62b5e02e9d7fc1641bfc3dc5e5a596f8ea76135eaa3fe1f3da77edf1b62,1749.432838987559,0.04119798541069031,281.04779007844627,9d959a4fbf27b24aeb6f0e40b5def7479c1ba44a9519b9a1e21dda28fa11a3de,1684,1990.068871062249,521.6303979977965,521.5741030406207,dcdf6b407d3785ed780be9914a3e1b93cfb98f0f98337002d419a3a86163bda8,True,688,54,0.006357906386256218,3,0.043928856030106544,True,2,r2:state_5995d11f3914014f832f:fixed_off,cb571c4200a628ebdb1a0423129054a19040e680374a57c9c2e3df6a7018b645,"That sounds like a really exciting step, considering joining a local community group. It's great that you're thinking about taking action to meet new people and expand your social circle. What's been holding you back from taking the next step and reaching out to the group?",236.4267441444099,p12:2,202,4,0.10976404882967472,3.898320021107793,8,state_5995d11f3914014f832f,p12,False
M0+R0,0,context_only,"[4897, 10578, 1093, 264, 2294, 3094, 7119, 4737, 1957, 323, 4857, 701, 3674, 13537, 13, 1102, 596, 6724, 4725, 311, 2733, 38100, 922, 433, 11, 719, 6227, 430, 5127, 8638, 15038, 11, 323, 433, 596, 17339, 311, 1304, 21294, 13, 3639, 596, 832, 2678, 3245, 499, 1436, 656, 311, 10772, 6261, 369, 18667, 279, 4029, 1912, 11, 1093, 45243, 279, 1912, 596, 7640, 477, 7556, 311, 4423, 889, 596, 2736, 264, 4562, 30, 128009]",0.13077305629849434,391eb62b5e02e9d7fc1641bfc3dc5e5a596f8ea76135eaa3fe1f3da77edf1b62,2055.657765828073,0.03513414412736893,86.90555789507926,800e6a03014149c4fe358890599c654e24e8851760ea28b78e74cdd2ae7e1664,447,2057.294751983136,88.45096500590444,88.41177099384367,9659de57756423c6d43760b35611dee141b83cc27ffb33b03d80487bc5220ad5,True,689,74,0.0063069164752960205,4,0.00944104976952076,,2,r2:state_5995d11f3914014f832f:context_only,d35018f62474903b0df5a74762e46e4e0177aa812bd82365e0cc1d7898177bb3,"That sounds like a great step towards taking action and building your social connections. It's completely normal to feel anxious about it, but remember that everyone starts somewhere, and it's okay to make mistakes. What's one small thing you could do to prepare yourself for joining the community group, like researching the group's activities or talking to someone who's already a member?",0.03261305391788483,p12:2,202,0,0.11043809354305267,1.3122798409312963,8,state_5995d11f3914014f832f,p12,False
MPMS+RS,0,pm_off,"[2181, 10578, 1093, 279, 4785, 315, 9293, 420, 8577, 374, 2216, 18534, 1523, 389, 499, 13, 3053, 499, 3371, 757, 810, 922, 1148, 596, 10043, 701, 12876, 311, 1304, 2771, 4395, 374, 4832, 30, 2209, 433, 264, 8850, 315, 39223, 701, 4885, 11, 477, 2555, 775, 11622, 30, 128009]",0.11057988740503788,391eb62b5e02e9d7fc1641bfc3dc5e5a596f8ea76135eaa3fe1f3da77edf1b62,1420.9724620450288,0.044720014557242393,122.10147199220955,478e7dfc244d9475c8c4628e657d1ba3c34e437f296f264b62c1f9d677336fd5,723,1596.5948889497668,297.65458102338016,297.61331900954247,bc1efddc16d940978c451ff219fc52e91d4db643dca0845f449b79ee575155a0,True,690,49,5.8163539506495,0,0.03346987068653107,True,2,r2:state_9f80d2122468a6feed9e:pm_off,52b110e9357ca08fcfcde5a492821a2ee3cbb52fce2f0c7a6b0b8865fdef9310,"It sounds like the weight of planning this trip is really bearing down on you. Can you tell me more about what's driving your desire to make sure everything is perfect? Is it a fear of disappointing your friends, or something else entirely?",167.40243206731975,p3:2,303,3,0.10581803508102894,2.1090530790388584,3,state_9f80d2122468a6feed9e,p3,False
ME+R0,0,me_r0,"[2181, 10578, 1093, 499, 2351, 15691, 264, 2763, 315, 4785, 389, 701, 28004, 11, 323, 433, 596, 49839, 430, 499, 1390, 311, 1304, 2771, 5127, 706, 264, 2294, 892, 13, 3053, 499, 3371, 757, 810, 922, 1148, 596, 10043, 701, 12876, 369, 39143, 30, 2209, 433, 264, 8850, 315, 39223, 701, 4885, 11, 477, 2555, 775, 30, 128009]",0.11551217176020145,391eb62b5e02e9d7fc1641bfc3dc5e5a596f8ea76135eaa3fe1f3da77edf1b62,1749.3468499742448,0.04007783718407154,193.51204298436642,0a64c2688364f831e533e5ac23b122087af2cb386bc369089ff1ccf5c6f6db7a,1165,1754.9236239865422,199.02281183749437,198.9733048249036,b38fa0839cb862f9e6aa7660ce123c86ef50fe5013016e93f7b3c3ea0286d4a0,True,691,58,0.006454065442085266,1,0.014708144590258598,,2,r2:state_9f80d2122468a6feed9e:me_r0,2c546ac96f190e91f4b0a97d70d60bd6ec5654867c91005e5ba806f1918176ee,"It sounds like you're carrying a lot of weight on your shoulders, and it's understandable that you want to make sure everyone has a great time. Can you tell me more about what's driving your desire for perfection? Is it a fear of disappointing your friends, or something else?",2.6497559156268835,p3:2,303,1,0.1079158391803503,2.642350038513541,3,state_9f80d2122468a6feed9e,p3,False
MSE+RS,0,rule_off,"[2181, 10578, 1093, 279, 4785, 315, 9293, 420, 9178, 70993, 374, 2216, 18534, 1523, 389, 499, 13, 3053, 499, 3371, 757, 810, 922, 1148, 596, 10043, 701, 12876, 311, 1304, 2771, 4395, 5900, 14268, 30, 2209, 433, 264, 8850, 315, 39223, 701, 4885, 11, 477, 2555, 775, 11622, 30, 128009]",0.16748998314142227,391eb62b5e02e9d7fc1641bfc3dc5e5a596f8ea76135eaa3fe1f3da77edf1b62,1623.086032923311,0.04357099533081055,258.14706087112427,91373efe4fc6a0aaf224be0d1cf1ef1710252d6a9cfc7f391d59f7267967eadf,1539,1799.7789809014648,434.72172785550356,434.67251886613667,48da0eb94f419b1a03f3378c98014ebfde43b30f0d9651d5a1d20294e14dbd46,True,692,50,161.28381015732884,2,0.03981706686317921,True,2,r2:state_9f80d2122468a6feed9e:rule_off,0ebf9fd90717ece4df807627f939785d33da586dc50b2fed787d633bc0d11128,"It sounds like the weight of planning this weekend getaway is really bearing down on you. Can you tell me more about what's driving your desire to make sure everything goes perfectly? Is it a fear of disappointing your friends, or something else entirely?",11.551962932571769,p3:2,303,3,0.1061528455466032,3.5001439973711967,3,state_9f80d2122468a6feed9e,p3,False
MPMSME+RS,0,fixed_off,"[2181, 10578, 1093, 279, 4785, 315, 9293, 420, 9178, 70993, 374, 2216, 18534, 1523, 389, 499, 13, 3053, 499, 3371, 757, 810, 922, 1148, 596, 10043, 701, 12876, 311, 1304, 2771, 4395, 5900, 14268, 30, 2209, 433, 264, 8850, 315, 39223, 701, 4885, 11, 477, 2555, 775, 11622, 30, 128009]",0.11032703332602978,391eb62b5e02e9d7fc1641bfc3dc5e5a596f8ea76135eaa3fe1f3da77edf1b62,1623.3883199747652,0.06365589797496796,260.57592197321355,6f878b65ede188abce2b59666351c9b033064a102302498140a9e707af9e2497,1565,1840.9455630462617,478.1242411118001,478.022838011384,744d49acfca98b1fa948a3dd698b4fc02a873f1807104c212827c439aaa44ea1,True,693,50,0.009937910363078117,3,0.06912299431860447,True,2,r2:state_9f80d2122468a6feed9e:fixed_off,0ebf9fd90717ece4df807627f939785d33da586dc50b2fed787d633bc0d11128,"It sounds like the weight of planning this weekend getaway is really bearing down on you. Can you tell me more about what's driving your desire to make sure everything goes perfectly? Is it a fear of disappointing your friends, or something else entirely?",212.41782209835947,p3:2,303,4,0.15995115973055363,4.726425977423787,3,state_9f80d2122468a6feed9e,p3,False
M0+R0,0,context_only,"[2181, 10578, 1093, 279, 4785, 315, 12014, 374, 2216, 18534, 1523, 389, 499, 13, 1102, 596, 49839, 430, 499, 1390, 311, 1893, 264, 3361, 3217, 369, 701, 4885, 11, 719, 433, 596, 1101, 17339, 311, 25670, 430, 499, 649, 956, 2585, 4395, 13, 3053, 499, 3371, 757, 810, 922, 1148, 596, 10043, 701, 1205, 369, 39143, 304, 420, 6671, 30, 128009]",0.12158113531768322,391eb62b5e02e9d7fc1641bfc3dc5e5a596f8ea76135eaa3fe1f3da77edf1b62,1687.0932700112462,0.03978493623435497,71.80706411600113,65073c3e867af5bd62da2ce596f729acc3f75dfccdba46718c2c55e6f92e548d,314,1688.4984790813178,73.13765003345907,73.09069205075502,ace22674e3f64500c710e25584efc82355390c7f9c852afee1cdcc31a273f3d5,True,694,61,0.007200054824352264,4,0.00878283753991127,,2,r2:state_9f80d2122468a6feed9e:context_only,ef395ce66766f7a5de30e0e51ce85f6d1ab1f3236d4ea64f1d35178c3bbe3ae5,"It sounds like the weight of responsibility is really bearing down on you. It's understandable that you want to create a special experience for your friends, but it's also okay to acknowledge that you can't control everything. Can you tell me more about what's driving your need for perfection in this situation?",0.026608118787407875,p3:2,303,0,0.11051492765545845,1.09073705971241,3,state_9f80d2122468a6feed9e,p3,False
MPMS+RS,0,pm_off,"[2181, 10578, 1093, 11821, 701, 4443, 3446, 922, 38464, 323, 1202, 5536, 389, 701, 14604, 11774, 374, 264, 20134, 719, 1101, 66388, 3217, 369, 499, 13, 3639, 527, 1063, 315, 279, 3230, 24087, 477, 38145, 430, 2586, 709, 369, 499, 994, 7422, 922, 11821, 420, 961, 315, 701, 3446, 389, 279, 7090, 30, 128009]",0.11533894576132298,391eb62b5e02e9d7fc1641bfc3dc5e5a596f8ea76135eaa3fe1f3da77edf1b62,1553.681262070313,0.04458497278392315,120.72742008604109,2e40cce6ba5817ea479e10dc96e2ae1848cd5e1696f323d8d8117643b59a5f9c,680,1727.0251768641174,293.99890382774174,293.95599593408406,f3d8ba9fbb881047ff39900e0726280acd4591b1d21af51ddb71160b0933d04b,True,695,54,5.842166021466255,0,0.033866846933960915,True,2,r2:state_171ecc90e75224aaa806:pm_off,ee1026e526dee5de6f09b7a401fa09755fd342cdb8c103f98b92327e38961138,It sounds like sharing your personal story about hiking and its impact on your emotional challenges is a vulnerable but also empowering experience for you. What are some of the specific fears or worries that come up for you when thinking about sharing this part of your story on the panel?,165.13665113598108,p4:1,101,3,0.10744482278823853,2.0638620480895042,3,state_171ecc90e75224aaa806,p4,False
MSE+RS,0,rule_off,"[2181, 10578, 1093, 11821, 701, 4443, 3446, 922, 38464, 323, 1202, 5536, 389, 701, 14604, 11774, 374, 264, 20134, 719, 13548, 6776, 369, 499, 13, 3639, 527, 1063, 315, 279, 3230, 14269, 477, 11704, 505, 701, 38464, 11879, 430, 499, 1781, 1053, 387, 1455, 23222, 311, 4430, 449, 279, 7090, 10430, 30, 128009]",0.11624814942479134,391eb62b5e02e9d7fc1641bfc3dc5e5a596f8ea76135eaa3fe1f3da77edf1b62,1696.6308469418436,0.04282803274691105,260.5774491094053,1c38fe7057f9f268802565fd008b3622c29bdcd12491f96a71e65b379938f84d,1593,1872.0630300231278,435.95176795497537,435.89338404126465,c4444f52f79cf7b2df5802be3c58bba3949c8b7c13e121637d59e6882e1d40a7,True,696,53,160.08286806754768,1,0.03596697933971882,True,2,r2:state_171ecc90e75224aaa806:rule_off,166d8654526c0da46106f3929d2e9b3e47df4355439c6afff4f7068516fa737a,It sounds like sharing your personal story about hiking and its impact on your emotional challenges is a vulnerable but exciting opportunity for you. What are some of the specific moments or experiences from your hiking journey that you think would be most meaningful to share with the panel discussion?,11.217473074793816,p4:1,101,3,0.10881689377129078,3.827981883659959,3,state_171ecc90e75224aaa806,p4,False
ME+R0,0,me_r0,"[2181, 10578, 1093, 11821, 701, 3446, 323, 11704, 449, 279, 38464, 6469, 706, 1027, 264, 2216, 8147, 1648, 369, 499, 311, 1920, 323, 3139, 13, 3639, 527, 1063, 315, 279, 3230, 24087, 477, 38145, 430, 2586, 709, 369, 499, 994, 7422, 922, 11821, 701, 4443, 3446, 449, 3885, 30, 128009]",0.11314800940454006,391eb62b5e02e9d7fc1641bfc3dc5e5a596f8ea76135eaa3fe1f3da77edf1b62,1562.0146109722555,0.03589806146919727,197.3136318847537,22cd2a337c6716f3d7219daf0219c7da5b84a6e89f545d3810d6c688259fbdd4,1268,1567.6471330225468,202.93379295617342,202.83300592564046,23c0f1388f5735c76cfed99b9694490feac0f80f3179bd62cca99fffa4852a75,True,697,50,0.006885966286063194,2,0.016184989362955093,,2,r2:state_171ecc90e75224aaa806:me_r0,885650ff38295ada40bc7fcb7bb8de7faccc99ecc4c7fbca6c0934d88b44d7eb,It sounds like sharing your story and experiences with the hiking club has been a really powerful way for you to process and grow. What are some of the specific fears or worries that come up for you when thinking about sharing your personal story with others?,2.4733010213822126,p4:1,101,1,0.11238106526434422,2.8747229371219873,3,state_171ecc90e75224aaa806,p4,False
MPMSME+RS,0,fixed_off,"[2181, 10578, 1093, 11821, 701, 4443, 3446, 922, 38464, 323, 1202, 5536, 389, 701, 14604, 11774, 374, 264, 20134, 719, 13548, 6776, 369, 499, 13, 3639, 527, 1063, 315, 279, 3230, 24087, 477, 38145, 430, 2586, 709, 369, 499, 994, 7422, 922, 11821, 420, 961, 315, 6261, 449, 3885, 30, 128009]",0.11246581561863422,391eb62b5e02e9d7fc1641bfc3dc5e5a596f8ea76135eaa3fe1f3da77edf1b62,1655.2233539987355,0.05469215102493763,263.64858890883625,a6d4301d6d02c2d5b2247618da6ab98b8b5dfe7a3ce4463f1bde895e4fa93de4,1625,1861.9298830162734,470.33310611732304,470.24265211075544,383bd34788c6570c5ba393d8aafbc652ad73c931eafd00792eb1268d76596fab,True,698,51,0.007775845006108284,3,0.05162297748029232,True,2,r2:state_171ecc90e75224aaa806:fixed_off,948470ce4ae4289ccb4d5b9a875871ece548bf876275bfbf17bdb6c086bc5a83,It sounds like sharing your personal story about hiking and its impact on your emotional challenges is a vulnerable but exciting opportunity for you. What are some of the specific fears or worries that come up for you when thinking about sharing this part of yourself with others?,201.9142701756209,p4:1,101,4,0.10847020894289017,4.457231843844056,3,state_171ecc90e75224aaa806,p4,False
M0+R0,0,context_only,"[4897, 10578, 17235, 8147, 323, 20134, 13, 1102, 596, 6366, 430, 499, 3077, 1766, 264, 1648, 311, 5613, 701, 21958, 1139, 2555, 6928, 323, 2324, 71260, 2923, 287, 13, 3639, 596, 832, 3245, 499, 2351, 1455, 16026, 311, 636, 4028, 311, 279, 10877, 994, 499, 4430, 701, 3446, 30, 128009]",0.11009001173079014,391eb62b5e02e9d7fc1641bfc3dc5e5a596f8ea76135eaa3fe1f3da77edf1b62,1390.4346788767725,0.03527803346514702,72.0723788253963,75689c64197d5718ff82e7199c50134625dd08a7040c735f4f1c728973ec7cb3,314,1391.7761088814586,73.33746389485896,73.30371881835163,a21c88b5965c73de76373103f9fb590fc29ac95a56b6b4c7489d65cc601e30d4,True,699,50,0.006871996447443962,4,0.00847596675157547,,2,r2:state_171ecc90e75224aaa806:context_only,1c18a15e547a08c71e88c3cec8c52563855cf90fb703271d49e4c39a9365de3e,That sounds incredibly powerful and vulnerable. It's beautiful that you've found a way to channel your emotions into something positive and life-affirming. What's one thing you're most hoping to get across to the audience when you share your story?,0.02584909088909626,p4:1,101,0,0.10728882625699043,1.047576079145074,3,state_171ecc90e75224aaa806,p4,False
ME+R0,0,me_r0,"[2181, 10578, 1093, 499, 2351, 8430, 264, 6651, 315, 21958, 11, 323, 433, 596, 17339, 430, 433, 596, 264, 29551, 1030, 2352, 13, 1102, 596, 6366, 430, 499, 2351, 61708, 279, 6981, 315, 14392, 499, 2351, 539, 7636, 304, 701, 38384, 11, 323, 430, 596, 264, 6908, 3094, 13, 3053, 499, 3371, 757, 810, 922, 1148, 596, 1027, 5108, 709, 369, 499, 304, 3878, 315, 34951, 323, 4814, 5552, 311, 701, 7126, 30, 3639, 527, 1063, 315, 279, 3230, 19459, 477, 69025, 430, 617, 1027, 20884, 4628, 369, 499, 30, 128009]",0.1955959014594555,391eb62b5e02e9d7fc1641bfc3dc5e5a596f8ea76135eaa3fe1f3da77edf1b62,2674.73998805508,0.03572995774447918,195.36618213169277,4f3ec12be3b758cbf7f7edbf5eda541d03c1b9b92b6b954e41809a972f73c7cd,1203,2679.958816850558,200.44851582497358,200.38941502571106,cecc8e89becad92b82a7fb2ae4a9265003ed0a85034d64b451ef78f2fed780f0,True,700,91,0.006754184141755104,0,0.01585017889738083,,2,r2:state_6a20132a23a99122e178:me_r0,02823a725c2c94c1f33acde1a7ede70c23cd5872ef9c0d8d20d79f9152b60642,"It sounds like you're feeling a mix of emotions, and it's okay that it's a rollercoaster. It's beautiful that you're acknowledging the comfort of knowing you're not alone in your grief, and that's a huge step. Can you tell me more about what's been coming up for you in terms of guilt and loss related to your father? What are some of the specific memories or regrets that have been surfacing for you?",2.0883288234472275,p5:2,303,1,0.1070038415491581,2.7695659082382917,3,state_6a20132a23a99122e178,p5,False
MSE+RS,0,rule_off,"[2181, 10578, 1093, 279, 38384, 1862, 1912, 706, 1027, 264, 2033, 35535, 3640, 20827, 369, 499, 11, 12967, 2225, 6981, 323, 7319, 51978, 13, 3053, 499, 3371, 757, 810, 922, 1148, 596, 1027, 1455, 17436, 369, 499, 304, 3878, 315, 279, 21958, 430, 617, 2586, 709, 30, 128009]",0.17480901442468166,391eb62b5e02e9d7fc1641bfc3dc5e5a596f8ea76135eaa3fe1f3da77edf1b62,1580.7221122086048,0.049862777814269066,263.80401803180575,29f5a90974a99d41a00bd05dd1b6f0e6476ceaaa598b1e358bcfdf5ea1d7d909,1626,1783.481399063021,466.4564689155668,466.3884958717972,ba197871152eb59cce32296f31c882339f5bccb56cc89a7f207156776d6540b1,True,701,48,184.58305904641747,1,0.04908791743218899,True,2,r2:state_6a20132a23a99122e178:rule_off,be9425ddb137b0526c4ea0cdf9b08bd879e9f39ec3609b3ed7e05b34761935d3,"It sounds like the grief support group has been a double-edged sword for you, bringing both comfort and increased sadness. Can you tell me more about what's been most challenging for you in terms of the emotions that have come up?",13.250089017674327,p5:2,303,3,0.14434498734772205,4.508034093305469,3,state_6a20132a23a99122e178,p5,False
MPMSME+RS,0,fixed_off,"[2181, 10578, 1093, 279, 38384, 1862, 1912, 706, 1027, 264, 2033, 35535, 3640, 20827, 369, 499, 11, 12967, 709, 2225, 6981, 323, 7319, 51978, 13, 3053, 499, 3371, 757, 810, 922, 1148, 596, 1027, 1455, 17436, 369, 499, 304, 3878, 315, 8863, 701, 21958, 323, 69025, 922, 701, 7126, 30, 128009]",0.11581997387111187,391eb62b5e02e9d7fc1641bfc3dc5e5a596f8ea76135eaa3fe1f3da77edf1b62,1650.5945790559053,0.04737102426588535,263.9637410175055,a149cdd7f65789c8f861fdef9ae6180d436e6d73d4954db72115434451224349,1652,2056.7215480841696,670.0308229774237,669.9748900718987,40149b2a05b7cf3f2c1e203281e0b1513b7b6ef8e243817a47b47b4e62ee9826,True,702,51,0.011309050023555756,2,0.05406886339187622,True,2,r2:state_6a20132a23a99122e178:fixed_off,5209041576c5f5cf774007f70676e6f2ae23cad3afceddf0f17878bd8985d94a,"It sounds like the grief support group has been a double-edged sword for you, bringing up both comfort and increased sadness. Can you tell me more about what's been most challenging for you in terms of processing your emotions and regrets about your father?",401.623560115695,p5:2,303,4,0.16325595788657665,4.111584043130279,3,state_6a20132a23a99122e178,p5,False
M0+R0,0,context_only,"[4897, 10578, 17235, 17436, 13, 1102, 596, 439, 422, 499, 2351, 60499, 264, 6485, 6651, 315, 21958, 11, 1405, 3717, 323, 6981, 527, 99892, 449, 6784, 323, 51978, 13, 3053, 499, 3371, 757, 810, 922, 1148, 596, 1027, 1455, 5107, 369, 499, 304, 11821, 701, 11704, 323, 16024, 30, 128009]",0.1254549715667963,391eb62b5e02e9d7fc1641bfc3dc5e5a596f8ea76135eaa3fe1f3da77edf1b62,1397.3504239693284,0.0338628888130188,71.84851611964405,4b0ca11234f2dc56ea1c7ff758926d348ceb5e0c049b36a049faf7a2afe0a273,315,1398.713227827102,73.12552095390856,73.08586500585079,6378ed42405354de8dffbf23ae6595ba559b08b8f71183ab8fb53867514dc65e,True,703,50,0.006031012162566185,3,0.0085409265011549,,2,r2:state_6a20132a23a99122e178:context_only,72bb2cf1ff8712d033665d2a1385c45c7ddf5f0107dd522464708854d46af0fe,"That sounds incredibly challenging. It's as if you're navigating a complex mix of emotions, where connection and comfort are intertwined with pain and sadness. Can you tell me more about what's been most difficult for you in sharing your experiences and feelings?",0.02396106719970703,p5:2,303,0,0.10825390927493572,1.0566990822553635,3,state_6a20132a23a99122e178,p5,False
MS+RS,0,pm_off,"[2181, 10578, 1093, 499, 2351, 25051, 264, 6651, 315, 21958, 11, 8430, 2225, 6981, 291, 555, 279, 3717, 449, 3885, 304, 279, 1912, 323, 43206, 555, 279, 21261, 315, 701, 1866, 16024, 13, 3053, 499, 3371, 757, 810, 922, 1148, 596, 1027, 1455, 17436, 369, 499, 304, 420, 1920, 30, 128009]",0.12220116332173347,391eb62b5e02e9d7fc1641bfc3dc5e5a596f8ea76135eaa3fe1f3da77edf1b62,1487.4412240460515,0.04388182424008846,123.66984901018441,2d90ccde6cb43a7526134bca7a445ef90f86909c486bc62eb4f65c5a935b9ee8,747,1658.9938839897513,295.1573389582336,295.1003077905625,f156c092c6c5d7f0dcb2dba0da57b465e1d2300ace8c9a41e3595005e2157db0,True,704,51,5.879760021343827,4,0.03431015647947788,True,2,r2:state_6a20132a23a99122e178:pm_off,1e6777b553620365075e81b647a322913e10c92d4059880d2d760ced91f9d63d,"It sounds like you're experiencing a mix of emotions, feeling both comforted by the connection with others in the group and overwhelmed by the intensity of your own feelings. Can you tell me more about what's been most challenging for you in this process?",163.11129601672292,p5:2,303,2,0.10901479981839657,2.2521959617733955,3,state_6a20132a23a99122e178,p5,False
MPMSME+RS,0,fixed_off,"[40, 2846, 779, 16089, 499, 6612, 10882, 11821, 420, 449, 757, 13, 1102, 5097, 264, 2763, 315, 25775, 311, 25670, 323, 3237, 1057, 16024, 11, 5423, 994, 433, 4131, 311, 2555, 439, 4443, 439, 75040, 323, 3347, 12135, 13, 1102, 10578, 1093, 499, 2351, 8430, 264, 2766, 16075, 323, 36218, 922, 701, 3938, 11, 323, 430, 596, 6724, 49839, 13, 19418, 499, 1093, 311, 3137, 810, 922, 1148, 596, 1027, 2133, 389, 323, 1268, 499, 3077, 1027, 8430, 2533, 279, 13306, 30, 128009]",0.13224990107119083,391eb62b5e02e9d7fc1641bfc3dc5e5a596f8ea76135eaa3fe1f3da77edf1b62,2542.6460239104927,0.0463330652564764,263.60249798744917,71fe5808212d342d49a8dfa18b2ffb3c775b28dc199b74e6a10d0204b4b2fde7,1644,2779.0609758812934,499.9512289650738,499.88520005717874,772ec45fb7f0f5dff90293202c09861d07a21e119a96f118524355d4effa2a7a,True,705,83,0.008276896551251411,0,0.04983600229024887,True,2,r2:state_7f1f924ade7a1af6ae77:fixed_off,fb1402c5d397984e3d2c60727722ff7aed7dd8ede6d448ee25c1f3fa1b812dc0,"I'm so glad you felt comfortable sharing this with me. It takes a lot of courage to acknowledge and express our feelings, especially when it comes to something as personal as loneliness and past relationships. It sounds like you're feeling a bit stuck and uncertain about your future, and that's completely understandable. Would you like to talk more about what's been going on and how you've been feeling since the wedding?",232.1064961142838,p6:2,303,4,0.1275870017707348,3.944172989577055,8,state_7f1f924ade7a1af6ae77,p6,False
M0+R0,0,context_only,"[40, 2846, 779, 16089, 499, 2351, 8430, 10882, 3403, 311, 4430, 420, 449, 757, 13, 1102, 5097, 264, 2763, 315, 25775, 311, 25670, 323, 17302, 16024, 315, 75040, 323, 31398, 13, 1102, 10578, 1093, 499, 2351, 49183, 430, 499, 2351, 2103, 10168, 8800, 3347, 12135, 11, 323, 430, 596, 264, 2466, 3094, 13, 3053, 499, 3371, 757, 810, 922, 1148, 596, 1027, 2133, 389, 449, 499, 2533, 701, 13219, 596, 13306, 30, 3639, 527, 1063, 315, 279, 21958, 430, 617, 1027, 40986, 369, 499, 30, 128009]",0.13809092342853546,391eb62b5e02e9d7fc1641bfc3dc5e5a596f8ea76135eaa3fe1f3da77edf1b62,2381.6732459235936,0.036695972084999084,86.62260184064507,6efc2a166d90f053db5284aa3a1f3233a389614032db68995b901d0644bb85b2,441,2383.369324961677,88.21290009655058,88.18058995530009,5a730eb2c3b9dd26b5b4a0d6fb17cb9e0ca37c96ef6436b83144595b86913e6a,True,706,86,0.006654998287558556,1,0.00989297404885292,,2,r2:state_7f1f924ade7a1af6ae77:context_only,f3cc16d184c035d516037434be2aaf2f710a36f9939d6fc0b8a120f7b6a32001,"I'm so glad you're feeling comfortable enough to share this with me. It takes a lot of courage to acknowledge and confront feelings of loneliness and isolation. It sounds like you're recognizing that you're still holding onto past relationships, and that's a big step. Can you tell me more about what's been going on with you since your sister's wedding? What are some of the emotions that have been arising for you?",0.035526929423213005,p6:2,303,0,0.11541415005922318,1.3538030907511711,8,state_7f1f924ade7a1af6ae77,p6,False
ME+R0,0,me_r0,"[40, 2846, 779, 16089, 499, 6612, 10882, 11821, 420, 449, 757, 13, 1102, 5097, 264, 2763, 315, 25775, 311, 25670, 323, 3237, 16024, 315, 75040, 11, 5423, 1306, 264, 5199, 1567, 1093, 701, 13219, 596, 13306, 13, 1102, 10578, 1093, 499, 2351, 49183, 430, 499, 2351, 2103, 8863, 701, 3347, 12135, 323, 430, 596, 28987, 701, 3118, 13, 19418, 499, 1093, 311, 13488, 1148, 430, 596, 1093, 369, 499, 11, 323, 1148, 499, 1781, 2643, 387, 11190, 304, 7366, 4741, 30, 128009]",0.12971600517630577,391eb62b5e02e9d7fc1641bfc3dc5e5a596f8ea76135eaa3fe1f3da77edf1b62,2457.918904023245,0.03765197470784187,230.95468617975712,d7ddc22b0eb7276d686d2feabff5cd66780782aadf1735e4b6da01475a3f8302,1297,2464.3543190322816,237.32089600525796,237.26038518361747,dd206dd7b8082a3af6128280e4ce1199b7d221e97aa086ea40285dbdcf9bb3ac,True,707,82,0.007416121661663055,2,0.015110010281205177,,2,r2:state_7f1f924ade7a1af6ae77:me_r0,26303f0230d969bf5f6381fcaf978080df37b0c379b4f5eb05d95384bb726945,"I'm so glad you felt comfortable sharing this with me. It takes a lot of courage to acknowledge and express feelings of loneliness, especially after a significant event like your sister's wedding. It sounds like you're recognizing that you're still processing your past relationships and that's affecting your present. Would you like to explore what that's like for you, and what you think might be helpful in moving forward?",3.2121699769049883,p6:2,303,1,0.11355406604707241,2.9197968542575836,8,state_7f1f924ade7a1af6ae77,p6,False
MSE+RS,0,rule_off,"[40, 2846, 779, 16089, 499, 6612, 10882, 11821, 420, 449, 757, 13, 1102, 5097, 264, 2763, 315, 25775, 311, 25670, 323, 3237, 1057, 16024, 11, 5423, 994, 433, 4131, 311, 2555, 439, 4443, 439, 75040, 323, 3347, 12135, 13, 1102, 10578, 1093, 499, 2351, 8430, 264, 2766, 16075, 323, 36218, 922, 701, 3938, 11, 323, 430, 596, 6724, 49839, 13, 19418, 499, 1093, 311, 3137, 810, 922, 1148, 596, 1027, 2133, 389, 323, 1268, 499, 3077, 1027, 8430, 2533, 279, 13306, 30, 128009]",0.1318750437349081,391eb62b5e02e9d7fc1641bfc3dc5e5a596f8ea76135eaa3fe1f3da77edf1b62,2551.047793822363,0.044927000999450684,262.7322699408978,7affc01621b53d8dec32ff4f07c8f416d632ba4dfab3fbc289e6f7475bb9ff27,1615,2790.122432867065,501.7643489409238,501.67503394186497,3f1f27c987326d554bd5e16c88eaa691928a122049018677b51a2cf52f3a7a9d,True,708,83,221.8035019468516,3,0.03801891580224037,True,2,r2:state_7f1f924ade7a1af6ae77:rule_off,fb1402c5d397984e3d2c60727722ff7aed7dd8ede6d448ee25c1f3fa1b812dc0,"I'm so glad you felt comfortable sharing this with me. It takes a lot of courage to acknowledge and express our feelings, especially when it comes to something as personal as loneliness and past relationships. It sounds like you're feeling a bit stuck and uncertain about your future, and that's completely understandable. Would you like to talk more about what's been going on and how you've been feeling since the wedding?",13.018116122111678,p6:2,303,3,0.11497293598949909,3.9232270792126656,8,state_7f1f924ade7a1af6ae77,p6,False
MSE+RS,0,pm_off,"[40, 2846, 779, 16089, 499, 6612, 10882, 11821, 420, 449, 757, 13, 1102, 5097, 264, 2763, 315, 25775, 311, 25670, 323, 3237, 1057, 16024, 11, 5423, 994, 433, 4131, 311, 2555, 439, 4443, 439, 75040, 323, 3347, 12135, 13, 1102, 10578, 1093, 499, 2351, 8430, 264, 2766, 16075, 323, 36218, 922, 701, 3938, 11, 323, 430, 596, 6724, 49839, 13, 19418, 499, 1093, 311, 3137, 810, 922, 1148, 596, 1027, 2133, 389, 323, 1268, 499, 3077, 1027, 8430, 2533, 279, 13306, 30, 128009]",0.19162707030773163,391eb62b5e02e9d7fc1641bfc3dc5e5a596f8ea76135eaa3fe1f3da77edf1b62,2543.704838026315,0.04463503137230873,262.72356999106705,7affc01621b53d8dec32ff4f07c8f416d632ba4dfab3fbc289e6f7475bb9ff27,1615,2782.7603821642697,501.6674459911883,501.58748705871403,3f1f27c987326d554bd5e16c88eaa691928a122049018677b51a2cf52f3a7a9d,True,709,83,7.192597957327962,4,0.04011509008705616,True,2,r2:state_7f1f924ade7a1af6ae77:pm_off,fb1402c5d397984e3d2c60727722ff7aed7dd8ede6d448ee25c1f3fa1b812dc0,"I'm so glad you felt comfortable sharing this with me. It takes a lot of courage to acknowledge and express our feelings, especially when it comes to something as personal as loneliness and past relationships. It sounds like you're feeling a bit stuck and uncertain about your future, and that's completely understandable. Would you like to talk more about what's been going on and how you've been feeling since the wedding?",227.6143350172788,p6:2,303,3,0.11814502067863941,3.8540889509022236,8,state_7f1f924ade7a1af6ae77,p6,False
MSE+RS,0,rule_off,"[2181, 10578, 1093, 499, 2351, 8430, 2216, 21830, 1990, 420, 2683, 6776, 323, 279, 1205, 311, 1935, 2512, 315, 701, 10723, 2890, 13, 3053, 499, 3371, 757, 810, 922, 1148, 596, 10168, 499, 1203, 505, 8430, 16913, 304, 701, 5597, 28846, 1920, 30, 3639, 527, 1063, 315, 279, 330, 12840, 12, 22589, 1, 430, 527, 10494, 499, 709, 520, 3814, 30, 128009]",0.17583905719220638,391eb62b5e02e9d7fc1641bfc3dc5e5a596f8ea76135eaa3fe1f3da77edf1b62,1979.1965850163251,0.06429105997085571,261.2133070360869,e1d6e2c6663a14924a62c8447a299484b66bc161d729fd1b8dbb33c142f5b422,1569,2258.4783900529146,540.4071109369397,540.3192730154842,a8934456fa6e6741f05fba0334434f90bc5205d20e9f85c4b2376c0c5c2ee86c,True,710,62,257.79243907891214,0,0.06120116449892521,True,2,r2:state_8448ef50b692441367a2:rule_off,bc575e7a4b2fa5bdd7b2f997caa52880b1351dc49eb51058aa869ff442f43f17,"It sounds like you're feeling really torn between this job opportunity and the need to take care of your mental health. Can you tell me more about what's holding you back from feeling confident in your decision-making process? What are some of the ""what-ifs"" that are keeping you up at night?",16.136264894157648,p15:1,303,3,0.18129195086658,4.870477830991149,8,state_8448ef50b692441367a2,p15,False
MSE+R0,0,pm_off,"[40, 2846, 1618, 311, 9020, 323, 1862, 499, 13, 1102, 10578, 1093, 499, 2351, 8430, 2216, 21830, 1990, 279, 2683, 3085, 323, 279, 1205, 369, 264, 10723, 2890, 1464, 13, 3053, 499, 3371, 757, 810, 922, 1148, 596, 10168, 499, 1203, 505, 3339, 264, 5597, 30, 3639, 527, 1063, 315, 279, 3230, 10742, 477, 24087, 430, 527, 10494, 499, 709, 520, 3814, 30, 128009]",0.1424979418516159,391eb62b5e02e9d7fc1641bfc3dc5e5a596f8ea76135eaa3fe1f3da77edf1b62,1991.6487929876894,0.051731010898947716,233.08190796524286,2015ed4f1fa5b2dead2712992038e40b65f779984663dbc8b0d244cb120d9b7d,1329,2009.7498430404812,251.14036817103624,251.04046007618308,cdebc5f0268a660903937dac9bbbecec5e3167ce786512c12099fada6ab60e9a,True,711,64,8.629645919427276,1,0.024470966309309006,True,2,r2:state_8448ef50b692441367a2:pm_off,7b0e57f5a1e8c3e928e34833b468d964b765b83ad0aa4bee471659384c4b9470,I'm here to listen and support you. It sounds like you're feeling really torn between the job offer and the need for a mental health break. Can you tell me more about what's holding you back from making a decision? What are some of the specific concerns or fears that are keeping you up at night?,5.29980193823576,p15:1,303,2,0.1589781604707241,3.7939241155982018,8,state_8448ef50b692441367a2,p15,False
MPMSME+RS,0,fixed_off,"[2181, 10578, 1093, 499, 2351, 8430, 2216, 21830, 1990, 420, 2683, 6776, 323, 4737, 2512, 315, 701, 10723, 2890, 13, 3053, 499, 3371, 757, 810, 922, 1148, 596, 10168, 499, 1203, 505, 8430, 16913, 304, 701, 5597, 28846, 1920, 30, 3639, 527, 1063, 315, 279, 330, 12840, 12, 22589, 1, 430, 527, 10494, 499, 709, 520, 3814, 30, 128009]",0.11371495202183723,391eb62b5e02e9d7fc1641bfc3dc5e5a596f8ea76135eaa3fe1f3da77edf1b62,1861.58835911192,0.04314281977713108,261.00316806696355,cb7f95746ec8f13a871f0c1d3b15e3e750a2251a8145c36efdcdf32c3b4b8805,1597,2092.59019093588,491.9572239741683,491.89128493890166,d7c5e64ff492e7606bd1a32d5eb6dd0eb5c66b8fcfb6b561dd4e82bfd64e7e7e,True,712,59,0.008390983566641808,2,0.04723295569419861,True,2,r2:state_8448ef50b692441367a2:fixed_off,c6da76ef365ea7a1a86e8ab076a9ca609a98f8d701f716d50d6ad4974bedb4f9,"It sounds like you're feeling really torn between this job opportunity and taking care of your mental health. Can you tell me more about what's holding you back from feeling confident in your decision-making process? What are some of the ""what-ifs"" that are keeping you up at night?",226.82395693846047,p15:1,303,4,0.13082101941108704,3.8345721550285816,8,state_8448ef50b692441367a2,p15,False
ME+R0,0,me_r0,"[2181, 10578, 1093, 499, 2351, 15691, 264, 2763, 315, 4785, 389, 701, 28004, 1314, 1457, 13, 1102, 596, 6724, 49839, 311, 2733, 9338, 6702, 922, 420, 2683, 3085, 323, 279, 1205, 369, 264, 10723, 2890, 1464, 13, 3053, 499, 3371, 757, 810, 922, 1148, 596, 10168, 499, 1203, 505, 3339, 264, 5597, 30, 3639, 527, 1063, 315, 279, 3230, 10742, 477, 24087, 430, 527, 10494, 499, 709, 520, 3814, 30, 128009]",0.11931406334042549,391eb62b5e02e9d7fc1641bfc3dc5e5a596f8ea76135eaa3fe1f3da77edf1b62,2107.0378869771957,0.03443798050284386,196.17621484212577,1818e64482dff32bdc9bbf6127319c75cf1a524c5645ac172755ee581f042aea,1232,2112.9801070783287,202.0440159831196,201.99912087991834,1e902641af3699a51d9dcf44b2abbe57fedb7f3d2fc2b4b439f28eda5b13ed21,True,713,71,0.0074999406933784485,3,0.015772180631756783,,2,r2:state_8448ef50b692441367a2:me_r0,9d6b69856cad95bfc30786e5e094a673066d9a9409f9e64153d164663088368f,It sounds like you're carrying a lot of weight on your shoulders right now. It's completely understandable to feel conflicted about this job offer and the need for a mental health break. Can you tell me more about what's holding you back from making a decision? What are some of the specific concerns or fears that are keeping you up at night?,2.875257981941104,p15:1,303,1,0.11111097410321236,2.778826979920268,8,state_8448ef50b692441367a2,p15,False
M0+R0,0,context_only,"[2181, 10578, 1093, 499, 2351, 15691, 264, 8987, 4785, 315, 27924, 323, 8850, 922, 1148, 596, 1888, 369, 499, 1314, 1457, 13, 3053, 499, 3371, 757, 810, 922, 1148, 596, 10043, 420, 8850, 315, 3339, 279, 5076, 5873, 30, 3639, 527, 1063, 315, 279, 4754, 16296, 430, 527, 40876, 499, 279, 1455, 30, 128009]",0.11280807666480541,391eb62b5e02e9d7fc1641bfc3dc5e5a596f8ea76135eaa3fe1f3da77edf1b62,1517.1732299495488,0.03486708737909794,87.00781804509461,d064f0f88766ec52a50e9a503a0720afdb4ad2ead08625f3f3ec49f9bca707fd,440,1518.8028579577804,88.56114093214273,88.52463797666132,dddcb89807cbf16670c15ec580c8bbf1d246283367b614010573d6d7ce8a5425,True,714,54,0.006553949788212776,4,0.009059906005859375,,2,r2:state_8448ef50b692441367a2:context_only,ef0abf86c6ca3662f1878f01475c2c38fa3f7842df22c2714b226d9824f43397,It sounds like you're carrying a heavy weight of uncertainty and fear about what's best for you right now. Can you tell me more about what's driving this fear of making the wrong choice? What are some of the potential consequences that are worrying you the most?,0.033191172406077385,p15:1,303,0,0.11108489707112312,1.3220629189163446,8,state_8448ef50b692441367a2,p15,False
M0+R0,0,context_only,"[2181, 10578, 1093, 499, 3077, 8040, 264, 3831, 5647, 315, 56062, 11, 902, 374, 2216, 85684, 13, 1102, 596, 6724, 4725, 311, 3488, 701, 18000, 323, 2733, 36218, 922, 701, 7076, 1853, 11, 5423, 994, 17011, 449, 19347, 323, 8631, 13, 3053, 499, 3371, 757, 810, 922, 1148, 596, 10168, 499, 1203, 505, 8430, 16913, 922, 420, 502, 6776, 30, 128009]",0.11654803529381752,391eb62b5e02e9d7fc1641bfc3dc5e5a596f8ea76135eaa3fe1f3da77edf1b62,1683.188219089061,0.03328896127641201,72.11264013312757,d9cefcebcaba2029a38a33f3c4464e6aae5ab79dc4de9ee49c409fad4eb14ee8,317,1684.5545801334083,73.39433906599879,73.36245314218104,dcc2896df65be867213cf2e6b62b67f41ddd0f1bfd2dbc8711e993b9d115edca,True,715,61,0.006720889359712601,0,0.008780043572187424,,2,r2:state_167ce1f68daa5eb1e2fe:context_only,faf1ee849df4e9c3ef136a36316d12c84c1f22ec10438a40e88e566cb2c99bea,"It sounds like you've developed a strong sense of resilience, which is really admirable. It's completely normal to question your abilities and feel uncertain about your career path, especially when faced with criticism and stress. Can you tell me more about what's holding you back from feeling confident about this new opportunity?",0.02589309588074684,p12:3,303,0,0.11032214388251305,1.0648078750818968,3,state_167ce1f68daa5eb1e2fe,p12,False
MPE+RS,0,pm_off,"[2181, 10578, 1093, 499, 2351, 8430, 264, 6651, 315, 21958, 922, 420, 502, 2683, 6776, 482, 28361, 922, 279, 4754, 369, 2731, 990, 26928, 8335, 323, 17632, 449, 701, 4443, 9021, 11, 719, 1101, 27924, 323, 47291, 2711, 922, 9564, 701, 1510, 2128, 323, 3560, 13, 3053, 499, 3371, 757, 810, 922, 1148, 596, 10168, 499, 1203, 505, 3339, 264, 5597, 30, 128009]",0.11749379336833954,391eb62b5e02e9d7fc1641bfc3dc5e5a596f8ea76135eaa3fe1f3da77edf1b62,1953.6492971237749,0.04450301639735699,243.70190408080816,6f54695bff6a4cc11de9bf873c54d25f21614bcf89ad210641bfa7804c9d18ff,1520,2134.848019806668,424.85432396642864,424.7831329703331,f4273149a1da9cab42d87522c8b23b15b5e9a1b39350577fb0b0e166182c01a1,True,716,63,5.970075028017163,1,0.04298100247979164,True,2,r2:state_167ce1f68daa5eb1e2fe:pm_off,dbe57006eb19174e7fe613a25eba6ed6b92b469737f57fd2946f546e86a7c91a,"It sounds like you're feeling a mix of emotions about this new job opportunity - excitement about the potential for better work-life balance and alignment with your personal goals, but also uncertainty and apprehension about leaving your current team and role. Can you tell me more about what's holding you back from making a decision?",171.3657600339502,p12:3,303,3,0.10983389802277088,3.5480759106576443,3,state_167ce1f68daa5eb1e2fe,p12,False
ME+R0,0,me_r0,"[2181, 10578, 1093, 499, 2351, 8430, 264, 6651, 315, 21958, 922, 420, 502, 2683, 6776, 11, 323, 430, 596, 6724, 4725, 13, 1102, 596, 2294, 430, 499, 2351, 4737, 279, 892, 311, 8881, 389, 701, 16024, 323, 2980, 1148, 596, 1888, 369, 701, 7076, 323, 4443, 6650, 13, 3053, 499, 3371, 757, 810, 922, 1148, 596, 10168, 499, 1203, 505, 3339, 264, 5597, 30, 2209, 433, 279, 27924, 315, 279, 9320, 1920, 11, 477, 2555, 775, 11622, 30, 128009]",0.1841401681303978,391eb62b5e02e9d7fc1641bfc3dc5e5a596f8ea76135eaa3fe1f3da77edf1b62,2338.692547986284,0.037485966458916664,197.44869810529053,e523a3a4c17ac7995ee6d5c97c1693cccf40aeb92e124f74de5adc52bb4fbe9b,1263,2344.068885082379,202.6940700598061,202.64089503325522,a782abd80ec7777f6b5f13e6288c96154db11f5212507078b4749f1a57cd1fee,True,717,79,0.006730901077389717,2,0.014973105862736702,,2,r2:state_167ce1f68daa5eb1e2fe:me_r0,0ac0af89097d648cbcb908dfdaecb69a2aae3a821c888045b920f8622dce2d4a,"It sounds like you're feeling a mix of emotions about this new job opportunity, and that's completely normal. It's great that you're taking the time to reflect on your feelings and consider what's best for your career and personal growth. Can you tell me more about what's holding you back from making a decision? Is it the uncertainty of the transition process, or something else entirely?",2.1929459180682898,p12:3,303,1,0.10903505608439445,2.83102598041296,3,state_167ce1f68daa5eb1e2fe,p12,False
MPMSME+RS,0,fixed_off,"[2181, 10578, 1093, 499, 2351, 8430, 264, 6651, 315, 21958, 922, 420, 502, 2683, 6776, 482, 28361, 922, 279, 4754, 369, 2731, 990, 26928, 8335, 11, 719, 1101, 27924, 323, 18547, 922, 9564, 701, 1510, 2128, 323, 3560, 13, 3053, 499, 3371, 757, 810, 922, 1148, 596, 10168, 499, 1203, 505, 8430, 810, 16913, 922, 420, 5597, 30, 128009]",0.12166518718004227,391eb62b5e02e9d7fc1641bfc3dc5e5a596f8ea76135eaa3fe1f3da77edf1b62,1878.9969328790903,0.06830994971096516,263.00948788411915,9ff7d796cd817d383c5bc02ffea3fb7b49d0316953ce09ed34333b80fafd95d6,1612,2099.296697182581,483.2592601887882,483.18758700042963,76c3d6cb74e60c69cef236afa5b9c6e891bb0a4eb4a867165a0b7aedd05f8106,True,718,59,0.010080169886350632,3,0.0729451421648264,True,2,r2:state_167ce1f68daa5eb1e2fe:fixed_off,5f5f1ebe28585e869325fb769d806070a8d8456e538057ef4f22319cf21f97b3,"It sounds like you're feeling a mix of emotions about this new job opportunity - excitement about the potential for better work-life balance, but also uncertainty and anxiety about leaving your current team and role. Can you tell me more about what's holding you back from feeling more confident about this decision?",214.74700886756182,p12:3,303,4,0.1471959985792637,5.132558988407254,3,state_167ce1f68daa5eb1e2fe,p12,False
MSE+RS,0,rule_off,"[2181, 10578, 1093, 499, 2351, 8430, 264, 6651, 315, 21958, 922, 420, 502, 2683, 6776, 482, 28361, 922, 279, 4754, 369, 2731, 990, 26928, 8335, 11, 719, 1101, 27924, 323, 18547, 922, 9564, 701, 1510, 2128, 323, 3560, 13, 3053, 499, 3371, 757, 810, 922, 1148, 596, 10168, 499, 1203, 505, 3339, 264, 5597, 30, 128009]",0.11643790639936924,391eb62b5e02e9d7fc1641bfc3dc5e5a596f8ea76135eaa3fe1f3da77edf1b62,1782.745846081525,0.0446150079369545,260.6192280072719,3057a0d48c3e05f576c1d1a177b493f541a951496213dce71abcdd8c2a522a3a,1585,1959.1347759123892,436.9530950207263,436.8917199317366,bdbd58deb60415704aab244bece0697e1a16bd850cd3c0bdb0fb11d261e2bd3d,True,719,56,161.13741206936538,4,0.03654998727142811,True,2,r2:state_167ce1f68daa5eb1e2fe:rule_off,eaa785c38b34c807e0de1db7b6b1ad675dd2a6f265ebd4041f039fea88e38fdd,"It sounds like you're feeling a mix of emotions about this new job opportunity - excitement about the potential for better work-life balance, but also uncertainty and anxiety about leaving your current team and role. Can you tell me more about what's holding you back from making a decision?",11.072674067690969,p12:3,303,3,0.11793291196227074,3.8633078802376986,3,state_167ce1f68daa5eb1e2fe,p12,False
