unit_id,history_need,already_available_in_current_context,historical_evidence_quote,reason,user_id,scenario_id,seed,turn_index,first_attempt_citation_verbatim,first_attempt_status,verified_result_available_after_retries,label_in_verified_result,has_evidence_quote,quote_in_any_deployable_memory,quote_in_pm_off_memory,quote_in_rule_off_memory,quote_in_fixed_off_memory
state_134e4aa990e6a14dc760,helpful,False,"""Taylor is feeling conflicted about meeting up with Nate, as she desires closure but is cautious.""","The current conversation shows the seeker feeling conflicted about attending the wedding where her ex Nate might be present, wanting closure but fearing emotional hurt. The past session summary about Taylor feeling conflicted about meeting Nate and desiring closure provides helpful context to better understand her emotional state and support needs, though the current conversation already conveys some of this conflict.",p2,p2:2,101,3,False,invalid,False,unverified,True,False,False,False,False
state_2128eca33178953e1135,helpful,False,"David and I have different visions for the wedding, and it's hard to find a middle ground.",Knowing the specific nature of the disagreements between Linda and David about the wedding plans would help provide more tailored emotional support addressing the root causes of her stress and anxiety.,p13,p13:2,101,3,True,done,True,helpful,True,True,False,False,False
state_25d6bbe3f8761bf56b08,not_needed,True,,"The current conversation already provides detailed information about Andrew's anxiety related to his thesis, the pressure of deadlines, the criticism he has received, and his doubts about his abilities as a researcher. This context is sufficient to provide relevant emotional support without requiring additional historical facts.",p17,p17:1,101,3,True,done,True,not_needed,False,False,False,False,False
state_d410be08e4af1162a79e,helpful,False,Charles hasn't spoken to his father since a fight over material things two years ago.,"Knowing about the prior estrangement and fight with his father provides important context for the seeker's renewed sadness and guilt after attending the grief support group, which would help tailor emotional support more effectively.",p5,p5:2,101,3,True,done,True,helpful,True,True,False,False,False
state_00c7442e54572b1cdc59,helpful,False,The seeker recently received a promotion at work.,Knowing that the seeker recently received a promotion and is feeling a mix of pride and nervousness about it would help tailor emotional support to acknowledge these feelings and provide reassurance about managing new responsibilities and fears of slipping back.,p8,p8:1,101,3,True,done,True,helpful,True,False,False,False,False
state_8e54dac1f93377007eae,helpful,False,"The seeker feels overwhelmed as her child struggles with the hybrid learning setup, fears adding stress when helping, and also faces communication challenges with her partner due to his work schedule.","This fact from session p14_conv_4 provides useful context about the child's academic struggles and the seeker's feelings of overwhelm and stress, which can help tailor emotional support to acknowledge these ongoing challenges and the seeker's concerns about balancing support for the child and self-care.",p14,p14:3,202,3,False,invalid,True,helpful,True,False,False,False,False
state_845184a85fd729a3d009,helpful,False,Amanda is feeling anxious about a work promotion due to increased responsibilities and unresolved issues with her supervisor's past undermining behavior and a negative performance review.,"This fact provides context about Amanda's ongoing anxiety related to work promotion and supervisor issues, which could help tailor emotional support specifically addressing her fear of failure and perfectionism at work.",p16,p16:1,202,8,True,done,True,helpful,True,True,True,True,True
state_5594380f35fd4e34e73c,not_needed,True,,"The current conversation already provides sufficient context about the seeker's emotional state, commitment to counseling with Jenny, and the challenges faced. Additional historical facts would be decorative rather than necessary or helpful for providing emotional support in this turn.",p17,p17:2,202,8,True,done,True,not_needed,False,False,False,False,False
state_21bae6b972f2df1611a6,helpful,False,"The seeker, Amanda, is struggling with sadness and a sense of relief after breaking up with her partner of three years, Bill, due to misaligned life goals.",Knowing that Amanda and Bill broke up due to misaligned life goals and that Amanda has been processing a mix of emotions including sadness and relief would help provide more tailored emotional support regarding her current feelings of being emotionally drained and unsettled after seeing Bill again.,p16,p16:2,101,3,True,done,True,helpful,True,True,False,False,False
state_0d3546474044f6bc2bdf,helpful,False,"Taylor is attending a writing retreat that is exciting yet emotionally challenging as it makes her confront thoughts about her future and self-worth, and helps her address her writing fears and confidence issues.","Knowing that Taylor has recently attended a writing retreat that was both exciting and emotionally challenging, and that it helped her confront thoughts about her future and self-worth, would be helpful to provide more tailored emotional support regarding her current mix of excitement and anxiety about organizing a creative writing workshop.",p2,p2:1,202,3,True,done,True,helpful,True,True,False,False,False
state_5ef2ff288425670c81ce,helpful,False,Seeker is frustrated by her partner's unpredictable work schedule causing chaos and anxiety in her personal life.,"The historical fact that the seeker is frustrated by her partner's unpredictable work schedule causing chaos and anxiety in her personal life would help provide more context and depth to the current emotional support, as it confirms the ongoing nature and impact of the issue the seeker is struggling with.",p14,p14:2,101,8,True,done,True,helpful,True,True,False,False,False
state_9f80d2122468a6feed9e,not_needed,True,,"The current conversation provides sufficient context about Nick's feelings of anxiety and stress related to organizing a weekend getaway with friends, including his worries about logistics, judgment, and the impact on his mood and sleep. Therefore, no additional historical facts are necessary to provide competent emotional support in this turn.",p3,p3:2,303,3,True,done,True,not_needed,False,False,False,False,False
state_63667a8f77a1aaf02e21,helpful,False,Seeker is frustrated by her partner's unpredictable work schedule causing chaos and anxiety in her personal life.,"The historical context shows that the seeker has a long-standing issue with her partner's unpredictable and frequently changing work schedule, which causes significant stress and anxiety. This background would be helpful to understand the depth and persistence of her frustration and to provide more tailored emotional support addressing the chronic nature of the problem.",p14,p14:2,101,3,True,done,True,helpful,True,True,False,False,False
state_8021c1282ddbcf645d85,helpful,False,"Taylor is attending a writing retreat that is exciting yet emotionally challenging as it makes her confront thoughts about her future and self-worth, and helps her address her writing fears and confidence issues.",The historical context about Taylor attending a writing retreat that is emotionally challenging and involves confronting thoughts about her future and self-worth would help provide more tailored emotional support regarding her mixed feelings about organizing the creative writing workshop and balancing feedback.,p2,p2:1,101,3,True,done,True,helpful,True,True,False,False,False
state_684480c6efd5edb268f5,helpful,False,"Linda is feeling anxious and stressed due to disagreements with her partner, David, over wedding plans and is trying to manage this anxiety with meditation and support from her sister Lily.","This fact from session p13_conv_10 provides useful context about the seeker's ongoing anxiety and stress related to wedding planning disagreements with David, and her use of meditation and support from Lily to cope. It would help tailor emotional support to acknowledge these coping efforts and the specific relationship dynamics, beyond the current conversation's mention of emotional drain and fear of damaging relationships.",p13,p13:2,101,8,False,invalid,False,unverified,True,False,False,False,False
state_91ab319b9249c760f750,helpful,False,"The seeker is stressed and anxious because her parents showed up unannounced and are asking overwhelming questions about her life choices, which affects her mental health negatively.","The historical context about the seeker's parents showing up unannounced and causing stress and anxiety provides useful background on the ongoing family dynamics and emotional challenges. This information would help tailor emotional support more specifically to the seeker's situation, but the current conversation already conveys the key emotional state and concerns, so it is not strictly necessary.",p1,p1:1,303,8,True,done,True,helpful,True,True,False,False,False
state_9e258cb7b95a7c95cd33,not_needed,True,,"The current conversation already provides detailed information about the job offer in California, the pay increase, the longer commute, and the impact on family and mom's care. Therefore, no additional historical facts are necessary to provide competent emotional support.",p18,p18:1,101,8,True,done,True,not_needed,False,False,False,False,False
state_a2b50f690e7dd448cedb,not_needed,True,,The current conversation provides sufficient context about the seeker's feelings of relief and guilt regarding her husband's promotion and increased absence. No additional historical facts are necessary to provide competent emotional support for this turn.,p10,p10:1,202,3,True,done,True,not_needed,False,False,False,False,False
state_171ecc90e75224aaa806,not_needed,True,,"The current conversation provides sufficient context about the seeker's feelings regarding hiking, emotional challenges, and personal growth. The seeker has already shared their experiences and emotions related to hiking and coping, so no additional historical facts are necessary to provide competent emotional support in this turn.",p4,p4:1,101,3,True,done,True,not_needed,False,False,False,False,False
state_163a23d4db4e9c44ca45,helpful,False,The loss of high school friends drove me into a mild depression.,Knowing that the seeker experienced mild depression due to losing high school friends would help provide more empathetic and tailored emotional support regarding their current feelings of nervousness and loneliness when trying to join a new student club.,p17,p17:3,202,3,False,invalid,False,unverified,True,False,False,False,False
state_eaffec7fe37295902722,not_needed,True,,"The current conversation provides sufficient context about Taylor's feelings of excitement and anxiety regarding hosting a creative writing workshop, including her motivation, support from a friend, and concerns about logistics and diverse personalities. Additional historical context would be decorative rather than necessary for competent emotional support.",p2,p2:1,303,3,True,done,True,not_needed,False,False,False,False,False
state_7f1f924ade7a1af6ae77,helpful,False,"The seeker is experiencing longing and loneliness after feeling happy for her sister at her wedding, realizing she hasn't moved on from past relationships.","The current conversation mentions the seeker's feelings of loneliness after her sister's wedding and not having moved on from past relationships. The historical context provides a related summary that the seeker is experiencing longing and loneliness after feeling happy for her sister at her wedding, which would help provide more context and depth to the emotional support, but the current conversation already conveys the core facts.",p6,p6:2,303,8,False,invalid,False,unverified,True,False,False,False,False
state_22fb3dc3a8a94e1b7e29,helpful,False,The seeker is overwhelmed with anxiety and sadness due to previous pregnancy losses and fears for her current pregnancy.,Knowing about the seeker's previous pregnancy losses and ongoing fears would help provide more empathetic and tailored emotional support for her current anxiety and feelings of isolation.,p14,p14:1,101,3,True,done,True,helpful,True,True,False,False,False
state_756d4eb0c26cc62878a3,helpful,False,Seeker is considering changing their research focus because they feel stuck and uninterested in their current research topic.,Knowing that the seeker is considering changing their research focus due to feeling stuck and uninterested would help provide more tailored emotional support about their anxiety and self-doubt related to their thesis and career decisions.,p17,p17:1,202,3,False,invalid,False,unverified,True,False,False,False,False
state_b405b10726df71c3c79b,helpful,False,Jennifer contacted the seeker to inquire about their well-being and mentioned she is back in town.,"The current conversation mentions the seeker unexpectedly seeing Jennifer and feeling stirred emotions, but does not specify that Jennifer contacted the seeker or that she is back in town. This fact would help provide more context about the nature of the contact and the seeker's emotional response.",p8,p8:2,202,3,True,done,True,helpful,True,False,False,False,False
state_22a23d5747cd9121a9e2,helpful,False,The seeker is conflicted about accepting a new job in California due to missing his family and friends in Washington.,Knowing that the seeker has a history of conflict about accepting a job in California due to family separation concerns would help provide more empathetic and tailored emotional support regarding his current stress about the job offer and its impact on family time and care.,p18,p18:1,101,3,False,invalid,False,unverified,True,False,False,False,False
state_c540725c827f1c363e00,helpful,False,"The seeker is grappling with mixed emotions about losing an overseas promotion, feeling both relieved and disappointed, and unsure about her future career growth at her current job.","Knowing about the seeker's recent experience with losing an overseas promotion and the mixed emotions involved would help provide more tailored emotional support related to her current feelings of empowerment and hopefulness about exploring new career opportunities, as it adds context to her ongoing career challenges and emotional state.",p6,p6:2,303,3,True,done,True,helpful,True,True,False,False,False
state_8a71cfc31cc686475108,helpful,False,"Andrew is feeling down due to negative feedback on his thesis, issues with his partner Jenny, and feeling unsupported by friends.","This fact from session p17_conv_3 provides relevant context about Andrew's emotional state related to his thesis and personal relationships, which would help tailor emotional support for his current struggle with thesis criticism and confidence.",p17,p17:1,202,8,True,done,True,helpful,True,True,False,False,False
state_2bdd45dd3459519fd9ca,helpful,False,Andrew feels hurt and questions his friendships after confronting his friends about being excluded from social activities.,"Knowing that Andrew has recently confronted friends about exclusion and is questioning his friendships would help tailor emotional support to address his current apprehension about fitting in and making new friends, but the current conversation already provides his feelings of nervousness and excitement about joining a new club, so this prior fact is helpful but not strictly necessary.",p17,p17:3,303,3,True,done,True,helpful,True,True,False,False,False
state_08355a73f98c48dcc4b8,helpful,False,"The seeker is stressed and anxious because her parents showed up unannounced and are asking overwhelming questions about her life choices, which affects her mental health negatively.","The historical context about the seeker's parents showing up unannounced and causing stress and anxiety provides helpful background to better understand the current emotional state and concerns about balancing expectations and well-being, even though the current conversation already mentions the recent heart-to-heart and emotional exhaustion.",p1,p1:1,303,3,True,done,True,helpful,True,True,False,False,False
state_c620be32d830ea262fb8,helpful,False,They were saying I'm too obsessed with my new club and that I'm neglecting them. It was painful to hear.,"The seeker mentions being encouraged by club leaders to apply for a leadership position, which relates to his involvement in the club. Prior sessions reveal that the seeker has been dealing with friends feeling neglected due to his club involvement, which adds context to his current concerns about balancing responsibilities and social relationships. This background would help provide more tailored emotional support and guidance regarding his fears and motivations.",p3,p3:1,202,8,True,done,True,helpful,True,True,False,False,False
state_879a9538d79aa5aa4335,helpful,False,The seeker is concerned about her child's academic struggles despite receiving rewards for hard work in a hybrid learning environment.,Knowing that the seeker has previously expressed concerns about her child's academic struggles and the hybrid learning environment would help tailor emotional support and provide more relevant strategies for balancing support and self-care.,p14,p14:3,202,8,False,invalid,False,unverified,True,False,False,False,False
state_1679d891d5425f37ea08,helpful,False,"Jessica is anxious due to discovering a significant discrepancy in her business accounts and is questioning the stability of her business, which also impacts her personal life and sleep issues.",Knowing about the previous significant discrepancy in Jessica's business accounts and its impact on her anxiety and sleep would help provide more tailored emotional support regarding her current feelings of being overwhelmed and intimidated by restructuring her financial management system and working with a financial consultant.,p7,p7:1,101,8,True,done,True,helpful,True,True,False,False,False
state_6a5b6158173307a3f320,helpful,False,"Well, Bob just got a full-time job, which is a huge relief financially. But I’m still feeling quite overwhelmed.","The historical context reveals that Bob recently got a full-time job, which is a significant financial relief for Emily. This fact is helpful to understand the current mixed feelings about financial relief and the husband's absence, but it is not explicitly mentioned in the current conversation.",p10,p10:1,101,3,True,done,True,helpful,True,True,False,True,True
state_fda991db1f28f1eb18dd,helpful,False,"Amanda is struggling with anxiety due to multiple stressors, including a recent health scare, work promotion, family issues, and unresolved feelings about her ex's attempt to reconnect.","The current conversation mentions the seeker feeling overwhelmed, anxious, and experiencing physical symptoms due to stress related to a major project at work. The historical context reveals that Amanda has been dealing with multiple stressors including a recent health scare, family illness, unresolved feelings about her ex, and work promotion. This broader context would help provide more tailored emotional support addressing the multiple sources of her anxiety and stress, beyond just the current project-related stress.",p16,p16:1,303,3,True,done,True,helpful,True,True,False,False,False
state_50be8a1077f0f5f4c89c,helpful,False,"The seeker, Jane, experienced anxiety and anger when her ex, Jack, attempted to contact her, which resurfaced feelings from their past toxic relationship and is overwhelmed by work and financial stress.","This fact provides context about the seeker's prior emotional response to Jack's contact and the resurfacing of feelings from a toxic relationship, which can help tailor emotional support to her current feelings of anxiety, sadness, and anger after seeing Jack again.",p6,p6:1,101,3,True,done,True,helpful,True,True,False,False,False
state_5ae9af83c33531f10b56,helpful,False,The seeker stays grounded through journaling and occasional hikes.,"Knowing that the seeker uses journaling and hiking as coping mechanisms would help tailor emotional support to acknowledge and encourage these positive strategies, enhancing the relevance of the response.",p8,p8:1,303,3,True,done,True,helpful,True,False,False,False,False
state_0cce0d28fc8509b6de6c,helpful,False,The seeker has tried meditation and mindfulness to cope with challenges.,"Knowing that the seeker has previously tried meditation and mindfulness to cope with challenges would help tailor suggestions and emotional support related to stress management and maintaining self-care practices, which are relevant to the current concern about workload interfering with mindfulness and self-care.",p8,p8:1,101,8,True,done,True,helpful,True,False,False,False,False
state_2c520491a6f996b397f7,helpful,False,"The seeker, Amanda, is struggling with sadness and a sense of relief after breaking up with her partner of three years, Bill, due to misaligned life goals.","This fact provides useful context about the breakup with Bill after a three-year relationship and the emotional complexity Amanda is experiencing, which can help tailor emotional support regarding her current feelings about Bill and their history.",p16,p16:2,202,8,True,done,True,helpful,True,True,False,False,False
state_13e7b8843fec2e014483,helpful,False,The seeker is concerned about their child's self-esteem issues at school.,"Knowing that the seeker has previously expressed concern about the child's self-esteem issues at school would help tailor emotional support to acknowledge ongoing worries and provide more empathetic, relevant guidance.",p14,p14:3,303,3,False,invalid,False,unverified,True,False,False,False,False
state_7d11611fe82cb51f423b,helpful,False,"The seeker is struggling with academic performance after a grade slip despite extra effort, while dealing with self-worth issues and feeling overwhelmed due to relationship strain with the professor and other pressures.","This fact from session p2_conv_13 provides useful context about the seeker's ongoing academic struggles and strained relationship with the professor, which would help tailor emotional support for the current anxiety about approaching the professor.",p2,p2:3,202,3,True,done,True,helpful,True,True,False,False,False
state_62da0a9ab0d6a08cd346,helpful,False,"Charlotte is overwhelmed by a falling out with a close friend who accused her of being distant, on top of ongoing work stress and long hours.",Knowing about Charlotte's past experience with a falling out with a close friend and ongoing work stress would help provide more tailored emotional support and guidance as she navigates new social opportunities and anxiety about making a good impression.,p12,p12:2,101,8,True,done,True,helpful,True,True,False,False,False
state_2c4f7dbe0401670397d1,helpful,False,"The seeker is dealing with feelings of nostalgia and regret after reconnecting with an old friend and reflecting on past decisions, while trying new hobbies like hiking to improve their mood.","This fact provides useful context about the seeker's emotional state and the role of hiking in their healing process, which can help tailor emotional support more effectively, though the current conversation already mentions hiking's positive impact.",p4,p4:1,202,3,True,done,True,helpful,True,True,False,False,False
state_5c9946e6069bc9dd39cc,helpful,False,"Anna is overwhelmed after her unexpected breakup with John, due to ongoing disagreements about their future plans which she felt were worsening.",Knowing that Anna recently experienced an unexpected breakup with John due to worsening disagreements about their future plans would help provide more tailored emotional support regarding her current feelings about the unexpected encounter and unresolved emotions.,p11,p11:2,303,8,True,done,True,helpful,True,True,False,False,False
state_6a349f4332e626fd84bb,helpful,False,"Charlotte's ex-partner, Alex, reached out to her recently.",Knowing that Alex reached out recently and the context of their past relationship would help provide more tailored emotional support regarding the seeker's current feelings of confusion and emotional drain.,p12,p12:1,202,3,True,done,True,helpful,True,False,False,False,False
state_7a1c7359989d9d74cc1b,helpful,False,"Taylor is feeling conflicted about meeting up with Nate, as she desires closure but is cautious.",Knowing that Taylor is conflicted about meeting Nate and desires closure but is cautious would help provide more tailored emotional support regarding her feelings about the wedding and potential encounter with Nate.,p2,p2:2,303,3,True,done,True,helpful,True,False,False,False,False
state_8a1c4cbd19c433681e1c,helpful,False,"Seeker is struggling with relationship issues due to differing career and future goals with his partner Jenny, causing frustration and uncertainty about their future together.",Knowing the specific ongoing relationship issues with Jenny and the emotional impact of these issues would help tailor emotional support to acknowledge these challenges and provide more relevant reassurance and guidance.,p17,p17:2,101,8,True,done,True,helpful,True,True,False,False,False
state_167ce1f68daa5eb1e2fe,helpful,False,"Charlotte is overwhelmed with stress at work after a poor performance review, leading them to consider job change for better work-life balance and to align more with their values and skills.","The historical context about Charlotte's ongoing work stress, poor performance review, and consideration of a job change provides helpful background to better understand her current feelings of anxiety and uncertainty about her career path and transition, which can improve the emotional support offered.",p12,p12:3,303,3,False,invalid,True,helpful,True,False,False,False,False
state_4e063f1c24da4af20ab9,helpful,False,"Amanda is struggling with anxiety due to multiple stressors, including a recent health scare, work promotion, family issues, and unresolved feelings about her ex's attempt to reconnect.","The current conversation mentions the seeker feeling overwhelmed and stressed about a major project and related anxiety symptoms. Knowing about Amanda's multiple stressors including a recent health scare, family issues, and unresolved feelings about her ex would help provide more tailored emotional support addressing the broader context of her anxiety and stress.",p16,p16:1,101,3,True,done,True,helpful,True,True,False,False,False
state_ea30f99985081e48c794,not_needed,True,,"The current conversation already provides detailed information about Kelly's emotional state, her struggles with decision-making about moving in with Matthew, and the impact on her appetite and focus. The seeker explicitly mentions feeling overwhelmed and anxious, and the supporter has asked for what feels most important to share, indicating sufficient context for emotional support without needing additional historical facts.",p15,p15:2,101,8,True,done,True,not_needed,False,False,False,False,False
state_480062916892fd7859be,helpful,False,"Seeker is anxious about changes in her friendship dynamics with Ann, particularly due to reduced social media interaction, although similar past situations were resolved as misunderstandings.","Knowing about the seeker's past anxiety related to social support and friendship dynamics, especially with Ann, would help provide more empathetic and tailored emotional support regarding feelings of overwhelm and unpredictability in her relationship and life.",p14,p14:2,202,8,True,done,True,helpful,True,True,False,False,False
state_c4e500c82fb5dd3b0e56,not_needed,True,,"The current conversation provides sufficient context about the seeker's anxiety about public speaking, their excitement about the opportunity, and their worries about nervousness affecting their message. The past sessions focus on different emotional challenges such as nostalgia, regret, relationships, and family issues, which are not directly relevant to the current emotional support need about public speaking anxiety.",p4,p4:1,202,8,True,done,True,not_needed,False,False,False,False,False
state_1bf0af71b094aee6cdc1,helpful,False,Charlotte is feeling overwhelmed at work and considering looking for a new job.,Knowing that Charlotte has previously expressed feeling overwhelmed at work and considering a job change would help provide more tailored emotional support regarding her current worries about the transition and career progression.,p12,p12:3,202,8,False,invalid,False,unverified,True,False,False,False,False
state_1c2db2b901295c471336,not_needed,True,,"The current conversation provides sufficient context about the seeker's feelings of being overwhelmed, stressed, anxious, and having trouble sleeping due to planning a weekend getaway for friends. The seeker also expresses a desire for reassurance and practical suggestions. The historical context, while rich, does not add necessary or helpful information specifically about this event planning stress and anxiety that would materially improve the emotional support response.",p3,p3:2,303,8,True,done,True,not_needed,False,False,False,False,False
state_1d9facea1b14e2becfaa,helpful,False,The seeker is also trying to balance stress from wedding planning and work rumors.,Knowing that the seeker is currently balancing stress from wedding planning and work rumors would help provide more tailored emotional support about managing multiple commitments alongside reconnecting with old friends.,p13,p13:1,101,8,True,done,True,helpful,True,False,False,False,False
state_35de4c03ceea3d30b4e2,helpful,False,"Seeker is debating whether to get a pet for Emily due to concerns about responsibility and his busy schedule, but acknowledges the potential benefits for her health and their family dynamic.","The historical context about the seeker's debate on getting a pet and concerns about responsibility and busy schedule would help provide more tailored emotional support regarding his current struggle balancing family, work, and pet responsibilities.",p5,p5:1,101,8,True,done,True,helpful,True,True,True,True,True
state_e2fb77f69c399ab8809f,helpful,False,"The seeker feels isolated and is experiencing back pain after moving for a new job, compounded by homesickness and stress from the work environment.","Knowing that the seeker has a history of isolation, back pain, and stress related to a new job and moving away from home would help provide more tailored emotional support addressing these ongoing challenges, which are relevant to his current anxieties about joining the wellness group and social fears.",p9,p9:1,202,8,True,done,True,helpful,True,True,False,False,False
state_f7d04b7ebcea6b72928f,helpful,False,The seeker is feeling overwhelmed at work and considering looking for a new job.,"Knowing that Charlotte is feeling overwhelmed at work and considering a job change would help provide more tailored emotional support about her career decision process, but the current conversation already provides some context about her re-evaluation and pros and cons list, so it is not strictly necessary.",p12,p12:3,303,8,True,done,True,helpful,True,False,False,False,False
state_1274df3ac670945fecf0,helpful,False,"The seeker is feeling overwhelmed by arguments with his manager about his paycheck and the stress of his mom's illness, leading him to feel helpless and unsupported.",Knowing about the seeker's ongoing struggles with his manager regarding paycheck issues and the stress from his mom's illness would help provide more tailored emotional support addressing his current feelings of mental exhaustion and decision fatigue.,p18,p18:1,303,3,True,done,True,helpful,True,True,False,False,False
state_d1bfe6fbdeddb064df22,helpful,False,I've been trying to enlist close friends for support. I've decided on specific boundaries and strategies to avoid uncomfortable conversations or situations.,"The current conversation mentions the seeker has decided on specific boundaries and strategies and is enlisting close friends for support, but does not detail what those boundaries or strategies are. Past sessions include detailed struggles with the ex, emotional challenges, and support systems, which could provide helpful context for more tailored guidance on managing emotions and boundaries at the wedding.",p2,p2:2,202,8,False,invalid,False,unverified,True,False,False,False,False
state_ce337e6ac0d082750570,helpful,False,"Amanda is feeling conflicted about her ex-boyfriend Bill reaching out and is unsure if she wants to rekindle the relationship, needing clarity and fearing potential heartache from past experiences.","This fact from the historical context provides useful background on Amanda's current emotional conflict and her need for clarity regarding Bill's recent contact, which can help tailor empathetic and relevant support beyond the immediate conversation.",p16,p16:2,101,8,True,done,True,helpful,True,True,False,False,False
state_6496c9e69ce2bb7f9473,helpful,False,"The seeker feels isolated and is experiencing back pain after moving for a new job, compounded by homesickness and stress from the work environment.","Knowing that the seeker has a history of isolation, back pain, and stress related to moving for a new job would help provide more empathetic and tailored support regarding his anxiety about joining a group wellness program, but the current conversation already mentions his social anxiety and health concerns, so this is not strictly necessary.",p9,p9:1,303,3,True,done,True,helpful,True,True,False,False,False
state_5995d11f3914014f832f,helpful,False,"Charlotte is overwhelmed by a falling out with a close friend who accused her of being distant, on top of ongoing work stress and long hours.","Knowing about Charlotte's past experience with a close friend accusing her of being distant and the associated emotional impact would help provide more tailored reassurance and encouragement as she considers joining a community group, addressing her anxiety about social skills and fear of judgment.",p12,p12:2,202,8,True,done,True,helpful,True,True,False,False,False
state_cfcae93388331248bac8,helpful,False,Nick is nervous about balancing current academic workload with newly suggested research opportunities from his professor while adjusting to a new major and extracurricular activities.,"This fact from the historical context provides useful background on Nick's ongoing concerns about balancing academic responsibilities and extracurricular activities, which can help tailor emotional support and advice about managing added responsibilities and maintaining balance.",p3,p3:1,101,8,True,done,True,helpful,True,True,False,False,False
state_7b1c8b620ded8f538e89,helpful,False,Emily struggles with increased workload without receiving a raise after her company doubled her responsibilities through an acquisition.,"The historical fact that Emily's workload increased without a raise after a company acquisition would help provide context to her current feelings of being overwhelmed at work and dealing with a heavier workload without a raise, enabling more tailored emotional support.",p10,p10:1,303,8,True,done,True,helpful,True,True,False,False,False
state_205d0e96e73efb0ceec6,not_needed,True,,"The current conversation provides sufficient context about the seeker's feelings of being overwhelmed after seeing his ex-girlfriend Jennifer, the emotional impact, and concerns about his current relationship with Emily. The historical context, while rich, does not add necessary or helpful information beyond what is already expressed in the current conversation for providing emotional support at this moment.",p8,p8:2,303,3,True,done,True,not_needed,False,False,False,False,False
state_caf8a8190c74a71662c3,helpful,False,Seeker is frustrated by her partner's unpredictable work schedule causing chaos and anxiety in her personal life.,"The historical context about the seeker's ongoing frustration with Dan's unpredictable work schedule and its impact on their life would help provide more tailored emotional support, as it adds depth to the current expression of feeling let down and stressed by his last-minute trips.",p14,p14:2,303,3,True,done,True,helpful,True,True,False,False,False
state_0c8b6f63cd9248075bc8,helpful,False,"I wish I could feel more confident and at ease about joining the wellness program. I want to be able to focus on the benefits it could bring to my health and well-being, rather than being consumed by my fears and anxieties. I wish I could just feel more prepared and less overwhelmed","The prior mention of the seeker's wish to feel more confident and less overwhelmed about joining the wellness program adds useful context to better address his current anxiety about participating in a group activity and fear of judgment, enabling more tailored emotional support.",p9,p9:1,101,8,False,invalid,True,not_needed,True,False,False,False,False
state_94aa211a46866d91fdb3,helpful,False,"Jessica, a close friend of the seeker, is moving away for a job.",Knowing that Jessica is moving away for a job and that this is a recent development causing the seeker's loneliness and anxiety would help provide more tailored emotional support addressing the specific impact of this change on the seeker.,p12,p12:2,202,3,True,done,True,helpful,True,False,False,False,False
state_db22d2c498fc000886f2,helpful,False,Education is very important in my family. My dad was a teacher so I’ve always had to live up to high expectations.,"This fact about the seeker's family valuing education highly and the father's profession as a teacher adds useful context to the seeker's fear of disappointing family and pressure to perform well academically, which can help tailor emotional support more empathetically.",p11,p11:1,303,8,True,done,True,helpful,True,True,False,False,False
state_ce63694b53376eb98c5b,helpful,False,Seeker is considering getting a pet for Emily with his partner Margaret.,Knowing that the seeker is considering getting a pet for Emily with Margaret and their reflections on the potential benefits and concerns would help provide more tailored emotional support about the mixed feelings and anxieties expressed in the current conversation.,p5,p5:1,303,3,True,done,True,helpful,True,False,False,False,False
state_d09891d2a2e5d18119c5,helpful,False,"Amanda is feeling conflicted about her ex-boyfriend Bill reaching out and is unsure if she wants to rekindle the relationship, needing clarity and fearing potential heartache from past experiences.",Knowing Amanda's prior conflicted feelings about Bill reaching out and her need for clarity and fear of heartache would help provide more tailored emotional support regarding her current overwhelming feelings and doubts about her decisions after seeing Bill again.,p16,p16:2,303,3,True,done,True,helpful,True,True,False,False,False
state_b78ebba825f33632d2e2,helpful,False,"Seeker is overwhelmed with stress at work after a poor performance review, leading them to consider job change for better work-life balance and to align more with their values and skills.","The historical fact that the seeker is overwhelmed with stress at work after a poor performance review and is considering a job change for better work-life balance and alignment with values would materially improve relevant emotional support by providing context on the seeker's ongoing work stress and motivation for the job offer decision, which is not fully detailed in the current conversation.",p12,p12:3,202,3,True,done,True,helpful,True,True,False,True,True
state_42f614e7df6f93ff53de,helpful,False,The seeker is overwhelmed with anxiety and sadness due to previous pregnancy losses and fears for her current pregnancy.,Knowing about the seeker's previous pregnancy losses and ongoing fears would help provide more empathetic and tailored emotional support for her current feelings of being overwhelmed and worried about her health and ability to care for her baby.,p14,p14:1,202,3,True,done,True,helpful,True,True,True,True,True
state_95842d5fdb802835301d,helpful,False,"Seeker is struggling with relationship issues due to differing career and future goals with his partner Jenny, causing frustration and uncertainty about their future together.","Knowing the specific nature of the relationship issues with Jenny, including career and future goal differences, would help tailor emotional support to address these concerns more effectively, even though the current conversation already mentions couples counseling and emotional vulnerability.",p17,p17:2,202,3,True,done,True,helpful,True,True,False,False,False
state_aba7bb8f5da342b364cf,helpful,False,Anna is stressed about upcoming final exams and unable to study due to having the flu.,"Knowing that Anna has previously been stressed about exams and had difficulty studying due to illness could help tailor emotional support to acknowledge her ongoing challenges and resilience, but the current conversation already provides sufficient context about her stress and pressure.",p11,p11:1,202,3,True,done,True,helpful,True,True,True,True,True
state_e4cf97356c4208ddbc78,not_needed,True,,"The current conversation already provides detailed information about the seeker's anxiety regarding the job offer, the impact on family and mom's care, and concerns about relationships and caregiving. The historical context, while rich, does not add necessary facts beyond what is already expressed in the current conversation for providing emotional support in this turn.",p18,p18:1,303,8,True,done,True,not_needed,False,False,False,False,False
state_84640d898f7c0886c730,helpful,False,"The seeker is stressed and anxious because her parents showed up unannounced and are asking overwhelming questions about her life choices, which affects her mental health negatively.",Knowing that the seeker's parents showed up unannounced and that their questions about her life choices have caused significant stress and anxiety would help provide more tailored emotional support about her current feelings of exhaustion and anxiety related to family dynamics.,p1,p1:1,202,8,True,done,True,helpful,True,True,False,False,False
state_6fd094e1f5a9beec169f,helpful,False,Emily is feeling depressed and resentful toward her husband for quitting his job and her son's behavior causing family conflicts and financial stress.,Knowing that Emily has previously felt depressed and resentful toward her husband for quitting his job and experienced family conflicts and financial stress would help provide more tailored emotional support regarding her current mixed feelings about her husband's promotion and increased absence.,p10,p10:1,303,3,True,done,True,helpful,True,True,False,False,False
state_d6bf8d174a33561629ec,helpful,False,The seeker feels overwhelmed by trying to manage stress through exercise after health concerns and dealing with a new job that has been stressful but better than the previous one.,"This fact from the historical context provides useful background on the seeker's ongoing struggle with managing stress and exercise, which relates to his current anxiety about joining the wellness group and managing his health. It would help tailor emotional support by acknowledging his past efforts and challenges, but the current conversation already conveys his feelings of overwhelm and anxiety, so it is not strictly necessary.",p9,p9:1,303,8,False,invalid,False,unverified,True,False,False,False,False
state_ab818c685ea4379ad434,not_needed,True,,"The current conversation provides sufficient context about Nick's stress related to the potential leadership role, his health status, and lifestyle changes. No additional historical facts are necessary to provide competent emotional support for this turn.",p3,p3:1,101,3,True,done,True,not_needed,False,False,False,False,False
state_d106be8eb495984ebb88,helpful,False,Jennifer contacted the seeker to inquire about their well-being and mentioned she is back in town.,"The current conversation mentions the seeker recently ran into his ex-girlfriend Jennifer, which brought back emotions and confusion. The historical context that Jennifer contacted the seeker and mentioned she is back in town provides useful background on the nature of their recent interaction, which would help in providing more tailored emotional support.",p8,p8:2,101,3,True,done,True,helpful,True,False,False,False,False
state_8a6a2a29fed5c7462ec2,helpful,False,Dan surprised the seeker with a weekend getaway.,"The current conversation mentions a weekend getaway that helped the seeker and Dan reconnect and communicate about stressors, including pregnancy and their child's school. The historical context provides additional details about this event and its positive impact, which would be helpful to know to offer more tailored emotional support.",p14,p14:2,303,8,True,done,True,helpful,True,False,False,False,False
state_386f27896b4ed9f621e8,helpful,False,The seeker recently received a promotion at work.,Knowing that the seeker recently received a promotion and is feeling nervous about new responsibilities would help tailor emotional support to address these specific concerns about balance and boundary-setting in the context of professional advancement.,p8,p8:1,303,8,True,done,True,helpful,True,False,False,False,False
state_d9dc07d72f8931911546,helpful,False,"Charlotte is overwhelmed by a falling out with a close friend who accused her of being distant, on top of ongoing work stress and long hours.","This fact provides context about Charlotte's past social difficulties and emotional state related to being distant and overwhelmed, which directly relates to her current anxiety about social skills and fear of rejection. It would help tailor emotional support by understanding the roots of her self-doubt and social anxiety.",p12,p12:2,303,8,True,done,True,helpful,True,True,False,False,False
state_4dabb7d9715ee276031e,helpful,False,"The seeker is grappling with mixed emotions about losing an overseas promotion, feeling both relieved and disappointed, and unsure about her future career growth at her current job.","Knowing about the seeker's recent experience with losing an overseas promotion and the mixed emotions involved would help provide more tailored emotional support related to her current feelings of empowerment and hope about career options, as it adds context to her current mindset and challenges.",p6,p6:2,202,3,True,done,True,helpful,True,True,False,False,False
state_cc886691430dd6241d09,helpful,False,The seeker is overwhelmed with anxiety and sadness due to previous pregnancy losses and fears for her current pregnancy.,"Knowing about the seeker's previous pregnancy losses and ongoing fears would help provide more empathetic and tailored emotional support in response to her current feelings of fatigue, pain, and anxiety about her health and ability to care for her baby.",p14,p14:1,303,3,True,done,True,helpful,True,True,True,True,True
state_a5902a82f0c586aa5b90,helpful,False,The seeker feels a disconnect with her professor.,"Knowing the history of the seeker's strained relationship with her professor would help provide more tailored advice on how to approach the conversation and mend the relationship, which is the seeker's current focus.",p2,p2:3,303,8,True,done,True,helpful,True,False,False,False,False
state_94afa90dee6370ab0653,helpful,False,"The pressure to meet everyone's expectations is weighing on me the most. I care deeply about my friends and want them to have a fantastic time, so I've been putting a lot of pressure on myself to plan the perfect weekend. It feels like a huge responsibility, and I'm","The current conversation reveals the seeker is overwhelmed by the responsibility of planning a perfect weekend for friends and fears judgment if things don't go well. Historical context about the seeker's past experiences with friends, social anxiety, and managing expectations (e.g., sessions about conflicts with friends, feelings of insecurity, and balancing social commitments) would be helpful to provide more tailored emotional support and advice. This information is not explicitly present in the current conversation but would materially improve the support offered.",p3,p3:2,202,8,False,invalid,False,unverified,True,False,False,False,False
state_50459bc9b13d5cca092f,helpful,False,"Taylor is attending a writing retreat that is exciting yet emotionally challenging as it makes her confront thoughts about her future and self-worth, and helps her address her writing fears and confidence issues.",Knowing that Taylor is attending a writing retreat that is emotionally challenging and involves confronting thoughts about her future and self-worth would help provide more tailored emotional support regarding her feelings of being overwhelmed and worries about managing the workshop and academic responsibilities.,p2,p2:1,303,8,True,done,True,helpful,True,True,False,False,False
state_b34bb1d28ab722e83dc6,helpful,False,The seeker plans to study all weekend to pass the exams.,"Knowing that the seeker has planned to study all weekend to pass the exams would help tailor emotional support around managing study pressure and balancing health, which is relevant to the current conversation about stress and fear of failure.",p11,p11:1,303,3,True,done,True,helpful,True,False,False,False,False
state_6178884f0c9288ef82b4,helpful,False,"Seeker is overwhelmed with stress at work after a poor performance review, leading them to consider job change for better work-life balance and to align more with their values and skills.","The historical fact that the seeker is overwhelmed with stress at work after a poor performance review and is considering a job change for better work-life balance and alignment with values would help provide more context and depth to the current emotional support, especially regarding the seeker's apprehension about leaving and transition concerns.",p12,p12:3,101,3,True,done,True,helpful,True,True,False,True,True
state_d5fc562b9720fac9ec67,helpful,False,"The seeker is anxious and struggling to balance grad school responsibilities and a relationship with Matthew, feeling torn between career decisions and personal commitments.","The current conversation reveals the seeker is struggling with self-doubt affecting her academic performance and relationship, but does not explicitly mention the ongoing tension balancing grad school and relationship with Matthew. Knowing about this ongoing struggle would help provide more tailored emotional support and reassurance about balancing these pressures.",p15,p15:2,202,8,False,invalid,True,helpful,True,False,False,False,False
state_0681355509c5b9b133a3,not_needed,True,,"The current conversation provides sufficient context about the seeker's struggles with social anxiety, back pain, stress from work, and feelings about joining a community wellness program. The past sessions, while informative about the seeker's broader history, do not add necessary or helpful information for responding to the current emotional support needs expressed in this turn.",p9,p9:1,101,3,True,done,True,not_needed,False,False,False,False,False
state_6c0300648c118135c8d6,helpful,False,"The seeker is struggling to balance her grad school responsibilities with maintaining her relationship with Matthew, feeling overwhelmed by stress from her academic and personal life.","Knowing that Kelly is overwhelmed by balancing grad school and her relationship with Matthew, as well as the stress from academic and personal life, would help provide more tailored emotional support addressing her anxiety about moving in together and readiness for commitment.",p15,p15:2,202,3,True,done,True,helpful,True,True,False,False,False
state_18bf62ba28def1a58d96,helpful,False,"We did talk a bit. She apologized for how she acted back then. It was nice to hear that, but I'm still cautious.","The historical context reveals that the seeker has already had some communication with the estranged friend, including an apology, which is not mentioned in the current conversation. This information would be helpful to provide more tailored emotional support regarding the timing and approach to reaching out or making peace.",p13,p13:1,101,3,True,done,True,helpful,True,True,False,False,False
state_a79eda5f6b2893a228c6,helpful,False,The seeker is concerned about their child's self-esteem issues at school.,Knowing that the child has self-esteem issues related to school workload and social dynamics would help tailor emotional support to address these specific concerns about the child's well-being and the impact of the advanced class on their self-esteem and mental health.,p14,p14:3,303,8,False,invalid,False,unverified,True,False,False,False,False
state_3aa5387068d5306c6f92,not_needed,True,,"The current conversation provides sufficient information about the seeker's anxiety about public speaking, their excitement about sharing their story, and their fear of judgment. The seeker also expresses a desire for reassurance and tips for managing anxiety. Therefore, no additional historical context is necessary to provide relevant emotional support in this turn.",p4,p4:1,101,8,True,done,True,not_needed,False,False,False,False,False
state_547bc005cd05ca042368,helpful,False,"Charlotte's ex-partner, Alex, reached out to her recently.","Knowing that Alex recently reached out to Charlotte and apologized for the way things ended provides useful context for understanding her current anxiety and emotional conflict about rekindling the relationship. This background can help tailor emotional support and advice more specifically to her situation, but the current conversation already conveys her worries and stress symptoms, so it is not strictly necessary.",p12,p12:1,202,8,True,done,True,helpful,True,False,False,False,False
state_93a4cfa6c9b5fe214d3a,helpful,False,"The seeker recently found out they were not getting the overseas promotion. It was a huge surprise, and honestly, I'm really struggling with it.","The current conversation mentions the seeker feeling empowered and hopeful after attending a career fair and considering new opportunities, but does not explicitly mention the recent disappointment of missing out on the overseas promotion, which is a significant emotional context that would help tailor empathetic and relevant support.",p6,p6:2,101,3,False,invalid,False,unverified,True,False,False,False,False
state_d9d9bfa9a5c900396bea,helpful,False,Andrew feels hurt and questions his friendships after confronting his friends about being excluded from social activities.,Knowing that Andrew has recently confronted his friends about exclusion and is feeling hurt and questioning his friendships would help provide more tailored emotional support and guidance about his current efforts to be proactive in seeking social connections.,p17,p17:3,303,8,True,done,True,helpful,True,True,False,False,False
state_37a95789615f02b18df0,helpful,False,Seeker feels conflicted between career goals and personal life balance.,"Knowing that the seeker has previously expressed conflict between career goals and personal life balance would help provide more tailored emotional support and advice about managing these anxieties, but the current conversation already introduces this topic, so it is not strictly necessary.",p17,p17:3,101,8,True,done,True,helpful,True,False,False,False,False
state_4e9f1247ab7e31b10f99,helpful,False,"Seeker is debating whether to get a pet for Emily due to concerns about responsibility and his busy schedule, but acknowledges the potential benefits for her health and their family dynamic.","The historical context provides relevant information about the seeker's current considerations and feelings about getting a pet for Emily, including concerns about responsibility and work schedule, which would help tailor emotional support more specifically to his situation.",p5,p5:1,101,3,True,done,True,helpful,True,True,True,True,True
state_3c00336e81c0e791afac,helpful,False,"Charlotte is overwhelmed by a falling out with one of her closest friends who accused her of being distant, on top of ongoing work stress and long hours.",Knowing about Charlotte's previous experience of being accused of being distant by a close friend and her ongoing work stress would help provide more empathetic and tailored emotional support regarding her current anxiety about social skills and meeting new people.,p12,p12:2,101,3,False,invalid,True,helpful,True,False,False,False,False
state_4955ef7e024bd4351130,helpful,False,"The seeker feels isolated and is experiencing back pain after moving for a new job, compounded by homesickness and stress from the work environment.","Knowing that Michael has been feeling isolated and experiencing back pain after moving for a new job, along with homesickness and work stress, would help provide more tailored emotional support regarding his anxiety about joining a group wellness program and social anxieties.",p9,p9:1,202,3,True,done,True,helpful,True,True,False,False,False
state_a29f6bb7f961dea69b91,helpful,False,"Linda is feeling anxious and stressed due to disagreements with her partner, David, over wedding plans and is trying to manage this anxiety with meditation and support from her sister Lily.","This fact from session p13_conv_10 provides useful context about Linda's ongoing anxiety and stress related to wedding planning conflicts with David, and her use of meditation and support from Lily to cope. This information would help tailor emotional support to her current struggles, but the current conversation already conveys her stress and anxiety, so it is helpful but not strictly necessary.",p13,p13:2,303,3,False,invalid,False,unverified,True,False,False,False,False
state_1bb2fbdd19dca1a22bdc,helpful,False,Emily is feeling depressed and resentful toward her husband for quitting his job and her son's behavior causing family conflicts and financial stress.,Knowing that Emily has previously felt resentment toward her husband for quitting his job and experienced family conflicts and financial stress would help provide more tailored emotional support regarding her current feelings of guilt and relief about her husband's increased absence.,p10,p10:1,202,8,True,done,True,helpful,True,True,False,False,False
state_cafc9338e4638b9bfe20,helpful,False,"Jessica is anxious due to discovering a significant discrepancy in her business accounts and is questioning the stability of her business, which also impacts her personal life and sleep issues.","Knowing about Jessica's previous discovery of a significant discrepancy in her business accounts and its impact on her anxiety and sleep would help tailor emotional support to acknowledge her ongoing financial concerns and stress, making the support more relevant and empathetic.",p7,p7:1,303,8,True,done,True,helpful,True,True,False,False,False
state_333103c87977102e2d2c,helpful,False,The seeker is concerned about their child's academic struggles despite receiving rewards for hard work in a hybrid learning environment.,"Knowing that the seeker has previously expressed concerns about their child's academic struggles and the hybrid learning environment would help tailor emotional support to acknowledge ongoing challenges and the seeker's efforts, even though the current conversation already mentions academic pressure and anxiety.",p14,p14:3,101,3,False,invalid,False,unverified,True,False,False,False,False
state_46757ca72869cb01858a,helpful,False,"The seeker is overwhelmed by work pressure and financial issues, considering switching to a less stressful job after a November performance review led to self-doubt.","This fact from session p6_conv_7 provides context about the seeker's ongoing self-doubt and career uncertainty, which would help tailor emotional support and advice about career transition and confidence building beyond the current conversation.",p6,p6:2,202,8,False,invalid,False,unverified,True,False,False,False,False
state_73e829c020bc7f1a0ced,not_needed,True,,"The current conversation already provides detailed information about the seeker's recent heart-to-heart conversation with her parents, their initial intrusiveness, their apology, and the seeker's mixed feelings of relief and worry about future tensions. This context is sufficient to provide emotional support without needing additional historical facts.",p1,p1:1,101,3,True,done,True,not_needed,False,False,False,False,False
state_6e5a55d904b5ca7486d5,helpful,False,"The fear of failure and disappointing my family has been weighing on me the most. I know they want the best for me, but I can't help feeling like I'm not good enough. It's hard to keep up with the pressure, and I'm worried that I","The current conversation mentions the seeker managing stress and anxiety and reaching out to a friend, but does not explicitly mention the fear of failure and family pressure that has been a significant emotional factor in past sessions. Knowing about this fear and family expectations would help provide more tailored emotional support and reassurance.",p11,p11:1,202,8,False,invalid,False,unverified,True,False,False,False,False
state_dc179cba0782e93e7d90,helpful,False,Nick is nervous about balancing current academic workload with newly suggested research opportunities from his professor while adjusting to a new major and extracurricular activities.,The current conversation shows Nick is considering a leadership role in the psychology club and is worried about balancing it with academics and personal time. The historical context about Nick's nervousness balancing academic workload with research opportunities and adjusting to a new major and extracurriculars would help provide more tailored emotional support about managing responsibilities and stress.,p3,p3:1,202,3,True,done,True,helpful,True,True,False,False,False
state_d00f0faf9b7ab12d0ee7,helpful,False,Amanda is feeling anxious about a work promotion due to increased responsibilities and unresolved issues with her supervisor's past undermining behavior and a negative performance review.,Knowing Amanda's prior anxiety about a promotion and unresolved issues with her supervisor would help tailor reassurance and advice about managing self-doubt and impostor syndrome in the context of new responsibilities.,p16,p16:1,303,8,True,done,True,helpful,True,True,False,False,False
state_2ec812038593021699b9,helpful,False,"David and I have different visions for the wedding, and it's hard to find a middle ground.","The historical fact that David and Linda have different visions for the wedding adds useful context to the current emotional support request about feeling anxious and stressed due to wedding planning tensions. This information helps tailor responses to acknowledge the specific source of stress and the difficulty in balancing expectations, which is not fully detailed in the current conversation alone.",p13,p13:2,202,3,True,done,True,helpful,True,True,False,False,False
state_02ea57f4ad6de99de3db,helpful,False,The seeker is overwhelmed with anxiety and sadness due to previous pregnancy losses and fears for her current pregnancy.,Knowing the seeker's history of previous pregnancy losses and ongoing fears about the current pregnancy would help provide more empathetic and tailored emotional support for her anxiety and fear expressed in the current conversation.,p14,p14:1,202,8,True,done,True,helpful,True,True,True,True,True
state_5ddc843d09ecf8b19ef4,helpful,False,Anna's boyfriend John broke up with her unexpectedly.,Knowing that Anna recently experienced an unexpected breakup with John and the context of their disagreements about future plans would help provide more empathetic and tailored emotional support for her current feelings of emotional taxing and restlessness after seeing John at the party.,p11,p11:2,303,3,True,done,True,helpful,True,False,False,False,False
state_1a8e1eb1d03cc9252b38,helpful,False,The seeker is working on focusing on self-worth as advised by her therapist.,"Knowing that the seeker is working on self-worth with a therapist and has strategies suggested by the therapist would help provide more tailored emotional support regarding maintaining composure and emotional stability during the wedding, but the current conversation does not mention this explicitly.",p2,p2:2,101,8,True,done,True,helpful,True,False,False,False,False
state_6a20132a23a99122e178,helpful,False,"Charles is coping with regret and guilt over his father's death through therapy, while managing anxiety about family health and pressure to fix everything.","Knowing that Charles is already in therapy and working on managing his guilt and regret about his father's death would help tailor emotional support to acknowledge his ongoing efforts and provide encouragement, rather than generic advice. This fact is not explicitly mentioned in the current conversation.",p5,p5:2,303,3,True,done,True,helpful,True,True,False,False,False
state_a26cd453cf2ab59a8c34,helpful,False,"The seeker is struggling to balance her grad school responsibilities with maintaining her relationship with Matthew, feeling overwhelmed by stress from her academic and personal life.","Knowing that Kelly has a history of struggling to balance grad school and her relationship with Matthew, and feeling overwhelmed by stress, would help provide more tailored emotional support addressing her ongoing challenges and anxieties about timing and decision-making.",p15,p15:2,303,8,True,done,True,helpful,True,True,False,False,False
state_ff068179e464cd515f2f,not_needed,True,,"The current conversation provides sufficient context about the seeker's feelings of anxiety and stress related to organizing a weekend getaway with friends, including worries about logistics, ensuring everyone enjoys themselves, and fear of judgment or disappointment. The historical context, while rich in details about the seeker's past emotional and social challenges, does not add necessary or helpful information specifically relevant to the current emotional support request about the weekend getaway planning stress.",p3,p3:2,202,3,True,done,True,not_needed,False,False,False,False,False
state_d463dd8ef6ee2338458d,not_needed,True,,"The current conversation already provides relevant information about the seeker's emotional state, self-care efforts, and engagement with writing and a creative community, which are sufficient to offer emotional support without needing additional historical context.",p2,p2:2,303,8,True,done,True,not_needed,False,False,False,False,False
state_304d4720ac51c71890e6,not_needed,True,,"The current conversation already includes the seeker expressing feelings of stress and anxiety related to financial issues in their business, mentioning past challenges like a partnership that fell through and account discrepancies. This information is sufficient to provide emotional support without needing additional historical context.",p7,p7:1,202,3,True,done,True,not_needed,False,False,False,False,False
state_7a0219635c9621d6fd9e,helpful,False,Andrew feels hurt and questions his friendships after confronting his friends about being excluded from social activities.,Knowing that Andrew has recently confronted friends about exclusion and is feeling hurt and questioning friendships would help provide more tailored emotional support regarding his apprehension about fitting in and past awkward experiences making new friends.,p17,p17:3,101,3,True,done,True,helpful,True,True,False,False,False
state_66872e1a536d8b32a329,helpful,False,"The seeker is stressed and anxious because her parents showed up unannounced and are asking overwhelming questions about her life choices, which affects her mental health negatively.","This fact provides useful background on the source of the seeker's stress and anxiety related to her parents' behavior, which can help tailor emotional support and guidance on maintaining understanding while prioritizing mental health.",p1,p1:1,101,8,True,done,True,helpful,True,True,False,False,False
state_27edaf54b2f7ece4895a,helpful,False,The seeker is feeling overwhelmed at work and considering looking for a new job.,Knowing that Charlotte has been feeling overwhelmed at work and considering a job change previously would help provide more tailored emotional support and advice about her current re-evaluation of personal and career aspirations and seeking advice from mentors and friends.,p12,p12:3,101,8,True,done,True,helpful,True,False,False,False,False
state_ce325d574d13cb86b80b,helpful,False,"Seeker is struggling with relationship issues due to differing career and future goals with his partner Jenny, causing frustration and uncertainty about their future together.",Knowing that the seeker has been dealing with relationship issues specifically related to differing career and future goals with Jenny would help provide more tailored emotional support about the rollercoaster of emotions and fears about the relationship's future expressed in the current conversation.,p17,p17:2,303,3,True,done,True,helpful,True,True,False,False,False
state_96214f50cc3e2ec6d2e6,helpful,False,"The seeker is overwhelmed by work pressure and financial issues, considering switching to a less stressful job after a November performance review led to self-doubt.","Knowing about the seeker's past struggles with work pressure, financial issues, and self-doubt after a performance review would help provide more tailored emotional support regarding her current anxiety about financial situation and career change.",p6,p6:2,101,8,False,invalid,False,unverified,True,False,False,False,False
state_dfe11c8bd2b8ce1a8993,helpful,False,Education is very important in my family. My dad was a teacher so I’ve always had to live up to high expectations.,"Knowing that education is very important in the seeker's family and that her dad was a teacher adds context to the pressure she feels from her family and the fear of disappointing them, which can help tailor emotional support and advice more effectively.",p11,p11:1,101,8,True,done,True,helpful,True,True,False,False,False
state_1abaed1578fef564c958,helpful,False,"Taylor is struggling with emotional exhaustion and seeking support after a significant argument with her ex, Nate, over differing future plans.",Knowing that Taylor has had a significant argument with her ex Nate over differing future plans and is emotionally exhausted would help provide more tailored emotional support about her anxiety and conflicted feelings about seeing Nate at the wedding.,p2,p2:2,202,3,True,done,True,helpful,True,True,False,False,False
state_1de690d6e150d375223f,helpful,False,"I've tried to keep up with meditation and spending time with my puppy, Buddy. They help a lot.","The seeker mentions using meditation and spending time with her puppy Buddy to manage stress, which is relevant to her current coping strategies. Knowing more about how these have helped in the past and any other stress management techniques she has used could improve emotional support and guidance.",p13,p13:1,202,8,False,invalid,True,helpful,True,False,False,False,False
state_1c1ebc42af20b1e0cdff,helpful,False,my partners schedule changes about 3 times a day. so i never know if what i had planned will happen or not. usually not.,"The historical context reveals that the seeker's partner's schedule changes frequently, causing uncertainty and frustration, which would help in providing more tailored emotional support regarding the current feelings of stress and anxiety due to constant changes and unpredictability.",p14,p14:2,202,3,True,done,True,helpful,True,True,False,False,False
state_670f48f568d9da5aeb3f,not_needed,True,,"The current conversation provides sufficient context about Taylor's feelings of nervousness and responsibility regarding organizing the event, its importance to her self-worth and career aspirations, and her desire to prove herself. The historical context, while rich, does not add necessary or helpful specific facts to address this emotional support turn beyond what is already expressed here.",p2,p2:1,101,8,True,done,True,not_needed,False,False,False,False,False
state_108cfdf0280b6fac90d7,helpful,False,The seeker felt anxiety and anger when Jack contacted her.,"Knowing that the seeker previously experienced anxiety and anger when Jack contacted her, and that this contact triggered resurfacing feelings from a toxic relationship, would help provide more tailored emotional support addressing these specific triggers and the seeker's current overwhelmed state.",p6,p6:1,101,8,True,done,True,helpful,True,False,False,False,False
state_0697d44bf2485e5f1b6d,helpful,False,"Jessica is anxious due to discovering a significant discrepancy in her business accounts and is questioning the stability of her business, which also impacts her personal life and sleep issues.",Knowing about Jessica's previous discovery of a significant discrepancy in her business accounts and its impact on her anxiety and sleep issues would help provide more tailored emotional support regarding her current feelings of being overwhelmed and anxious about restructuring her business finances.,p7,p7:1,303,3,True,done,True,helpful,True,True,False,False,False
state_4efd86d565c932379234,helpful,False,"The seeker is struggling with academic performance after a grade slip despite extra effort, while dealing with self-worth issues and feeling overwhelmed due to relationship strain with the professor and other pressures.","This fact provides useful context about the seeker's ongoing academic struggles and strained relationship with the professor, which can help tailor emotional support to address her specific concerns about communication and academic challenges.",p2,p2:3,303,3,True,done,True,helpful,True,True,True,True,True
state_716d2a6c535b740cb855,helpful,False,"Charlotte's ex-partner, Alex, reached out to her recently.","Knowing that Alex recently reached out to Charlotte and apologized for the breakup adds helpful context to her current emotional conflict about rekindling the relationship, which can improve the emotional support provided.",p12,p12:1,101,8,True,done,True,helpful,True,False,False,False,False
state_d80a3fc38721df9b55fe,helpful,False,"The seeker feels overwhelmed as her child struggles with the hybrid learning setup, fears adding stress when helping, and also faces communication challenges with her partner due to his work schedule.","This fact from session p14_conv_4 provides useful context about the seeker's ongoing feelings of overwhelm related to her child's academic challenges and her own stress balancing parenting and self-care, which would help tailor emotional support to her current concerns.",p14,p14:3,101,8,False,invalid,True,helpful,True,False,False,False,False
state_05ec07f0b1e8c4fccfc8,helpful,False,I think I have a few tools now to make things better.,"The historical context shows Andrew has previously discussed his struggles with self-doubt, anxiety, and lack of support, and has developed some coping tools. This information would be helpful to tailor advice and encouragement specifically to his past experiences and current emotional state, beyond the current conversation's details.",p17,p17:1,303,8,True,done,True,helpful,True,True,False,False,False
state_addd9cc6e8fd4ccb6c2b,not_needed,True,,"The current conversation provides sufficient context about the seeker's encounter with her ex-boyfriend Jack, the emotional impact, and her feelings of being challenged and avoiding interaction. The past sessions, while related to the seeker's history with Jack and emotional struggles, do not add necessary or helpful information beyond what is already expressed in the current conversation for providing emotional support in this turn.",p6,p6:1,303,3,True,done,True,not_needed,False,False,False,False,False
state_139644b3f52b1a490ab3,helpful,False,The seeker is conflicted about accepting a new job in California due to missing his family and friends in Washington.,"Knowing that the seeker has a history of conflict about accepting a job in California due to missing family and friends in Washington would help provide more empathetic and tailored emotional support regarding his current concerns about the long commute, family time, and caregiving responsibilities.",p18,p18:1,202,8,False,invalid,False,unverified,True,False,False,False,False
state_2e0f126b7d1e86d7c4ec,helpful,False,"Seeker is struggling with relationship issues due to differing career and future goals with his partner Jenny, causing frustration and uncertainty about their future together.","Knowing that the seeker has been dealing with relationship issues related to differing career and future goals with Jenny, causing frustration and uncertainty, would help provide more tailored emotional support about the intensity and emotional nature of the counseling sessions he is describing.",p17,p17:2,101,3,True,done,True,helpful,True,True,False,False,False
state_8448ef50b692441367a2,helpful,False,"The seeker is feeling anxious about accepting an internship offer, as past experiences with her thesis presentation have caused self-doubt about her capabilities.","This fact provides useful context about the seeker's anxiety related to accepting the internship offer and her self-doubt stemming from past academic experiences, which can help tailor emotional support addressing her fears and decision-making conflict.",p15,p15:1,303,8,True,done,True,helpful,True,True,False,False,False
state_de0e514d219ff43b30f9,helpful,False,"Charlotte's ex-partner, Alex, reached out to her recently.",Knowing that Alex reached out recently and the context of their past relationship would help provide more tailored emotional support regarding the seeker's current confusion and mixed feelings about rekindling the relationship.,p12,p12:1,101,3,True,done,True,helpful,True,False,False,False,False
state_ed94ec62c6728002740f,helpful,False,I think being able to talk openly about my dad has helped. The guilt and regret have been hard to manage.,"The seeker mentions that therapy has helped him talk openly about his dad and manage guilt and regret, which would be helpful context to provide more tailored emotional support about his current experience with the grief support group and emotional release.",p5,p5:2,202,8,True,done,True,helpful,True,True,False,False,False
state_8d3deddac0d8b305d442,helpful,False,"The seeker is feeling anxious about accepting an internship offer, as past experiences with her thesis presentation have caused self-doubt about her capabilities.",Knowing that the seeker has a history of anxiety related to internship offers and self-doubt from past academic experiences would help tailor emotional support to address these specific fears and provide more personalized guidance on managing the current decision and related stress.,p15,p15:1,202,8,True,done,True,helpful,True,True,False,False,False
state_0d7417c0bca2b3ba0921,helpful,False,Alex feels stressed and anxious about an upcoming work presentation due to fear of performing poorly on stage.,This fact from a past session about Alex's anxiety related to public speaking and fear of performing poorly could help provide more tailored emotional support for his current anxiety about the panel discussion and sharing his personal story in front of a larger audience.,p4,p4:1,303,8,True,done,True,helpful,True,True,False,False,False
state_9224f3b631595584f638,helpful,False,Nick is nervous about balancing current academic workload with newly suggested research opportunities from his professor while adjusting to a new major and extracurricular activities.,"This fact provides useful context about Nick's ongoing concerns with balancing academic workload and extracurricular commitments, which can inform tailored advice on time management and balancing responsibilities relevant to his current worries about taking on a leadership position.",p3,p3:1,303,8,True,done,True,helpful,True,True,False,False,False
state_7cb36d067ff6e4644a2c,helpful,False,"The seeker, Jane, experienced anxiety and anger when her ex, Jack, attempted to contact her, which resurfaced feelings from their past toxic relationship and is overwhelmed by work and financial stress.","This fact from the previous session provides useful context about the seeker's emotional response to Jack's contact and the resurfacing of past toxic relationship feelings, which can help tailor emotional support to her current anxiety and self-doubt.",p6,p6:1,202,8,True,done,True,helpful,True,True,False,False,False
state_5d7c7db81c4685134bdf,helpful,False,"The seeker is feeling anxious about accepting an internship offer, as past experiences with her thesis presentation have caused self-doubt about her capabilities.","This fact provides useful context about the seeker's anxiety related to the internship offer and her self-doubt stemming from past thesis experiences, which can help tailor emotional support addressing her fears and decision-making stress.",p15,p15:1,202,3,True,done,True,helpful,True,True,False,False,False
state_c4e9c5512b06dd7c298c,helpful,False,"The seeker feels overwhelmed by a writer's block and a recent argument with an ex, impacting their studies, yet finds some solace in a creative writing workshop.","Knowing that the seeker has previously experienced writer's block and found some relief through a creative writing workshop would help tailor emotional support specifically to her current struggle with writer's block on a short story, making the response more empathetic and relevant.",p2,p2:3,101,8,True,done,True,helpful,True,True,False,False,False
state_653f2779410b1620f004,not_needed,True,,"The current conversation and context already provide detailed information about Linda's mixed emotions regarding the college reunion, her anxiety about unresolved issues with a former friend, and her thoughts about reaching out to apologize. Therefore, additional historical facts are not needed to provide relevant emotional support.",p13,p13:1,202,3,True,done,True,not_needed,False,False,False,False,False
state_dd0ab43a317c1550d2b4,helpful,False,"Seeker is debating whether to get a pet for Emily due to concerns about responsibility and his busy schedule, but acknowledges the potential benefits for her health and their family dynamic.","The historical context about the seeker's debate on getting a pet and concerns about responsibility and busy schedule would help provide more tailored emotional support regarding managing the new pet and balancing family and work commitments, which is the current focus of the conversation.",p5,p5:1,202,8,True,done,True,helpful,True,True,False,True,True
state_1ff7c99c51a76f3b833b,helpful,False,Jennifer contacted the seeker to inquire about their well-being and mentioned she is back in town.,"Knowing that Jennifer has recently contacted the seeker and is back in town would help provide more tailored emotional support about the unexpected encounter and the emotions it stirred, but the current conversation already mentions the encounter and feelings, so it is not strictly necessary.",p8,p8:2,303,8,True,done,True,helpful,True,False,False,False,False
state_f1ef7a5814bc35c0fb03,not_needed,True,,"The current conversation and recent turns provide sufficient context about Amanda's feelings regarding seeing Bill unexpectedly, her doubts about her decisions, and the emotional impact of their breakup due to differing life goals. The historical context, while rich, does not add necessary or helpful information beyond what is already expressed in the current conversation for providing emotional support in this turn.",p16,p16:2,303,8,True,done,True,not_needed,False,False,False,False,False
state_637b11534f63bd4977ce,not_needed,True,,"The current conversation provides sufficient context about the seeker's emotional state, his efforts to stay hopeful and patient, and his willingness to put in effort for the relationship. Additional historical facts about his relationship struggles or counseling considerations are not necessary to provide competent emotional support at this moment.",p17,p17:2,303,8,True,done,True,not_needed,False,False,False,False,False
state_17e652600a2911f09219,helpful,False,"Charlotte's ex-partner, Alex, reached out to her recently.",Knowing that Alex reached out recently and that Charlotte has mixed feelings about this contact would help provide more tailored emotional support regarding her current confusion and anxiety about the situation.,p12,p12:1,303,3,True,done,True,helpful,True,False,False,False,False
state_f7b7aecac7e1b57f3f2a,helpful,False,Andrew feels hurt and questions his friendships after confronting his friends about being excluded from social activities.,"Knowing about Andrew's previous experiences of feeling hurt and questioning friendships after being excluded would help provide more tailored emotional support regarding his current anxiety about balancing career goals and personal life, and reflections on friendships.",p17,p17:3,202,8,True,done,True,helpful,True,True,False,False,False
state_351b1cea185865f75de8,helpful,False,The seeker is overwhelmed with anxiety and sadness due to previous pregnancy losses and fears for her current pregnancy.,"Knowing the seeker's history of previous pregnancy losses and ongoing fears about her current pregnancy would help provide more empathetic and tailored emotional support, addressing the root of her anxiety and emotional burden more effectively.",p14,p14:1,303,8,True,done,True,helpful,True,True,True,True,True
state_8b9b2bb0026e8c9ce168,helpful,False,"Seeker is considering changing their research focus, Seeker hasn't made much progress and is uninterested in their current research topic, Feedback from the seeker's advisor was disheartening, Seeker feels a bit lost and doubts their capability in their current pursuit, Seeker is considering exploring alternative energy sources, such as renewables, which align with their values, Seeker feels refreshed and potentially motivated by the idea of shifting to a new research focus but is worried about the time it will take to adjust, Things have been tense between the seeker and Jenny after a conversation about their future plans, Seeker worries about adding more stress to their relationship with","The current conversation involves Andrew expressing feelings of overwhelm, anxiety, fatigue, and racing thoughts related to changing his research focus and self-doubt. Historical context from recent sessions reveals detailed background on Andrew's consideration of changing his research focus, the discouraging feedback from his advisor, his interest in alternative energy, and the tensions with his partner Jenny. This information would be helpful to provide more tailored emotional support addressing his specific concerns and context, though a generic empathetic response is still possible without it.",p17,p17:1,303,3,False,invalid,True,helpful,True,False,False,False,False
state_e3ae4b1a11e31be0e9cc,helpful,False,The seeker is conflicted about accepting a new job in California due to missing his family and friends in Washington.,Knowing that the seeker has previously been conflicted about a job in California and missing family in Washington would help provide more empathetic and tailored emotional support regarding his current anxiety and indecision about the new job offer with a longer commute.,p18,p18:1,202,3,False,invalid,False,unverified,True,False,False,False,False
state_b5d19b2c9459e22e65ea,helpful,False,"Amanda is feeling overwhelmed due to her family member's worsening illness, demanding work responsibilities from a new promotion, and revisiting feelings after reconnecting with her ex.","This fact about Amanda's current life stressors including family illness and work promotion, along with revisiting feelings about her ex, would help provide more tailored emotional support to her current feelings of being overwhelmed and confused after seeing Bill again.",p16,p16:2,202,3,True,done,True,helpful,True,True,False,False,False
state_f34d4cf89041967db06e,helpful,False,Anna's boyfriend John broke up with her unexpectedly.,"Knowing that John recently broke up with Anna unexpectedly and that their disagreements about future plans were worsening would help provide more empathetic and contextually relevant emotional support for her current feelings of sadness, nostalgia, and regret after seeing him.",p11,p11:2,202,3,True,done,True,helpful,True,False,False,False,False
state_8a5aced6bb31f46ccdee,helpful,False,The seeker is overwhelmed with anxiety and sadness due to previous pregnancy losses and fears for her current pregnancy.,Knowing about the seeker's previous pregnancy losses and ongoing fears would help provide more empathetic and tailored emotional support for her current anxiety and fear about her health and ability to care for her baby.,p14,p14:1,101,8,True,done,True,helpful,True,True,False,False,False
state_41dabc6455f6471fbe21,helpful,False,"The seeker, Jane, experienced anxiety and anger when her ex, Jack, attempted to contact her, which resurfaced feelings from their past toxic relationship and is overwhelmed by work and financial stress.","This fact from the previous session provides useful context about the seeker's emotional response to Jack's contact and the resurfacing of past toxic relationship feelings, which can help tailor emotional support strategies for coping and strengthening emotional autonomy.",p6,p6:1,303,8,True,done,True,helpful,True,True,False,False,False
state_7b616bddefee4a946561,helpful,False,"Anna is overwhelmed after her unexpected breakup with John, due to ongoing disagreements about their future plans which she felt were worsening.",Knowing about Anna's recent breakup with John and the context of their disagreements about future plans would help provide more tailored emotional support regarding her feelings of a setback in healing after running into him again.,p11,p11:2,101,3,True,done,True,helpful,True,True,False,False,False
state_095e7d5a576866ef0fd9,helpful,False,Amanda is feeling anxious about a work promotion due to increased responsibilities and unresolved issues with her supervisor's past undermining behavior and a negative performance review.,"The current conversation reveals Amanda's fear of failure and impostor syndrome related to a new role, but does not explicitly mention her supervisor's undermining behavior or the negative performance review, which could provide useful context to better understand and support her anxiety and self-doubt.",p16,p16:1,101,8,True,done,True,helpful,True,True,False,False,False
state_0962a8e902fb15db70ae,helpful,False,"The seeker is struggling with academic performance after a grade slip despite extra effort, while dealing with self-worth issues and feeling overwhelmed due to relationship strain with the professor and other pressures.","Knowing about the seeker's ongoing academic struggles, self-worth issues, and strained relationship with the professor would help provide more tailored emotional support and advice for managing anxiety and planning the conversation with the professor.",p2,p2:3,202,8,True,done,True,helpful,True,True,True,True,True
state_bb12d2fa98d6bb8f984a,helpful,False,Anna is stressed about upcoming final exams and unable to study due to having the flu.,"Knowing that Anna has previously been stressed about exams and had health issues affecting her study could help tailor emotional support to acknowledge ongoing challenges and resilience, but the current conversation already provides the immediate context of stress and physical symptoms.",p11,p11:1,101,3,True,done,True,helpful,True,True,True,True,True
state_3db776d0780304def01f,helpful,False,"Jessica is anxious due to discovering a significant discrepancy in her business accounts and is questioning the stability of her business, which also impacts her personal life and sleep issues.",Knowing about the significant discrepancy in Jessica's business accounts and its impact on her anxiety and sleep would help provide more tailored emotional support regarding her current feelings of being overwhelmed and hopeful about hiring a financial consultant.,p7,p7:1,202,8,True,done,True,helpful,True,True,False,False,False
state_5bcd8e8965da7d4da3e3,not_needed,True,,"The current conversation provides sufficient context about Charles's feelings of guilt and regret about his father, his attendance at the grief support group, and his emotional state. The detailed historical context, while rich, is not necessary to provide empathetic and relevant support in this turn, as the current conversation already includes the key emotional elements and motivations.",p5,p5:2,303,8,True,done,True,not_needed,False,False,False,False,False
state_704a578e0b7a01af6288,not_needed,True,,"The current conversation already provides detailed information about the seeker's strained relationship with her professor, her academic struggles, and her feelings of nervousness and worry about approaching the professor for help. Therefore, no additional historical facts are necessary to provide competent emotional support in this turn.",p2,p2:3,101,3,True,done,True,not_needed,False,False,False,False,False
state_5c66c0a9ab663d750234,helpful,False,"The seeker is anxious and struggling to balance grad school responsibilities and a relationship with Matthew, feeling torn between career decisions and personal commitments.","The current conversation shows the seeker struggling with anxiety about moving in with Matthew while managing career decisions and emotional wellbeing. The historical context from session p15_conv_15 provides additional details about the seeker's ongoing anxiety and difficulty balancing grad school and relationship pressures, which would help tailor emotional support more effectively.",p15,p15:2,101,3,False,invalid,False,unverified,True,False,False,False,False
state_f049f9aa281c155b885e,not_needed,True,,"The current conversation already includes the seeker mentioning the financial planning seminar, feelings of anxiety, past business challenges including a drop in sales, a failed partnership, and an account discrepancy, as well as feelings of being overwhelmed and the need to make changes. Therefore, no additional historical facts are necessary to provide relevant emotional support.",p7,p7:1,101,3,True,done,True,not_needed,False,False,False,False,False
state_78dcb52bc7147af64254,helpful,False,"The seeker is feeling anxious about accepting an internship offer, as past experiences with her thesis presentation have caused self-doubt about her capabilities.",Knowing that the seeker has a history of anxiety related to internship offers and self-doubt from past academic experiences would help tailor emotional support to address these specific fears and provide more personalized guidance on decision-making and mental health considerations.,p15,p15:1,101,8,True,done,True,helpful,True,True,False,False,False
state_2d108c039862eb2397a5,helpful,False,"Taylor is attending a writing retreat that is exciting yet emotionally challenging as it makes her confront thoughts about her future and self-worth, and helps her address her writing fears and confidence issues.","The historical context about Taylor attending a writing retreat and confronting thoughts about her future and self-worth would be helpful to understand her current eagerness to prove herself and need for support in organizing the workshop, as it shows ongoing themes of self-confidence and managing pressure.",p2,p2:1,202,8,True,done,True,helpful,True,True,False,False,False
state_753879c36a223d4eaed0,helpful,False,"The guilt has been weighing on me the most. I feel like I should miss him more now that he's away more often, but instead, I'm finding some relief in having more space for myself.","The historical context provides specific details about the seeker's conflicting emotions of guilt and relief regarding her husband's absence, which would help tailor emotional support more effectively beyond the current conversation's general mention of conflicting emotions.",p10,p10:1,101,8,False,invalid,False,unverified,True,False,False,False,False
state_2f772b1e6c2c8aab174c,helpful,False,"The seeker has been trying to focus on my personal growth and emotional health, and I've made progress through journaling and attending group therapy sessions.","The current conversation mentions the seeker's efforts in personal growth and emotional health, but the detailed historical context about journaling and group therapy sessions would help provide more tailored emotional support and guidance.",p8,p8:2,202,8,False,invalid,False,unverified,True,False,False,False,False
state_88874085b2437a3df03c,not_needed,True,,"The current conversation provides sufficient context about Nick's feelings regarding balancing his time with a new major, club involvement, and potential leadership responsibilities. The seeker explicitly mentions challenges with time management and concerns about burnout, which are the key emotional support points needed. Prior sessions, while informative about Nick's broader background, do not add necessary or helpful details for this specific emotional support turn.",p3,p3:1,303,3,True,done,True,not_needed,False,False,False,False,False
state_2d95ee6e6bfc349d36bf,helpful,False,The seeker unexpectedly reconnected with an estranged friend who showed up today.,Knowing that the seeker has recently reconnected with the estranged friend who apologized adds helpful context to better support her current feelings of uncertainty about reaching out and handling the situation.,p13,p13:1,303,3,True,done,True,helpful,True,False,False,False,False
state_9e3983d41b32234f1cb8,not_needed,True,,"The current conversation provides sufficient context about the seeker's anxiety related to planning a weekend getaway with friends, including feelings of stress, sleeplessness, irritability, and fear of judgment. The historical context about past sessions involving friendships, arguments, and emotional challenges is not directly relevant to this specific emotional support request about trip planning anxiety.",p3,p3:2,101,3,True,done,True,not_needed,False,False,False,False,False
state_232651d8ea9f056abec9,not_needed,True,,"The current conversation provides sufficient context about the seeker's discovery of the letter from his father, the emotions it stirred, and his reflections on their relationship and therapy progress. Additional historical context would be decorative and not necessary for providing emotional support in this turn.",p5,p5:2,202,3,True,done,True,not_needed,False,False,False,False,False
state_b887165fe2a3c98b4ded,helpful,False,"Seeker is debating whether to get a pet for Emily due to concerns about responsibility and his busy schedule, but acknowledges the potential benefits for her health and their family dynamic.","The historical context provides specific details about the seeker's concerns regarding responsibility and work schedule related to getting a pet for Emily, which would help tailor emotional support more effectively beyond the current conversation's general mention of anxiety and excitement.",p5,p5:1,202,3,True,done,True,helpful,True,True,True,True,True
state_e06df02fc0df2f172679,helpful,False,The seeker is feeling overwhelmed at her internship.,"The current conversation shows the seeker feeling overwhelmed and anxious about the internship and mental health, but prior sessions provide more detailed context about her struggles balancing internship, grad school, and relationship pressures, which would help tailor emotional support more effectively.",p15,p15:1,303,3,True,done,True,helpful,True,False,False,False,False
state_04e8bef5042d37bb0074,helpful,False,"Anna is overwhelmed after her unexpected breakup with John, due to ongoing disagreements about their future plans which she felt were worsening.","Knowing about the recent breakup with John and the worsening disagreements about future plans would help provide more tailored emotional support and reassurance about setbacks in healing, but the current conversation already conveys the main emotional challenge and focus on personal growth, so it is not strictly necessary.",p11,p11:2,202,8,True,done,True,helpful,True,True,False,False,False
state_0b56e4d418adefeebae9,not_needed,True,,"The current conversation already provides detailed information about the seeker's feelings of stress, anxiety, and the desire for a mediator or counselor to help with wedding planning conflicts. The historical context, while rich, does not add necessary or helpful new facts for responding to the current emotional support request about mediation and stress reduction.",p13,p13:2,303,8,True,done,True,not_needed,False,False,False,False,False
state_c9d529855af248c01635,helpful,False,"The seeker is struggling to balance her grad school responsibilities with maintaining her relationship with Matthew, feeling overwhelmed by stress from her academic and personal life.","Knowing that Kelly has a history of struggling to balance grad school and her relationship with Matthew, and feeling overwhelmed by stress, would help provide more tailored emotional support addressing her current anxiety about moving in together and managing her emotional wellbeing.",p15,p15:2,303,3,True,done,True,helpful,True,True,False,False,False
state_36a3ea4e1fe66626d1ec,not_needed,True,,"The current conversation already provides relevant information about Charlotte's feelings of loneliness, anxiety about meeting new people, and self-doubt about social skills after her friend Jessica moved away. The historical context, while detailed, does not add necessary or helpful facts beyond what is already expressed in the current conversation for providing emotional support in this turn.",p12,p12:2,303,3,True,done,True,not_needed,False,False,False,False,False
state_b4297a7f6e24ac2c9e08,helpful,False,Amanda is feeling anxious about a work promotion due to increased responsibilities and unresolved issues with her supervisor's past undermining behavior and a negative performance review.,"Knowing Amanda's prior anxiety about a promotion, her supervisor's undermining behavior, and negative reviews would help tailor emotional support to address her fears and pressures more specifically, beyond the current mention of excitement and fear of failure.",p16,p16:1,202,3,True,done,True,helpful,True,True,False,False,False
state_9c5aa4b9097fb4db6ebc,not_needed,True,,"The current conversation already provides detailed information about the seeker's emotional state, their relationship with Emily, the impact of seeing Jennifer again, their use of mindfulness and meditation, and therapy involvement. The historical context, while rich, does not add necessary or helpful facts beyond what is already present in the current conversation for providing emotional support in this turn.",p8,p8:2,101,8,True,done,True,not_needed,False,False,False,False,False
state_b253943a9eb91be534ad,helpful,False,The seeker recently received a promotion at work.,"Knowing that the seeker recently received a promotion and is feeling nervous about new responsibilities would help tailor emotional support to address concerns about balancing professional growth with mental health, which is the current focus of the conversation.",p8,p8:1,202,8,True,done,True,helpful,True,False,False,False,False
state_d6170c72d2a0001b19d0,helpful,False,Charles is grieving the sudden loss of his father and is struggling with feelings of regret over their unresolved conflicts and managing funeral arrangements amidst personal stress and family issues.,"This fact from session p5_conv_6 provides context about the seeker's recent bereavement and emotional state, which would help tailor empathetic and relevant support for his current feelings of guilt and regret about his father.",p5,p5:2,101,8,False,invalid,False,unverified,True,False,False,False,False
state_b94c79cec2cdca612681,helpful,False,I think I have a few tools now to make things better.,"The historical context shows Andrew has previously developed some coping tools and has experienced feelings of isolation and anxiety related to his academic journey and relationships. This information would be helpful to tailor emotional support that acknowledges his past efforts and current struggles, but the current conversation alone does not provide this background explicitly.",p17,p17:1,101,8,True,done,True,helpful,True,True,True,True,True
state_3a82eb9b0b5ff1f503de,helpful,False,The seeker is feeling overwhelmed at her internship.,"The current conversation shows the seeker feeling overwhelmed and experiencing sleepless nights and fatigue due to stress from balancing internship and thesis. Prior sessions, such as p15_conv_17, provide additional context about the seeker's feelings of being overwhelmed at the internship and the impact on her confidence and personal life. This information would help tailor emotional support more specifically to her situation, but an appropriate answer is still possible without it.",p15,p15:1,101,3,True,done,True,helpful,True,False,False,False,False
state_3f6acd358ae02f5faebf,not_needed,True,,"The current conversation provides sufficient context about the seeker's experience with hiking, its transformative impact, and their emotional state related to it. The seeker has already shared about their growth, coping with emotional challenges, and building relationships through hiking, so no additional historical facts are necessary to provide relevant emotional support.",p4,p4:1,303,3,True,done,True,not_needed,False,False,False,False,False
state_0e720bac52267a3c4c82,helpful,False,"Anna is overwhelmed after her unexpected breakup with John, due to ongoing disagreements about their future plans which she felt were worsening.","This fact provides useful context about the recent breakup with John and the emotional difficulty Anna is facing, which can help tailor empathetic and relevant support for her current struggle with balancing closure and emotional protection.",p11,p11:2,101,8,True,done,True,helpful,True,True,False,False,False
state_02dfcff5bc73e260168b,helpful,False,"David and I have different visions for the wedding, and it's hard to find a middle ground.","Knowing the specific nature of the disagreements about the wedding plans, such as the different visions between Linda and David, would help provide more tailored emotional support addressing the conflict and the seeker's feelings of being torn.",p13,p13:2,202,8,True,done,True,helpful,True,True,False,False,False
state_855e62420c4bbef0b55a,helpful,False,"I've thought about reaching out to apologize, but I'm not sure if it's the right time. Too many things are still uncertain.",The historical context shows that the seeker has previously considered reaching out to apologize but was uncertain about the timing. This fact would be helpful to know to provide more tailored emotional support about her current thoughts on reaching out for closure before the reunion.,p13,p13:1,303,8,True,done,True,helpful,True,True,True,True,True
state_e6ab29fa8b8b10db93fd,helpful,False,The seeker recently received a promotion at work.,Knowing that the seeker recently received a promotion at work and is feeling proud yet nervous due to new responsibilities and fears of slipping back after previously overcoming challenges like anxiety and moving to Sydney would help provide more tailored emotional support about their current anxiety and excitement regarding the advanced training opportunity.,p8,p8:1,202,3,True,done,True,helpful,True,False,False,False,False
state_9ae740f0b274899e0655,helpful,False,"The seeker is stressed and anxious because her parents showed up unannounced and are asking overwhelming questions about her life choices, which affects her mental health negatively.",Knowing that the seeker has a history of stress and anxiety related to her parents' intrusive behavior and questioning about her life choices would help provide more tailored emotional support addressing her ongoing concerns about maintaining understanding and managing anxiety.,p1,p1:1,202,3,True,done,True,helpful,True,True,False,False,False
state_f68e51c0a202f91e60d5,not_needed,True,,"The current conversation provides sufficient context about Nick's feelings of pressure to make the trip perfect and his desire to balance others' enjoyment with his own. Past sessions about Nick's friendships, academic challenges, and emotional struggles do not add necessary or helpful information specifically about this trip planning anxiety and self-pressure. Therefore, no additional historical facts are needed to provide relevant emotional support here.",p3,p3:2,101,8,True,done,True,not_needed,False,False,False,False,False
state_38c007ef5d738b288aa2,helpful,False,"The seeker, Jane, experienced anxiety and anger when Jack contacted her. The seeker is afraid of falling back into unhealthy habits from her past relationship with Jack. The seeker is stressed by work and financial pressures and finds everything overwhelming.",The prior session details about Jane's emotional reaction to Jack's contact and her fears about falling back into unhealthy patterns provide useful context to better understand and support her current feelings of challenge and avoidance during the unexpected encounter with Jack.,p6,p6:1,202,3,False,invalid,True,helpful,True,False,False,False,False
state_528004e4b655a6cf8b08,helpful,False,"Charlotte's ex-partner, Alex, reached out to her recently.","Knowing that Alex recently reached out and apologized, offering closure, would help provide more context to Charlotte's current emotional confusion and indecision about reconciliation, enabling more tailored emotional support.",p12,p12:1,303,8,True,done,True,helpful,True,False,False,False,False
state_9ef9e183f94906dcccf8,helpful,False,Seeker is debating whether to get a pet for Emily due to concerns about responsibility and his work schedule.,"The historical context provides specific information about the seeker's concerns regarding the responsibility of having a pet and balancing it with his busy work schedule, which would help tailor emotional support and practical suggestions about managing these concerns. This information is not explicitly detailed in the current conversation, which only mentions excitement about potential benefits and hope for family bonding.",p5,p5:1,303,8,False,invalid,True,helpful,True,False,False,False,False
