unit_id,user_id,scenario_id,seed,turn_index,order_variant,arm,candidate_position,candidate_id,emotional_support,personalization,memory_appropriateness,factual_grounding,temporal_consistency,non_intrusiveness,overall,reason
state_4955ef7e024bd4351130,p9,p9:1,202,3,0,rule_off,1,C1,3,3,3,5,5,5,3,"The response shows empathy and validation of the seeker's mixed emotions and anxiety about group activities, appropriately referencing the seeker's back pain and work stress. It uses relevant personal context without overfitting and avoids intrusive or unsupported facts. The question invites further sharing without pressure, fitting the current turn well."
state_4955ef7e024bd4351130,p9,p9:1,202,3,0,rule_on,2,C2,4,3,3,5,5,5,4,"This response offers warmth and validation, calling the seeker's step brave and acknowledging nervousness and motivation. It uses relevant context and invites further discussion gently. It is supportive and well grounded, though it repeats a question similar to C1 without adding new suggestions."
state_4955ef7e024bd4351130,p9,p9:1,202,3,0,fixed_off,3,C3,4,3,3,5,5,5,4,"The response validates the seeker's feelings and offers a practical suggestion to talk to program organizers for accommodations, which is helpful and supportive. It uses relevant personal context and is non-intrusive. This adds a useful dimension beyond just empathy, enhancing emotional support."
state_4955ef7e024bd4351130,p9,p9:1,202,3,0,fixed_on,4,C4,4,3,3,5,5,5,4,"This response is identical to C2, providing warmth, validation, and gentle invitation to talk more. It is supportive and well grounded but does not add new elements beyond C2."
state_4955ef7e024bd4351130,p9,p9:1,202,3,0,pm_off,5,C5,4,3,3,5,5,5,4,"This response acknowledges the seeker's overwhelm and recognition of opportunity, validating mixed feelings and inviting elaboration. It is supportive, uses relevant context, and is non-intrusive, providing a good balance of empathy and encouragement."
state_4955ef7e024bd4351130,p9,p9:1,202,3,0,pm_on,6,C6,4,3,3,5,5,5,4,"This response is identical to C2 and C4, offering warmth, validation, and a gentle prompt to discuss barriers. It is supportive and well grounded but repetitive compared to other candidates."
state_5995d11f3914014f832f,p12,p12:2,202,8,0,rule_on,1,C1,4,4,5,5,5,5,4,"The response offers warm encouragement and normalizes anxiety about social situations, which aligns well with Charlotte's expressed feelings. It uses relevant context about her social anxiety and desire to join community groups without overstepping or inventing facts. The suggestion to prepare with small steps is supportive and non-intrusive, making it a good fit for the current emotional state and goals."
state_5995d11f3914014f832f,p12,p12:2,202,8,0,fixed_off,2,C2,3,3,5,5,5,5,3,"The response is positive and acknowledges the seeker's intentions but lacks deeper emotional validation or reassurance about anxiety. It asks a question about barriers, which is appropriate but less supportive and more probing than ideal. It uses relevant context but does not offer strategies or encouragement, making it adequate but limited in emotional support."
state_5995d11f3914014f832f,p12,p12:2,202,8,0,fixed_on,3,C3,4,4,5,5,5,5,4,"This response is identical to C1, providing empathetic validation and practical suggestions that align well with Charlotte's situation. It is supportive, personalized, and non-intrusive, making it a strong response for emotional support."
state_5995d11f3914014f832f,p12,p12:2,202,8,0,pm_off,4,C4,3,3,5,5,5,5,3,"This response is identical to C2, offering encouragement but lacking deeper emotional validation or reassurance. It asks about barriers, which is appropriate but less supportive and more probing, resulting in an adequate but limited emotional support response."
state_5995d11f3914014f832f,p12,p12:2,202,8,0,pm_on,5,C5,4,4,5,5,5,5,4,"This response matches C1 and C3, providing empathetic and personalized support with practical suggestions. It is well grounded, non-intrusive, and emotionally supportive, making it a good response for the seeker's needs."
state_5995d11f3914014f832f,p12,p12:2,202,8,0,rule_off,6,C6,3,3,5,5,5,5,3,"This response is identical to C2 and C4, offering positive but limited emotional support. It asks a question about barriers, which is appropriate but less reassuring and more probing, resulting in an adequate but limited response."
state_6a20132a23a99122e178,p5,p5:2,303,3,0,fixed_off,1,C1,3,3,3,5,5,5,3,"The response acknowledges the seeker's mixed emotions and validates their experience, showing empathy and warmth. It uses relevant context about the grief group and the seeker's feelings without overstepping or inventing facts. The question invites further sharing without being intrusive. However, it is somewhat generic and does not deeply personalize or offer additional emotional support beyond reflection and inquiry."
state_6a20132a23a99122e178,p5,p5:2,303,3,0,fixed_on,2,C2,3,3,3,5,5,5,3,"This response similarly validates the seeker's mixed feelings and invites elaboration on challenges, showing empathy and appropriate use of context. It is factually grounded and non-intrusive. Like C1, it is somewhat generic and does not provide deeper emotional support or personalized insight, resulting in an adequate but limited response."
state_6a20132a23a99122e178,p5,p5:2,303,3,0,pm_off,3,C3,3,3,3,5,5,5,3,"Identical to C2, this response offers validation and invites the seeker to share more about their challenges, demonstrating empathy and appropriate memory use. It is factually accurate and non-intrusive but lacks deeper personalization or emotional depth, making it an adequate but limited response."
state_6a20132a23a99122e178,p5,p5:2,303,3,0,pm_on,4,C4,3,3,3,5,5,5,3,"Same as C2 and C3, this response is empathetic and invites further sharing, appropriately grounded in the seeker's context. It is non-intrusive and temporally consistent but does not provide enhanced emotional support or personalization beyond reflection and inquiry, resulting in an adequate but limited response."
state_6a20132a23a99122e178,p5,p5:2,303,3,0,rule_off,5,C5,3,3,3,5,5,5,3,"This response is similar to C1, acknowledging the dual nature of the seeker's experience and inviting elaboration on emotional challenges. It is empathetic, factually grounded, and non-intrusive but remains somewhat generic and does not deepen emotional support or personalization, making it an adequate but limited response."
state_6a20132a23a99122e178,p5,p5:2,303,3,0,rule_on,6,C6,3,3,3,5,5,5,3,"Identical to C2, C3, and C4, this response validates the seeker's feelings and invites further discussion. It is empathetic and appropriately uses memory without intrusion. However, it lacks deeper emotional engagement or personalized insight, resulting in an adequate but limited response."
state_95842d5fdb802835301d,p17,p17:2,202,3,1,pm_on,1,C1,4,4,5,5,5,5,4,"The response shows empathy and validation of Andrew's emotional vulnerability and the difficulty of couples counseling. It appropriately references his ongoing self-reflection and boundaries without overstepping or inventing facts. The invitation to share more is gentle and non-intrusive, fitting the current emotional state and timeline."
state_95842d5fdb802835301d,p17,p17:2,202,3,1,pm_off,2,C2,4,4,5,5,5,5,4,"This response demonstrates warmth and understanding of Andrew's complex emotions and relationship uncertainty. It uses relevant personal context about identity and boundaries without overfitting. The question is open and supportive, respecting the current counseling process and emotional state."
state_95842d5fdb802835301d,p17,p17:2,202,3,1,fixed_on,3,C3,4,4,5,5,5,5,4,"The response empathetically acknowledges Andrew's emotional conflict and the pain of hope versus doubt. It is well grounded in the known context and invites further sharing in a non-intrusive manner, showing good temporal consistency and appropriate memory use."
state_95842d5fdb802835301d,p17,p17:2,202,3,1,fixed_off,4,C4,4,4,5,5,5,5,4,"This candidate offers a supportive and validating response to Andrew's vulnerability and uncertainty, reflecting the counseling context accurately. The invitation to elaborate is gentle and appropriate, with no factual errors or temporal inconsistencies."
state_95842d5fdb802835301d,p17,p17:2,202,3,1,rule_on,5,C5,4,4,5,5,5,5,4,"Similar to C3, this response shows empathy for Andrew's emotional struggle and the tension between hope and doubt. It is factually grounded, temporally consistent, and non-intrusive, encouraging further expression."
state_95842d5fdb802835301d,p17,p17:2,202,3,1,rule_off,6,C6,5,5,5,5,5,5,5,"This response is deeply supportive and empathetic, acknowledging both the pain and enlightenment Andrew experiences. It references his self-reflection and boundaries accurately, showing excellent personalization and memory use. The invitation to share more is gentle and non-intrusive, making it an excellent holistic response."
state_4955ef7e024bd4351130,p9,p9:1,202,3,1,pm_on,1,C1,4,4,5,5,5,5,4,"The response shows empathy and validation for Michael's mixed feelings about joining the wellness program, acknowledges his social anxieties, and encourages further sharing without being intrusive. It appropriately uses the context about his health and social concerns without inventing facts and respects the current timeline."
state_4955ef7e024bd4351130,p9,p9:1,202,3,1,pm_off,2,C2,4,4,5,5,5,5,4,"This response is supportive and empathetic, recognizing Michael's anxiety and motivation. It invites him to elaborate on his concerns, using relevant personal context appropriately and maintaining a non-intrusive tone. It is well grounded and temporally consistent."
state_4955ef7e024bd4351130,p9,p9:1,202,3,1,fixed_on,3,C3,4,4,5,5,5,5,4,"This candidate's response is nearly identical to C1, providing empathetic and validating support, encouraging Michael to share more about his discomfort with group settings. It is well grounded, personalized, and non-intrusive."
state_4955ef7e024bd4351130,p9,p9:1,202,3,1,fixed_off,4,C4,4,4,5,5,5,4,4,"The response acknowledges Michael's mixed emotions and social anxieties and offers a practical suggestion to talk to program staff for accommodations. While supportive and personalized, the suggestion to contact organizers might feel slightly more directive, but it remains appropriate and non-intrusive overall."
state_4955ef7e024bd4351130,p9,p9:1,202,3,1,rule_on,5,C5,4,4,5,5,5,5,4,"This response repeats the supportive and empathetic approach seen in C1 and C3, validating Michael's feelings and inviting further discussion about his discomfort, with appropriate personalization and non-intrusiveness."
state_4955ef7e024bd4351130,p9,p9:1,202,3,1,rule_off,6,C6,4,4,5,5,5,5,4,"This candidate acknowledges Michael's mixed emotions and anxiety, including his back pain and work stress, and invites him to share more about his hesitation. The response is empathetic, personalized, well grounded, and non-intrusive."
state_0d7417c0bca2b3ba0921,p4,p4:1,303,8,1,fixed_off,1,C1,4,4,5,5,5,5,4,"The response empathetically acknowledges Alex's anxiety about public speaking and validates his feelings, using relevant context about his upcoming panel discussion. It avoids intrusive probing and maintains temporal consistency with current events. The question at the end gently invites reflection without overstepping, making it a supportive and well-grounded reply."
state_0d7417c0bca2b3ba0921,p4,p4:1,303,8,1,rule_on,2,C2,4,4,5,5,5,5,4,"This response offers warmth and validation, recognizing Alex's courage and normalizing his anxiety. It appropriately references his intent to inspire others and avoids intrusive advice. The closing question encourages self-reflection gently, fitting well with the current context and emotional state."
state_0d7417c0bca2b3ba0921,p4,p4:1,303,8,1,rule_off,3,C3,4,4,5,5,5,5,4,"The response shows empathy and validation of Alex's vulnerability and anxiety, emphasizing the value of his story and its potential positive impact. It aligns well with the current context and avoids intrusive or over-advising language. The suggestion to focus on positive impact is supportive without being pushy."
state_0d7417c0bca2b3ba0921,p4,p4:1,303,8,1,pm_on,4,C4,4,4,5,5,5,5,4,"This candidate's response is nearly identical to C2, providing empathetic validation and normalizing anxiety about public speaking. It uses relevant context and invites gentle reflection, maintaining non-intrusiveness and temporal consistency."
state_0d7417c0bca2b3ba0921,p4,p4:1,303,8,1,pm_off,5,C5,4,4,5,5,5,5,4,"This response mirrors C3, offering empathetic support and encouraging focus on the positive impact of sharing the story. It is well grounded in the current context and avoids intrusive or overbearing advice, making it a supportive reply."
state_0d7417c0bca2b3ba0921,p4,p4:1,303,8,1,fixed_on,6,C6,4,4,5,5,5,5,4,"This response is the same as C2 and C4, providing empathetic validation and normalizing anxiety. It appropriately uses context and invites reflection without intrusion, making it a supportive and well-grounded response."
state_73e829c020bc7f1a0ced,p1,p1:1,101,3,1,fixed_on,1,C1,4,4,5,5,5,5,4,"The response shows empathy and validation by acknowledging the mix of emotions Sarah is experiencing. It uses relevant personal context about her conversation with her parents and her concerns about maintaining understanding, which fits the current emotional state. The response is factually grounded, temporally consistent, and non-intrusive, inviting Sarah to share more without pressure."
state_73e829c020bc7f1a0ced,p1,p1:1,101,3,1,fixed_off,2,C2,4,4,5,5,5,5,4,"This response offers warmth and validation, recognizing the complexity of Sarah's feelings. It appropriately uses personal context about balancing familial expectations and personal needs. The invitation to elaborate is gentle and non-intrusive. The response is well grounded and temporally consistent."
state_73e829c020bc7f1a0ced,p1,p1:1,101,3,1,rule_on,3,C3,4,4,5,5,5,5,4,"This candidate's response is nearly identical to C1, providing empathetic and supportive language that acknowledges Sarah's mixed emotions and invites further sharing about her worries. It is well grounded, personalized, and non-intrusive."
state_73e829c020bc7f1a0ced,p1,p1:1,101,3,1,rule_off,4,C4,4,4,5,5,5,5,4,"The response validates Sarah's feelings and acknowledges the complexity of her situation. It uses relevant personal context about balancing her needs with family expectations. The question is open and non-intrusive, encouraging further dialogue. It is factually and temporally consistent."
state_73e829c020bc7f1a0ced,p1,p1:1,101,3,1,pm_on,5,C5,4,4,5,5,5,5,4,"This response is the same as C1 and C3, providing empathetic support and inviting Sarah to share more about her concerns. It is well grounded, personalized, and non-intrusive."
state_73e829c020bc7f1a0ced,p1,p1:1,101,3,1,pm_off,6,C6,4,4,5,5,5,5,4,"The response acknowledges the normalcy of Sarah's feelings after a significant conversation and invites her to elaborate on her worries. It is empathetic, personalized, factually grounded, temporally consistent, and non-intrusive."
state_25d6bbe3f8761bf56b08,p17,p17:1,101,3,0,pm_off,1,C1,3,3,3,5,5,5,3,"The response shows empathy and validation of Andrew's feelings of anxiety and self-doubt, appropriately reflecting his current psychological state. It uses relevant context about pressure and criticism without overstepping or inventing facts. The invitation to share more is supportive and non-intrusive. However, it is somewhat generic and does not deeply personalize or offer specific emotional support strategies, making it adequate but limited."
state_25d6bbe3f8761bf56b08,p17,p17:1,101,3,0,pm_on,2,C2,3,3,3,5,5,5,3,"This response is identical to C1, providing adequate empathy and validation, appropriate use of context, and a non-intrusive invitation to elaborate. It lacks deeper personalization or more nuanced emotional support, resulting in an adequate but limited response."
state_25d6bbe3f8761bf56b08,p17,p17:1,101,3,0,rule_off,3,C3,4,4,4,5,5,5,4,"This response acknowledges the impact of pressure and criticism on Andrew's confidence and highlights the isolating nature of his experience, showing good emotional support. It uses relevant personal context appropriately and invites further sharing in a gentle way. The response is supportive and well grounded, though it could be enhanced with more warmth or specific coping suggestions."
state_25d6bbe3f8761bf56b08,p17,p17:1,101,3,0,rule_on,4,C4,4,4,4,5,5,5,4,"The response effectively validates Andrew's feelings of self-doubt and isolation due to pressure and criticism, demonstrating good emotional support. It uses relevant context without overstepping and invites elaboration in a non-intrusive manner. The tone is supportive and empathetic, making it a good response though somewhat general."
state_25d6bbe3f8761bf56b08,p17,p17:1,101,3,0,fixed_off,5,C5,4,4,4,5,5,5,4,"This response acknowledges the toll of pressure and criticism on Andrew's confidence and explicitly invites him to share specific self-doubting thoughts, showing good emotional support and personalization. It is grounded in the current context and non-intrusive. The invitation to explore thoughts more deeply is helpful, making this a good and supportive response."
state_25d6bbe3f8761bf56b08,p17,p17:1,101,3,0,fixed_on,6,C6,4,4,4,5,5,5,4,"This response validates Andrew's feelings of self-doubt and isolation due to pressure and criticism, providing good emotional support. It uses relevant context appropriately and invites further sharing in a gentle, non-intrusive way. The tone is empathetic and supportive, making it a good response though it could be more personalized or offer coping suggestions."
state_db22d2c498fc000886f2,p11,p11:1,303,8,1,fixed_off,1,C1,4,4,5,5,5,5,4,"The response shows empathy and validation of the seeker's feelings, acknowledges the struggle balancing studies and health, and invites further sharing without being intrusive. It uses relevant context about the seeker's study pressure and health concerns appropriately and is factually consistent and temporally appropriate."
state_db22d2c498fc000886f2,p11,p11:1,303,8,1,rule_on,2,C2,4,4,5,5,5,5,4,"The response offers warmth and encouragement, normalizes the seeker's feelings, and suggests prioritizing self-care with a gentle prompt for a small step. It uses the seeker's context well without overstepping, is factually grounded and temporally consistent, and is non-intrusive."
state_db22d2c498fc000886f2,p11,p11:1,303,8,1,rule_off,3,C3,4,4,5,5,5,5,4,"This response is very similar to C1, showing empathy and inviting the seeker to elaborate on specific challenges, which supports emotional processing. It is well grounded in the seeker's context and non-intrusive, with appropriate memory use and temporal consistency."
state_db22d2c498fc000886f2,p11,p11:1,303,8,1,pm_on,4,C4,4,4,5,5,5,5,4,"This response is identical to C2, providing empathetic validation, normalization, and encouragement to take small self-care steps. It is well personalized, factually grounded, temporally consistent, and non-intrusive."
state_db22d2c498fc000886f2,p11,p11:1,303,8,1,pm_off,5,C5,4,4,5,5,5,5,4,"This response is identical to C3, showing empathy and inviting the seeker to discuss specific challenges and adjustments. It is well grounded in the seeker's context, temporally consistent, and non-intrusive."
state_db22d2c498fc000886f2,p11,p11:1,303,8,1,fixed_on,6,C6,4,4,5,5,5,5,4,"This response is identical to C2 and C4, offering empathetic validation, normalization, and encouragement for self-care. It is well personalized, factually grounded, temporally consistent, and non-intrusive."
state_167ce1f68daa5eb1e2fe,p12,p12:3,303,3,0,fixed_off,1,C1,3,3,3,5,5,5,3,"The response shows empathy and validation by acknowledging mixed emotions and invites the seeker to elaborate, which is supportive. It uses relevant context about the job opportunity and the seeker's feelings without overstepping. The response is factually grounded and temporally consistent with the seeker's current concerns. It is non-intrusive, asking an open question rather than probing sensitive details."
state_167ce1f68daa5eb1e2fe,p12,p12:3,303,3,0,fixed_on,2,C2,3,3,3,5,5,5,3,"This response empathetically acknowledges the seeker's past challenges and current decision, reflecting understanding of their situation. It uses relevant personal context appropriately and is factually grounded and temporally consistent. The question is open and non-intrusive, inviting further sharing without pressure."
state_167ce1f68daa5eb1e2fe,p12,p12:3,303,3,0,pm_off,3,C3,3,3,3,5,5,5,3,"The response validates the seeker's mixed feelings and invites elaboration on their hesitation, showing empathy and warmth. It appropriately uses personal context and is factually and temporally consistent. The question is open and non-intrusive, supporting further dialogue."
state_167ce1f68daa5eb1e2fe,p12,p12:3,303,3,0,pm_on,4,C4,2,2,2,5,5,5,2,"While the response acknowledges the seeker's resilience and strength, it is brief and lacks an invitation for further sharing or deeper emotional support. It uses some personal context but does not engage the seeker to explore feelings or concerns, limiting emotional support and personalization."
state_167ce1f68daa5eb1e2fe,p12,p12:3,303,3,0,rule_off,5,C5,3,3,3,5,5,5,3,"This response validates the seeker's mixed emotions and invites them to share more about their hesitation, showing empathy and warmth. It uses relevant personal context appropriately and is factually and temporally consistent. The question is open and non-intrusive, encouraging further dialogue."
state_167ce1f68daa5eb1e2fe,p12,p12:3,303,3,0,rule_on,6,C6,3,3,3,5,5,5,3,"The response empathetically acknowledges the seeker's past challenges and current decision, reflecting understanding of their situation. It uses relevant personal context appropriately and is factually grounded and temporally consistent. The question is open and non-intrusive, inviting further sharing without pressure."
state_d80a3fc38721df9b55fe,p14,p14:3,101,8,1,pm_off,1,C1,4,4,5,5,5,5,4,"The response shows empathy and validation of the seeker's feelings, acknowledges the parenting challenge, and invites elaboration on the nurturing environment, which is relevant and supportive. It uses the seeker's expressed concerns appropriately without overstepping or inventing facts, maintaining temporal consistency and non-intrusiveness."
state_d80a3fc38721df9b55fe,p14,p14:3,101,8,1,fixed_on,2,C2,4,4,5,5,5,5,4,"This response validates the seeker's sense of responsibility and desire to support their child, offering warmth and encouragement. It invites the seeker to reflect on what would increase their confidence, which is relevant and supportive. It respects the context and is non-intrusive, well grounded in the seeker's expressed feelings."
state_d80a3fc38721df9b55fe,p14,p14:3,101,8,1,fixed_off,3,C3,4,4,5,5,5,5,4,"This candidate's response is nearly identical to C1, showing empathy and inviting the seeker to elaborate on their nurturing environment efforts. It is supportive, personalized, and appropriately grounded in the seeker's context without overstepping."
state_d80a3fc38721df9b55fe,p14,p14:3,101,8,1,rule_on,4,C4,4,4,5,5,5,5,4,"This response mirrors C2, providing empathetic validation and encouraging reflection on confidence-building strategies. It is well grounded, temporally consistent, and non-intrusive, offering good emotional support and personalization."
state_d80a3fc38721df9b55fe,p14,p14:3,101,8,1,rule_off,5,C5,4,4,5,5,5,5,4,"Same as C1 and C3, this response empathetically acknowledges the seeker's feelings and invites elaboration on nurturing efforts, providing good emotional support and personalization without overstepping."
state_d80a3fc38721df9b55fe,p14,p14:3,101,8,1,pm_on,6,C6,4,4,5,5,5,5,4,"Same as C2 and C4, this response validates the seeker's responsibility and desire to support their child, inviting reflection on confidence, and is well grounded, temporally consistent, and non-intrusive."
state_66872e1a536d8b32a329,p1,p1:1,101,8,0,pm_on,1,C1,2,3,3,5,5,4,3,"The response shows empathy and attempts to engage the seeker by asking about their feelings and needs, which provides some emotional support. It uses relevant context about the seeker's struggle to balance family understanding and self-care, showing moderate personalization and appropriate memory use. The response is factually grounded and temporally consistent with the current situation. However, it is somewhat generic and does not offer specific guidance or validation, limiting its depth of support."
state_66872e1a536d8b32a329,p1,p1:1,101,8,0,rule_off,2,C2,2,3,3,5,5,4,3,"This response is similar to C1, showing empathy and inviting the seeker to share more about their barriers to self-care. It uses relevant personal context and is appropriately non-intrusive. The support is adequate but somewhat limited by its generic phrasing and lack of deeper validation or suggestions."
state_66872e1a536d8b32a329,p1,p1:1,101,8,0,rule_on,3,C3,2,3,3,5,5,4,3,"This candidate repeats the approach of C1, providing moderate emotional support and personalization by referencing the seeker's situation. It is factually and temporally consistent and non-intrusive. The response is adequate but lacks depth or specific supportive strategies."
state_66872e1a536d8b32a329,p1,p1:1,101,8,0,fixed_off,4,C4,2,3,3,5,5,4,3,"Similar to C2, this response offers moderate empathy and personalization, appropriately referencing the seeker's context. It is factually grounded and temporally consistent. The response is non-intrusive but somewhat generic and limited in emotional depth or guidance."
state_66872e1a536d8b32a329,p1,p1:1,101,8,0,fixed_on,5,C5,2,3,3,5,5,4,3,"This response mirrors C1 and C3, providing moderate emotional support and personalization with appropriate memory use. It is factually and temporally consistent and non-intrusive. The support is adequate but could be improved with more validation and specific coping suggestions."
state_66872e1a536d8b32a329,p1,p1:1,101,8,0,pm_off,6,C6,2,3,3,5,5,4,3,"Like C2 and C4, this response shows moderate empathy and personalization, referencing the seeker's situation appropriately. It is factually grounded, temporally consistent, and non-intrusive. The response is adequate but limited by its generic nature and lack of deeper emotional support or practical advice."
state_386f27896b4ed9f621e8,p8,p8:1,303,8,1,fixed_off,1,C1,4,4,5,5,5,5,4,"The response shows empathy and validation of the seeker's concerns, offers a practical strategy aligned with the seeker's context of maintaining balance, and uses memory appropriately without overstepping. It is factually grounded and temporally consistent with the seeker's current situation. The tone is supportive and non-intrusive."
state_386f27896b4ed9f621e8,p8,p8:1,303,8,1,rule_on,2,C2,4,4,5,5,5,5,4,"The response validates the seeker's feelings and normalizes their anxiety, showing emotional support. It invites further sharing, which is appropriate and non-intrusive. It uses relevant personal context and is consistent with the seeker's current concerns. The response is factually grounded and temporally appropriate."
state_386f27896b4ed9f621e8,p8,p8:1,303,8,1,rule_off,3,C3,4,4,5,5,5,5,4,"This response offers empathy and practical advice tailored to the seeker's situation, encouraging manageable steps to maintain balance. It is well grounded in the seeker's context and avoids intrusive probing. The tone is warm and supportive, and the response respects temporal consistency."
state_386f27896b4ed9f621e8,p8,p8:1,303,8,1,pm_on,4,C4,4,4,5,5,5,5,4,"This response is nearly identical to C2, providing validation and inviting the seeker to elaborate on their concerns. It is empathetic, personalized, and temporally consistent. It uses memory appropriately and is non-intrusive."
state_386f27896b4ed9f621e8,p8,p8:1,303,8,1,pm_off,5,C5,4,4,5,5,5,5,4,"This response mirrors C3, offering empathetic support and practical suggestions for managing the seeker's concerns. It is well grounded, personalized, and non-intrusive, maintaining temporal consistency."
state_386f27896b4ed9f621e8,p8,p8:1,303,8,1,fixed_on,6,C6,4,4,5,5,5,5,4,"This response is the same as C2 and C4, providing empathetic validation and inviting further discussion. It is personalized, factually grounded, temporally consistent, and non-intrusive."
state_9e3983d41b32234f1cb8,p3,p3:2,101,3,0,pm_off,1,C1,4,4,5,5,5,5,4,"The response shows empathy by acknowledging the pressure and invites the seeker to share more about what brings them joy, which is supportive and relevant to the current topic. It uses the context appropriately without overstepping or inventing facts, and the tone is warm and non-intrusive."
state_9e3983d41b32234f1cb8,p3,p3:2,101,3,0,pm_on,2,C2,4,4,5,5,5,5,4,"This response validates the seeker's burden and invites further sharing about joy and planning, which is emotionally supportive and personalized to the seeker's situation. It respects the context and is non-intrusive, maintaining consistency with the seeker's current concerns."
state_9e3983d41b32234f1cb8,p3,p3:2,101,3,0,rule_off,3,C3,4,4,5,5,5,5,4,"The response empathetically acknowledges the stress and asks about the seeker's motivations and priorities, which is supportive and relevant. It uses memory appropriately and maintains factual and temporal consistency without overstepping."
state_9e3983d41b32234f1cb8,p3,p3:2,101,3,0,rule_on,4,C4,4,4,5,5,5,5,4,"This response validates the seeker's feelings of responsibility and invites reflection on success criteria, which is supportive and personalized. It is well grounded in the context, temporally consistent, and non-intrusive."
state_9e3983d41b32234f1cb8,p3,p3:2,101,3,0,fixed_off,5,C5,4,4,5,5,5,5,4,"Similar to C3, this response empathetically acknowledges the burden and asks about the seeker's motivations and priorities, providing good emotional support and personalization without overstepping."
state_9e3983d41b32234f1cb8,p3,p3:2,101,3,0,fixed_on,6,C6,4,4,5,5,5,5,4,"This response validates the seeker's sense of responsibility and invites them to define success, which is supportive and personalized. It respects the context and is non-intrusive, maintaining factual and temporal consistency."
state_2c520491a6f996b397f7,p16,p16:2,202,8,1,rule_off,1,C1,4,4,5,5,5,5,4,"The response shows empathy and validation of Amanda's feelings, acknowledges the significant history with Bill, and invites her to share more without being intrusive. It uses relevant personal context appropriately and maintains temporal consistency. The response is supportive and well grounded, though it could offer more direct coping strategies."
state_2c520491a6f996b397f7,p16,p16:2,202,8,1,pm_on,2,C2,4,4,5,5,5,5,4,This response empathetically acknowledges the emotional turmoil Amanda is experiencing and invites her to elaborate on her thoughts and feelings. It appropriately uses personal context and is non-intrusive. It is supportive and well grounded but somewhat general without specific guidance.
state_2c520491a6f996b397f7,p16,p16:2,202,8,1,pm_off,3,C3,4,4,5,5,5,5,4,"The response validates Amanda's complex emotions and invites her to share more, showing understanding of her uncertainty and fear. It uses relevant personal context and is temporally consistent and non-intrusive. It is supportive and well grounded but could be more specific in emotional support."
state_2c520491a6f996b397f7,p16,p16:2,202,8,1,fixed_on,4,C4,4,4,5,5,5,5,4,"This response acknowledges the emotional significance of Bill and the impact of the encounter, validating Amanda's struggle. It invites further sharing in a non-intrusive way and uses personal context appropriately. It is supportive and well grounded but lacks specific coping suggestions."
state_2c520491a6f996b397f7,p16,p16:2,202,8,1,fixed_off,5,C5,4,4,5,5,5,5,4,"The response empathetically recognizes Amanda's mixed emotions and history with Bill, inviting her to elaborate on her thoughts and feelings. It is appropriately personalized, non-intrusive, and temporally consistent. It is supportive and well grounded but somewhat general."
state_2c520491a6f996b397f7,p16,p16:2,202,8,1,rule_on,6,C6,4,4,5,5,5,5,4,"This response validates the emotional impact of the encounter with Bill and Amanda's struggle to process her feelings. It invites her to share more in a supportive, non-intrusive manner, using relevant personal context appropriately. It is well grounded and temporally consistent but could offer more direct emotional support."
state_ed94ec62c6728002740f,p5,p5:2,202,8,1,rule_off,1,C1,3,3,3,5,5,5,3,"The response is empathetic and acknowledges the positive impact of the grief support group, reflecting the seeker's current emotional state and recent experiences. It uses relevant context without overstepping or inventing facts, and the questions invite further sharing without being intrusive. However, it is somewhat generic and does not deeply engage with the seeker's specific feelings of guilt and loss, limiting emotional support depth."
state_ed94ec62c6728002740f,p5,p5:2,202,8,1,pm_on,2,C2,3,3,3,5,5,5,3,"This response warmly validates the seeker's positive experience with the grief group and the emotional release it provides, aligning well with the seeker's current state. It invites reflection on helpful or surprising aspects of the group, encouraging further dialogue. The response is factually grounded and non-intrusive but remains somewhat general and does not deeply personalize or address the seeker's specific feelings of guilt and loss."
state_ed94ec62c6728002740f,p5,p5:2,202,8,1,pm_off,3,C3,3,3,3,5,5,5,3,"This candidate's response is identical to C1, providing empathetic acknowledgment of the seeker's experience and inviting elaboration. It is factually accurate, temporally consistent, and non-intrusive but lacks deeper emotional engagement or personalization beyond the general context of the grief group."
state_ed94ec62c6728002740f,p5,p5:2,202,8,1,fixed_on,4,C4,3,3,3,5,5,5,3,"This response matches C2's content, offering supportive validation and encouraging the seeker to share more about their experience. It is well grounded and appropriate but somewhat generic, not fully addressing the seeker's nuanced feelings of guilt and loss."
state_ed94ec62c6728002740f,p5,p5:2,202,8,1,fixed_off,5,C5,4,4,4,5,5,5,4,"This response acknowledges the seeker's positive experience and specifically references feelings of guilt and loss, showing better personalization and emotional support. It invites the seeker to reflect on hearing others' stories, which aligns well with the seeker's mention of connection and emotional release. The response is factually grounded, temporally consistent, and non-intrusive, making it a stronger, more supportive reply."
state_ed94ec62c6728002740f,p5,p5:2,202,8,1,rule_on,6,C6,3,3,3,5,5,5,3,"This response is the same as C2 and C4, providing general validation and an invitation to share more about the grief group experience. It is factually accurate and non-intrusive but lacks deeper personalization or engagement with the seeker's specific emotional nuances."
state_7f1f924ade7a1af6ae77,p6,p6:2,303,8,1,fixed_off,1,C1,4,4,5,5,5,5,4,"The response shows empathy and validation, acknowledges the seeker's feelings of loneliness and past relationship struggles, and invites further sharing without being intrusive. It appropriately reflects the current emotional state and context without inventing facts or conflicting with known information."
state_7f1f924ade7a1af6ae77,p6,p6:2,303,8,1,rule_on,2,C2,4,4,5,5,5,5,4,"This response offers warmth and understanding, recognizes the seeker's feelings of isolation, and encourages elaboration. It is well grounded in the seeker's current emotional state and context, uses memory appropriately, and avoids intrusive or over-advising language."
state_7f1f924ade7a1af6ae77,p6,p6:2,303,8,1,rule_off,3,C3,4,4,5,5,5,5,4,"The response is empathetic and supportive, acknowledges the seeker's feelings and situation, and invites further discussion. It aligns well with the seeker's current emotional state and context, uses memory appropriately, and maintains a non-intrusive tone."
state_7f1f924ade7a1af6ae77,p6,p6:2,303,8,1,pm_on,4,C4,4,4,5,5,5,5,4,"This response demonstrates empathy and validation, reflects the seeker's feelings of being lost and isolated, and encourages sharing more about the situation. It is factually grounded, temporally consistent, and appropriately non-intrusive."
state_7f1f924ade7a1af6ae77,p6,p6:2,303,8,1,pm_off,5,C5,4,4,5,5,5,5,4,"The response provides empathetic support, acknowledges the seeker's feelings and context, and invites further conversation. It is well grounded in the seeker's current state, uses memory appropriately, and avoids intrusive or over-advising language."
state_7f1f924ade7a1af6ae77,p6,p6:2,303,8,1,fixed_on,6,C6,4,4,5,5,5,5,4,"This response offers warmth and understanding, validates the seeker's feelings of isolation, and encourages elaboration. It is factually and temporally consistent with the seeker's situation, uses memory appropriately, and maintains a non-intrusive tone."
state_653f2779410b1620f004,p13,p13:1,202,3,0,rule_off,1,C1,2,2,2,5,5,4,2,"The response acknowledges the seeker's mixed emotions and validates them, showing some empathy. It uses relevant context about the reunion and the falling out with friends, which is appropriate memory use. However, it immediately asks for more details about the hesitation to apologize, which may feel slightly intrusive and pushes for more disclosure rather than providing emotional support or comfort. The response is factually grounded and temporally consistent but limited in warmth and emotional presence."
state_653f2779410b1620f004,p13,p13:1,202,3,0,rule_on,2,C2,2,2,2,5,5,3,2,"Similar to C1, this response recognizes the seeker's anxiety and uncertainty, showing some empathy and personalization. It also asks for more information about the hesitation to apologize, which may be somewhat intrusive given the seeker's expressed anxiety. The response is factually accurate and temporally consistent but lacks deeper emotional support or validation."
state_653f2779410b1620f004,p13,p13:1,202,3,0,fixed_off,3,C3,2,2,2,5,5,4,2,"This response is nearly identical to C1, providing basic validation and acknowledging mixed emotions. It uses relevant personal context appropriately but quickly probes for more details, which may feel slightly intrusive. It is factually and temporally consistent but limited in emotional depth."
state_653f2779410b1620f004,p13,p13:1,202,3,0,fixed_on,4,C4,2,2,2,5,5,3,2,"This response mirrors C2, showing some empathy and personalization but immediately asking for more details about the hesitation to apologize. This may be intrusive given the seeker's anxiety. It is factually grounded and temporally consistent but offers limited emotional support."
state_653f2779410b1620f004,p13,p13:1,202,3,0,pm_off,5,C5,2,2,2,5,5,4,2,"Same as C1 and C3, this response validates the seeker's feelings and uses relevant context but quickly probes for more information, which may be intrusive. It is factually and temporally consistent but lacks deeper emotional support or warmth."
state_653f2779410b1620f004,p13,p13:1,202,3,0,pm_on,6,C6,2,2,2,5,5,4,2,"This response acknowledges the seeker's uncertainty and unresolved issues, showing some empathy and personalization. It appropriately uses memory and is factually and temporally consistent. However, it immediately asks for more details about the hesitation to apologize, which may feel intrusive. Overall, it provides limited emotional support and warmth."
state_0d7417c0bca2b3ba0921,p4,p4:1,303,8,0,fixed_on,1,C1,4,4,5,5,5,5,4,"The response offers empathetic validation of Alex's anxiety about public speaking, acknowledges his courage, and encourages reflection on coping strategies. It is well grounded in the context of Alex's upcoming panel and does not overstep with intrusive questions or unsupported facts. The personalization is appropriate, referencing his story sharing and anxiety, and the tone is warm and supportive."
state_0d7417c0bca2b3ba0921,p4,p4:1,303,8,0,pm_off,2,C2,4,4,5,5,5,5,4,"This response empathetically acknowledges Alex's vulnerability and anxiety, validates the value of his story, and encourages focusing on positive impact rather than fear of judgment. It is well grounded in the context and avoids intrusive probing. Personalization is appropriate and the tone is warm and supportive."
state_0d7417c0bca2b3ba0921,p4,p4:1,303,8,0,pm_on,3,C3,4,4,5,5,5,5,4,"This candidate's response is identical to C1, providing empathetic validation, encouragement, and appropriate personalization without intrusion or unsupported facts. It aligns well with the seeker's context and emotional state."
state_0d7417c0bca2b3ba0921,p4,p4:1,303,8,0,rule_off,4,C4,4,4,5,5,5,5,4,"This candidate's response is identical to C2, offering empathetic validation, encouragement to focus on positive impact, and appropriate personalization. It is well grounded and non-intrusive, matching the seeker's needs."
state_0d7417c0bca2b3ba0921,p4,p4:1,303,8,0,rule_on,5,C5,4,4,5,5,5,5,4,"This response is identical to C1 and C3, providing empathetic and supportive feedback that is well grounded and personalized without being intrusive or factually unsupported."
state_0d7417c0bca2b3ba0921,p4,p4:1,303,8,0,fixed_off,6,C6,4,4,5,5,5,5,4,"This response acknowledges Alex's anxiety and courage, normalizes his feelings, and offers reassurance by referencing others' successful experiences. It invites reflection on coping strategies without intrusive questioning. The personalization and grounding are appropriate and the tone is warm and supportive."
state_e3ae4b1a11e31be0e9cc,p18,p18:1,202,3,1,pm_on,1,C1,3,3,3,5,5,5,3,"The response shows empathy and invites the seeker to share more, reflecting understanding of the seeker's concerns about the commute and family care. It uses relevant personal context appropriately without overstepping. The response is factually grounded and temporally consistent, and it is non-intrusive. However, it is somewhat generic and could offer more warmth or validation to be rated higher."
state_e3ae4b1a11e31be0e9cc,p18,p18:1,202,3,1,pm_off,2,C2,3,3,3,5,5,5,3,"This response expresses empathy and invites the seeker to elaborate on their thoughts, acknowledging the difficulty of the decision. It appropriately uses personal context and is factually and temporally consistent. The response is non-intrusive but somewhat generic and lacks deeper emotional validation or warmth."
state_e3ae4b1a11e31be0e9cc,p18,p18:1,202,3,1,fixed_on,3,C3,3,3,3,5,5,5,3,"Similar to C1, this response shows empathy and invites elaboration on the commute and family care impact. It is factually grounded, temporally consistent, and non-intrusive. The personalization is appropriate but limited, and the emotional support is adequate but not deeply supportive."
state_e3ae4b1a11e31be0e9cc,p18,p18:1,202,3,1,fixed_off,4,C4,3,3,3,5,5,5,3,"This response focuses on the seeker's mom's care and its impact, showing empathy and inviting more sharing. It is factually grounded and temporally consistent, with appropriate personalization and non-intrusiveness. The emotional support is adequate but could be warmer or more validating."
state_e3ae4b1a11e31be0e9cc,p18,p18:1,202,3,1,rule_on,5,C5,3,3,3,5,5,5,3,"This response is nearly identical to C1 and C3, showing empathy and inviting elaboration on the commute and family care. It is factually grounded, temporally consistent, and non-intrusive. The personalization and emotional support are adequate but not exceptional."
state_e3ae4b1a11e31be0e9cc,p18,p18:1,202,3,1,rule_off,6,C6,3,3,3,5,5,5,3,"This response is similar to C2, expressing empathy and inviting the seeker to share more about the pros and cons of the job offer. It is factually grounded, temporally consistent, and non-intrusive. The personalization and emotional support are adequate but could be more deeply supportive or warm."
state_6496c9e69ce2bb7f9473,p9,p9:1,303,3,0,fixed_off,1,C1,3,3,3,5,5,4,3,"The response shows empathy and validation of the seeker's feelings about social anxiety and health concerns, appropriately referencing the wellness group and the seeker's anxiety without overstepping. It invites further sharing without being intrusive. However, it is somewhat generic and does not deeply personalize or offer warmth beyond basic acknowledgment."
state_6496c9e69ce2bb7f9473,p9,p9:1,303,3,0,fixed_on,2,C2,3,3,3,5,5,4,3,"This response acknowledges the seeker's uncertainty and social anxiety, validating their fears and inviting elaboration. It is factually grounded and temporally consistent. The tone is supportive but somewhat formulaic, lacking deeper warmth or personalization beyond the immediate context."
state_6496c9e69ce2bb7f9473,p9,p9:1,303,3,0,pm_off,3,C3,3,3,3,5,5,4,3,"The response empathetically acknowledges the seeker's uncertainty and social anxiety, and invites exploration of specific fears. It is factually and temporally appropriate and non-intrusive. The personalization is adequate but limited, and the emotional support is adequate but not deeply warm or validating."
state_6496c9e69ce2bb7f9473,p9,p9:1,303,3,0,pm_on,4,C4,3,3,3,5,5,4,3,"This response is nearly identical to C2, providing empathetic acknowledgment of the seeker's feelings and inviting further sharing. It is factually grounded and non-intrusive but somewhat generic and limited in emotional depth or personalization."
state_6496c9e69ce2bb7f9473,p9,p9:1,303,3,0,rule_off,5,C5,3,3,3,5,5,4,3,"The response validates the seeker's mixed emotions and concerns about judgment and health, inviting elaboration. It is factually and temporally consistent and non-intrusive. The emotional support is adequate but not deeply warm or personalized beyond the immediate context."
state_6496c9e69ce2bb7f9473,p9,p9:1,303,3,0,rule_on,6,C6,3,3,3,5,5,4,3,"This response is similar to C2 and C4, empathetically acknowledging the seeker's social anxiety and fears, inviting further discussion. It is factually grounded and non-intrusive but somewhat formulaic and limited in emotional depth or personalization."
state_73e829c020bc7f1a0ced,p1,p1:1,101,3,0,pm_off,1,C1,4,4,5,5,5,5,4,"The response empathetically acknowledges the seeker's mixed emotions and validates their experience, showing good emotional support. It appropriately uses the current context without overstepping or inventing facts, maintaining temporal consistency. The question invites further sharing without being intrusive, making the memory use appropriate and the personalization relevant. Overall, it is a supportive and well-grounded response."
state_73e829c020bc7f1a0ced,p1,p1:1,101,3,0,pm_on,2,C2,4,4,5,5,5,5,4,"This response offers empathetic validation and normalizes the seeker's feelings, providing good emotional support. It uses the current context accurately and invites elaboration in a non-intrusive way. The personalization fits the seeker's situation, and the response is temporally consistent and factually grounded. Overall, it is a supportive and appropriate reply."
state_73e829c020bc7f1a0ced,p1,p1:1,101,3,0,rule_off,3,C3,4,4,5,5,5,5,4,"The response shows empathy and validation of the seeker's complex feelings, offering good emotional support. It references the seeker's situation accurately and invites further sharing without being intrusive. The personalization is relevant and memory use appropriate. The response is factually and temporally consistent. Overall, it is a well-grounded and supportive reply."
state_73e829c020bc7f1a0ced,p1,p1:1,101,3,0,rule_on,4,C4,4,4,5,5,5,5,4,"This response provides empathetic validation and normalizes the seeker's feelings, showing good emotional support. It uses the current context accurately and invites elaboration in a non-intrusive manner. Personalization is relevant and memory use appropriate. The response is factually and temporally consistent. Overall, it is a supportive and well-grounded reply."
state_73e829c020bc7f1a0ced,p1,p1:1,101,3,0,fixed_off,5,C5,4,4,5,5,5,5,4,"The response empathetically acknowledges the seeker's mixed emotions and validates their experience, providing good emotional support. It references the seeker's situation accurately and invites further sharing without being intrusive. Personalization is relevant and memory use appropriate. The response is factually and temporally consistent. Overall, it is a supportive and well-grounded reply."
state_73e829c020bc7f1a0ced,p1,p1:1,101,3,0,fixed_on,6,C6,4,4,5,5,5,5,4,"This response offers empathetic validation and normalizes the seeker's feelings, providing good emotional support. It uses the current context accurately and invites elaboration in a non-intrusive way. The personalization fits the seeker's situation, and the response is temporally consistent and factually grounded. Overall, it is a supportive and appropriate reply."
state_a29f6bb7f961dea69b91,p13,p13:2,303,3,0,fixed_off,1,C1,2,2,2,5,5,5,2,"The response acknowledges the seeker's stress and relationship tension, showing some empathy and personalization by referencing David and Lily. However, it shifts quickly to a question rather than providing direct emotional support or validation, which limits warmth and comfort. It is factually grounded and temporally consistent, and the question is non-intrusive and appropriate given the context."
state_a29f6bb7f961dea69b91,p13,p13:2,303,3,0,fixed_on,2,C2,4,3,3,5,5,5,4,"This response offers empathetic validation of the seeker's feelings, recognizing the emotional burden and overwhelm. It uses relevant personal context about balancing desires and others' expectations without overstepping. The response is factually grounded, temporally consistent, and non-intrusive. It could be improved by inviting further sharing or offering coping suggestions."
state_a29f6bb7f961dea69b91,p13,p13:2,303,3,0,pm_off,3,C3,4,3,3,5,5,5,4,"Identical to C2, this response provides good emotional support with validation and empathy, appropriately personalized to the seeker's situation. It is factually and temporally consistent and non-intrusive. Like C2, it lacks an explicit invitation to continue or coping advice, limiting deeper support."
state_a29f6bb7f961dea69b91,p13,p13:2,303,3,0,pm_on,4,C4,4,3,3,5,5,5,4,"Same as C2 and C3, this response shows warmth and validation, acknowledges the seeker's emotional burden, and uses relevant context. It is factually accurate and temporally consistent. The lack of further engagement or supportive suggestions keeps it from a higher score."
state_a29f6bb7f961dea69b91,p13,p13:2,303,3,0,rule_off,5,C5,2,2,2,5,5,5,2,"Same as C1, this response reflects some personalization and acknowledges relationship tensions but primarily asks a question rather than providing direct emotional support or validation. It is factually and temporally appropriate and non-intrusive but limited in emotional warmth."
state_a29f6bb7f961dea69b91,p13,p13:2,303,3,0,rule_on,6,C6,4,3,3,5,5,5,4,"Same as C2, C3, and C4, this response offers empathetic validation and acknowledges the seeker's emotional burden with appropriate personalization. It is factually grounded, temporally consistent, and non-intrusive. The response could be improved by encouraging further sharing or offering coping strategies."
state_095e7d5a576866ef0fd9,p16,p16:1,101,8,0,pm_on,1,C1,5,5,5,5,5,5,5,"The response empathetically acknowledges Amanda's impostor syndrome, normalizes her feelings, validates her skills and experience, and offers to explore coping strategies, all aligned with her current emotional state and context without overstepping or fabricating facts."
state_095e7d5a576866ef0fd9,p16,p16:1,101,8,0,rule_off,2,C2,4,4,5,5,5,5,4,"The response provides supportive reassurance and validation of Amanda's feelings and abilities but lacks an explicit offer to explore coping strategies, making it slightly less engaging and personalized than others."
state_095e7d5a576866ef0fd9,p16,p16:1,101,8,0,rule_on,3,C3,5,5,5,5,5,5,5,"This response is identical to C1, offering empathetic validation, normalization, and an invitation to discuss strategies, well grounded and appropriate for Amanda's situation."
state_095e7d5a576866ef0fd9,p16,p16:1,101,8,0,fixed_off,4,C4,4,4,5,5,5,5,4,"The response acknowledges Amanda's impostor syndrome and encourages focusing on strengths and past successes but lacks an explicit offer to explore coping strategies, making it less supportive and engaging."
state_095e7d5a576866ef0fd9,p16,p16:1,101,8,0,fixed_on,5,C5,5,5,5,5,5,5,5,"This response matches C1 and C3, providing empathetic, validating, and supportive content with an offer to explore strategies, well aligned with Amanda's context and needs."
state_095e7d5a576866ef0fd9,p16,p16:1,101,8,0,pm_off,6,C6,5,5,5,5,5,5,5,"The response empathetically acknowledges Amanda's feelings, validates her career success, encourages growth, and invites reflection on confidence-building, offering a supportive and personalized approach consistent with her situation."
state_f7b7aecac7e1b57f3f2a,p17,p17:3,202,8,1,rule_off,1,C1,2,3,3,5,5,5,3,"The response shows empathy and invites the seeker to elaborate on their feelings, which is supportive but somewhat generic. It appropriately uses the context about the seeker's anxiety regarding balancing career and personal life without overstepping or inventing facts. The response is temporally consistent and non-intrusive, but it lacks deeper personalization or validation that would elevate emotional support."
state_f7b7aecac7e1b57f3f2a,p17,p17:3,202,8,1,pm_on,2,C2,3,3,3,5,5,5,3,"This response is similar to C1 but uses slightly warmer language ('That can be a really tough spot to be in'), providing a bit more emotional support. It appropriately references the seeker's concerns and invites further sharing. It is factually grounded, temporally consistent, and non-intrusive, but still somewhat limited in depth and personalization."
state_f7b7aecac7e1b57f3f2a,p17,p17:3,202,8,1,pm_off,3,C3,2,3,3,5,5,5,3,"This response is identical to C1, with the same strengths and limitations: adequate emotional support, appropriate use of memory, factual grounding, and non-intrusiveness, but limited depth and personalization."
state_f7b7aecac7e1b57f3f2a,p17,p17:3,202,8,1,fixed_on,4,C4,3,3,3,5,5,5,3,"This response is identical to C2, providing slightly better emotional support through empathetic phrasing. It is appropriately grounded and non-intrusive but remains somewhat generic and limited in personalization."
state_f7b7aecac7e1b57f3f2a,p17,p17:3,202,8,1,fixed_off,5,C5,3,3,3,5,5,5,3,"This response acknowledges the seeker's anxiety and invites elaboration on career goals specifically, which is a relevant and supportive approach. It is factually grounded, temporally consistent, and non-intrusive. The emotional support is good but not deeply personalized or validating beyond the initial statement."
state_f7b7aecac7e1b57f3f2a,p17,p17:3,202,8,1,rule_on,6,C6,3,3,3,5,5,5,3,"This response is identical to C2 and C4, offering empathetic phrasing and inviting further sharing. It is factually grounded and non-intrusive but somewhat generic and limited in emotional depth and personalization."
state_ed94ec62c6728002740f,p5,p5:2,202,8,0,rule_on,1,C1,4,4,4,5,5,5,4,"The response warmly acknowledges the positive impact of the grief support group, validating the seeker's experience and encouraging further sharing without overstepping. It appropriately uses the context about the group and the seeker's feelings, maintaining factual and temporal consistency, and avoids intrusive or judgmental language."
state_ed94ec62c6728002740f,p5,p5:2,202,8,0,fixed_off,2,C2,4,4,4,5,5,5,4,"This response empathetically recognizes the seeker's positive experience and normalizes feelings of guilt and loss by highlighting shared experiences. It invites reflection on others' stories, showing good use of context and maintaining a supportive tone without intrusion."
state_ed94ec62c6728002740f,p5,p5:2,202,8,0,fixed_on,3,C3,4,4,4,5,5,5,4,"Identical to C1, this response offers empathetic validation and encourages further sharing about the grief group experience, appropriately grounded in the seeker's context and maintaining a warm, non-intrusive tone."
state_ed94ec62c6728002740f,p5,p5:2,202,8,0,pm_off,4,C4,4,4,4,5,5,5,4,"This response acknowledges the seeker's positive experience and emotional release, inviting them to share specific helpful insights from the group. It is well grounded in context, supportive, and non-intrusive, encouraging deeper reflection."
state_ed94ec62c6728002740f,p5,p5:2,202,8,0,pm_on,5,C5,4,4,4,5,5,5,4,"Same as C1 and C3, this response provides empathetic validation and encourages the seeker to share more about their grief group experience, maintaining appropriate grounding and a supportive tone."
state_ed94ec62c6728002740f,p5,p5:2,202,8,0,rule_off,6,C6,4,4,4,5,5,5,4,"Similar to C4, this response validates the seeker's experience and invites them to reflect on specific helpful takeaways from the grief group, showing good use of context and maintaining a warm, non-intrusive approach."
state_167ce1f68daa5eb1e2fe,p12,p12:3,303,3,1,rule_on,1,C1,3,3,3,5,5,5,3,"The response acknowledges the seeker's mixed feelings and past challenges, showing empathy and some personalization by referencing confidence and career path. It is factually grounded and temporally consistent, avoiding intrusive questions. However, it mainly asks for more information rather than providing deeper emotional support or validation, making it adequate but limited."
state_167ce1f68daa5eb1e2fe,p12,p12:3,303,3,1,rule_off,2,C2,3,3,3,5,5,5,3,"This response reflects the seeker's mixed emotions and invites elaboration, showing empathy and some personalization. It is factually accurate and temporally consistent, with no intrusive elements. However, it lacks deeper validation or warmth, making it an adequate but somewhat limited emotional support response."
state_167ce1f68daa5eb1e2fe,p12,p12:3,303,3,1,pm_on,3,C3,4,4,4,5,5,5,4,"The response validates the seeker's resilience and strength, providing warmth and emotional support. It is personalized by acknowledging the seeker's learning and coping abilities, factually grounded, and temporally consistent. It avoids intrusive questions and uses memory appropriately. However, it is brief and could be expanded for deeper support."
state_167ce1f68daa5eb1e2fe,p12,p12:3,303,3,1,pm_off,4,C4,3,3,3,5,5,5,3,"Similar to C2, this response acknowledges mixed emotions and invites the seeker to share more about their hesitation. It shows empathy and some personalization, is factually grounded and temporally consistent, and non-intrusive. However, it mainly prompts further discussion without deeper validation or emotional presence, making it adequate but limited."
state_167ce1f68daa5eb1e2fe,p12,p12:3,303,3,1,fixed_on,5,C5,3,3,3,5,5,5,3,"This response is nearly identical to C1, showing empathy and some personalization by referencing confidence and career path. It is factually grounded, temporally consistent, and non-intrusive. However, it mainly asks for more information rather than providing deeper emotional support or validation, making it adequate but limited."
state_167ce1f68daa5eb1e2fe,p12,p12:3,303,3,1,fixed_off,6,C6,3,3,3,5,5,5,3,"This response acknowledges the seeker's mixed emotions and invites elaboration on confidence about the decision. It shows empathy and some personalization, is factually grounded and temporally consistent, and non-intrusive. However, it lacks deeper validation or warmth, making it an adequate but somewhat limited emotional support response."
state_1679d891d5425f37ea08,p7,p7:1,101,8,0,pm_on,1,C1,3,3,3,5,5,4,3,"The response shows empathy and validation by acknowledging the seeker's feelings of being daunted and overwhelmed, which aligns with the seeker's expressed anxiety and determination. It uses relevant context about the financial restructuring without overstepping or inventing facts. The question invites the seeker to share more, which is supportive but slightly repetitive and does not add new emotional depth or personalized encouragement, making it adequate but limited."
state_1679d891d5425f37ea08,p7,p7:1,101,8,0,rule_off,2,C2,4,4,4,5,5,5,4,"This response provides good emotional support by recognizing the seeker's feelings of overwhelm and normalizing them, which is validating and warm. It references the seeker's past struggles appropriately, showing personalization and memory use that fits the context. The offer to talk more about specific concerns is supportive without being intrusive. Overall, it is a good, supportive, and well-grounded response."
state_1679d891d5425f37ea08,p7,p7:1,101,8,0,rule_on,3,C3,3,3,3,5,5,4,3,"This candidate's response is identical to C1, providing adequate emotional support and personalization by acknowledging the seeker's feelings and inviting further sharing. It is factually grounded and temporally consistent but lacks deeper warmth or encouragement, making it adequate but limited."
state_1679d891d5425f37ea08,p7,p7:1,101,8,0,fixed_off,4,C4,4,4,4,5,5,5,4,"This response is identical to C2, offering good emotional support by normalizing the seeker's feelings and referencing past struggles appropriately. It invites further discussion in a non-intrusive way and is well grounded and temporally consistent, making it a good and supportive response."
state_1679d891d5425f37ea08,p7,p7:1,101,8,0,fixed_on,5,C5,3,3,3,5,5,4,3,"Same as C1 and C3, this response is adequate but limited in emotional support and personalization. It acknowledges the seeker's feelings and invites elaboration but does not deepen the emotional connection or provide additional encouragement."
state_1679d891d5425f37ea08,p7,p7:1,101,8,0,pm_off,6,C6,4,4,4,5,5,5,4,"Same as C2 and C4, this response offers good emotional support by validating the seeker's feelings and normalizing their experience. It uses relevant personal context appropriately and invites further sharing in a non-intrusive manner, making it a well-grounded and supportive response."
state_93a4cfa6c9b5fe214d3a,p6,p6:2,101,3,1,fixed_on,1,C1,4,4,5,5,5,5,4,"The response warmly acknowledges the seeker's feelings of empowerment and hope, validating the positive impact of the career fair. It uses relevant context about the career fair and the seeker's values without overstepping or inventing facts. The questions invite further sharing without being intrusive, maintaining temporal consistency with the current experience."
state_93a4cfa6c9b5fe214d3a,p6,p6:2,101,3,1,fixed_off,2,C2,4,4,5,5,5,5,4,"This response offers empathetic validation of the seeker's feelings and encourages elaboration on specific opportunities, aligning well with the seeker's current experience. It respects the seeker's context and avoids intrusive or unsupported statements, maintaining a supportive tone throughout."
state_93a4cfa6c9b5fe214d3a,p6,p6:2,101,3,1,rule_on,3,C3,4,4,5,5,5,5,4,"This candidate's response is nearly identical to C1, providing empathetic and validating support that aligns with the seeker's current feelings and situation. It appropriately uses the context without overstepping and invites further discussion in a non-intrusive manner."
state_93a4cfa6c9b5fe214d3a,p6,p6:2,101,3,1,rule_off,4,C4,4,4,5,5,5,5,4,"Similar to C2, this response offers warmth and validation, encouraging the seeker to elaborate on specific opportunities. It is well grounded in the current context, non-intrusive, and temporally consistent, providing good emotional support."
state_93a4cfa6c9b5fe214d3a,p6,p6:2,101,3,1,pm_on,5,C5,4,4,5,5,5,5,4,"This response adds a reflective comment about how new perspectives can shift mindsets, which is supportive and relevant. It validates the seeker's feelings and invites elaboration on specific opportunities, maintaining appropriate personalization and non-intrusiveness."
state_93a4cfa6c9b5fe214d3a,p6,p6:2,101,3,1,pm_off,6,C6,4,4,5,5,5,5,4,"This candidate's response is identical to C5, providing empathetic validation and encouraging further sharing about the career fair. It is well grounded, personalized, and non-intrusive, offering good emotional support."
state_a29f6bb7f961dea69b91,p13,p13:2,303,3,1,rule_on,1,C1,4,4,5,5,5,5,4,"The response shows empathy and validation of Linda's feelings, acknowledges the complexity of balancing desires and others' expectations, and aligns well with the current emotional state and relationship tensions described. It uses relevant context without overstepping or probing, maintaining appropriateness and grounding in the known situation."
state_a29f6bb7f961dea69b91,p13,p13:2,303,3,1,rule_off,2,C2,3,3,5,5,5,4,3,"The response recognizes the pressure Linda feels and the resulting tension, but shifts quickly to a question that may feel slightly intrusive or demanding given Linda's expressed overwhelm. It is factually grounded and contextually appropriate but less emotionally supportive and warm than C1."
state_a29f6bb7f961dea69b91,p13,p13:2,303,3,1,pm_on,3,C3,4,4,5,5,5,5,4,"Identical to C1, this response provides empathetic validation and acknowledges the emotional burden Linda is carrying, fitting well with her current struggles without overstepping boundaries."
state_a29f6bb7f961dea69b91,p13,p13:2,303,3,1,pm_off,4,C4,4,4,5,5,5,5,4,"Same as C1 and C3, this response is supportive, personalized, and appropriately grounded in Linda's current emotional and relational context."
state_a29f6bb7f961dea69b91,p13,p13:2,303,3,1,fixed_on,5,C5,4,4,5,5,5,5,4,"Same as C1, C3, and C4, this response offers empathetic understanding and validation, well aligned with Linda's situation and feelings."
state_a29f6bb7f961dea69b91,p13,p13:2,303,3,1,fixed_off,6,C6,3,3,5,5,5,4,3,"Same as C2, this response acknowledges Linda's pressure and relationship tension but moves quickly to a probing question that may feel slightly intrusive given her expressed overwhelm, resulting in a less supportive tone."
state_f049f9aa281c155b885e,p7,p7:1,101,3,1,fixed_on,1,C1,4,4,5,5,5,5,4,"The response shows empathy and validation of Jessica's feelings, acknowledges her past business challenges, and invites her to share more without being intrusive. It uses relevant personal context appropriately and is factually and temporally consistent."
state_f049f9aa281c155b885e,p7,p7:1,101,3,1,fixed_off,2,C2,4,4,5,5,5,5,4,"This response offers warmth and validation, recognizes Jessica's courage, and references her business and financial concerns accurately. It invites further sharing in a non-intrusive way and respects the timeline and facts."
state_f049f9aa281c155b885e,p7,p7:1,101,3,1,rule_on,3,C3,4,4,5,5,5,5,4,"This candidate's response is nearly identical to C1, providing empathetic and personalized support, appropriate memory use, and factual consistency without intrusion."
state_f049f9aa281c155b885e,p7,p7:1,101,3,1,rule_off,4,C4,4,4,5,5,5,5,4,"Similar to C2, this response validates Jessica's feelings and courage, references her business context accurately, and invites further discussion in a supportive, non-intrusive manner."
state_f049f9aa281c155b885e,p7,p7:1,101,3,1,pm_on,5,C5,4,4,5,5,5,5,4,"This response acknowledges Jessica's struggles and feelings, references her business challenges appropriately, and gently probes about barriers to action without being intrusive, showing good emotional support and personalization."
state_f049f9aa281c155b885e,p7,p7:1,101,3,1,pm_off,6,C6,4,4,5,5,5,5,4,"This candidate offers empathetic validation, acknowledges Jessica's business difficulties, and encourages sharing about obstacles to change in a non-intrusive way, demonstrating good personalization and emotional support."
state_2f772b1e6c2c8aab174c,p8,p8:2,202,8,0,rule_on,1,C1,4,4,5,5,5,5,4,"The response shows empathy and validation of the seeker's progress and feelings, appropriately uses personal context without overstepping, aligns with the current emotional state and timeline, avoids unsupported facts, and invites further sharing without intrusive probing."
state_2f772b1e6c2c8aab174c,p8,p8:2,202,8,0,fixed_off,2,C2,5,4,5,5,5,5,5,"This response offers strong emotional support by normalizing the seeker's feelings and affirming their progress, uses relevant personal context well, respects the timeline and facts, and invites deeper exploration gently and non-intrusively."
state_2f772b1e6c2c8aab174c,p8,p8:2,202,8,0,fixed_on,3,C3,4,4,5,5,5,5,4,"Similar to C1, this response provides empathetic and validating support, appropriately references personal context, maintains factual and temporal consistency, and invites further discussion without intrusion."
state_2f772b1e6c2c8aab174c,p8,p8:2,202,8,0,pm_off,4,C4,5,5,5,5,5,5,5,"This response deeply supports the seeker emotionally, uses personalized context effectively, respects memory and timeline, is factually accurate, and invites detailed sharing in a gentle, non-intrusive manner, enhancing emotional connection."
state_2f772b1e6c2c8aab174c,p8,p8:2,202,8,0,pm_on,5,C5,4,4,5,5,5,5,4,"This response mirrors C1 and C3 in providing empathetic, personalized, and well-grounded support, inviting further reflection without overstepping boundaries."
state_2f772b1e6c2c8aab174c,p8,p8:2,202,8,0,rule_off,6,C6,5,5,5,5,5,5,5,"Like C4, this response offers excellent emotional support, personalized engagement, appropriate use of memory, factual and temporal accuracy, and a non-intrusive invitation to explore feelings, fostering a supportive environment."
state_6c0300648c118135c8d6,p15,p15:2,202,3,1,pm_on,1,C1,3,3,3,5,5,5,3,"The response shows empathy and validation by acknowledging the seeker's mixed feelings and commonality of such experiences, which provides moderate emotional support. It uses relevant personal context about the seeker's transitional phase without overfitting. The response appropriately avoids intrusive questions and does not invent facts, maintaining factual grounding and temporal consistency. However, it misses an opportunity to directly address the seeker's academic pressures or anxiety, limiting depth of support."
state_6c0300648c118135c8d6,p15,p15:2,202,3,1,pm_off,2,C2,3,3,3,5,5,5,3,"This response is identical to C1, providing moderate emotional support through empathy and validation. It appropriately uses personal context and avoids intrusion or factual errors. However, it lacks deeper engagement with the seeker's specific academic and emotional challenges, resulting in an adequate but limited response."
state_6c0300648c118135c8d6,p15,p15:2,202,3,1,fixed_on,3,C3,3,3,3,5,5,5,3,"Same as C1 and C2, this response offers moderate emotional support by recognizing the seeker's conflicted feelings and common experience during transitions. It uses relevant context without overstepping, maintains factual accuracy and temporal consistency, and is non-intrusive. The response is adequate but does not deeply address the seeker's anxiety or academic pressures."
state_6c0300648c118135c8d6,p15,p15:2,202,3,1,fixed_off,4,C4,4,4,4,5,5,5,4,"This response provides good emotional support by acknowledging the seeker's pressure and overwhelm, validating her feelings about balancing academic and personal life. It personalizes by referencing academic struggles, which is relevant and appropriate. The response is factually grounded, temporally consistent, and non-intrusive. It invites the seeker to share more about her academic challenges, which could foster deeper support."
state_6c0300648c118135c8d6,p15,p15:2,202,3,1,rule_on,5,C5,3,3,3,5,5,5,3,"Identical to C1, C2, and C3, this response moderately supports the seeker emotionally by normalizing her feelings and inviting further sharing. It uses relevant context appropriately and avoids intrusion or factual errors. However, it lacks deeper engagement with the seeker's specific anxieties and academic pressures, limiting its overall impact."
state_6c0300648c118135c8d6,p15,p15:2,202,3,1,rule_off,6,C6,4,4,4,5,5,5,4,"This response offers good emotional support by recognizing the seeker's pressure and overwhelm related to moving in and academic/career uncertainties. It personalizes well by referencing the seeker's academic and career context, is factually accurate, temporally consistent, and non-intrusive. The invitation to share more about what is holding her back is supportive and appropriate, encouraging further dialogue."
state_a2b50f690e7dd448cedb,p10,p10:1,202,3,1,pm_on,1,C1,3,3,3,5,5,5,3,"The response acknowledges the seeker's mixed emotions and validates her feelings, showing empathy and warmth. It uses relevant personal context about the husband's promotion and the seeker's guilt without overstepping. The response is factually grounded and temporally consistent with the current situation. It is non-intrusive, asking an open-ended question to encourage further sharing. However, it is somewhat generic and could offer deeper emotional support or more personalized insight, limiting it to an adequate but not exceptional level."
state_a2b50f690e7dd448cedb,p10,p10:1,202,3,1,pm_off,2,C2,3,3,3,5,5,5,3,"This response is identical to C1, providing adequate emotional support and personalization relevant to the seeker's situation. It is factually and temporally consistent and non-intrusive. The open-ended question invites further exploration but lacks deeper empathetic engagement or tailored encouragement, resulting in a moderate overall score."
state_a2b50f690e7dd448cedb,p10,p10:1,202,3,1,fixed_on,3,C3,3,3,3,5,5,5,3,"Same as C1 and C2, this response offers adequate emotional support by recognizing the seeker's conflicting feelings and invites elaboration. It appropriately uses personal context and maintains factual and temporal accuracy. The response is non-intrusive but somewhat limited in depth and warmth, leading to a solid but not outstanding score."
state_a2b50f690e7dd448cedb,p10,p10:1,202,3,1,fixed_off,4,C4,4,4,4,5,5,5,4,"This response shows good emotional support by acknowledging the seeker's torn feelings and gently inviting more detail about her home life, which is relevant and personalized. It appropriately uses memory and context, is factually and temporally consistent, and non-intrusive. The invitation to share more about recent changes demonstrates a supportive and engaged presence, making it a stronger, more helpful response than the more generic ones."
state_a2b50f690e7dd448cedb,p10,p10:1,202,3,1,rule_on,5,C5,3,3,3,5,5,5,3,"This response repeats the same content as C1, C2, and C3, providing adequate but limited emotional support and personalization. It is factually and temporally consistent and non-intrusive but lacks deeper engagement or warmth, resulting in a moderate overall score."
state_a2b50f690e7dd448cedb,p10,p10:1,202,3,1,rule_off,6,C6,4,4,4,5,5,5,4,"This response offers good emotional support by recognizing the seeker's mixed feelings and inviting discussion about home life and communication, which is relevant and personalized. It uses memory appropriately, is factually and temporally consistent, and non-intrusive. The additional question about communication shows attentiveness and encourages constructive dialogue, enhancing the supportive quality of the response."
state_8a5aced6bb31f46ccdee,p14,p14:1,101,8,0,pm_on,1,C1,3,3,3,5,5,5,3,"The response shows empathy and validation by acknowledging the seeker's feelings of overwhelm and anxiety. It invites the seeker to share more about their specific fears, which is supportive but somewhat generic and does not deeply personalize or offer reassurance. It appropriately avoids intrusive questions and respects the current context without inventing facts. The use of memory is neutral, neither intrusive nor absent, fitting the turn's needs."
state_8a5aced6bb31f46ccdee,p14,p14:1,101,8,0,rule_off,2,C2,3,3,3,5,5,5,3,"This response empathetically acknowledges the seeker's feelings and invites elaboration about health and feelings, which is supportive but somewhat generic. It uses relevant context without overfitting and avoids intrusive probing. The response is factually grounded and temporally consistent with the seeker's situation."
state_8a5aced6bb31f46ccdee,p14,p14:1,101,8,0,rule_on,3,C3,3,3,3,5,5,5,3,"Similar to C1, this response offers empathy and invites the seeker to share more about their fears and worries, providing emotional support without overstepping. It is factually accurate and temporally consistent, with appropriate use of memory and non-intrusive questioning."
state_8a5aced6bb31f46ccdee,p14,p14:1,101,8,0,fixed_off,4,C4,3,3,3,5,5,5,3,"This response acknowledges the seeker's feelings and specifically references managing daily tasks and baby care, which aligns well with the seeker's expressed needs, showing good personalization. It remains supportive and non-intrusive, factually grounded, and temporally consistent."
state_8a5aced6bb31f46ccdee,p14,p14:1,101,8,0,fixed_on,5,C5,3,3,3,5,5,5,3,"This response is essentially the same as C1 and C3, providing empathetic acknowledgment and inviting the seeker to share more about their fears. It is supportive but limited in depth and personalization, with appropriate memory use and non-intrusiveness."
state_8a5aced6bb31f46ccdee,p14,p14:1,101,8,0,pm_off,6,C6,3,3,3,5,5,5,3,"This response is similar to C2, empathetically acknowledging the seeker's feelings and inviting elaboration about health and feelings. It is factually grounded, temporally consistent, and non-intrusive, but somewhat generic in emotional support and personalization."
state_7f1f924ade7a1af6ae77,p6,p6:2,303,8,0,fixed_on,1,C1,4,4,5,5,5,5,4,"The response shows empathy and validation, acknowledges the seeker's feelings of loneliness and isolation, and invites further sharing without being intrusive. It appropriately uses the context of the sister's wedding and the seeker's emotional state without inventing facts or conflicting with the timeline."
state_7f1f924ade7a1af6ae77,p6,p6:2,303,8,0,pm_off,2,C2,4,4,5,5,5,5,4,"This response offers warmth and validation, recognizes the seeker's feelings of being stuck and uncertain, and gently invites more discussion. It uses relevant personal context appropriately and maintains consistency with the seeker's current emotional state and timeline."
state_7f1f924ade7a1af6ae77,p6,p6:2,303,8,0,pm_on,3,C3,4,4,5,5,5,5,4,"The response empathetically acknowledges the seeker's feelings of loneliness and isolation, encourages further sharing, and respects the seeker's current emotional state and timeline. It is supportive and non-intrusive, using relevant personal context appropriately."
state_7f1f924ade7a1af6ae77,p6,p6:2,303,8,0,rule_off,4,C4,4,4,5,5,5,5,4,"This response provides empathetic support, validates the seeker's feelings of being stuck and uncertain, and invites further conversation. It appropriately uses personal context and maintains temporal consistency without overstepping boundaries."
state_7f1f924ade7a1af6ae77,p6,p6:2,303,8,0,rule_on,5,C5,4,4,5,5,5,5,4,"The response shows empathy and validation, acknowledges the seeker's feelings of loneliness and isolation, and invites further sharing without being intrusive. It appropriately uses the context of the sister's wedding and the seeker's emotional state without inventing facts or conflicting with the timeline."
state_7f1f924ade7a1af6ae77,p6,p6:2,303,8,0,fixed_off,6,C6,4,4,5,5,5,5,4,"This response offers warmth and validation, recognizes the seeker's feelings of being stuck and uncertain, and gently invites more discussion. It uses relevant personal context appropriately and maintains consistency with the seeker's current emotional state and timeline."
state_21bae6b972f2df1611a6,p16,p16:2,101,3,1,fixed_on,1,C1,4,4,5,5,5,5,4,"The response empathetically acknowledges the seeker's emotional turmoil and validates her feelings, using relevant context about the encounter with Bill without overstepping. It invites further sharing without being intrusive, maintaining temporal and factual consistency."
state_21bae6b972f2df1611a6,p16,p16:2,101,3,1,fixed_off,2,C2,4,4,5,5,5,5,4,"This response offers warmth and validation, reflecting the seeker's emotional state and inviting elaboration. It appropriately uses personal context and avoids intrusive probing, maintaining factual and temporal accuracy."
state_21bae6b972f2df1611a6,p16,p16:2,101,3,1,rule_on,3,C3,4,4,5,5,5,5,4,"Similar to C1, this response provides empathetic acknowledgment and invites the seeker to share more, using relevant personal context appropriately and maintaining non-intrusiveness and factual grounding."
state_21bae6b972f2df1611a6,p16,p16:2,101,3,1,rule_off,4,C4,4,4,5,5,5,5,4,"This response combines empathetic validation with a gentle invitation to elaborate, reflecting the seeker's emotional state accurately and respectfully. It uses memory appropriately and avoids intrusive questioning."
state_21bae6b972f2df1611a6,p16,p16:2,101,3,1,pm_on,5,C5,3,3,5,5,5,5,3,"While acknowledging the seeker's feelings, this response lacks an invitation for further sharing, making it less supportive and engaging. It is factually and temporally consistent and non-intrusive but limited in emotional support and personalization."
state_21bae6b972f2df1611a6,p16,p16:2,101,3,1,pm_off,6,C6,4,4,5,5,5,5,4,"This response empathetically acknowledges the seeker's feelings and invites elaboration, using relevant personal context appropriately and maintaining non-intrusiveness and factual grounding."
state_f7b7aecac7e1b57f3f2a,p17,p17:3,202,8,0,rule_on,1,C1,3,3,3,5,5,5,3,"The response shows empathy and invites the seeker to share more about their anxiety, reflecting understanding of the seeker's current concerns. It appropriately uses the context about balancing career and personal life without overstepping or inventing facts. The tone is supportive but somewhat generic, lacking deeper personalization or validation of the seeker's emotional state beyond the immediate topic."
state_f7b7aecac7e1b57f3f2a,p17,p17:3,202,8,0,fixed_off,2,C2,3,3,3,5,5,5,3,"This response similarly acknowledges the seeker's feelings of overwhelm and anxiety, inviting elaboration on career goals. It is factually grounded and temporally consistent with the seeker's current concerns. The support is adequate but limited, with a focus on career rather than the broader balance with personal life, and it does not deeply personalize or validate the seeker's emotional experience."
state_f7b7aecac7e1b57f3f2a,p17,p17:3,202,8,0,fixed_on,3,C3,3,3,3,5,5,5,3,"This candidate's response is nearly identical to C1, providing empathetic engagement and inviting further sharing about the seeker's anxiety. It is factually and temporally appropriate and non-intrusive. The emotional support is adequate but not deeply warm or validating beyond acknowledging uncertainty."
state_f7b7aecac7e1b57f3f2a,p17,p17:3,202,8,0,pm_off,4,C4,3,3,3,5,5,5,3,"The response acknowledges the seeker's feelings of being overwhelmed and asks for more details about future plans and anxieties. It is factually grounded and temporally consistent, with appropriate use of memory. The emotional support is adequate but somewhat generic, lacking deeper validation or warmth."
state_f7b7aecac7e1b57f3f2a,p17,p17:3,202,8,0,pm_on,5,C5,3,3,3,5,5,5,3,"This response mirrors C1 and C3, showing empathy and inviting elaboration on the seeker's anxiety about balancing career and personal life. It is factually and temporally appropriate and non-intrusive. The support is adequate but limited in depth and personalization."
state_f7b7aecac7e1b57f3f2a,p17,p17:3,202,8,0,rule_off,6,C6,3,3,3,5,5,5,3,"This candidate's response is similar to C2 and C4, acknowledging overwhelm and inviting more discussion about future plans and anxieties. It is factually grounded, temporally consistent, and non-intrusive. The emotional support is adequate but lacks deeper warmth or validation."
state_1de690d6e150d375223f,p13,p13:1,202,8,1,rule_off,1,C1,3,3,4,5,5,5,3,"The response acknowledges the seeker's self-care efforts and gently encourages applying these strategies to the difficult situation, showing moderate empathy and personalization without overstepping. It is factually grounded and temporally consistent, with appropriate use of memory and no intrusive probing."
state_1de690d6e150d375223f,p13,p13:1,202,8,1,pm_on,2,C2,3,4,4,5,5,4,3,"This response validates the seeker's efforts and normalizes their struggles, showing good personalization and emotional support. It appropriately uses memory and is factually and temporally consistent. However, it slightly probes for more details, which may be somewhat intrusive given the seeker's current state."
state_1de690d6e150d375223f,p13,p13:1,202,8,1,pm_off,3,C3,4,4,4,5,5,5,4,"The response offers warmth, validation, and practical advice, encouraging focus on controllable aspects and self-care. It uses relevant personal context and memory appropriately, is factually and temporally consistent, and avoids intrusive questioning, making it a good supportive response."
state_1de690d6e150d375223f,p13,p13:1,202,8,1,fixed_on,4,C4,4,4,4,5,5,5,4,"This response warmly acknowledges the seeker's coping methods and gently invites reflection on balancing reunion concerns with self-care. It is well personalized, factually grounded, temporally consistent, and non-intrusive, providing good emotional support."
state_1de690d6e150d375223f,p13,p13:1,202,8,1,fixed_off,5,C5,3,3,4,5,5,5,3,"This response is identical to C1, providing moderate emotional support and personalization with appropriate memory use and no intrusiveness, but somewhat limited depth."
state_1de690d6e150d375223f,p13,p13:1,202,8,1,rule_on,6,C6,4,4,4,5,5,5,4,"This response is identical to C4, offering warm validation and thoughtful reflection prompts, well grounded and non-intrusive, providing good emotional support."
state_ea30f99985081e48c794,p15,p15:2,101,8,0,pm_on,1,C1,2,2,2,5,5,5,2,"The response shows some empathy and invites the seeker to elaborate, but it mainly repeats the seeker's concerns without offering validation or reassurance. It uses relevant context but does not deepen emotional support or provide guidance, making it somewhat limited and generic."
state_ea30f99985081e48c794,p15,p15:2,101,8,0,rule_off,2,C2,3,3,3,5,5,5,3,"This response expresses appreciation for the seeker's courage and invites more sharing about the relationship, showing moderate empathy and personalization. It is appropriate and non-intrusive but lacks deeper validation or concrete support strategies, making it adequate but limited."
state_ea30f99985081e48c794,p15,p15:2,101,8,0,rule_on,3,C3,2,2,2,5,5,5,2,"This response is nearly identical to C1, repeating the seeker's concerns and asking for elaboration without adding emotional validation or reassurance. It is factually grounded and non-intrusive but offers limited emotional support and personalization."
state_ea30f99985081e48c794,p15,p15:2,101,8,0,fixed_off,4,C4,3,3,3,5,5,5,3,"This response acknowledges the seeker's feelings more explicitly and invites further sharing about the barriers to confidence, showing better emotional support and personalization. It remains appropriate and factually grounded, making it a good but not deeply supportive reply."
state_ea30f99985081e48c794,p15,p15:2,101,8,0,fixed_on,5,C5,2,2,2,5,5,5,2,"This response repeats the same content as C1 and C3, offering limited emotional support and personalization. It is factually accurate and non-intrusive but does not advance the conversation meaningfully or provide reassurance."
state_ea30f99985081e48c794,p15,p15:2,101,8,0,pm_off,6,C6,3,3,3,5,5,5,3,"This response matches C2, showing appreciation for the seeker's openness and inviting more discussion about the relationship impact. It provides moderate emotional support and personalization but lacks deeper validation or coping suggestions."
state_6496c9e69ce2bb7f9473,p9,p9:1,303,3,1,rule_on,1,C1,3,3,3,5,5,4,3,"The response acknowledges the seeker's social anxiety and concerns about joining the wellness group, showing empathy and validation. It uses relevant personal context appropriately without overstepping. The question invites further sharing but may feel slightly intrusive by asking for more details about what is holding the seeker back, which could be sensitive. Overall, it is an adequate supportive response grounded in the seeker's situation."
state_6496c9e69ce2bb7f9473,p9,p9:1,303,3,1,rule_off,2,C2,4,4,4,5,5,5,4,"This response shows warmth and validation of the seeker's mixed emotions, balancing anxiety and responsibility. It uses relevant personal context well and invites the seeker to share more without pressing too much. The tone is supportive and non-intrusive, making it a good, mostly well-grounded response."
state_6496c9e69ce2bb7f9473,p9,p9:1,303,3,1,pm_on,3,C3,3,3,3,5,5,4,3,"This candidate's response is nearly identical to C1, providing adequate empathy and personalization. It is factually grounded and temporally consistent but slightly intrusive in probing for more details about the seeker's hesitation. Overall, it is an adequate but limited supportive response."
state_6496c9e69ce2bb7f9473,p9,p9:1,303,3,1,pm_off,4,C4,3,3,3,5,5,3,3,"This response acknowledges the seeker's anxiety and invites elaboration on fears, including asking about worst-case scenarios. While empathetic, the probing about worst-case scenarios may feel intrusive or overwhelming for the seeker. It is factually grounded and uses relevant context but slightly less non-intrusive than others. Overall, an adequate but somewhat flawed response."
state_6496c9e69ce2bb7f9473,p9,p9:1,303,3,1,fixed_on,5,C5,3,3,3,5,5,4,3,"This response is nearly identical to C1 and C3, providing adequate empathy and personalization. It is factually grounded and temporally consistent but slightly intrusive in probing for more details about the seeker's hesitation. Overall, it is an adequate but limited supportive response."
state_6496c9e69ce2bb7f9473,p9,p9:1,303,3,1,fixed_off,6,C6,4,4,4,5,5,5,4,"This response effectively acknowledges the seeker's mixed emotions and sense of responsibility, showing warmth and validation. It invites the seeker to share more about both their hesitation and motivation, which is supportive and non-intrusive. The use of personal context is appropriate and well grounded. Overall, a good and supportive response."
state_ea30f99985081e48c794,p15,p15:2,101,8,1,pm_off,1,C1,3,3,3,5,5,5,3,"The response shows empathy and invites the seeker to share more, which is supportive but somewhat generic. It uses relevant context about Matthew and moving in, showing appropriate personalization and memory use. It does not introduce any unsupported facts and respects the timing of the situation. The response is non-intrusive, avoiding over-probing or advice, but it could be warmer and more validating to score higher."
state_ea30f99985081e48c794,p15,p15:2,101,8,1,fixed_on,2,C2,4,4,4,5,5,5,4,"This response validates the seeker's feelings about pressure and uncertainty, showing good emotional support. It uses relevant personal context appropriately and does not invent facts. The temporal consistency is maintained, and the response is non-intrusive. It invites the seeker to elaborate on their feelings, which is helpful and supportive."
state_ea30f99985081e48c794,p15,p15:2,101,8,1,fixed_off,3,C3,4,4,4,5,5,5,4,"The response acknowledges the seeker's emotional burden and invites further sharing, demonstrating empathy and validation. It uses relevant personal context and memory appropriately without inventing facts. The temporal consistency is respected, and the response is non-intrusive. It could be slightly warmer but is overall a good supportive reply."
state_ea30f99985081e48c794,p15,p15:2,101,8,1,rule_on,4,C4,4,4,4,5,5,5,4,"This response is identical to C2, providing validation and inviting elaboration on the seeker's feelings. It uses relevant context appropriately and maintains factual and temporal consistency. The response is non-intrusive and supportive."
state_ea30f99985081e48c794,p15,p15:2,101,8,1,rule_off,5,C5,3,3,3,5,5,5,3,"This response is identical to C1, showing moderate empathy and inviting the seeker to share more. It uses relevant context but is somewhat generic and could be warmer and more validating to improve emotional support."
state_ea30f99985081e48c794,p15,p15:2,101,8,1,pm_on,6,C6,4,4,4,5,5,5,4,"This response is identical to C2 and C4, providing good validation and inviting the seeker to elaborate on their feelings. It uses relevant personal context appropriately and maintains factual and temporal consistency. The response is non-intrusive and supportive."
state_1ff7c99c51a76f3b833b,p8,p8:2,303,8,1,fixed_off,1,C1,3,3,3,5,5,5,3,"The response shows empathy and invites the seeker to share more, which is supportive but somewhat generic. It appropriately avoids intrusive or speculative content and aligns with the seeker's current emotional state and recent encounter with Jennifer, demonstrating good temporal consistency and factual grounding. However, it lacks deeper personalization or specific guidance, making it adequate but limited."
state_1ff7c99c51a76f3b833b,p8,p8:2,303,8,1,rule_on,2,C2,3,3,3,5,5,5,3,"This response empathetically acknowledges the difficulty of the encounter and invites the seeker to elaborate on their feelings, which is supportive and non-intrusive. It is factually grounded and temporally consistent with the seeker's recent experience. However, it remains somewhat generic and does not deeply personalize or offer specific emotional support beyond prompting further sharing, resulting in an adequate but limited response."
state_1ff7c99c51a76f3b833b,p8,p8:2,303,8,1,rule_off,3,C3,4,4,4,5,5,5,4,"The response effectively acknowledges the seeker's complex emotions and uncertainty, inviting them to express their current feelings and thoughts. It demonstrates good personalization by referencing the unexpected encounter and emotional impact, uses memory appropriately, and maintains factual and temporal consistency. The tone is warm and supportive without being intrusive, making it a good and mostly well-grounded response."
state_1ff7c99c51a76f3b833b,p8,p8:2,303,8,1,pm_on,4,C4,3,3,3,5,5,5,3,"This response is empathetic and invites the seeker to share more about their experience, aligning well with the seeker's current situation. It is factually and temporally consistent and non-intrusive. However, it is somewhat generic and lacks deeper personalization or specific emotional support, resulting in an adequate but limited response."
state_1ff7c99c51a76f3b833b,p8,p8:2,303,8,1,pm_off,5,C5,4,4,4,5,5,5,4,"The response acknowledges the seeker's emotional turmoil and uncertainty, inviting them to share their current feelings and thoughts. It shows good personalization by referencing the unexpected encounter and its emotional impact, uses memory appropriately, and maintains factual and temporal consistency. The tone is warm and supportive without being intrusive, making it a good and mostly well-grounded response."
state_1ff7c99c51a76f3b833b,p8,p8:2,303,8,1,fixed_on,6,C6,3,3,3,5,5,5,3,"This response empathetically acknowledges the difficulty of the encounter and invites the seeker to elaborate on their feelings, which is supportive and non-intrusive. It is factually grounded and temporally consistent with the seeker's recent experience. However, it remains somewhat generic and does not deeply personalize or offer specific emotional support beyond prompting further sharing, resulting in an adequate but limited response."
state_1de690d6e150d375223f,p13,p13:1,202,8,0,rule_on,1,C1,4,4,5,5,5,4,4,"The response warmly acknowledges Linda's coping strategies and current stressors, showing empathy and validation. It appropriately uses memory about her puppy Buddy, wedding planning, and past work-related panic attacks without overstepping. The question encourages reflection on balancing reunion anxieties and self-care, supporting emotional processing without intrusive probing."
state_1de690d6e150d375223f,p13,p13:1,202,8,0,fixed_off,2,C2,3,3,5,5,5,5,3,"The response validates Linda's self-care efforts and gently invites applying these strategies to her friend situation. It uses relevant memory appropriately and is non-intrusive. However, it is somewhat limited in emotional depth and does not address the broader context of wedding planning or anxiety, making it adequate but limited."
state_1de690d6e150d375223f,p13,p13:1,202,8,0,fixed_on,3,C3,4,4,5,5,5,4,4,"This response is nearly identical to C1, providing empathetic validation and relevant personalization. It appropriately references Linda's coping methods and current stressors, encouraging reflection on balancing reunion concerns and self-care. It is supportive and well grounded, with minor repetition but no factual or temporal issues."
state_1de690d6e150d375223f,p13,p13:1,202,8,0,pm_off,4,C4,5,5,5,5,5,5,5,"This response offers excellent emotional support with warmth, validation, and encouragement. It skillfully uses memory about Linda's stressors and coping strategies, and gently guides her to focus on controllable aspects and self-care. The tone is non-intrusive and empowering, making it deeply supportive and well grounded."
state_1de690d6e150d375223f,p13,p13:1,202,8,0,pm_on,5,C5,3,3,5,5,5,4,3,"The response acknowledges Linda's self-care and normalizes her challenges, but then shifts to asking for more details about wedding planning and anxiety. While relevant, this probing may feel slightly intrusive given the seeker's current expression of needing support rather than elaboration. Emotional support is adequate but limited."
state_1de690d6e150d375223f,p13,p13:1,202,8,0,rule_off,6,C6,3,3,5,5,5,5,3,"This response is identical to C2, providing validation and a gentle prompt to apply coping strategies to the friend situation. It is appropriately personalized and non-intrusive but somewhat limited in emotional depth and breadth of support."
state_b34bb1d28ab722e83dc6,p11,p11:1,303,3,0,fixed_off,1,C1,4,4,5,5,5,5,4,"The response shows empathy and validation of Anna's feelings, acknowledges her efforts with study techniques and group, and invites her to share more about what helps her manage stress, which is supportive and personalized. It appropriately uses memory of her study group and new techniques without overstepping. The tone is warm and non-intrusive, and the content is factually consistent with the context."
state_b34bb1d28ab722e83dc6,p11,p11:1,303,3,0,fixed_on,2,C2,4,4,5,5,5,5,4,"This response validates Anna's efforts and gently reassures her that it's okay to struggle, which is emotionally supportive. It asks about her late-night studying to understand her behavior better, showing personalization and appropriate use of memory. The tone is warm and non-intrusive, and the content aligns well with the context."
state_b34bb1d28ab722e83dc6,p11,p11:1,303,3,0,pm_off,3,C3,4,4,5,5,5,5,4,"This response is identical to C1, providing empathetic and personalized support, appropriately referencing Anna's study group and techniques, and inviting further sharing. It is well grounded, temporally consistent, and non-intrusive."
state_b34bb1d28ab722e83dc6,p11,p11:1,303,3,0,pm_on,4,C4,4,4,5,5,5,5,4,"This response is identical to C2, offering gentle reassurance and validation, personalized inquiry about late-night studying, and appropriate memory use. It is supportive, well grounded, and non-intrusive."
state_b34bb1d28ab722e83dc6,p11,p11:1,303,3,0,rule_off,5,C5,4,4,5,5,5,5,4,"This response is identical to C1 and C3, showing empathy and personalization, with appropriate memory use and non-intrusive tone. It is well grounded and temporally consistent."
state_b34bb1d28ab722e83dc6,p11,p11:1,303,3,0,rule_on,6,C6,4,4,5,5,5,5,4,"This response is identical to C2 and C4, providing gentle validation and personalized inquiry, with appropriate memory use and non-intrusive tone. It is well grounded and temporally consistent."
state_9f80d2122468a6feed9e,p3,p3:2,303,3,1,rule_on,1,C1,2,3,3,5,5,5,3,"The response shows some empathy by acknowledging the stress and asking for more details, which is supportive but somewhat generic. It uses relevant context about the trip planning stress without overstepping memory boundaries. It is factually grounded and temporally consistent. The question is open-ended and non-intrusive, but the emotional support could be warmer and more validating to better match the seeker's anxiety."
state_9f80d2122468a6feed9e,p3,p3:2,303,3,1,rule_off,2,C2,2,3,3,5,5,5,3,"Similar to C1, this response acknowledges the seeker's stress and invites elaboration, showing some empathy. It personalizes by referencing the weekend getaway and the desire for perfection. It is factually and temporally consistent and non-intrusive. However, it lacks deeper validation or warmth, making it adequate but limited in emotional support."
state_9f80d2122468a6feed9e,p3,p3:2,303,3,1,pm_on,3,C3,2,3,3,5,5,5,3,"This response is nearly identical to C1, providing moderate emotional support and personalization by referencing the trip planning stress. It is factually grounded and temporally consistent, with appropriate use of memory. The open-ended question is non-intrusive but the overall emotional presence is limited, resulting in an adequate but not deeply supportive response."
state_9f80d2122468a6feed9e,p3,p3:2,303,3,1,pm_off,4,C4,2,3,3,5,5,5,3,"This response matches C2 in content and style, showing moderate empathy and personalization by referencing the weekend getaway and the seeker's concerns. It is factually and temporally consistent and non-intrusive. The emotional support is adequate but could be warmer and more validating to better address the seeker's anxiety."
state_9f80d2122468a6feed9e,p3,p3:2,303,3,1,fixed_on,5,C5,2,3,3,5,5,5,3,"This response is the same as C1 and C3, providing moderate emotional support and personalization by acknowledging the trip planning stress. It is factually grounded and temporally consistent with appropriate memory use. The open-ended question is non-intrusive but the emotional presence is limited, resulting in an adequate but not deeply supportive response."
state_9f80d2122468a6feed9e,p3,p3:2,303,3,1,fixed_off,6,C6,2,3,3,5,5,5,3,"This response is similar to C2 and C4, showing moderate empathy and personalization by referencing the weekend getaway and the seeker's desire for perfection. It is factually and temporally consistent and non-intrusive. The emotional support is adequate but lacks deeper warmth and validation to fully support the seeker's anxiety."
state_db22d2c498fc000886f2,p11,p11:1,303,8,0,fixed_on,1,C1,4,4,5,5,5,5,4,"The response shows empathy and validation of Anna's struggles, acknowledges her pressure and health concerns, and encourages small self-care steps. It uses relevant context about her stress and health without overstepping or probing. The tone is warm and supportive, well grounded in the seeker's situation, and temporally consistent."
state_db22d2c498fc000886f2,p11,p11:1,303,8,0,pm_off,2,C2,3,3,5,5,5,4,3,"The response acknowledges the seeker's pressure and struggle but shifts quickly to asking for more details about her study schedule, which may feel less emotionally supportive and more probing. It uses relevant context appropriately but lacks warmth and validation compared to others."
state_db22d2c498fc000886f2,p11,p11:1,303,8,0,pm_on,3,C3,4,4,5,5,5,5,4,"This response is identical to C1, providing empathetic, validating, and supportive content that acknowledges the seeker's pressure and health concerns. It encourages small self-care steps and is well grounded and non-intrusive."
state_db22d2c498fc000886f2,p11,p11:1,303,8,0,rule_off,4,C4,3,3,5,5,5,4,3,"This response is identical to C2, showing understanding but focusing on eliciting more information about study schedule challenges, which may feel less supportive and more probing. It is factually grounded and temporally consistent but less warm."
state_db22d2c498fc000886f2,p11,p11:1,303,8,0,rule_on,5,C5,4,4,5,5,5,5,4,"This response is identical to C1 and C3, providing empathetic and validating support, acknowledging the seeker's pressure and health issues, and encouraging small self-care steps. It is well grounded, non-intrusive, and temporally consistent."
state_db22d2c498fc000886f2,p11,p11:1,303,8,0,fixed_off,6,C6,3,3,5,5,5,4,3,"This response is similar to C2 and C4, showing understanding but quickly asking for more details about the study schedule and balance challenges. It is factually grounded and appropriate but less emotionally supportive and somewhat probing."
state_6a20132a23a99122e178,p5,p5:2,303,3,1,rule_on,1,C1,4,3,4,5,5,5,4,"The response empathetically acknowledges the seeker's mixed emotions and validates their experience, showing good emotional support. It appropriately references the grief group and the seeker's feelings without overstepping or inventing facts. The question invites further sharing without being intrusive, fitting the current context well. However, it is somewhat generic and could be more personalized by referencing specific details from the seeker's history or current emotional state."
state_6a20132a23a99122e178,p5,p5:2,303,3,1,rule_off,2,C2,4,3,4,5,5,5,4,"This response provides empathetic validation of the seeker's experience, recognizing the dual nature of comfort and sadness from the grief group. It invites elaboration on emotional challenges in a gentle, non-intrusive way. The response is factually grounded and temporally consistent with the seeker's situation. Like C1, it could be more personalized by integrating more specific context from the seeker's history."
state_6a20132a23a99122e178,p5,p5:2,303,3,1,pm_on,3,C3,4,3,4,5,5,5,4,"This candidate's response is identical to C1, providing empathetic and validating support that aligns well with the seeker's current emotional state. It appropriately invites further sharing without being intrusive and respects the seeker's context. The lack of deeper personalization limits it from scoring higher."
state_6a20132a23a99122e178,p5,p5:2,303,3,1,pm_off,4,C4,4,3,4,5,5,5,4,"Same as C1 and C3, this response offers good emotional support and validation, is factually and temporally consistent, and invites the seeker to elaborate in a non-intrusive manner. It could be improved with more specific personalization."
state_6a20132a23a99122e178,p5,p5:2,303,3,1,fixed_on,5,C5,4,3,4,5,5,5,4,"This response matches C1, C3, and C4 in content and quality, providing empathetic validation and appropriate invitation for further sharing. It is well grounded and non-intrusive but lacks deeper personalization to elevate the support."
state_6a20132a23a99122e178,p5,p5:2,303,3,1,fixed_off,6,C6,4,3,4,5,5,5,4,"This response is similar to C2 but adds a slight emphasis on processing emotions and regrets about the father, which aligns well with the seeker's context. It offers empathetic validation and invites elaboration in a gentle, non-intrusive way. It is factually and temporally consistent and appropriately uses memory. Personalization could be deeper for a higher score."
state_1ff7c99c51a76f3b833b,p8,p8:2,303,8,0,fixed_on,1,C1,3,3,3,5,5,5,3,"The response shows empathy and invites the seeker to share more about their feelings, which is supportive but somewhat generic. It appropriately avoids making assumptions or intrusive questions and aligns with the seeker's current emotional state and recent encounter with Jennifer. However, it lacks deeper personalization or guidance that might better address the seeker's complex feelings and stress symptoms."
state_1ff7c99c51a76f3b833b,p8,p8:2,303,8,0,pm_off,2,C2,4,4,4,5,5,5,4,"This response demonstrates good emotional support by acknowledging the seeker's feelings and inviting them to elaborate on their current emotional state. It is personalized to the seeker's situation, temporally consistent, and non-intrusive. It could be improved by offering some gentle guidance or validation to help the seeker manage their stress and confusion."
state_1ff7c99c51a76f3b833b,p8,p8:2,303,8,0,pm_on,3,C3,3,3,3,5,5,5,3,"This candidate repeats the same response as C1, providing moderate emotional support and appropriate use of memory without intrusion. It is factually grounded and temporally consistent but lacks depth and specific guidance for the seeker's complex emotional state."
state_1ff7c99c51a76f3b833b,p8,p8:2,303,8,0,rule_off,4,C4,4,4,4,5,5,5,4,"Same as C2, this response offers good emotional support and personalization, inviting the seeker to explore their feelings further. It respects the seeker's current situation and is non-intrusive, though it could be enhanced with more explicit validation or coping suggestions."
state_1ff7c99c51a76f3b833b,p8,p8:2,303,8,0,rule_on,5,C5,3,3,3,5,5,5,3,"This candidate repeats the response of C1 and C3, providing adequate but limited emotional support and personalization. It is factually and temporally appropriate but does not deeply engage with the seeker's complex feelings or offer additional support."
state_1ff7c99c51a76f3b833b,p8,p8:2,303,8,0,fixed_off,6,C6,4,4,4,5,5,5,4,"This response acknowledges the emotional impact of the encounter and invites the seeker to share more about their feelings and challenges. It is supportive, personalized, and non-intrusive, aligning well with the seeker's current emotional state. It could be improved by including some validation or suggestions for managing stress."
state_e3ae4b1a11e31be0e9cc,p18,p18:1,202,3,0,rule_off,1,C1,3,3,3,5,5,5,3,"The response shows empathy and invites the seeker to share more, reflecting understanding of the seeker's dilemma. It uses relevant context about the job offer and decision difficulty without overstepping. However, it is somewhat generic and does not deeply engage with the seeker's emotional state or specific concerns, limiting emotional support and personalization."
state_e3ae4b1a11e31be0e9cc,p18,p18:1,202,3,0,rule_on,2,C2,3,3,3,5,5,5,3,"This response acknowledges the seeker's struggle and references the long commute and family impact, showing relevant personalization. It invites further sharing, which is supportive. However, it remains somewhat surface-level and does not deeply validate the seeker's anxiety or exhaustion, resulting in moderate emotional support."
state_e3ae4b1a11e31be0e9cc,p18,p18:1,202,3,0,fixed_off,3,C3,3,4,4,5,5,5,3,"The response focuses on the seeker's mom's care, which is a key stressor, showing good personalization and memory use. It invites elaboration, which can be supportive. However, it does not explicitly acknowledge the seeker's anxiety or indecisiveness, limiting emotional support depth."
state_e3ae4b1a11e31be0e9cc,p18,p18:1,202,3,0,fixed_on,4,C4,3,3,3,5,5,5,3,"This response is nearly identical to C2, showing relevant personalization and inviting further discussion about the commute and family impact. It is supportive but somewhat generic and does not deeply validate the seeker's emotional state, resulting in moderate scores."
state_e3ae4b1a11e31be0e9cc,p18,p18:1,202,3,0,pm_off,5,C5,3,3,3,5,5,5,3,"This response is similar to C1, showing empathy and inviting the seeker to elaborate on the pros and cons. It is factually grounded and non-intrusive but lacks deeper emotional validation or tailored support, leading to moderate scores."
state_e3ae4b1a11e31be0e9cc,p18,p18:1,202,3,0,pm_on,6,C6,3,3,3,5,5,5,3,"This response mirrors C2 and C4, acknowledging the seeker's struggle and inviting more sharing about the commute and family impact. It is supportive but generic, providing moderate emotional support and personalization."
state_ce63694b53376eb98c5b,p5,p5:1,303,3,0,fixed_off,1,C1,3,3,3,5,5,5,3,"The response acknowledges the seeker's mixed emotions and concerns, reflecting empathy and validation. It uses relevant personal context about the pet and family commitments appropriately without overstepping. The response is factually grounded and temporally consistent with the seeker's current situation. It is non-intrusive, inviting the seeker to share more without pressure. However, it is somewhat generic and does not deeply explore or expand on the seeker's feelings, limiting its emotional support depth."
state_ce63694b53376eb98c5b,p5,p5:1,303,3,0,fixed_on,2,C2,3,3,3,5,5,5,3,"This response similarly reflects the seeker's mixed feelings and concerns with empathy and validation. It appropriately uses personal context and is factually and temporally consistent. The invitation to share more is non-intrusive. However, it closely mirrors C1 with little added depth or nuance, resulting in adequate but limited emotional support."
state_ce63694b53376eb98c5b,p5,p5:1,303,3,0,pm_off,3,C3,4,4,4,5,5,5,4,"This response provides good emotional support by acknowledging the seeker's feelings and normalizing anxiety about responsibility. It uses relevant personal context and memory appropriately, showing understanding of the seeker's situation. The factual grounding and temporal consistency are solid. The question about what is holding the seeker back gently encourages deeper reflection without being intrusive. Overall, it is supportive and well-grounded, though it could be more warm or expansive."
state_ce63694b53376eb98c5b,p5,p5:1,303,3,0,pm_on,4,C4,3,3,3,5,5,5,3,"This response is nearly identical to C2, providing adequate emotional support and personalization. It is factually and temporally consistent and non-intrusive. However, it lacks depth or unique insight, limiting its overall impact."
state_ce63694b53376eb98c5b,p5,p5:1,303,3,0,rule_off,5,C5,4,4,4,5,5,5,4,"This response closely matches C3 in acknowledging the seeker's mixed emotions and normalizing anxiety. It uses relevant personal context and memory appropriately and invites deeper reflection in a gentle, non-intrusive way. It is factually and temporally consistent. The response is supportive and well-grounded, providing good emotional presence."
state_ce63694b53376eb98c5b,p5,p5:1,303,3,0,rule_on,6,C6,3,3,3,5,5,5,3,"This response is similar to C2 and C4, offering adequate emotional support and personalization. It is factually and temporally consistent and non-intrusive but lacks depth or unique engagement, resulting in a limited emotional connection."
state_9f80d2122468a6feed9e,p3,p3:2,303,3,0,fixed_off,1,C1,2,2,2,5,5,5,2,"The response shows some empathy by acknowledging the stress and asking about the underlying cause, but it is generic and does not use specific personal context from Nick's situation. It is factually grounded and temporally consistent, and it is non-intrusive. However, it lacks warmth and deeper emotional support, making it only weakly supportive."
state_9f80d2122468a6feed9e,p3,p3:2,303,3,0,fixed_on,2,C2,2,2,2,5,5,5,2,"Similar to C1, this response acknowledges the stress and invites elaboration but remains generic and does not incorporate specific personal details about Nick's anxiety or fatigue. It is factually accurate and temporally consistent, and it avoids intrusiveness. Overall, it provides limited emotional support and personalization."
state_9f80d2122468a6feed9e,p3,p3:2,303,3,0,pm_off,3,C3,2,2,2,5,5,5,2,"This candidate's response is nearly identical to C1, showing some empathy and curiosity but lacking deeper emotional validation or personalization. It is factually and temporally appropriate and non-intrusive but only offers weak emotional support."
state_9f80d2122468a6feed9e,p3,p3:2,303,3,0,pm_on,4,C4,2,2,2,5,5,5,2,"The response is similar to C2, acknowledging the stress and asking for more details but without deeper emotional engagement or use of Nick's specific context. It is factually grounded, temporally consistent, and non-intrusive but only weakly supportive overall."
state_9f80d2122468a6feed9e,p3,p3:2,303,3,0,rule_off,5,C5,2,2,2,5,5,5,2,"This response mirrors C1 and C3, showing some empathy and inviting elaboration but lacking warmth and specific personalization. It is factually and temporally appropriate and non-intrusive but provides only limited emotional support."
state_9f80d2122468a6feed9e,p3,p3:2,303,3,0,rule_on,6,C6,2,2,2,5,5,5,2,"Like C2 and C4, this response acknowledges the stress and asks for more information but does not deeply engage with Nick's personal context or emotional state. It is factually grounded, temporally consistent, and non-intrusive but only weakly supportive overall."
state_66872e1a536d8b32a329,p1,p1:1,101,8,1,pm_off,1,C1,2,3,3,5,5,4,3,"The response shows some empathy and attempts to engage the seeker by asking about their barriers, which is supportive but somewhat generic and repetitive. It uses relevant context about the seeker's struggle to balance family understanding and mental health, showing appropriate memory use without overstepping. The response is factually grounded and temporally consistent, but it lacks deeper emotional validation or warmth, limiting its overall impact."
state_66872e1a536d8b32a329,p1,p1:1,101,8,1,fixed_on,2,C2,3,3,3,5,5,4,3,"This response is similar to C1 but adds a question about what might help the seeker feel more balanced and in control, which slightly improves emotional support and engagement. It appropriately uses memory and is factually and temporally consistent. The tone is gentle and non-intrusive, but it still lacks deeper warmth or validation, making it adequate but limited."
state_66872e1a536d8b32a329,p1,p1:1,101,8,1,fixed_off,3,C3,2,3,3,5,5,4,3,"This response is nearly identical to C1, showing similar strengths and limitations: some empathy and engagement but somewhat generic and repetitive. It uses relevant personal context appropriately and is factually and temporally consistent. The overall support is adequate but limited in depth."
state_66872e1a536d8b32a329,p1,p1:1,101,8,1,rule_on,4,C4,3,3,3,5,5,4,3,"This response matches C2 in content and tone, offering a slightly better emotional connection by asking about what might help the seeker feel balanced and in control. It uses memory appropriately and is factually and temporally consistent. The response is supportive but remains somewhat generic and could be warmer or more validating."
state_66872e1a536d8b32a329,p1,p1:1,101,8,1,rule_off,5,C5,2,3,3,5,5,4,3,"This response is the same as C1 and C3, showing moderate empathy and engagement but limited emotional depth. It appropriately uses personal context and is factually and temporally consistent. The overall support is adequate but not deeply supportive or warm."
state_66872e1a536d8b32a329,p1,p1:1,101,8,1,pm_on,6,C6,3,3,3,5,5,4,3,"This response is the same as C2 and C4, providing a slightly better emotional connection by inviting the seeker to share what might help them feel more balanced. It uses memory appropriately and is factually and temporally consistent. The response is supportive but somewhat generic and could benefit from more warmth and validation."
state_93a4cfa6c9b5fe214d3a,p6,p6:2,101,3,0,pm_off,1,C1,4,4,5,5,5,5,4,"The response warmly acknowledges the seeker's feelings of empowerment and hope, reflecting the current topic about the career fair. It uses relevant context without overstepping or inventing facts, and invites further sharing, supporting emotional engagement and personalization appropriately."
state_93a4cfa6c9b5fe214d3a,p6,p6:2,101,3,0,pm_on,2,C2,4,4,5,5,5,5,4,"This response is identical to C1, providing empathetic validation and encouraging elaboration on the seeker's experience. It is well grounded in the current context and appropriately non-intrusive."
state_93a4cfa6c9b5fe214d3a,p6,p6:2,101,3,0,rule_off,3,C3,4,4,5,5,5,5,4,"The response effectively validates the seeker's feelings and hopes, references alignment with values, and invites further detail. It is well grounded, temporally consistent, and appropriately personalized without overreach."
state_93a4cfa6c9b5fe214d3a,p6,p6:2,101,3,0,rule_on,4,C4,4,4,5,5,5,5,4,"This response offers supportive validation and acknowledges the seeker's proactive steps, inviting elaboration on the career fair experience. It is factually accurate, temporally consistent, and non-intrusive."
state_93a4cfa6c9b5fe214d3a,p6,p6:2,101,3,0,fixed_off,5,C5,4,4,5,5,5,5,4,"Similar to C3, this response provides empathetic support, references the seeker's values, and encourages sharing more about the opportunities. It is well grounded and appropriately personalized."
state_93a4cfa6c9b5fe214d3a,p6,p6:2,101,3,0,fixed_on,6,C6,4,4,5,5,5,5,4,This response mirrors C4 in offering warm validation and encouraging further discussion about the career fair. It respects the seeker's context and is supportive without being intrusive.
state_f049f9aa281c155b885e,p7,p7:1,101,3,0,pm_off,1,C1,3,3,3,5,5,5,3,"The response shows empathy and validation of Jessica's feelings, acknowledges her business challenges, and invites her to share more, which is supportive. It uses relevant context about her business difficulties without overstepping or inventing facts. The tone is appropriate and non-intrusive. However, it is somewhat generic and could be more personalized or deeply supportive."
state_f049f9aa281c155b885e,p7,p7:1,101,3,0,pm_on,2,C2,3,3,3,5,5,5,3,"Similar to C1, this response validates Jessica's feelings and acknowledges her business challenges. It is factually grounded and temporally consistent. The invitation to share more is supportive but the response remains somewhat generic and does not deeply personalize or expand emotional support."
state_f049f9aa281c155b885e,p7,p7:1,101,3,0,rule_off,3,C3,4,4,4,5,5,5,4,"This response offers warmth and empathy, acknowledges the seminar's impact, and recognizes Jessica's courage. It asks open-ended questions about her specific concerns, encouraging deeper sharing. It uses relevant context appropriately and is non-intrusive. The response is more personalized and emotionally supportive than C1 and C2."
state_f049f9aa281c155b885e,p7,p7:1,101,3,0,rule_on,4,C4,4,4,4,5,5,5,4,"The response acknowledges the burden of Jessica's realization and past challenges, validates her feelings, and invites her to elaborate on her thoughts and obstacles. It is empathetic, personalized, and encourages reflection without being intrusive. It is well grounded and temporally consistent."
state_f049f9aa281c155b885e,p7,p7:1,101,3,0,fixed_off,5,C5,4,4,4,5,5,5,4,"This response is similar to C3, showing empathy and recognizing Jessica's courage. It invites her to share specific concerns and fears, which is supportive and personalized. It is factually grounded and non-intrusive, providing a warm emotional presence."
state_f049f9aa281c155b885e,p7,p7:1,101,3,0,fixed_on,6,C6,4,4,4,5,5,5,4,"Similar to C4, this response validates Jessica's feelings about the burden and challenges, invites her to discuss specific changes and obstacles, and is empathetic and personalized. It is factually grounded, temporally consistent, and non-intrusive."
state_dc179cba0782e93e7d90,p3,p3:1,202,3,0,rule_off,1,C1,3,3,3,5,5,5,3,"The response shows empathy and validation by acknowledging the seeker's mixed feelings and invites further sharing, which is supportive. It uses relevant context about the seeker's concerns about balancing leadership and academics without overstepping. The response is factually grounded and temporally consistent with the seeker's current situation. It is non-intrusive, asking open-ended questions rather than probing. However, it is somewhat generic and could be more personalized or deeply supportive to score higher."
state_dc179cba0782e93e7d90,p3,p3:1,202,3,0,rule_on,2,C2,4,4,4,5,5,5,4,"This response offers warmth and validation by recognizing the seeker's hard work and pride in balancing academics and personal life. It appropriately uses the seeker's context about balancing commitments and invites elaboration on concerns, which is supportive and personalized. It is factually grounded and temporally consistent. The non-intrusive open-ended question encourages reflection without pressure. Overall, it is a good, supportive response with relevant personalization."
state_dc179cba0782e93e7d90,p3,p3:1,202,3,0,fixed_off,3,C3,3,3,3,5,5,5,3,"Similar to C1, this response acknowledges the seeker's mixed feelings and invites further sharing about concerns and conditions for confidence. It is factually grounded and consistent with the seeker's current state. The response is non-intrusive and uses relevant context but remains somewhat generic and less warm than C2, limiting its emotional support and personalization scores."
state_dc179cba0782e93e7d90,p3,p3:1,202,3,0,fixed_on,4,C4,4,4,4,5,5,5,4,"This response is identical to C2, providing validation and warmth by acknowledging the seeker's efforts to balance academics and personal life. It uses relevant context appropriately and invites elaboration in a non-intrusive manner. It is factually grounded and temporally consistent. Overall, it is a good, supportive, and personalized response."
state_dc179cba0782e93e7d90,p3,p3:1,202,3,0,pm_off,5,C5,4,4,4,5,5,5,4,"This response is identical to C2 and C4, offering warmth and validation, appropriate personalization, and a supportive open-ended question. It is factually grounded, temporally consistent, and non-intrusive. Overall, it is a good quality response."
state_dc179cba0782e93e7d90,p3,p3:1,202,3,0,pm_on,6,C6,4,4,4,5,5,5,4,"This response matches C2, C4, and C5 in providing empathetic validation and relevant personalization. It is factually accurate, temporally consistent, and non-intrusive. The open-ended question encourages reflection and elaboration, making it a good supportive response."
state_1a8e1eb1d03cc9252b38,p2,p2:2,101,8,0,pm_on,1,C1,4,4,5,5,5,5,4,"The response is warm and validating, acknowledges the seeker's plan and emotional state, and encourages elaboration on boundaries and strategies without being intrusive. It appropriately uses the seeker's current context and is temporally consistent and factually grounded."
state_1a8e1eb1d03cc9252b38,p2,p2:2,101,8,0,rule_off,2,C2,4,4,5,5,5,5,4,"This response is supportive and empowering, recognizes the seeker's progress, and suggests discussing boundaries with friends, which fits the seeker's context well. It is non-intrusive and temporally consistent with the seeker's situation."
state_1a8e1eb1d03cc9252b38,p2,p2:2,101,8,0,rule_on,3,C3,4,4,5,5,5,5,4,"This candidate's response is nearly identical to C1, providing empathetic support, validating the seeker's efforts, and inviting further sharing about boundaries and strategies. It is well grounded and appropriate."
state_1a8e1eb1d03cc9252b38,p2,p2:2,101,8,0,fixed_off,4,C4,4,4,5,5,5,5,4,"This response closely matches C2, offering encouragement and suggesting the seeker reach out to friends to discuss boundaries, which aligns well with the seeker's expressed needs. It is supportive and non-intrusive."
state_1a8e1eb1d03cc9252b38,p2,p2:2,101,8,0,fixed_on,5,C5,4,4,5,5,5,5,4,"The response acknowledges the seeker's proactive planning and support system, encourages confidence, and asks about how the seeker plans to set boundaries with friends, which is relevant and supportive without being intrusive."
state_1a8e1eb1d03cc9252b38,p2,p2:2,101,8,0,pm_off,6,C6,4,4,5,5,5,5,4,"This candidate's response is similar to C2 and C4, providing empathetic validation and encouraging the seeker to discuss boundaries with friends, fitting well with the seeker's current emotional state and plans."
state_5ef2ff288425670c81ce,p14,p14:2,101,8,0,pm_on,1,C1,3,3,3,5,5,5,3,The response shows empathy and validation of the seeker's feelings and reflects the current situation accurately without introducing new facts. It uses relevant context about the partner's unpredictable schedule and the seeker's stress but does not deeply personalize or offer specific guidance. The response is appropriate and non-intrusive but somewhat generic and limited in emotional depth.
state_5ef2ff288425670c81ce,p14,p14:2,101,8,0,rule_off,2,C2,3,3,3,5,5,5,3,This response similarly acknowledges the seeker's feelings and situation with warmth and validation. It accurately reflects the seeker's stress and lack of control without inventing facts. The phrasing differs slightly but offers the same level of support and personalization as C1. It is appropriate and non-intrusive but remains somewhat surface-level in emotional support.
state_5ef2ff288425670c81ce,p14,p14:2,101,8,0,rule_on,3,C3,3,3,3,5,5,5,3,"This candidate's response is identical in content and tone to C1, providing adequate emotional support and personalization relevant to the seeker's current challenges. It is factually grounded and temporally consistent, with appropriate use of memory and non-intrusive questioning. The support is good but not deeply engaging or insightful."
state_5ef2ff288425670c81ce,p14,p14:2,101,8,0,fixed_off,4,C4,3,3,3,5,5,5,3,"This response matches C2 in wording and approach, offering a supportive and validating reply that acknowledges the seeker's feelings and situation. It is factually accurate and temporally consistent, with appropriate memory use and non-intrusiveness. The emotional support is adequate but could be more deeply personalized or enriched."
state_5ef2ff288425670c81ce,p14,p14:2,101,8,0,fixed_on,5,C5,3,3,3,5,5,5,3,"This response is the same as C1 and C3, providing a moderate level of emotional support and personalization. It is factually grounded and temporally consistent, with appropriate memory use and non-intrusive questioning. The response is supportive but somewhat generic and limited in depth."
state_5ef2ff288425670c81ce,p14,p14:2,101,8,0,pm_off,6,C6,3,3,3,5,5,5,3,"This candidate's response is identical to C2 and C4, offering a validating and empathetic reply that reflects the seeker's current emotional state and challenges. It is factually accurate, temporally consistent, and appropriately non-intrusive. The emotional support is adequate but not deeply personalized or elaborated."
state_d80a3fc38721df9b55fe,p14,p14:3,101,8,0,pm_on,1,C1,4,4,5,5,5,5,4,"The response shows empathy and validation of the seeker's feelings, acknowledges the responsibility and concern for the child, and invites further sharing to deepen support. It uses relevant context about the seeker's desire to support their child and balance parenting with self-care without overstepping or inventing facts. The tone is warm and non-intrusive, making it a good supportive response."
state_d80a3fc38721df9b55fe,p14,p14:3,101,8,0,rule_off,2,C2,4,4,5,5,5,5,4,"This response demonstrates empathy and understanding of the seeker's feelings of overwhelm and responsibility. It references the seeker's efforts to create a nurturing environment, showing personalization and appropriate memory use. The question encourages elaboration without being intrusive. The response is supportive, well grounded, and temporally consistent."
state_d80a3fc38721df9b55fe,p14,p14:3,101,8,0,rule_on,3,C3,4,4,5,5,5,5,4,"This candidate's response is nearly identical to C1, providing empathetic validation and inviting the seeker to elaborate on what would increase their confidence. It is personalized, non-intrusive, and well grounded in the seeker's expressed concerns, making it a good supportive response."
state_d80a3fc38721df9b55fe,p14,p14:3,101,8,0,fixed_off,4,C4,4,4,5,5,5,5,4,"Similar to C2, this response acknowledges the seeker's feelings and investment in their child's well-being, and asks for more details about the nurturing environment. It is empathetic, personalized, and invites further sharing without overstepping, making it a good supportive response."
state_d80a3fc38721df9b55fe,p14,p14:3,101,8,0,fixed_on,5,C5,4,4,5,5,5,5,4,"This response repeats the content of C1 and C3, showing empathy and inviting elaboration on confidence in supporting the child. It is personalized, non-intrusive, and well grounded, providing good emotional support."
state_d80a3fc38721df9b55fe,p14,p14:3,101,8,0,pm_off,6,C6,4,4,5,5,5,5,4,"This response is similar to C2 and C4, empathetically acknowledging the seeker's feelings and asking for more about the nurturing environment. It is supportive, personalized, and appropriately uses memory, making it a good response."
state_e4cf97356c4208ddbc78,p18,p18:1,303,8,0,fixed_on,1,C1,3,3,3,5,5,5,3,"The response acknowledges the seeker's anxiety and family responsibilities, showing empathy and validation. It uses relevant context about the commute and family care without overstepping or inventing facts. However, it mainly asks for more information rather than providing deeper emotional support or coping strategies, making it adequate but limited."
state_e4cf97356c4208ddbc78,p18,p18:1,303,8,0,pm_off,2,C2,4,4,4,5,5,5,4,"This response demonstrates warmth and empathy by recognizing the seeker's heavy responsibility and worries about family dynamics. It invites reflection on what would help the seeker feel more confident, which is supportive and personalized. It respects the current context and avoids intrusive questioning, making it a good, supportive, and mostly well-grounded reply."
state_e4cf97356c4208ddbc78,p18,p18:1,303,8,0,pm_on,3,C3,3,3,3,5,5,5,3,"This candidate repeats the same response as C1, providing adequate emotional support and personalization but limited depth. It is factually grounded and temporally consistent but does not offer additional helpful strategies or validation beyond asking for more details."
state_e4cf97356c4208ddbc78,p18,p18:1,303,8,0,rule_off,4,C4,4,4,4,5,5,5,4,"This response is identical to C2, showing good empathy and personalization by acknowledging the seeker's burden and inviting exploration of confidence-building factors. It is non-intrusive and well grounded, providing a supportive and thoughtful reply."
state_e4cf97356c4208ddbc78,p18,p18:1,303,8,0,rule_on,5,C5,3,3,3,5,5,5,3,"This candidate repeats the same response as C1 and C3, offering adequate but limited emotional support and personalization. It is factually and temporally consistent but lacks deeper engagement or coping advice."
state_e4cf97356c4208ddbc78,p18,p18:1,303,8,0,fixed_off,6,C6,3,3,3,5,5,5,3,The response acknowledges the seeker's concerns about commute and family care and invites elaboration on specific worries. It is empathetic and non-intrusive but remains limited in emotional depth and does not provide coping strategies or validation beyond prompting further discussion.
state_386f27896b4ed9f621e8,p8,p8:1,303,8,0,fixed_on,1,C1,3,3,3,5,5,5,3,"The response shows empathy and validation of the seeker's feelings and acknowledges the challenge of balancing new responsibilities with personal time. It uses relevant context about the seeker's concerns without overstepping or inventing facts. However, it mainly invites the seeker to elaborate rather than offering concrete support or strategies, limiting its depth of emotional support and personalization."
state_386f27896b4ed9f621e8,p8,p8:1,303,8,0,pm_off,2,C2,4,3,3,5,5,5,4,"This response provides empathetic validation and offers a practical suggestion (breaking down goals and creating a schedule) aligned with the seeker's request for strategies to maintain balance. It appropriately uses the seeker's context without overstepping. The personalization is moderate, and the support is constructive and non-intrusive."
state_386f27896b4ed9f621e8,p8,p8:1,303,8,0,pm_on,3,C3,3,3,3,5,5,5,3,"This response is identical to C1, showing empathy and inviting elaboration but lacking concrete supportive strategies. It is factually grounded and non-intrusive but limited in depth and personalization."
state_386f27896b4ed9f621e8,p8,p8:1,303,8,0,rule_off,4,C4,4,3,3,5,5,5,4,"This response is identical to C2, providing empathetic validation and a practical suggestion for managing balance. It is well grounded, non-intrusive, and moderately personalized, offering useful emotional support."
state_386f27896b4ed9f621e8,p8,p8:1,303,8,0,rule_on,5,C5,3,3,3,5,5,5,3,"This response is identical to C1 and C3, showing empathy and inviting the seeker to elaborate but lacking concrete strategies or deeper emotional support. It is factually accurate and non-intrusive but limited in personalization and support depth."
state_386f27896b4ed9f621e8,p8,p8:1,303,8,0,fixed_off,6,C6,4,4,4,5,5,5,4,"This response acknowledges the seeker's concerns with empathy and offers a specific, practical strategy (scheduling personal time as a commitment) that aligns well with the seeker's needs. It uses relevant personal context appropriately and is supportive without being intrusive. The personalization and memory appropriateness are slightly higher due to the tailored suggestion."
state_7b616bddefee4a946561,p11,p11:2,101,3,0,pm_off,1,C1,3,3,3,5,5,5,3,"The response shows empathy and validation by acknowledging the emotional difficulty of seeing John again and invites the seeker to share more about their feelings, which is supportive but somewhat generic. It appropriately uses the context of the encounter without overstepping or inventing facts. The response is temporally consistent and non-intrusive, but it lacks deeper personalization or specific references to the seeker's history or current emotional state, making it adequate but limited."
state_7b616bddefee4a946561,p11,p11:2,101,3,0,pm_on,2,C2,3,2,3,5,5,5,3,"This response is similar to C1 but slightly less personalized as it omits asking about specific thoughts and feelings, making it less engaging. It remains factually grounded, temporally consistent, and non-intrusive, providing adequate emotional support but limited depth."
state_7b616bddefee4a946561,p11,p11:2,101,3,0,rule_off,3,C3,3,3,3,5,5,5,3,"The response acknowledges the emotional impact and questions about healing progress, showing empathy and inviting further sharing. It is factually grounded and temporally consistent, with appropriate memory use and non-intrusiveness. However, it remains somewhat generic and does not deeply personalize or offer additional emotional support beyond inviting elaboration."
state_7b616bddefee4a946561,p11,p11:2,101,3,0,rule_on,4,C4,3,3,3,5,5,5,3,"This response is nearly identical to C1, providing empathetic acknowledgment and inviting the seeker to share more about their feelings. It is factually grounded, temporally consistent, and non-intrusive but lacks deeper personalization or more active emotional support, resulting in an adequate but limited response."
state_7b616bddefee4a946561,p11,p11:2,101,3,0,fixed_off,5,C5,3,3,3,5,5,5,3,"Similar to C3, this response acknowledges the emotional difficulty and invites the seeker to elaborate on their thoughts and feelings. It is factually accurate, temporally consistent, and non-intrusive, but it does not provide deeper emotional support or personalization, making it adequate but limited."
state_7b616bddefee4a946561,p11,p11:2,101,3,0,fixed_on,6,C6,3,3,3,5,5,5,3,"This response matches C1 and C4 in content and tone, showing empathy and inviting the seeker to share more. It is factually grounded, temporally consistent, and non-intrusive but lacks deeper personalization or more active emotional support, resulting in an adequate but limited response."
state_1a8e1eb1d03cc9252b38,p2,p2:2,101,8,1,pm_off,1,C1,4,4,5,5,5,5,4,"The response shows empathy and validation of the seeker's efforts, uses relevant personal context about the wedding and emotional preparation, appropriately references the seeker's plan and support system without overstepping, is factually consistent with the seeker's situation, and invites further reflection without being intrusive."
state_1a8e1eb1d03cc9252b38,p2,p2:2,101,8,1,fixed_on,2,C2,4,4,5,5,5,5,4,"This response offers supportive and validating language, acknowledges the seeker's proactive planning, uses relevant personal context, maintains factual and temporal consistency, and invites the seeker to elaborate on boundary-setting strategies in a non-intrusive way."
state_1a8e1eb1d03cc9252b38,p2,p2:2,101,8,1,fixed_off,3,C3,4,4,5,5,5,5,4,"This candidate's response is nearly identical to C1, providing empathetic and validating support, appropriate personalization, and non-intrusive engagement consistent with the seeker's context and emotional state."
state_1a8e1eb1d03cc9252b38,p2,p2:2,101,8,1,rule_on,4,C4,4,4,5,5,5,5,4,"The response is supportive and validating, acknowledges the seeker's planning and emotional control efforts, uses relevant personal context, and invites the seeker to specify boundaries and strategies, maintaining appropriateness and non-intrusiveness."
state_1a8e1eb1d03cc9252b38,p2,p2:2,101,8,1,rule_off,5,C5,4,4,5,5,5,5,4,"This response matches C1 and C3 in content and tone, providing empathetic, personalized, and appropriate support consistent with the seeker's situation."
state_1a8e1eb1d03cc9252b38,p2,p2:2,101,8,1,pm_on,6,C6,4,4,5,5,5,5,4,"This candidate's response is similar to C2 and C4, offering supportive, personalized, and factually grounded feedback, inviting the seeker to elaborate on their coping strategies in a non-intrusive manner."
state_7d11611fe82cb51f423b,p2,p2:3,202,3,0,rule_off,1,C1,2,1,1,5,5,5,2,"The response shows some empathy by acknowledging the seeker's anxiety and uncertainty, but it mainly asks questions rather than providing validation or warmth. It does not use specific personal context from the seeker, making personalization minimal. The response is factually grounded and temporally consistent, and it is non-intrusive. Overall, it is a weak but not harmful response."
state_7d11611fe82cb51f423b,p2,p2:3,202,3,0,rule_on,2,C2,2,1,1,5,5,5,2,"Similar to C1, this response acknowledges the seeker's feelings but mainly asks questions without offering much emotional support or validation. Personalization is minimal, and it is factually and temporally consistent and non-intrusive. Overall, it is a weak but not harmful response."
state_7d11611fe82cb51f423b,p2,p2:3,202,3,0,fixed_off,3,C3,2,1,1,5,5,5,2,"This response is nearly identical to C1, showing some empathy but mostly asking questions. It lacks deeper emotional support or personalization. It is factually grounded, temporally consistent, and non-intrusive. Overall, it is a weak but not harmful response."
state_7d11611fe82cb51f423b,p2,p2:3,202,3,0,fixed_on,4,C4,3,1,1,5,5,5,3,"This response acknowledges the seeker's uncertainty and anxiety and slightly shifts focus to the seeker's hopes and goals, which is supportive. However, it still mainly asks questions and does not provide much validation or warmth. Personalization is minimal. It is factually grounded, temporally consistent, and non-intrusive. Overall, it is an adequate but limited response."
state_7d11611fe82cb51f423b,p2,p2:3,202,3,0,pm_off,5,C5,2,1,1,5,5,5,2,"This response is similar to C1 and C3, showing some empathy but mostly asking questions. It lacks deeper emotional support or personalization. It is factually grounded, temporally consistent, and non-intrusive. Overall, it is a weak but not harmful response."
state_7d11611fe82cb51f423b,p2,p2:3,202,3,0,pm_on,6,C6,2,1,1,5,5,5,2,"This response is similar to C2, showing some empathy but mainly asking questions without much emotional support or personalization. It is factually grounded, temporally consistent, and non-intrusive. Overall, it is a weak but not harmful response."
state_171ecc90e75224aaa806,p4,p4:1,101,3,1,fixed_on,1,C1,4,4,5,5,5,5,4,The response shows empathy and validation by acknowledging the vulnerability and empowerment in sharing the story. It uses relevant context about hiking and emotional challenges without overstepping. It appropriately avoids probing or intrusive questions and is consistent with the seeker's current emotional state and situation.
state_171ecc90e75224aaa806,p4,p4:1,101,3,1,fixed_off,2,C2,4,4,5,5,5,5,4,"This response is supportive and warm, recognizing the excitement and vulnerability in sharing the story. It uses relevant personal context and asks a gentle, open-ended question. It respects the seeker's current feelings and does not intrude or over-advise."
state_171ecc90e75224aaa806,p4,p4:1,101,3,1,rule_on,3,C3,4,4,5,5,5,5,4,"The response is empathetic and encouraging, focusing on the potential power of sharing the story. It uses relevant context and asks a positive, forward-looking question. It is non-intrusive and consistent with the seeker's current emotional state."
state_171ecc90e75224aaa806,p4,p4:1,101,3,1,rule_off,4,C4,4,4,5,5,5,5,4,"This response validates the seeker's feelings and excitement, uses relevant personal context about hiking, and invites reflection on meaningful experiences. It is supportive, non-intrusive, and temporally consistent."
state_171ecc90e75224aaa806,p4,p4:1,101,3,1,pm_on,5,C5,4,4,5,5,5,5,4,"This response is nearly identical to C1, showing empathy and validation, appropriate use of memory, and non-intrusiveness. It aligns well with the seeker's current emotional state and context."
state_171ecc90e75224aaa806,p4,p4:1,101,3,1,pm_off,6,C6,4,4,5,5,5,5,4,"This response is also nearly identical to C1 and C5, providing empathetic and supportive engagement, appropriate personalization, and non-intrusive questioning consistent with the seeker's situation."
state_8448ef50b692441367a2,p15,p15:1,303,8,0,fixed_on,1,C1,2,2,2,5,5,5,2,"The response shows some empathy and invites the seeker to elaborate on their concerns, which is supportive but somewhat generic and lacks deeper emotional validation or personalized references to Kelly's specific situation. It appropriately avoids intrusive questions and is factually grounded and temporally consistent."
state_8448ef50b692441367a2,p15,p15:1,303,8,0,pm_off,2,C2,3,2,2,5,5,5,3,"This response is slightly warmer and more empathetic than C1, explicitly stating support and acknowledging the seeker's torn feelings. It invites elaboration on fears and concerns, which is helpful. However, it remains fairly generic and does not incorporate specific personal context from Kelly's history, limiting personalization."
state_8448ef50b692441367a2,p15,p15:1,303,8,0,pm_on,3,C3,3,2,2,5,5,5,3,"The response validates the seeker's feelings of stress and anxiety and invites further sharing of concerns. It is empathetic and supportive but still generic without specific personalization. It is factually grounded, temporally consistent, and non-intrusive."
state_8448ef50b692441367a2,p15,p15:1,303,8,0,rule_off,4,C4,3,2,2,5,5,5,3,"This response acknowledges the seeker's conflict and invites discussion of specific 'what-ifs' causing anxiety, which aligns well with the seeker's expressed fears. It is empathetic and supportive but lacks deeper personalization or tailored guidance. It is factually grounded and non-intrusive."
state_8448ef50b692441367a2,p15,p15:1,303,8,0,rule_on,5,C5,2,2,2,5,5,5,2,"This response is nearly identical to C1, showing basic empathy and inviting elaboration but lacking deeper emotional support or personalization. It is factually grounded and temporally consistent, and non-intrusive."
state_8448ef50b692441367a2,p15,p15:1,303,8,0,fixed_off,6,C6,3,2,2,5,5,5,3,"This response is similar to C4, acknowledging the seeker's torn feelings and inviting discussion of 'what-ifs' causing anxiety. It is empathetic and supportive but generic and lacks deeper personalization. It is factually grounded and non-intrusive."
state_547bc005cd05ca042368,p12,p12:1,202,8,0,rule_on,1,C1,2,2,2,5,5,5,2,"The response acknowledges the seeker's anxiety and concerns about emotional independence, showing some empathy and personalization by referencing the seeker's progress in self-care. However, it mainly asks for more information rather than providing emotional support or guidance, making it somewhat limited in supportiveness. It is factually grounded, temporally consistent, and non-intrusive, appropriately using memory without overstepping."
state_547bc005cd05ca042368,p12,p12:1,202,8,0,fixed_off,2,C2,2,2,2,5,5,5,2,"Similar to C1, this response reflects the seeker's feelings and concerns, showing some empathy and personalization. It invites the seeker to elaborate on their uncertainty, which is appropriate but does not offer deeper emotional support or advice. It is factually accurate, temporally consistent, and non-intrusive, with appropriate memory use."
state_547bc005cd05ca042368,p12,p12:1,202,8,0,fixed_on,3,C3,2,2,2,5,5,5,2,"This response is nearly identical to C1, providing some validation of the seeker's feelings and referencing their emotional independence and self-care. It asks for more details but does not offer substantial emotional support or guidance. It is factually grounded, temporally consistent, and non-intrusive, with appropriate memory use."
state_547bc005cd05ca042368,p12,p12:1,202,8,0,pm_off,4,C4,2,2,2,5,5,5,2,"This response mirrors C2, acknowledging the seeker's anxiety and concerns with some empathy and personalization. It invites further sharing but lacks deeper emotional support or advice. It is factually accurate, temporally consistent, and non-intrusive, with appropriate memory use."
state_547bc005cd05ca042368,p12,p12:1,202,8,0,pm_on,5,C5,2,2,2,5,5,5,2,"This response is the same as C1 and C3, showing some empathy and personalization by referencing the seeker's emotional independence and self-care progress. It asks for more information but does not provide substantial emotional support or guidance. It is factually grounded, temporally consistent, and non-intrusive, with appropriate memory use."
state_547bc005cd05ca042368,p12,p12:1,202,8,0,rule_off,6,C6,2,2,2,5,5,5,2,"This response is similar to C2 and C4, acknowledging the seeker's feelings and concerns with some empathy and personalization. It invites elaboration but lacks deeper emotional support or advice. It is factually accurate, temporally consistent, and non-intrusive, with appropriate memory use."
state_171ecc90e75224aaa806,p4,p4:1,101,3,0,pm_off,1,C1,3,3,3,5,5,5,3,"The response shows empathy and validation by acknowledging the vulnerability and empowerment in sharing the story. It uses relevant context about hiking and emotional challenges without overstepping. It appropriately avoids intrusive questions and is factually consistent with the seeker's situation. However, it is somewhat generic and does not deeply engage with the seeker's emotional nuances, limiting its supportiveness."
state_171ecc90e75224aaa806,p4,p4:1,101,3,0,pm_on,2,C2,3,3,3,5,5,5,3,"This response is identical to C1, providing adequate emotional support and personalization by referencing the seeker's story and challenges. It is factually grounded and temporally consistent, with appropriate use of memory and non-intrusiveness. The support is good but somewhat limited in depth and warmth."
state_171ecc90e75224aaa806,p4,p4:1,101,3,0,rule_off,3,C3,4,4,4,5,5,5,4,"This response is more engaging and supportive, recognizing the opportunity as exciting and inviting the seeker to share meaningful moments. It personalizes well by focusing on the hiking journey and emotional challenges, uses memory appropriately, and is factually and temporally consistent. It is non-intrusive and offers a warmer, more encouraging tone, making it a good supportive response."
state_171ecc90e75224aaa806,p4,p4:1,101,3,0,rule_on,4,C4,4,4,4,5,5,5,4,"The response acknowledges the vulnerability and power in sharing the story and invites reflection on the seeker's hopes for the panel. It personalizes well and uses memory appropriately, maintaining factual and temporal consistency. The question is non-intrusive and supportive, encouraging the seeker to focus on positive outcomes, making it a good response."
state_171ecc90e75224aaa806,p4,p4:1,101,3,0,fixed_off,5,C5,4,4,4,5,5,5,4,"This response combines recognition of vulnerability and excitement, inviting the seeker to share specific fears or worries. It personalizes the response to the seeker's context, uses memory appropriately, and is factually and temporally consistent. The question is non-intrusive and supportive, fostering emotional expression, resulting in a good quality response."
state_171ecc90e75224aaa806,p4,p4:1,101,3,0,fixed_on,6,C6,3,3,3,5,5,5,3,"This response is identical to C1 and C2, providing adequate but limited emotional support and personalization. It is factually grounded, temporally consistent, and non-intrusive but lacks deeper engagement or warmth, limiting its overall impact."
state_653f2779410b1620f004,p13,p13:1,202,3,1,pm_on,1,C1,2,2,2,5,5,4,2,"The response shows basic empathy and validation of mixed emotions but is limited to a question without deeper emotional support or personalization. It is factually grounded and temporally consistent, and the question is non-intrusive. However, it lacks warmth and does not advance the conversation meaningfully."
state_653f2779410b1620f004,p13,p13:1,202,3,1,pm_off,2,C2,3,2,2,5,5,4,3,"This response offers a clearer validation of mixed emotions and acknowledges excitement and worry, providing slightly better emotional support. It repeats the same question, which is non-intrusive and factually grounded. Personalization and memory use are minimal but appropriate."
state_653f2779410b1620f004,p13,p13:1,202,3,1,fixed_on,3,C3,2,2,2,5,5,4,2,"Similar to C1, this response offers limited emotional support by acknowledging anxiety but mainly asks a question. It is factually and temporally consistent and non-intrusive but lacks depth and warmth."
state_653f2779410b1620f004,p13,p13:1,202,3,1,fixed_off,4,C4,3,2,2,5,5,4,3,"This response is similar to C2, providing good validation of mixed emotions and concerns, which is supportive. It is factually grounded and non-intrusive but does not add new insights or deeper emotional connection."
state_653f2779410b1620f004,p13,p13:1,202,3,1,rule_on,5,C5,2,2,2,5,5,4,2,"Like C1 and C3, this response is limited to a question with minimal emotional support and personalization. It is factually and temporally consistent and non-intrusive but lacks warmth and depth."
state_653f2779410b1620f004,p13,p13:1,202,3,1,rule_off,6,C6,3,2,2,5,5,4,3,"This response is similar to C2 and C4, providing good validation of mixed emotions and concerns, which is supportive. It is factually grounded and non-intrusive but does not add new insights or deeper emotional connection."
state_a2b50f690e7dd448cedb,p10,p10:1,202,3,0,rule_off,1,C1,3,3,3,5,5,5,3,"The response shows empathy and validation by acknowledging the seeker's mixed feelings and invites further sharing, which is supportive. It uses relevant context about the husband's increased work hours and financial relief appropriately without overstepping. The response is factually grounded and temporally consistent with the current situation. However, it is somewhat generic and does not deeply explore the seeker's emotional complexity or offer more tailored support, limiting its depth and impact."
state_a2b50f690e7dd448cedb,p10,p10:1,202,3,0,rule_on,2,C2,4,3,3,5,5,5,4,"This response effectively validates the seeker's complex emotions and gently probes the underlying guilt, showing good emotional support. It uses relevant personal context appropriately and is factually and temporally consistent. The invitation to explore feelings further is supportive and non-intrusive. The response could be improved by including more warmth or specific encouragement, but overall it is a good, supportive reply."
state_a2b50f690e7dd448cedb,p10,p10:1,202,3,0,fixed_off,3,C3,3,3,3,5,5,5,3,"This response is very similar to C1, acknowledging the seeker's mixed feelings and inviting more sharing about home life. It is factually and temporally consistent and appropriately uses personal context. However, it lacks deeper emotional validation or warmth, making it adequate but limited in emotional support."
state_a2b50f690e7dd448cedb,p10,p10:1,202,3,0,fixed_on,4,C4,4,3,3,5,5,5,4,"This response matches C2 in validating the seeker's mixed emotions and inviting exploration of guilt feelings. It is supportive, factually grounded, and temporally consistent. The response is non-intrusive and appropriately uses personal context. It could be enhanced with more warmth or specific supportive statements but is overall good and supportive."
state_a2b50f690e7dd448cedb,p10,p10:1,202,3,0,pm_off,5,C5,4,3,3,5,5,5,4,"This response is identical to C2 and C4, providing good emotional support by validating mixed feelings and inviting deeper discussion of guilt. It uses relevant context appropriately and is factually and temporally consistent. The response is non-intrusive and supportive but could be warmer or more personalized for a higher score."
state_a2b50f690e7dd448cedb,p10,p10:1,202,3,0,pm_on,6,C6,4,3,3,5,5,5,4,"This response is the same as C2, C4, and C5, showing good emotional support by acknowledging mixed feelings and inviting exploration of guilt. It is factually grounded, temporally consistent, and non-intrusive. The use of personal context is appropriate but not deeply personalized. Overall, it is a good supportive response."
state_1679d891d5425f37ea08,p7,p7:1,101,8,1,pm_off,1,C1,3,3,3,5,5,5,3,"The response shows empathy and validation of the seeker's feelings of overwhelm and intimidation, which is supportive. It uses relevant context about the business financial restructuring without overstepping or inventing facts. The response is temporally consistent and non-intrusive, inviting the seeker to share more if they wish. However, it is somewhat generic and does not deeply personalize or offer more proactive emotional support, making it adequate but limited."
state_1679d891d5425f37ea08,p7,p7:1,101,8,1,fixed_on,2,C2,3,3,3,5,5,5,3,"This response similarly acknowledges the seeker's feelings and invites elaboration on specific concerns, showing empathy and support. It is factually grounded and temporally consistent with the seeker's situation. The personalization is appropriate but not deep, and the tone is non-intrusive. Overall, it is a good but somewhat standard supportive response."
state_1679d891d5425f37ea08,p7,p7:1,101,8,1,fixed_off,3,C3,3,3,3,5,5,5,3,"This candidate's response is identical to C1, providing adequate emotional support and appropriate personalization. It is factually and temporally consistent and non-intrusive. The support is warm but not deeply engaging or personalized beyond the immediate context, resulting in an adequate but limited response."
state_1679d891d5425f37ea08,p7,p7:1,101,8,1,rule_on,4,C4,3,3,3,5,5,5,3,"This response matches C2's content, offering empathetic acknowledgment and inviting the seeker to share more about their fears. It is factually grounded and temporally consistent, with appropriate personalization and non-intrusiveness. The support is good but not deeply personalized or elaborated, making it adequate but limited."
state_1679d891d5425f37ea08,p7,p7:1,101,8,1,rule_off,5,C5,3,3,3,5,5,5,3,"Same as C1 and C3, this response provides adequate emotional support with appropriate personalization and memory use. It is factually and temporally consistent and non-intrusive. The response is supportive but somewhat generic and limited in depth."
state_1679d891d5425f37ea08,p7,p7:1,101,8,1,pm_on,6,C6,3,3,3,5,5,5,3,"Same as C2 and C4, this response offers good emotional support by acknowledging the seeker's feelings and inviting further sharing. It is factually grounded, temporally consistent, and non-intrusive with appropriate personalization. The support is good but not deeply engaging or personalized, resulting in an adequate but limited response."
state_7b616bddefee4a946561,p11,p11:2,101,3,1,fixed_on,1,C1,3,3,3,5,5,5,3,"The response shows empathy and validation by acknowledging the emotional difficulty of seeing John again and invites the seeker to share more, which is supportive but somewhat generic. It appropriately uses the memory of the encounter without overstepping or inventing facts. The response is temporally consistent and non-intrusive, but it lacks deeper personalization or tailored guidance, making it adequate but limited."
state_7b616bddefee4a946561,p11,p11:2,101,3,1,fixed_off,2,C2,3,2,3,5,5,5,3,"This response offers emotional support by recognizing the challenge and inviting further sharing, but it is less personalized than C1, omitting references to the heart or deeper feelings. It is factually grounded and temporally consistent, with appropriate memory use and non-intrusiveness. Overall, it is adequate but somewhat limited in emotional depth and personalization."
state_7b616bddefee4a946561,p11,p11:2,101,3,1,rule_on,3,C3,3,3,3,5,5,5,3,"This response is nearly identical to C1, providing empathetic acknowledgment and inviting the seeker to elaborate on their feelings. It is factually grounded, temporally consistent, and non-intrusive, with appropriate memory use. The personalization and emotional support are adequate but not deeply tailored, resulting in a solid but limited response."
state_7b616bddefee4a946561,p11,p11:2,101,3,1,rule_off,4,C4,3,2,3,5,5,5,3,"Similar to C2, this response acknowledges the emotional difficulty and invites the seeker to share more, but it lacks deeper personalization or warmth. It is factually accurate, temporally consistent, and appropriately non-intrusive. The memory use fits the context. Overall, it is an adequate but somewhat generic supportive response."
state_7b616bddefee4a946561,p11,p11:2,101,3,1,pm_on,5,C5,3,3,3,5,5,5,3,"This response acknowledges the emotional impact and invites the seeker to share more, showing empathy and validation. It is factually grounded and temporally consistent, with appropriate memory use and non-intrusiveness. The omission of the last question slightly reduces the invitation for elaboration but remains supportive and adequate."
state_7b616bddefee4a946561,p11,p11:2,101,3,1,pm_off,6,C6,3,3,3,5,5,5,3,"This response is similar to C5, providing empathetic acknowledgment and inviting the seeker to elaborate on their feelings. It is factually grounded, temporally consistent, and non-intrusive, with appropriate memory use. The personalization and emotional support are adequate but not deeply tailored, resulting in a solid but limited response."
state_25d6bbe3f8761bf56b08,p17,p17:1,101,3,1,fixed_on,1,C1,3,3,3,5,5,5,3,"The response acknowledges the seeker's anxiety and self-doubt, showing empathy and inviting further sharing, which provides moderate emotional support. It uses relevant context about pressure and criticism without overstepping or inventing facts. The tone is appropriate and non-intrusive, but the support is somewhat generic and could be deeper."
state_25d6bbe3f8761bf56b08,p17,p17:1,101,3,1,fixed_off,2,C2,3,3,3,5,5,5,3,"Similar to C1, this response validates the seeker's feelings and invites elaboration on self-doubting thoughts, showing moderate empathy and personalization. It is factually grounded and temporally consistent, with a non-intrusive approach. However, it remains somewhat surface-level in emotional support."
state_25d6bbe3f8761bf56b08,p17,p17:1,101,3,1,rule_on,3,C3,3,3,3,5,5,5,3,"This response is nearly identical to C1, providing moderate emotional support and appropriate personalization. It is factually and temporally consistent, non-intrusive, but lacks deeper engagement or tailored encouragement."
state_25d6bbe3f8761bf56b08,p17,p17:1,101,3,1,rule_off,4,C4,3,3,3,5,5,5,3,"The response acknowledges the seeker's shaken confidence and invites further sharing, showing moderate empathy and personalization. It is factually grounded and temporally consistent, with a non-intrusive tone. The support is adequate but could be more deeply supportive."
state_25d6bbe3f8761bf56b08,p17,p17:1,101,3,1,pm_on,5,C5,4,3,3,5,5,5,4,"This response offers a warmer and more validating tone, explicitly recognizing the seeker's anxiety and uncertainty, which enhances emotional support. It remains factually grounded and temporally consistent, with appropriate personalization and non-intrusiveness. Overall, it is a good supportive response."
state_25d6bbe3f8761bf56b08,p17,p17:1,101,3,1,pm_off,6,C6,4,3,3,5,5,5,4,"Identical to C5, this response provides good emotional support through validation and empathy. It uses relevant context appropriately and maintains factual and temporal consistency. The tone is supportive and non-intrusive, making it a good quality response."
state_547bc005cd05ca042368,p12,p12:1,202,8,1,rule_off,1,C1,2,2,2,5,5,5,2,"The response acknowledges the seeker's anxiety and concerns about emotional independence, showing some empathy and personalization by referencing self-care and progress. However, it mainly repeats the seeker's statements and asks for more information without providing deeper emotional support or guidance. It is factually grounded and temporally consistent, and it avoids intrusive questions, but it lacks warmth and validation, making it a weak but not harmful response."
state_547bc005cd05ca042368,p12,p12:1,202,8,1,pm_on,2,C2,2,2,2,5,5,5,2,"This response is very similar to C1, showing some empathy and personalization by acknowledging the seeker's anxiety and progress in emotional independence. It asks for more details about the uncertainty but does not offer validation or emotional support beyond restating the seeker's concerns. It is factually accurate and non-intrusive but limited in emotional depth, resulting in a weak response."
state_547bc005cd05ca042368,p12,p12:1,202,8,1,pm_off,3,C3,2,2,2,5,5,5,2,"The response repeats the seeker's concerns and invites elaboration, showing some understanding and personalization. However, it lacks warmth, validation, or helpful emotional presence, making it a weak response. It is factually grounded, temporally consistent, and non-intrusive."
state_547bc005cd05ca042368,p12,p12:1,202,8,1,fixed_on,4,C4,2,2,2,5,5,5,2,"This response mirrors C2, acknowledging the seeker's anxiety and progress but mainly restating the problem and asking for more information. It is factually accurate and non-intrusive but offers limited emotional support or guidance, resulting in a weak response."
state_547bc005cd05ca042368,p12,p12:1,202,8,1,fixed_off,5,C5,2,2,2,5,5,5,2,"Similar to C1 and C3, this response shows some empathy and personalization by referencing the seeker's emotional independence and self-care but mainly repeats the seeker's concerns and asks for more details. It is factually grounded and non-intrusive but lacks deeper emotional support, making it a weak response."
state_547bc005cd05ca042368,p12,p12:1,202,8,1,rule_on,6,C6,2,2,2,5,5,5,2,"This response is nearly identical to C2 and C4, acknowledging the seeker's anxiety and progress but offering limited emotional support beyond restating concerns and inviting elaboration. It is factually accurate and non-intrusive but lacks warmth and validation, resulting in a weak response."
state_ce63694b53376eb98c5b,p5,p5:1,303,3,1,rule_on,1,C1,3,3,3,5,5,5,3,"The response acknowledges the seeker's mixed emotions and references the specific context of getting a pet for Emily, showing adequate personalization and emotional support. It does not overstep by probing too deeply, maintaining non-intrusiveness and temporal consistency. However, it mainly reflects and invites further sharing rather than providing deeper validation or reassurance, making it adequate but limited."
state_ce63694b53376eb98c5b,p5,p5:1,303,3,1,rule_off,2,C2,3,3,3,5,5,5,3,"Similar to C1, this response reflects the seeker's mixed feelings and acknowledges the challenges of balancing responsibilities. It invites elaboration on the seeker's hesitation without being intrusive. The personalization and emotional support are adequate but not deeply supportive or warm, resulting in a solid but limited response."
state_ce63694b53376eb98c5b,p5,p5:1,303,3,1,pm_on,3,C3,3,3,3,5,5,5,3,"This candidate's response is nearly identical to C1, providing adequate emotional support and personalization by reflecting the seeker's feelings and situation. It is non-intrusive and factually grounded but does not offer deeper empathy or reassurance, making it an adequate but limited response."
state_ce63694b53376eb98c5b,p5,p5:1,303,3,1,pm_off,4,C4,3,3,3,5,5,5,3,"This response mirrors C2, acknowledging the seeker's mixed emotions and concerns about responsibility. It invites further sharing without overstepping, maintaining appropriateness and factual grounding. The emotional support and personalization are adequate but not exceptional, resulting in a good but not excellent response."
state_ce63694b53376eb98c5b,p5,p5:1,303,3,1,fixed_on,5,C5,3,3,3,5,5,5,3,"This candidate repeats the content of C1 and C3, providing adequate reflection of the seeker's feelings and situation. It is appropriately non-intrusive and factually grounded but lacks deeper warmth or validation, making it an adequate but limited response."
state_ce63694b53376eb98c5b,p5,p5:1,303,3,1,fixed_off,6,C6,3,3,3,5,5,5,3,"This response slightly varies by explicitly mentioning the seeker's concern for Emily's health and happiness, adding a bit more personalization. It maintains appropriate emotional support and invites elaboration without intrusion. While slightly more personalized, it still remains an adequate but limited response overall."
state_addd9cc6e8fd4ccb6c2b,p6,p6:1,303,3,1,rule_on,1,C1,4,4,5,5,5,5,4,"The response empathetically acknowledges Jane's emotional turmoil and references her protective walls, aligning well with the context. It invites her to share more without being intrusive, uses memory appropriately, and maintains temporal consistency with the current event. The personalization is relevant but somewhat generic, and the emotional support is warm though could be deeper."
state_addd9cc6e8fd4ccb6c2b,p6,p6:1,303,3,1,rule_off,2,C2,4,4,5,5,5,5,4,"This response shows empathy and validation of Jane's feelings, inviting her to elaborate on her thoughts and emotions. It is well grounded in the context, non-intrusive, and temporally consistent. Personalization is appropriate but somewhat general. Emotional support is good but not deeply probing."
state_addd9cc6e8fd4ccb6c2b,p6,p6:1,303,3,1,pm_on,3,C3,4,4,5,5,5,5,4,"The response acknowledges Jane's progress in healing and the challenge posed by the encounter, showing understanding and empathy. It invites further sharing in a non-intrusive way, uses memory appropriately, and is factually and temporally consistent. Personalization is relevant and emotional support is good."
state_addd9cc6e8fd4ccb6c2b,p6,p6:1,303,3,1,pm_off,4,C4,4,4,5,5,5,5,4,"This response empathetically recognizes Jane's feelings of being less healed than she thought, validating her experience. It invites elaboration gently, is well grounded and temporally consistent, and uses memory appropriately. Personalization and emotional support are good but not exceptional."
state_addd9cc6e8fd4ccb6c2b,p6,p6:1,303,3,1,fixed_on,5,C5,4,4,5,5,5,5,4,"This response is nearly identical to C1, showing empathy and validation of Jane's shaken emotional state, inviting her to share more. It is factually and temporally consistent, non-intrusive, and uses memory appropriately. Personalization and emotional support are good but somewhat generic."
state_addd9cc6e8fd4ccb6c2b,p6,p6:1,303,3,1,fixed_off,6,C6,4,4,5,5,5,5,4,"This response is similar to C2, showing empathy and inviting Jane to elaborate on her feelings stirred by the encounter. It is well grounded, temporally consistent, non-intrusive, and uses memory appropriately. Personalization and emotional support are good but not deeply distinctive."
state_5ef2ff288425670c81ce,p14,p14:2,101,8,1,pm_off,1,C1,4,4,5,5,5,5,4,"The response shows empathy and validation of the seeker's feelings, acknowledges the physical and emotional impact, and invites further sharing to support coping. It uses relevant context about unpredictability and stress without overstepping or inventing facts, and is appropriate for the current moment."
state_5ef2ff288425670c81ce,p14,p14:2,101,8,1,fixed_on,2,C2,4,4,5,5,5,5,4,"This response offers empathetic understanding and validation of the seeker's overwhelm and struggle, reflecting the current situation accurately. It invites the seeker to elaborate on coping strategies, maintaining appropriate use of memory and non-intrusiveness."
state_5ef2ff288425670c81ce,p14,p14:2,101,8,1,fixed_off,3,C3,4,4,5,5,5,5,4,"The response demonstrates empathy and acknowledges the seeker's feelings and physical symptoms, encouraging further discussion about coping. It is well grounded in the seeker's current context and avoids intrusive or unsupported content."
state_5ef2ff288425670c81ce,p14,p14:2,101,8,1,rule_on,4,C4,4,4,5,5,5,5,4,"This response empathetically validates the seeker's feelings of overwhelm and the impact on well-being, inviting elaboration on coping mechanisms. It is consistent with the seeker's current situation and appropriately non-intrusive."
state_5ef2ff288425670c81ce,p14,p14:2,101,8,1,rule_off,5,C5,4,4,5,5,5,5,4,"The response shows warmth and understanding of the seeker's stress and physical symptoms, encouraging further sharing about control and stability. It is well grounded, temporally consistent, and non-intrusive."
state_5ef2ff288425670c81ce,p14,p14:2,101,8,1,pm_on,6,C6,4,4,5,5,5,5,4,"This response offers empathetic validation of the seeker's struggle with unpredictability and its effects, inviting discussion on coping strategies. It respects the seeker's current context and maintains appropriate boundaries."
state_dc179cba0782e93e7d90,p3,p3:1,202,3,1,pm_on,1,C1,3,3,3,5,5,5,3,"The response shows empathy and validation by acknowledging Nick's hard work and balance efforts, uses relevant context about his academic and leadership concerns without overstepping, and avoids intrusive or unsupported facts. However, it mainly asks for more information rather than providing deeper emotional support or guidance, making it adequate but limited."
state_dc179cba0782e93e7d90,p3,p3:1,202,3,1,pm_off,2,C2,3,3,3,5,5,5,3,"This response is identical to C1, providing moderate emotional support and appropriate personalization without overstepping. It is factually grounded and temporally consistent but limited in depth, resulting in an adequate but not outstanding response."
state_dc179cba0782e93e7d90,p3,p3:1,202,3,1,fixed_on,3,C3,3,3,3,5,5,5,3,"Same as C1 and C2, the response is empathetic and personalized to Nick's situation, factually accurate, and non-intrusive, but it mainly invites further sharing rather than offering deeper support or reassurance, making it adequate but limited."
state_dc179cba0782e93e7d90,p3,p3:1,202,3,1,fixed_off,4,C4,4,4,4,5,5,5,4,"This response acknowledges Nick's conflicting feelings more explicitly, showing good emotional support and personalization. It appropriately uses memory of his concerns and invites elaboration in a gentle, non-intrusive way. It is well grounded and temporally consistent, making it a good and supportive response."
state_dc179cba0782e93e7d90,p3,p3:1,202,3,1,rule_on,5,C5,3,3,3,5,5,5,3,"Identical to C1, C2, and C3, this response is empathetic and personalized but limited in depth, factually grounded, and non-intrusive, resulting in an adequate but not exceptional response."
state_dc179cba0782e93e7d90,p3,p3:1,202,3,1,rule_off,6,C6,4,4,4,5,5,5,4,"This response explicitly acknowledges Nick's torn feelings and invites him to share specific worries or fears, showing good emotional support and personalization. It uses relevant context appropriately and is non-intrusive and factually grounded, making it a good and supportive response."
state_2c520491a6f996b397f7,p16,p16:2,202,8,0,rule_on,1,C1,3,3,3,5,5,5,3,"The response shows empathy and acknowledges the emotional impact of the encounter with Bill, using relevant personal context about their history. It appropriately invites the seeker to share more without being intrusive. However, it is somewhat generic and does not deeply explore the seeker's complex feelings or offer specific coping strategies, limiting its emotional support depth."
state_2c520491a6f996b397f7,p16,p16:2,202,8,0,fixed_off,2,C2,3,3,3,5,5,5,3,"Similar to C1, this response empathetically acknowledges the seeker's feelings and history with Bill, inviting further sharing. It is factually grounded and temporally consistent. The phrasing 'since you heard from him' is slightly less aligned with the context of an unexpected encounter but still acceptable. Overall, it provides adequate emotional support but lacks deeper guidance or validation."
state_2c520491a6f996b397f7,p16,p16:2,202,8,0,fixed_on,3,C3,3,3,3,5,5,5,3,"This response is nearly identical to C1, offering empathetic acknowledgment and inviting the seeker to elaborate on their feelings. It is factually and temporally consistent and non-intrusive. The support is adequate but limited in depth and personalization beyond the basic context."
state_2c520491a6f996b397f7,p16,p16:2,202,8,0,pm_off,4,C4,4,4,4,5,5,5,4,"This response acknowledges the emotional turmoil and memories stirred by the encounter, validating the seeker's uncertainty and fear. It uses relevant personal context and invites elaboration in a gentle, non-intrusive way. The phrasing 'since you heard from him' is slightly less precise given the context of an unexpected meeting but still acceptable. Overall, it provides good emotional support and personalization."
state_2c520491a6f996b397f7,p16,p16:2,202,8,0,pm_on,5,C5,4,4,4,5,5,5,4,"This response empathetically recognizes the emotional impact and memories from the past relationship, validating the seeker's struggle. It invites the seeker to share more about their prominent thoughts and feelings, showing good personalization and memory use. The support is warm and non-intrusive, offering a good balance of validation and invitation to explore feelings further."
state_2c520491a6f996b397f7,p16,p16:2,202,8,0,rule_off,6,C6,4,4,4,5,5,5,4,"This response acknowledges the emotional complexity and fear the seeker feels, validating the deep care for Bill and the challenge it presents. It invites the seeker to articulate hopes and fears, which is a helpful emotional support strategy. The personalization and memory use are appropriate, and the tone is warm and non-intrusive, making it a good supportive response."
state_5995d11f3914014f832f,p12,p12:2,202,8,1,rule_off,1,C1,3,3,3,5,5,5,3,"The response is supportive and encourages the seeker to take action, acknowledging their excitement and anxiety. It is factually grounded and temporally consistent with the seeker's current situation. However, it lacks deeper emotional validation and specific strategies for managing anxiety, making it adequate but limited in emotional support and personalization."
state_5995d11f3914014f832f,p12,p12:2,202,8,1,pm_on,2,C2,4,4,4,5,5,5,4,"This response offers good emotional support by normalizing anxiety and encouraging the seeker. It suggests practical steps like relaxation techniques and reaching out for support, which aligns well with the seeker's expressed needs. The personalization and memory use are appropriate and non-intrusive, making it a good, supportive, and well-grounded reply."
state_5995d11f3914014f832f,p12,p12:2,202,8,1,pm_off,3,C3,3,3,3,5,5,5,3,"This candidate's response is identical to C1, providing adequate but limited emotional support and personalization. It is factually and temporally consistent and non-intrusive but does not deeply engage with the seeker's emotional state or offer specific coping strategies."
state_5995d11f3914014f832f,p12,p12:2,202,8,1,fixed_on,4,C4,4,4,4,5,5,5,4,"This response matches C2 and provides good emotional support by normalizing anxiety and encouraging small preparatory steps. It is personalized, appropriate in memory use, factually grounded, and non-intrusive, making it a well-rounded supportive reply."
state_5995d11f3914014f832f,p12,p12:2,202,8,1,fixed_off,5,C5,3,3,3,5,5,5,3,"Same as C1 and C3, this response is adequate but limited in emotional support and personalization. It is factually grounded and temporally consistent but lacks deeper validation or practical advice for anxiety management."
state_5995d11f3914014f832f,p12,p12:2,202,8,1,rule_on,6,C6,4,4,4,5,5,5,4,"Same as C2 and C4, this response offers good emotional support, normalization of anxiety, and practical suggestions. It is personalized, appropriate in memory use, factually grounded, and non-intrusive, making it a strong supportive response."
state_b34bb1d28ab722e83dc6,p11,p11:1,303,3,1,rule_on,1,C1,3,3,3,5,5,5,3,"The response shows empathy and validation by acknowledging the seeker's pressure and effort, and gently reminds her it's okay to not have it all together. It uses relevant context about her late-night studying without overstepping. The response is factually grounded and temporally consistent with the seeker's current struggles. However, it could be more emotionally supportive and personalized by addressing the fear of failure and health impact more directly."
state_b34bb1d28ab722e83dc6,p11,p11:1,303,3,1,rule_off,2,C2,4,4,4,5,5,5,4,"This response offers good emotional support by acknowledging the seeker's heavy load and validating her efforts to balance studies and self-care. It appropriately uses memory by referencing her new study techniques and study group, inviting her to share more about what helps. The response is well grounded, temporally consistent, and non-intrusive. It is more supportive and personalized than C1, encouraging reflection on coping strategies."
state_b34bb1d28ab722e83dc6,p11,p11:1,303,3,1,pm_on,3,C3,3,3,3,5,5,5,3,"This response is identical to C1, with similar strengths and limitations: empathetic and validating but somewhat limited in depth and personalization. It appropriately references the seeker's late-night studying but does not address the fear of failure or health concerns explicitly."
state_b34bb1d28ab722e83dc6,p11,p11:1,303,3,1,pm_off,4,C4,4,4,4,5,5,5,4,"This response is identical to C2, providing good emotional support and personalization by acknowledging the seeker's struggles and inviting discussion about helpful coping strategies. It is well grounded, temporally consistent, and non-intrusive, encouraging the seeker to reflect on what works for her."
state_b34bb1d28ab722e83dc6,p11,p11:1,303,3,1,fixed_on,5,C5,3,3,3,5,5,5,3,"This response is identical to C1 and C3, showing moderate emotional support and personalization. It is factually and temporally consistent and non-intrusive but could be more deeply supportive and tailored to the seeker's specific fears and health issues."
state_b34bb1d28ab722e83dc6,p11,p11:1,303,3,1,fixed_off,6,C6,4,4,4,5,5,5,4,"This response is identical to C2 and C4, offering good emotional support and personalization by recognizing the seeker's burden and encouraging discussion of effective coping methods. It is well grounded, temporally consistent, and non-intrusive, fostering a supportive and reflective dialogue."
state_9e3983d41b32234f1cb8,p3,p3:2,101,3,1,fixed_on,1,C1,4,3,3,5,5,5,4,"The response shows empathy and validation by acknowledging the burden Nick feels, invites him to share more, and is non-intrusive. It uses relevant context about the trip planning stress without overstepping. It is factually grounded and temporally consistent with Nick's current situation."
state_9e3983d41b32234f1cb8,p3,p3:2,101,3,1,fixed_off,2,C2,4,3,3,5,5,5,4,"This response similarly validates Nick's stress and invites elaboration on his motivations, showing empathy and warmth. It appropriately uses the context of trip planning stress and is non-intrusive and factually grounded."
state_9e3983d41b32234f1cb8,p3,p3:2,101,3,1,rule_on,3,C3,4,3,3,5,5,5,4,"This candidate repeats the same response as C1, providing empathetic validation and inviting Nick to share more about his expectations, fitting well with the current context and non-intrusive."
state_9e3983d41b32234f1cb8,p3,p3:2,101,3,1,rule_off,4,C4,4,3,3,5,5,5,4,"This candidate repeats the same response as C2, showing empathy and inviting Nick to elaborate on his motivations, appropriate and supportive for the current context."
state_9e3983d41b32234f1cb8,p3,p3:2,101,3,1,pm_on,5,C5,4,3,3,5,5,5,4,"This response acknowledges Nick's burden and shifts focus to what brings him joy, encouraging positive reflection and incorporation into planning, which is supportive and relevant without being intrusive."
state_9e3983d41b32234f1cb8,p3,p3:2,101,3,1,pm_off,6,C6,4,3,3,5,5,5,4,"This candidate similarly validates Nick's pressure and encourages him to consider joy in the trip planning, promoting a positive outlook and emotional support, well grounded and non-intrusive."
state_50459bc9b13d5cca092f,p2,p2:1,303,8,0,fixed_on,1,C1,2,2,2,5,5,5,2,"The response acknowledges the seeker's feelings of overwhelm and worry, showing some empathy and validation. It uses relevant context about the workshop and the seeker's concerns, aligning with the current topic and emotional state. However, it mainly asks for more information rather than providing direct emotional support or guidance, limiting its depth. The response is factually grounded, temporally consistent, and non-intrusive, but the emotional support and personalization could be stronger."
state_50459bc9b13d5cca092f,p2,p2:1,303,8,0,pm_off,2,C2,3,3,3,5,5,5,3,"This response reflects the seeker's feelings clearly and invites elaboration on specific concerns, showing good empathy and engagement. It uses relevant personal context appropriately and is consistent with the current situation. The response is factually accurate and non-intrusive. It offers a more supportive tone than C1 but still primarily focuses on eliciting more information rather than providing direct reassurance or coping strategies, making it adequate but limited."
state_50459bc9b13d5cca092f,p2,p2:1,303,8,0,pm_on,3,C3,2,2,2,5,5,5,2,"This response is nearly identical to C1, repeating the same empathetic acknowledgment and invitation to elaborate. It is factually and temporally consistent and non-intrusive but offers limited emotional support and personalization, mainly prompting the seeker to share more without providing deeper validation or guidance."
state_50459bc9b13d5cca092f,p2,p2:1,303,8,0,rule_off,4,C4,3,3,3,5,5,5,3,"This response closely matches C2, showing good empathy and engagement by reflecting the seeker's feelings and asking about specific stressors. It uses relevant personal context appropriately and maintains factual and temporal consistency. The response is non-intrusive and offers a supportive tone but does not provide direct coping advice or reassurance, making it adequate but somewhat limited."
state_50459bc9b13d5cca092f,p2,p2:1,303,8,0,rule_on,5,C5,2,2,2,5,5,5,2,"This response repeats the content of C1 and C3, acknowledging the seeker's worries and inviting elaboration. It is factually and temporally consistent and non-intrusive but provides limited emotional support and personalization, focusing mainly on prompting the seeker to share more rather than offering deeper validation or guidance."
state_50459bc9b13d5cca092f,p2,p2:1,303,8,0,fixed_off,6,C6,3,3,3,5,5,5,3,"This response reflects the seeker's feelings and specifically asks about barriers to confidence and preparation, showing good engagement and personalization. It is factually grounded, temporally consistent, and non-intrusive. The tone is supportive and invites deeper reflection, but it still primarily seeks more information rather than providing direct emotional support or coping strategies, making it adequate but limited."
state_addd9cc6e8fd4ccb6c2b,p6,p6:1,303,3,0,fixed_off,1,C1,3,3,3,5,5,5,3,"The response shows empathy and invites the seeker to share more, reflecting the seeker's emotional state without overstepping. It uses relevant context about the encounter with Jack but does not deeply personalize or provide extensive emotional support, making it adequate but limited."
state_addd9cc6e8fd4ccb6c2b,p6,p6:1,303,3,0,fixed_on,2,C2,4,4,4,5,5,5,4,"This response offers good emotional support by acknowledging the seeker's protective walls and their breach, showing understanding of the seeker's feelings. It uses relevant personal context appropriately and invites further sharing, making it supportive and well grounded."
state_addd9cc6e8fd4ccb6c2b,p6,p6:1,303,3,0,pm_off,3,C3,3,3,3,5,5,5,3,"The response is empathetic and invites the seeker to elaborate on their feelings, but it is somewhat generic and less personalized than C2. It is factually grounded and non-intrusive but offers limited emotional depth."
state_addd9cc6e8fd4ccb6c2b,p6,p6:1,303,3,0,pm_on,4,C4,4,4,4,5,5,5,4,"This response acknowledges the seeker's progress and the challenge posed by the encounter, showing understanding and validation. It invites further sharing without being intrusive, using relevant context well, thus providing good emotional support and personalization."
state_addd9cc6e8fd4ccb6c2b,p6,p6:1,303,3,0,rule_off,5,C5,3,3,3,5,5,5,3,"This response is nearly identical to C1, offering adequate empathy and invitation to share but limited depth or personalization. It is factually grounded and non-intrusive but somewhat generic."
state_addd9cc6e8fd4ccb6c2b,p6,p6:1,303,3,0,rule_on,6,C6,4,4,4,5,5,5,4,"This response closely matches C2, providing good emotional support by recognizing the seeker's protective walls and their breach. It uses relevant personal context appropriately and invites further sharing, making it supportive and well grounded."
state_1bb2fbdd19dca1a22bdc,p10,p10:1,202,8,0,rule_on,1,C1,2,3,3,5,5,5,3,"The response shows some empathy and attempts to explore the seeker's feelings of guilt, which is relevant and non-intrusive. However, it mainly asks for more information rather than providing emotional support or coping strategies, limiting its depth and warmth."
state_1bb2fbdd19dca1a22bdc,p10,p10:1,202,8,0,fixed_off,2,C2,4,4,4,5,5,5,4,"This response validates the seeker's feelings and gently invites deeper reflection on the conflict between supporting her husband and her own needs. It is supportive, personalized, and non-intrusive, though it could offer more direct coping suggestions."
state_1bb2fbdd19dca1a22bdc,p10,p10:1,202,8,0,fixed_on,3,C3,3,3,3,5,5,5,3,"The response acknowledges the physical impact of guilt and invites exploration of its causes, showing some empathy. However, it remains primarily inquisitive without offering much emotional support or guidance."
state_1bb2fbdd19dca1a22bdc,p10,p10:1,202,8,0,pm_off,4,C4,4,4,4,5,5,5,4,"This candidate provides empathetic validation and encourages acceptance of feelings without judgment, which aligns well with the seeker's needs. It is supportive and personalized, though it could be enhanced with more concrete coping strategies."
state_1bb2fbdd19dca1a22bdc,p10,p10:1,202,8,0,pm_on,5,C5,2,3,3,5,5,5,3,"This response is nearly identical to C1, showing some empathy and curiosity but lacking deeper emotional support or guidance, limiting its overall helpfulness."
state_1bb2fbdd19dca1a22bdc,p10,p10:1,202,8,0,rule_off,6,C6,4,4,4,5,5,5,4,"This response is similar to C4, offering empathetic validation and encouraging acceptance of feelings. It is supportive and personalized, fitting the seeker's expressed needs well, though it could be improved with more direct coping advice."
state_8a5aced6bb31f46ccdee,p14,p14:1,101,8,1,pm_off,1,C1,3,4,4,5,5,5,4,"The response shows empathy and validation by acknowledging the seeker's feelings of overwhelm and anxiety. It uses relevant personal context by referencing the seeker's health and caregiving concerns without overstepping. The question invites the seeker to share more, which is appropriate and non-intrusive. The response is factually grounded and temporally consistent with the seeker's current situation."
state_8a5aced6bb31f46ccdee,p14,p14:1,101,8,1,fixed_on,2,C2,3,4,4,5,5,5,4,"This response offers emotional support by recognizing the seeker's distress and invites elaboration on specific fears, which is helpful. It appropriately uses the seeker's context without inventing facts. The tone is supportive and non-intrusive, maintaining temporal consistency with the current situation."
state_8a5aced6bb31f46ccdee,p14,p14:1,101,8,1,fixed_off,3,C3,3,4,4,5,5,5,4,"The response empathetically acknowledges the seeker's feelings and invites discussion about health and caregiving challenges, aligning well with the seeker's expressed needs. It uses relevant personal context and is non-intrusive. The response is factually accurate and temporally consistent."
state_8a5aced6bb31f46ccdee,p14,p14:1,101,8,1,rule_on,4,C4,3,4,4,5,5,5,4,"Similar to C2, this response validates the seeker's feelings and encourages sharing of specific fears, which supports emotional processing. It respects the seeker's current context and is appropriately non-intrusive and factually grounded."
state_8a5aced6bb31f46ccdee,p14,p14:1,101,8,1,rule_off,5,C5,3,4,4,5,5,5,4,"This response mirrors C1, providing empathetic acknowledgment and inviting the seeker to elaborate on health and caregiving concerns. It is well grounded in the seeker's context and maintains a supportive, non-intrusive tone."
state_8a5aced6bb31f46ccdee,p14,p14:1,101,8,1,pm_on,6,C6,3,4,4,5,5,5,4,"This response is similar to C2 and C4, offering emotional support and inviting the seeker to discuss specific fears. It is appropriately personalized, factually grounded, and non-intrusive, consistent with the seeker's current situation."
state_2f772b1e6c2c8aab174c,p8,p8:2,202,8,1,rule_off,1,C1,4,4,5,5,5,5,4,"The response empathetically acknowledges the seeker's complex emotions and progress, appropriately references journaling and group therapy from memory, avoids intrusive probing, and maintains temporal consistency with the current emotional state."
state_2f772b1e6c2c8aab174c,p8,p8:2,202,8,1,pm_on,2,C2,4,4,5,5,5,5,4,"The response validates the seeker's efforts and feelings, uses relevant personal context about journaling and therapy, is temporally consistent, and invites further sharing without being intrusive."
state_2f772b1e6c2c8aab174c,p8,p8:2,202,8,1,pm_off,3,C3,4,4,5,5,5,5,4,"This response is nearly identical to C1, providing empathetic support, appropriate personalization, and non-intrusive engagement consistent with the seeker's current emotional state."
state_2f772b1e6c2c8aab174c,p8,p8:2,202,8,1,fixed_on,4,C4,4,4,5,5,5,5,4,"This response mirrors C2 in emotional support and personalization, appropriately referencing past therapy and journaling, and invites the seeker to elaborate in a non-intrusive manner."
state_2f772b1e6c2c8aab174c,p8,p8:2,202,8,1,fixed_off,5,C5,4,4,5,5,5,5,4,"The response empathetically addresses the seeker's uncertainty and progress, uses relevant personal context, and gently probes about barriers to emotional certainty without overstepping."
state_2f772b1e6c2c8aab174c,p8,p8:2,202,8,1,rule_on,6,C6,4,4,5,5,5,5,4,"This response is similar to C2 and C4, providing supportive validation, appropriate personalization, and a non-intrusive invitation to share more about the seeker's feelings and comparisons."
state_1bb2fbdd19dca1a22bdc,p10,p10:1,202,8,1,rule_off,1,C1,4,4,5,5,5,5,4,"The response shows empathy and validation by acknowledging the guilt and relief conflict, uses relevant personal context appropriately, aligns well with the current emotional state, avoids unsupported facts, respects the timeline, and does not probe intrusively. It invites reflection gently but could offer more direct emotional support or coping strategies."
state_1bb2fbdd19dca1a22bdc,p10,p10:1,202,8,1,pm_on,2,C2,3,3,5,5,5,5,3,"The response acknowledges the guilt and invites exploration of its source, which is supportive but somewhat limited in warmth and depth. It uses relevant context appropriately and is non-intrusive but lacks deeper emotional validation or coping suggestions."
state_1bb2fbdd19dca1a22bdc,p10,p10:1,202,8,1,pm_off,3,C3,4,4,5,5,5,5,4,"This response is identical to C1, providing empathetic and personalized support, appropriate memory use, and non-intrusive questioning. It is well grounded and temporally consistent but could be enhanced with more explicit emotional validation or coping guidance."
state_1bb2fbdd19dca1a22bdc,p10,p10:1,202,8,1,fixed_on,4,C4,3,3,5,5,5,5,3,"The response acknowledges the physical impact of guilt and invites exploration of its cause, which is supportive but somewhat limited in emotional warmth and depth. It uses relevant context appropriately and is non-intrusive but lacks deeper validation or coping strategies."
state_1bb2fbdd19dca1a22bdc,p10,p10:1,202,8,1,fixed_off,5,C5,4,4,5,5,5,5,4,"The response empathetically acknowledges the guilt and relief conflict, uses relevant personal context well, and invites reflection on being happy for the husband's success without guilt. It is well grounded, temporally consistent, and non-intrusive but could offer more direct emotional support or coping suggestions."
state_1bb2fbdd19dca1a22bdc,p10,p10:1,202,8,1,rule_on,6,C6,3,3,5,5,5,5,3,"This response is identical to C2, providing moderate emotional support by inviting exploration of guilt's source. It is appropriately personalized and non-intrusive but lacks deeper emotional validation or coping guidance."
state_8448ef50b692441367a2,p15,p15:1,303,8,1,fixed_off,1,C1,2,2,2,5,5,5,2,"The response shows some empathy and invites the seeker to share more about their concerns, which is supportive. It uses relevant context about the seeker's conflict between job and mental health but does not deeply engage or validate the seeker's emotional state. It is non-intrusive and factually grounded, but the emotional support and personalization are limited, making it a weak but not harmful response."
state_8448ef50b692441367a2,p15,p15:1,303,8,1,rule_on,2,C2,2,2,2,5,5,5,2,"Similar to C1, this response acknowledges the seeker's conflict and invites elaboration on concerns, showing some empathy. It uses relevant personal context appropriately and is non-intrusive. However, it lacks deeper validation or warmth, resulting in a weak but acceptable response."
state_8448ef50b692441367a2,p15,p15:1,303,8,1,rule_off,3,C3,2,2,2,5,5,5,2,"This response is nearly identical to C1, showing some empathy and inviting the seeker to share more about their fears. It is factually grounded and temporally consistent, with appropriate memory use and non-intrusiveness. However, it is limited in emotional depth and personalization, making it a weak but not harmful response."
state_8448ef50b692441367a2,p15,p15:1,303,8,1,pm_on,4,C4,3,3,3,5,5,5,3,"This response offers a more explicit validation of the seeker's feelings and acknowledges the stress and anxiety caused by the decision. It invites the seeker to elaborate on their concerns, showing good emotional support and personalization. Memory use is appropriate and non-intrusive. Overall, it is an adequate and supportive response but could be deeper."
state_8448ef50b692441367a2,p15,p15:1,303,8,1,pm_off,5,C5,3,3,3,5,5,5,3,"This response explicitly offers listening and support, acknowledges the seeker's conflict, and invites elaboration on fears and concerns. It shows good emotional support and personalization with appropriate memory use. It is non-intrusive and factually grounded. Overall, it is an adequate and supportive response but somewhat generic."
state_8448ef50b692441367a2,p15,p15:1,303,8,1,fixed_on,6,C6,2,2,2,5,5,5,2,"This response is very similar to C2, showing some empathy and inviting the seeker to share more about their concerns. It uses relevant personal context appropriately and is non-intrusive. However, it lacks deeper validation or warmth, resulting in a weak but acceptable response."
state_6c0300648c118135c8d6,p15,p15:2,202,3,0,rule_off,1,C1,3,3,3,5,5,5,3,"The response acknowledges the seeker's feelings of pressure and overwhelm, which is empathetic and supportive. It uses relevant context about the seeker's academic and personal challenges without overstepping or inventing facts. The question invites further sharing without being intrusive. However, it is somewhat generic and does not deeply validate the seeker's anxiety or offer warmth beyond understanding, making it adequate but limited."
state_6c0300648c118135c8d6,p15,p15:2,202,3,0,rule_on,2,C2,3,3,3,5,5,5,3,"This response reflects the seeker's mixed feelings about the relationship step and transition, showing understanding and normalizing the experience. It uses relevant context appropriately and invites elaboration without intrusion. The support is adequate but somewhat formulaic and lacks deeper emotional warmth or validation, resulting in a limited but acceptable response."
state_6c0300648c118135c8d6,p15,p15:2,202,3,0,fixed_off,3,C3,3,3,3,5,5,5,3,"The response acknowledges the seeker's pressure and overwhelm and specifically invites discussion about academic struggles, which is relevant and appropriate. It is empathetic and non-intrusive, grounded in the seeker's context. However, it does not deeply validate the emotional complexity or anxiety about the relationship commitment, making it an adequate but limited support."
state_6c0300648c118135c8d6,p15,p15:2,202,3,0,fixed_on,4,C4,3,3,3,5,5,5,3,"This candidate's response is identical to C2, showing understanding of the seeker's mixed feelings and inviting further sharing. It is appropriately personalized and non-intrusive but somewhat generic and limited in emotional depth, resulting in an adequate but not outstanding response."
state_6c0300648c118135c8d6,p15,p15:2,202,3,0,pm_off,5,C5,3,3,3,5,5,5,3,"Same as C2 and C4, this response normalizes the seeker's feelings and invites elaboration without intrusion. It is factually grounded and temporally consistent but lacks deeper warmth or validation, making it an adequate but limited emotional support."
state_6c0300648c118135c8d6,p15,p15:2,202,3,0,pm_on,6,C6,3,3,3,5,5,5,3,"Identical to C2, C4, and C5, this response is supportive and invites further sharing appropriately. It is factually and temporally consistent and non-intrusive but somewhat formulaic and limited in emotional depth, resulting in an adequate but not exceptional response."
state_095e7d5a576866ef0fd9,p16,p16:1,101,8,1,pm_off,1,C1,4,4,5,5,5,5,4,"The response offers empathetic validation of impostor syndrome, acknowledges Amanda's skills and experience consistent with her profile, and invites her to reflect on confidence-building, all without overstepping or introducing unsupported facts."
state_095e7d5a576866ef0fd9,p16,p16:1,101,8,1,fixed_on,2,C2,5,4,5,5,5,5,5,"This response provides warm, validating emotional support, acknowledges Amanda's skills and experience, normalizes her feelings, and gently offers to explore coping strategies, aligning well with her current situation and needs without intrusion."
state_095e7d5a576866ef0fd9,p16,p16:1,101,8,1,fixed_off,3,C3,3,3,5,5,5,5,3,"While empathetic and factually grounded, this response is more limited in emotional support and does not offer to explore coping strategies, making it adequate but less supportive than others."
state_095e7d5a576866ef0fd9,p16,p16:1,101,8,1,rule_on,4,C4,5,4,5,5,5,5,5,"This response is nearly identical to C2, providing excellent emotional support, personalization, and appropriate offers to explore strategies, well aligned with Amanda's context."
state_095e7d5a576866ef0fd9,p16,p16:1,101,8,1,rule_off,5,C5,4,4,5,5,5,5,4,"The response validates Amanda's feelings and acknowledges her career success but lacks an explicit offer to explore coping strategies, making it supportive but slightly less engaging."
state_095e7d5a576866ef0fd9,p16,p16:1,101,8,1,pm_on,6,C6,5,4,5,5,5,5,5,"This response matches C2 and C4 in providing warm, validating support, personalization, and an invitation to explore coping strategies, making it excellent and well grounded."
state_95842d5fdb802835301d,p17,p17:2,202,3,0,rule_off,1,C1,4,4,5,5,5,5,4,"The response shows empathy and validation of Andrew's emotional vulnerability and the complexity of his relationship with Jenny. It appropriately uses the context of couples counseling and Andrew's reflections without overstepping or inventing facts. The invitation to share more is gentle and non-intrusive, supporting further emotional expression."
state_95842d5fdb802835301d,p17,p17:2,202,3,0,rule_on,2,C2,4,4,5,5,5,5,4,"This response effectively acknowledges Andrew's conflicting emotions and uncertainty, validating his experience. It uses relevant context about his relationship with Jenny and the emotional difficulty of the situation. The question invites further sharing without pressure, maintaining a supportive tone."
state_95842d5fdb802835301d,p17,p17:2,202,3,0,fixed_off,3,C3,4,4,5,5,5,5,4,"The response empathetically recognizes Andrew's vulnerability and uncertainty about his future with Jenny, reflecting the counseling context accurately. It invites deeper sharing in a respectful and supportive manner, aligning well with the seeker's current emotional state and history."
state_95842d5fdb802835301d,p17,p17:2,202,3,0,fixed_on,4,C4,4,4,5,5,5,5,4,"This response mirrors C2 closely, providing empathetic validation of Andrew's emotional conflict and uncertainty. It appropriately references the counseling sessions and invites further exploration of feelings without intrusion, maintaining a warm and supportive tone."
state_95842d5fdb802835301d,p17,p17:2,202,3,0,pm_off,5,C5,5,5,5,5,5,5,5,"This response is deeply supportive and personalized, acknowledging the complexity of Andrew's emotional experience and the impact on his identity and boundaries. It accurately reflects the counseling context and invites further sharing in a gentle, non-intrusive way. The language is warm and validating, demonstrating excellent emotional support."
state_95842d5fdb802835301d,p17,p17:2,202,3,0,pm_on,6,C6,5,5,5,5,5,5,5,"This response offers strong emotional support by recognizing the difficulty of the counseling process and Andrew's efforts toward growth and self-reflection. It uses relevant personal context appropriately and invites further sharing in a non-intrusive manner. The tone is encouraging and empathetic, making it an excellent supportive response."
state_50459bc9b13d5cca092f,p2,p2:1,303,8,1,fixed_off,1,C1,2,3,3,5,5,5,3,"The response acknowledges the seeker's feelings of overwhelm and worry, showing some empathy and validation. It uses relevant context about the workshop and academic responsibilities, demonstrating appropriate memory use without overstepping. The response is factually grounded and temporally consistent. However, it mainly asks for more information rather than providing direct emotional support or guidance, limiting its depth and warmth."
state_50459bc9b13d5cca092f,p2,p2:1,303,8,1,rule_on,2,C2,3,3,3,5,5,5,4,"This response offers a warm and empathetic tone by acknowledging the weight of responsibility and the seeker's concerns. It invites the seeker to explore the underlying motivations, which can be supportive. It uses relevant context appropriately and is factually and temporally consistent. The response is non-intrusive and personalized to the seeker's situation, making it a good supportive reply."
state_50459bc9b13d5cca092f,p2,p2:1,303,8,1,rule_off,3,C3,2,3,3,5,5,5,3,"Similar to C1, this response reflects the seeker's feelings and asks for more details about specific concerns, showing some empathy. It uses relevant personal context appropriately and is factually and temporally consistent. However, it lacks deeper emotional validation or guidance, making it adequate but limited in supportiveness."
state_50459bc9b13d5cca092f,p2,p2:1,303,8,1,pm_on,4,C4,3,3,3,5,5,5,4,"This response is identical to C2, providing empathetic acknowledgment of the seeker's worries and inviting exploration of underlying motivations. It is personalized, factually grounded, temporally consistent, and non-intrusive, offering good emotional support."
state_50459bc9b13d5cca092f,p2,p2:1,303,8,1,pm_off,5,C5,2,3,3,5,5,5,3,"This response mirrors C1 and C3, reflecting the seeker's feelings and asking for more information about specific fears. It is appropriately personalized and grounded but offers limited emotional support beyond prompting further discussion."
state_50459bc9b13d5cca092f,p2,p2:1,303,8,1,fixed_on,6,C6,3,3,3,5,5,5,4,"Identical to C2 and C4, this response provides empathetic acknowledgment and invites the seeker to explore their motivations, offering good emotional support. It is personalized, factually grounded, temporally consistent, and non-intrusive."
state_21bae6b972f2df1611a6,p16,p16:2,101,3,0,pm_off,1,C1,3,3,3,5,5,5,3,"The response shows empathy and validation by acknowledging the emotional impact of seeing Bill again and invites the seeker to share more, which is supportive. It uses relevant context about the encounter without overstepping or inventing facts. The response is temporally consistent and non-intrusive, but it is somewhat generic and does not deeply personalize or provide deeper emotional support beyond prompting further sharing."
state_21bae6b972f2df1611a6,p16,p16:2,101,3,0,pm_on,2,C2,2,2,3,5,5,5,2,"The response acknowledges the seeker's feelings but is more descriptive and less inviting or supportive. It lacks an explicit offer to listen further or validate the seeker's experience beyond restating the problem, making it weaker emotionally and less personalized."
state_21bae6b972f2df1611a6,p16,p16:2,101,3,0,rule_off,3,C3,4,4,3,5,5,5,4,This response provides good emotional support by acknowledging both mind and heart processing and invites the seeker to share more about specific memories and feelings. It uses relevant personal context appropriately and is non-intrusive and well grounded. It is more warm and empathetic than C1 and C2.
state_21bae6b972f2df1611a6,p16,p16:2,101,3,0,rule_on,4,C4,3,3,3,5,5,5,3,"This response is identical to C1, providing adequate emotional support and personalization by inviting the seeker to share more about their thoughts and feelings. It is factually grounded, temporally consistent, and non-intrusive but somewhat generic and limited in depth."
state_21bae6b972f2df1611a6,p16,p16:2,101,3,0,fixed_off,5,C5,4,4,3,5,5,5,4,"This response adds a slight enhancement by mentioning both mind and heart processing, which deepens emotional support and personalization. It invites the seeker to share more about memories and feelings, is factually grounded, temporally consistent, and non-intrusive. It is warm and supportive but still somewhat general."
state_21bae6b972f2df1611a6,p16,p16:2,101,3,0,fixed_on,6,C6,3,3,3,5,5,5,3,"This response is identical to C1 and C4, providing adequate but limited emotional support and personalization. It is factually grounded, temporally consistent, and non-intrusive but lacks deeper warmth or validation."
state_7d11611fe82cb51f423b,p2,p2:3,202,3,1,pm_on,1,C1,2,2,2,5,5,5,2,"The response acknowledges the seeker's feelings of uncertainty and anxiety and invites elaboration, showing some empathy and personalization to the context. However, it lacks deeper emotional validation or warmth and does not offer supportive guidance or reassurance. It appropriately avoids intrusive questions and respects the current situation without inventing facts or temporal inconsistencies."
state_7d11611fe82cb51f423b,p2,p2:3,202,3,1,pm_off,2,C2,3,3,3,5,5,5,3,"This response shows more emotional support by explicitly naming the seeker's anxiety and uncertainty, which validates feelings more clearly. It uses relevant context about improving grades and the conversation with the professor, demonstrating personalization. It remains non-intrusive and factually grounded. Overall, it is adequate but limited in depth and warmth."
state_7d11611fe82cb51f423b,p2,p2:3,202,3,1,fixed_on,3,C3,3,3,3,5,5,5,3,"The response acknowledges the seeker's uncertainty about the professor's reaction, which is relevant and personalized. It invites the seeker to share goals and what would make the conversation successful, showing engagement. Emotional support is adequate but could be warmer or more validating. It is factually grounded, temporally consistent, and non-intrusive."
state_7d11611fe82cb51f423b,p2,p2:3,202,3,1,fixed_off,4,C4,4,4,4,5,5,5,4,"This candidate provides good emotional support by naming the seeker's anxiety and stuck feelings, showing empathy and validation. It personalizes by referencing academic performance and the conversation with the professor. The response is appropriate to the current context and non-intrusive. It is well grounded and temporally consistent, making it a good supportive response."
state_7d11611fe82cb51f423b,p2,p2:3,202,3,1,rule_on,5,C5,2,2,2,5,5,5,2,"This response is very similar to C1, showing some empathy and inviting elaboration but lacking deeper emotional validation or warmth. It is appropriately non-intrusive and factually grounded but limited in supportiveness and personalization."
state_7d11611fe82cb51f423b,p2,p2:3,202,3,1,rule_off,6,C6,4,4,4,5,5,5,4,"This response closely matches C4 in providing good emotional support by acknowledging anxiety and stuck feelings, personalizing to academic performance and the professor conversation. It is appropriate, non-intrusive, factually grounded, and temporally consistent, making it a good supportive and empathetic response."
state_e4cf97356c4208ddbc78,p18,p18:1,303,8,1,fixed_off,1,C1,3,3,3,5,5,5,3,"The response shows empathy and validation by acknowledging the seeker's concerns about the commute and family care, and invites further sharing to support emotional processing. It uses relevant context about the commute and family responsibilities without overstepping or inventing facts. The response is appropriate for the current moment and does not intrude or over-advise, but it is somewhat generic and could offer more warmth or specific coping strategies to be rated higher."
state_e4cf97356c4208ddbc78,p18,p18:1,303,8,1,rule_on,2,C2,3,3,3,5,5,5,3,"This response validates the seeker's anxiety and acknowledges the impact on family responsibilities, inviting the seeker to elaborate on their hesitations. It is factually grounded and temporally consistent with the seeker's situation. The tone is supportive but somewhat formulaic and lacks deeper emotional warmth or tailored advice, resulting in an adequate but limited support level."
state_e4cf97356c4208ddbc78,p18,p18:1,303,8,1,rule_off,3,C3,4,4,4,5,5,5,4,"The response demonstrates good emotional support by recognizing the seeker's heavy responsibility and worries about family dynamics. It personalizes by focusing on the seeker's mom's care and invites reflection on what would help reduce anxiety and build confidence. It is well grounded, temporally consistent, and non-intrusive. The response is warm and supportive, though it could be enhanced with more explicit validation or stress management suggestions."
state_e4cf97356c4208ddbc78,p18,p18:1,303,8,1,pm_on,4,C4,3,3,3,5,5,5,3,"This candidate's response is nearly identical to C2, providing validation and inviting elaboration on hesitations. It is factually accurate and appropriate but somewhat generic and lacks deeper emotional connection or personalized coping strategies, resulting in an adequate but limited support level."
state_e4cf97356c4208ddbc78,p18,p18:1,303,8,1,pm_off,5,C5,4,4,4,5,5,5,4,"This response matches C3 in recognizing the seeker's burden and concerns about family impact, inviting reflection on confidence and anxiety. It is well grounded, personalized, and supportive with a warm tone. It avoids intrusion and respects the seeker's current emotional state, making it a good and supportive response."
state_e4cf97356c4208ddbc78,p18,p18:1,303,8,1,fixed_on,6,C6,3,3,3,5,5,5,3,"This response is similar to C2 and C4, validating the seeker's anxiety and inviting further discussion about hesitations. It is factually grounded and appropriate but somewhat formulaic and lacks deeper emotional warmth or tailored advice, resulting in an adequate but limited support level."
